SourceFile,CountName,SiteName,Direction,CountDate,StartTime,EndTime,IntervalTotal,SiteCode,StationID,Len_MoTOrcycles,Len_Cars_&_Trailers,Len_2_Axle_Long,Len_Buses,Len_2_Axle_6_Tire,Len_3_Axle_Single,Len_4_Axle_Single,Len_LT5_Axl_Double,Len_5_Axle_Double,Len_GT6_Axl_Double,Len_LT6_Axl_Multi,Len_6_Axle_Multi,Len_GT6_Axl_Multi,Len_Bicycles
Input_xlxs.xlsx,Input_xlxs,Moose Lodge Rd,SB,2025-06-11,00:00:00,00:15:00,0,,,0,0,0,0,0,0,0,0,0,0,0,0,0,0
Input_xlxs.xlsx,Input_xlxs,Moose Lodge Rd,SB,2025-06-11,00:15:00,00:30:00,1,,,0,1,0,0,0,0,0,0,0,0,0,0,0,0
Input_xlxs.xlsx,Input_xlxs,Moose Lodge Rd,SB,2025-06-11,00:30:00,00:45:00,0,,,0,0,0,0,0,0,0,0,0,0,0,0,0,0
Input_xlxs.xlsx,Input_xlxs,Moose Lodge Rd,SB,2025-06-11,00:45:00,01:00:00,0,,,0,0,0,0,0,0,0,0,0,0,0,0,0,0
Input_xlxs.xlsx,Input_xlxs,Moose Lodge Rd,SB,2025-06-11,01:00:00,01:15:00,2,,,0,2,0,0,0,0,0,0,0,0,0,0,0,0
Input_xlxs.xlsx,Input_xlxs,Moose Lodge Rd,SB,2025-06-11,01:15:00,01:30:00,0,,,0,0,0,0,0,0,0,0,0,0,0,0,0,0
Input_xlxs.xlsx,Input_xlxs,Moose Lodge Rd,SB,2025-06-11,01:30:00,01:45:00,2,,,0,1,1,0,0,0,0,0,0,0,0,0,0,0
Input_xlxs.xlsx,Input_xlxs,Moose Lodge Rd,SB,2025-06-11,01:45:00,02:00:00,0,,,0,0,0,0,0,0,0,0,0,0,0,0,0,0
Input_xlxs.xlsx,Input_xlxs,Moose Lodge Rd,SB,2025-06-11,02:00:00,02:15:00,0,,,0,0,0,0,0,0,0,0,0,0,0,0,0,0
Input_xlxs.xlsx,Input_xlxs,Moose Lodge Rd,SB,2025-06-11,02:15:00,02:30:00,3,,,0,0,1,0,2,0,0,0,0,0,0,0,0,0
Input_xlxs.xlsx,Input_xlxs,Moose Lodge Rd,SB,2025-06-11,02:30:00,02:45:00,1,,,0,0,0,0,1,0,0,0,0,0,0,0,0,0
Input_xlxs.xlsx,Input_xlxs,Moose Lodge Rd,SB,2025-06-11,02:45:00,03:00:00,0,,,0,0,0,0,0,0,0,0,0,0,0,0,0,0
Input_xlxs.xlsx,Input_xlxs,Moose Lodge Rd,SB,2025-06-11,03:00:00,03:15:00,0,,,0,0,0,0,0,0,0,0,0,0,0,0,0,0
Input_xlxs.xlsx,Input_xlxs,Moose Lodge Rd,SB,2025-06-11,03:15:00,03:30:00,4,,,0,1,2,0,1,0,0,0,0,0,0,0,0,0
Input_xlxs.xlsx,Input_xlxs,Moose Lodge Rd,SB,2025-06-11,03:30:00,03:45:00,2,,,0,2,0,0,0,0,0,0,0,0,0,0,0,0
Input_xlxs.xlsx,Input_xlxs,Moose Lodge Rd,SB,2025-06-11,03:45:00,04:00:00,5,,,1,2,1,0,0,1,0,0,0,0,0,0,0,0
Input_xlxs.xlsx,Input_xlxs,Moose Lodge Rd,SB,2025-06-11,04:00:00,04:15:00,1,,,0,1,0,0,0,0,0,0,0,0,0,0,0,0
Input_xlxs.xlsx,Input_xlxs,Moose Lodge Rd,SB,2025-06-11,04:15:00,04:30:00,6,,,0,3,1,0,1,1,0,0,0,0,0,0,0,0
Input_xlxs.xlsx,Input_xlxs,Moose Lodge Rd,SB,2025-06-11,04:30:00,04:45:00,2,,,0,1,0,0,1,0,0,0,0,0,0,0,0,0
Input_xlxs.xlsx,Input_xlxs,Moose Lodge Rd,SB,2025-06-11,04:45:00,05:00:00,3,,,0,0,2,0,1,0,0,0,0,0,0,0,0,0
Input_xlxs.xlsx,Input_xlxs,Moose Lodge Rd,SB,2025-06-11,05:00:00,05:15:00,3,,,0,1,0,0,1,1,0,0,0,0,0,0,0,0
Input_xlxs.xlsx,Input_xlxs,Moose Lodge Rd,SB,2025-06-11,05:15:00,05:30:00,3,,,0,3,0,0,0,0,0,0,0,0,0,0,0,0
Input_xlxs.xlsx,Input_xlxs,Moose Lodge Rd,SB,2025-06-11,05:30:00,05:45:00,6,,,0,5,1,0,0,0,0,0,0,0,0,0,0,0
Input_xlxs.xlsx,Input_xlxs,Moose Lodge Rd,SB,2025-06-11,05:45:00,06:00:00,6,,,0,3,1,0,2,0,0,0,0,0,0,0,0,0
Input_xlxs.xlsx,Input_xlxs,Moose Lodge Rd,SB,2025-06-11,06:00:00,06:15:00,14,,,0,3,2,1,7,0,0,1,0,0,0,0,0,0
Input_xlxs.xlsx,Input_xlxs,Moose Lodge Rd,SB,2025-06-11,06:15:00,06:30:00,13,,,0,6,2,0,3,1,0,1,0,0,0,0,0,0
Input_xlxs.xlsx,Input_xlxs,Moose Lodge Rd,SB,2025-06-11,06:30:00,06:45:00,18,,,0,3,8,2,2,0,0,3,0,0,0,0,0,0
Input_xlxs.xlsx,Input_xlxs,Moose Lodge Rd,SB,2025-06-11,06:45:00,07:00:00,17,,,0,5,4,1,4,0,0,3,0,0,0,0,0,0
Input_xlxs.xlsx,Input_xlxs,Moose Lodge Rd,SB,2025-06-11,07:00:00,07:15:00,16,,,0,10,3,0,2,0,0,1,0,0,0,0,0,0
Input_xlxs.xlsx,Input_xlxs,Moose Lodge Rd,SB,2025-06-11,07:15:00,07:30:00,35,,,0,11,11,3,6,1,0,3,0,0,0,0,0,0
Input_xlxs.xlsx,Input_xlxs,Moose Lodge Rd,SB,2025-06-11,07:30:00,07:45:00,25,,,0,13,7,1,4,0,0,0,0,0,0,0,0,0
Input_xlxs.xlsx,Input_xlxs,Moose Lodge Rd,SB,2025-06-11,07:45:00,08:00:00,14,,,0,4,4,1,4,0,0,1,0,0,0,0,0,0
Input_xlxs.xlsx,Input_xlxs,Moose Lodge Rd,SB,2025-06-11,08:00:00,08:15:00,22,,,0,11,2,0,6,1,0,2,0,0,0,0,0,0
Input_xlxs.xlsx,Input_xlxs,Moose Lodge Rd,SB,2025-06-11,08:15:00,08:30:00,17,,,0,7,2,0,7,0,0,1,0,0,0,0,0,0
Input_xlxs.xlsx,Input_xlxs,Moose Lodge Rd,SB,2025-06-11,08:30:00,08:45:00,17,,,0,7,4,0,6,0,0,0,0,0,0,0,0,0
Input_xlxs.xlsx,Input_xlxs,Moose Lodge Rd,SB,2025-06-11,08:45:00,09:00:00,21,,,0,14,5,1,1,0,0,0,0,0,0,0,0,0
Input_xlxs.xlsx,Input_xlxs,Moose Lodge Rd,SB,2025-06-11,09:00:00,09:15:00,16,,,0,4,7,1,3,0,0,0,1,0,0,0,0,0
Input_xlxs.xlsx,Input_xlxs,Moose Lodge Rd,SB,2025-06-11,09:15:00,09:30:00,27,,,0,10,2,2,8,2,0,3,0,0,0,0,0,0
Input_xlxs.xlsx,Input_xlxs,Moose Lodge Rd,SB,2025-06-11,09:30:00,09:45:00,17,,,0,5,7,2,2,0,0,1,0,0,0,0,0,0
Input_xlxs.xlsx,Input_xlxs,Moose Lodge Rd,SB,2025-06-11,09:45:00,10:00:00,29,,,0,12,9,0,8,0,0,0,0,0,0,0,0,0
Input_xlxs.xlsx,Input_xlxs,Moose Lodge Rd,SB,2025-06-11,10:00:00,10:15:00,22,,,0,10,6,2,3,0,0,1,0,0,0,0,0,0
Input_xlxs.xlsx,Input_xlxs,Moose Lodge Rd,SB,2025-06-11,10:15:00,10:30:00,21,,,0,11,3,2,4,1,0,0,0,0,0,0,0,0
Input_xlxs.xlsx,Input_xlxs,Moose Lodge Rd,SB,2025-06-11,10:30:00,10:45:00,27,,,0,9,9,0,6,0,0,1,1,1,0,0,0,0
Input_xlxs.xlsx,Input_xlxs,Moose Lodge Rd,SB,2025-06-11,10:45:00,11:00:00,19,,,0,5,3,1,9,1,0,0,0,0,0,0,0,0
Input_xlxs.xlsx,Input_xlxs,Moose Lodge Rd,SB,2025-06-11,11:00:00,11:15:00,30,,,0,13,7,2,8,0,0,0,0,0,0,0,0,0
Input_xlxs.xlsx,Input_xlxs,Moose Lodge Rd,SB,2025-06-11,11:15:00,11:30:00,18,,,0,9,8,0,0,1,0,0,0,0,0,0,0,0
Input_xlxs.xlsx,Input_xlxs,Moose Lodge Rd,SB,2025-06-11,11:30:00,11:45:00,30,,,0,16,6,3,4,1,0,0,0,0,0,0,0,0
Input_xlxs.xlsx,Input_xlxs,Moose Lodge Rd,SB,2025-06-11,11:45:00,12:00:00,25,,,0,9,13,0,3,0,0,0,0,0,0,0,0,0
Input_xlxs.xlsx,Input_xlxs,Moose Lodge Rd,SB,2025-06-11,12:00:00,12:15:00,33,,,0,14,12,0,5,0,0,1,1,0,0,0,0,0
Input_xlxs.xlsx,Input_xlxs,Moose Lodge Rd,SB,2025-06-11,12:15:00,12:30:00,32,,,1,11,12,1,5,0,0,1,1,0,0,0,0,0
Input_xlxs.xlsx,Input_xlxs,Moose Lodge Rd,SB,2025-06-11,12:30:00,12:45:00,28,,,0,9,10,0,7,0,0,2,0,0,0,0,0,0
Input_xlxs.xlsx,Input_xlxs,Moose Lodge Rd,SB,2025-06-11,12:45:00,13:00:00,36,,,0,14,9,2,9,1,0,0,1,0,0,0,0,0
Input_xlxs.xlsx,Input_xlxs,Moose Lodge Rd,SB,2025-06-11,13:00:00,13:15:00,23,,,0,9,10,1,2,0,0,1,0,0,0,0,0,0
Input_xlxs.xlsx,Input_xlxs,Moose Lodge Rd,SB,2025-06-11,13:15:00,13:30:00,28,,,0,12,8,1,7,0,0,0,0,0,0,0,0,0
Input_xlxs.xlsx,Input_xlxs,Moose Lodge Rd,SB,2025-06-11,13:30:00,13:45:00,23,,,0,10,7,2,3,0,0,0,1,0,0,0,0,0
Input_xlxs.xlsx,Input_xlxs,Moose Lodge Rd,SB,2025-06-11,13:45:00,14:00:00,33,,,0,15,11,2,3,0,0,2,0,0,0,0,0,0
Input_xlxs.xlsx,Input_xlxs,Moose Lodge Rd,SB,2025-06-11,14:00:00,14:15:00,36,,,0,14,9,1,8,0,0,4,0,0,0,0,0,0
Input_xlxs.xlsx,Input_xlxs,Moose Lodge Rd,SB,2025-06-11,14:15:00,14:30:00,30,,,1,19,5,0,3,0,0,2,0,0,0,0,0,0
Input_xlxs.xlsx,Input_xlxs,Moose Lodge Rd,SB,2025-06-11,14:30:00,14:45:00,38,,,0,18,15,0,5,0,0,0,0,0,0,0,0,0
Input_xlxs.xlsx,Input_xlxs,Moose Lodge Rd,SB,2025-06-11,14:45:00,15:00:00,35,,,0,18,10,0,6,0,0,1,0,0,0,0,0,0
Input_xlxs.xlsx,Input_xlxs,Moose Lodge Rd,SB,2025-06-11,15:00:00,15:15:00,48,,,1,18,19,1,9,0,0,0,0,0,0,0,0,0
Input_xlxs.xlsx,Input_xlxs,Moose Lodge Rd,SB,2025-06-11,15:15:00,15:30:00,56,,,1,25,19,0,8,0,0,0,2,1,0,0,0,0
Input_xlxs.xlsx,Input_xlxs,Moose Lodge Rd,SB,2025-06-11,15:30:00,15:45:00,50,,,0,16,20,0,12,0,0,2,0,0,0,0,0,0
Input_xlxs.xlsx,Input_xlxs,Moose Lodge Rd,SB,2025-06-11,15:45:00,16:00:00,36,,,0,19,10,0,6,1,0,0,0,0,0,0,0,0
Input_xlxs.xlsx,Input_xlxs,Moose Lodge Rd,SB,2025-06-11,16:00:00,16:15:00,56,,,1,28,16,0,10,0,0,1,0,0,0,0,0,0
Input_xlxs.xlsx,Input_xlxs,Moose Lodge Rd,SB,2025-06-11,16:15:00,16:30:00,56,,,1,28,17,1,7,0,0,1,1,0,0,0,0,0
Input_xlxs.xlsx,Input_xlxs,Moose Lodge Rd,SB,2025-06-11,16:30:00,16:45:00,51,,,0,22,15,0,12,0,0,2,0,0,0,0,0,0
Input_xlxs.xlsx,Input_xlxs,Moose Lodge Rd,SB,2025-06-11,16:45:00,17:00:00,63,,,0,33,18,0,11,0,0,1,0,0,0,0,0,0
Input_xlxs.xlsx,Input_xlxs,Moose Lodge Rd,SB,2025-06-11,17:00:00,17:15:00,45,,,2,26,9,0,5,0,0,2,1,0,0,0,0,0
Input_xlxs.xlsx,Input_xlxs,Moose Lodge Rd,SB,2025-06-11,17:15:00,17:30:00,45,,,0,19,21,1,4,0,0,0,0,0,0,0,0,0
Input_xlxs.xlsx,Input_xlxs,Moose Lodge Rd,SB,2025-06-11,17:30:00,17:45:00,46,,,0,24,13,1,7,0,0,0,0,0,1,0,0,0
Input_xlxs.xlsx,Input_xlxs,Moose Lodge Rd,SB,2025-06-11,17:45:00,18:00:00,35,,,0,20,6,0,9,0,0,0,0,0,0,0,0,0
Input_xlxs.xlsx,Input_xlxs,Moose Lodge Rd,SB,2025-06-11,18:00:00,18:15:00,35,,,0,16,14,0,5,0,0,0,0,0,0,0,0,0
Input_xlxs.xlsx,Input_xlxs,Moose Lodge Rd,SB,2025-06-11,18:15:00,18:30:00,43,,,0,22,13,0,7,0,0,1,0,0,0,0,0,0
Input_xlxs.xlsx,Input_xlxs,Moose Lodge Rd,SB,2025-06-11,18:30:00,18:45:00,33,,,0,13,11,0,8,0,0,1,0,0,0,0,0,0
Input_xlxs.xlsx,Input_xlxs,Moose Lodge Rd,SB,2025-06-11,18:45:00,19:00:00,28,,,0,13,7,0,6,0,0,1,1,0,0,0,0,0
Input_xlxs.xlsx,Input_xlxs,Moose Lodge Rd,SB,2025-06-11,19:00:00,19:15:00,18,,,0,13,3,0,2,0,0,0,0,0,0,0,0,0
Input_xlxs.xlsx,Input_xlxs,Moose Lodge Rd,SB,2025-06-11,19:15:00,19:30:00,23,,,2,13,4,0,4,0,0,0,0,0,0,0,0,0
Input_xlxs.xlsx,Input_xlxs,Moose Lodge Rd,SB,2025-06-11,19:30:00,19:45:00,16,,,0,9,4,0,3,0,0,0,0,0,0,0,0,0
Input_xlxs.xlsx,Input_xlxs,Moose Lodge Rd,SB,2025-06-11,19:45:00,20:00:00,29,,,0,15,10,0,3,0,0,1,0,0,0,0,0,0
Input_xlxs.xlsx,Input_xlxs,Moose Lodge Rd,SB,2025-06-11,20:00:00,20:15:00,21,,,0,15,4,0,2,0,0,0,0,0,0,0,0,0
Input_xlxs.xlsx,Input_xlxs,Moose Lodge Rd,SB,2025-06-11,20:15:00,20:30:00,17,,,0,9,6,0,1,0,0,1,0,0,0,0,0,0
Input_xlxs.xlsx,Input_xlxs,Moose Lodge Rd,SB,2025-06-11,20:30:00,20:45:00,17,,,0,9,7,0,1,0,0,0,0,0,0,0,0,0
Input_xlxs.xlsx,Input_xlxs,Moose Lodge Rd,SB,2025-06-11,20:45:00,21:00:00,17,,,0,10,3,0,3,0,0,1,0,0,0,0,0,0
Input_xlxs.xlsx,Input_xlxs,Moose Lodge Rd,SB,2025-06-11,21:00:00,21:15:00,13,,,2,6,0,0,5,0,0,0,0,0,0,0,0,0
Input_xlxs.xlsx,Input_xlxs,Moose Lodge Rd,SB,2025-06-11,21:15:00,21:30:00,9,,,0,7,2,0,0,0,0,0,0,0,0,0,0,0
Input_xlxs.xlsx,Input_xlxs,Moose Lodge Rd,SB,2025-06-11,21:30:00,21:45:00,9,,,1,4,3,0,1,0,0,0,0,0,0,0,0,0
Input_xlxs.xlsx,Input_xlxs,Moose Lodge Rd,SB,2025-06-11,21:45:00,22:00:00,17,,,0,2,10,0,5,0,0,0,0,0,0,0,0,0
Input_xlxs.xlsx,Input_xlxs,Moose Lodge Rd,SB,2025-06-11,22:00:00,22:15:00,5,,,0,2,3,0,0,0,0,0,0,0,0,0,0,0
Input_xlxs.xlsx,Input_xlxs,Moose Lodge Rd,SB,2025-06-11,22:15:00,22:30:00,7,,,0,5,2,0,0,0,0,0,0,0,0,0,0,0
Input_xlxs.xlsx,Input_xlxs,Moose Lodge Rd,SB,2025-06-11,22:30:00,22:45:00,8,,,0,5,3,0,0,0,0,0,0,0,0,0,0,0
Input_xlxs.xlsx,Input_xlxs,Moose Lodge Rd,SB,2025-06-11,22:45:00,23:00:00,6,,,0,3,3,0,0,0,0,0,0,0,0,0,0,0
Input_xlxs.xlsx,Input_xlxs,Moose Lodge Rd,SB,2025-06-11,23:00:00,23:15:00,5,,,0,3,2,0,0,0,0,0,0,0,0,0,0,0
Input_xlxs.xlsx,Input_xlxs,Moose Lodge Rd,SB,2025-06-11,23:15:00,23:30:00,3,,,0,2,1,0,0,0,0,0,0,0,0,0,0,0
Input_xlxs.xlsx,Input_xlxs,Moose Lodge Rd,SB,2025-06-11,23:30:00,23:45:00,2,,,0,0,1,0,1,0,0,0,0,0,0,0,0,0
Input_xlxs.xlsx,Input_xlxs,Moose Lodge Rd,SB,2025-06-11,23:45:00,00:00:00,0,,,0,0,0,0,0,0,0,0,0,0,0,0,0,0
Input_xlxs.xlsx,Input_xlxs,Moose Lodge Rd,SB,2025-06-12,00:00:00,00:15:00,2,,,0,2,0,0,0,0,0,0,0,0,0,0,0,0
Input_xlxs.xlsx,Input_xlxs,Moose Lodge Rd,SB,2025-06-12,00:15:00,00:30:00,0,,,0,0,0,0,0,0,0,0,0,0,0,0,0,0
Input_xlxs.xlsx,Input_xlxs,Moose Lodge Rd,SB,2025-06-12,00:30:00,00:45:00,1,,,0,0,0,0,1,0,0,0,0,0,0,0,0,0
Input_xlxs.xlsx,Input_xlxs,Moose Lodge Rd,SB,2025-06-12,00:45:00,01:00:00,1,,,0,0,1,0,0,0,0,0,0,0,0,0,0,0
Input_xlxs.xlsx,Input_xlxs,Moose Lodge Rd,SB,2025-06-12,01:00:00,01:15:00,1,,,0,0,0,0,1,0,0,0,0,0,0,0,0,0
Input_xlxs.xlsx,Input_xlxs,Moose Lodge Rd,SB,2025-06-12,01:15:00,01:30:00,0,,,0,0,0,0,0,0,0,0,0,0,0,0,0,0
Input_xlxs.xlsx,Input_xlxs,Moose Lodge Rd,SB,2025-06-12,01:30:00,01:45:00,0,,,0,0,0,0,0,0,0,0,0,0,0,0,0,0
Input_xlxs.xlsx,Input_xlxs,Moose Lodge Rd,SB,2025-06-12,01:45:00,02:00:00,0,,,0,0,0,0,0,0,0,0,0,0,0,0,0,0
Input_xlxs.xlsx,Input_xlxs,Moose Lodge Rd,SB,2025-06-12,02:00:00,02:15:00,2,,,0,1,1,0,0,0,0,0,0,0,0,0,0,0
Input_xlxs.xlsx,Input_xlxs,Moose Lodge Rd,SB,2025-06-12,02:15:00,02:30:00,0,,,0,0,0,0,0,0,0,0,0,0,0,0,0,0
Input_xlxs.xlsx,Input_xlxs,Moose Lodge Rd,SB,2025-06-12,02:30:00,02:45:00,2,,,0,0,1,0,1,0,0,0,0,0,0,0,0,0
Input_xlxs.xlsx,Input_xlxs,Moose Lodge Rd,SB,2025-06-12,02:45:00,03:00:00,1,,,0,0,0,0,1,0,0,0,0,0,0,0,0,0
Input_xlxs.xlsx,Input_xlxs,Moose Lodge Rd,SB,2025-06-12,03:00:00,03:15:00,3,,,0,2,0,0,1,0,0,0,0,0,0,0,0,0
Input_xlxs.xlsx,Input_xlxs,Moose Lodge Rd,SB,2025-06-12,03:15:00,03:30:00,4,,,0,2,1,0,0,1,0,0,0,0,0,0,0,0
Input_xlxs.xlsx,Input_xlxs,Moose Lodge Rd,SB,2025-06-12,03:30:00,03:45:00,2,,,0,1,0,0,0,1,0,0,0,0,0,0,0,0
Input_xlxs.xlsx,Input_xlxs,Moose Lodge Rd,SB,2025-06-12,03:45:00,04:00:00,4,,,0,3,0,0,1,0,0,0,0,0,0,0,0,0
Input_xlxs.xlsx,Input_xlxs,Moose Lodge Rd,SB,2025-06-12,04:00:00,04:15:00,2,,,0,1,0,0,0,1,0,0,0,0,0,0,0,0
Input_xlxs.xlsx,Input_xlxs,Moose Lodge Rd,SB,2025-06-12,04:15:00,04:30:00,4,,,0,3,0,0,0,1,0,0,0,0,0,0,0,0
Input_xlxs.xlsx,Input_xlxs,Moose Lodge Rd,SB,2025-06-12,04:30:00,04:45:00,5,,,0,3,0,0,1,1,0,0,0,0,0,0,0,0
Input_xlxs.xlsx,Input_xlxs,Moose Lodge Rd,SB,2025-06-12,04:45:00,05:00:00,3,,,0,0,2,0,1,0,0,0,0,0,0,0,0,0
Input_xlxs.xlsx,Input_xlxs,Moose Lodge Rd,SB,2025-06-12,05:00:00,05:15:00,7,,,0,3,2,0,0,1,0,0,1,0,0,0,0,0
Input_xlxs.xlsx,Input_xlxs,Moose Lodge Rd,SB,2025-06-12,05:15:00,05:30:00,5,,,0,2,1,1,0,1,0,0,0,0,0,0,0,0
Input_xlxs.xlsx,Input_xlxs,Moose Lodge Rd,SB,2025-06-12,05:30:00,05:45:00,7,,,0,4,3,0,0,0,0,0,0,0,0,0,0,0
Input_xlxs.xlsx,Input_xlxs,Moose Lodge Rd,SB,2025-06-12,05:45:00,06:00:00,9,,,0,5,1,0,3,0,0,0,0,0,0,0,0,0
Input_xlxs.xlsx,Input_xlxs,Moose Lodge Rd,SB,2025-06-12,06:00:00,06:15:00,9,,,0,2,4,0,3,0,0,0,0,0,0,0,0,0
Input_xlxs.xlsx,Input_xlxs,Moose Lodge Rd,SB,2025-06-12,06:15:00,06:30:00,18,,,0,8,2,0,3,2,0,2,1,0,0,0,0,0
Input_xlxs.xlsx,Input_xlxs,Moose Lodge Rd,SB,2025-06-12,06:30:00,06:45:00,26,,,0,8,8,0,3,0,0,6,1,0,0,0,0,0
Input_xlxs.xlsx,Input_xlxs,Moose Lodge Rd,SB,2025-06-12,06:45:00,07:00:00,11,,,0,1,2,0,6,0,0,2,0,0,0,0,0,0
Input_xlxs.xlsx,Input_xlxs,Moose Lodge Rd,SB,2025-06-12,07:00:00,07:15:00,17,,,0,7,3,0,5,0,0,1,1,0,0,0,0,0
Input_xlxs.xlsx,Input_xlxs,Moose Lodge Rd,SB,2025-06-12,07:15:00,07:30:00,25,,,0,11,5,1,4,0,0,3,1,0,0,0,0,0
Input_xlxs.xlsx,Input_xlxs,Moose Lodge Rd,SB,2025-06-12,07:30:00,07:45:00,22,,,0,10,5,1,4,0,0,2,0,0,0,0,0,0
Input_xlxs.xlsx,Input_xlxs,Moose Lodge Rd,SB,2025-06-12,07:45:00,08:00:00,34,,,0,12,9,0,7,1,0,2,2,1,0,0,0,0
Input_xlxs.xlsx,Input_xlxs,Moose Lodge Rd,SB,2025-06-12,08:00:00,08:15:00,18,,,0,12,1,0,4,0,0,0,1,0,0,0,0,0
Input_xlxs.xlsx,Input_xlxs,Moose Lodge Rd,SB,2025-06-12,08:15:00,08:30:00,21,,,0,9,4,0,7,0,0,0,1,0,0,0,0,0
Input_xlxs.xlsx,Input_xlxs,Moose Lodge Rd,SB,2025-06-12,08:30:00,08:45:00,15,,,0,6,5,1,3,0,0,0,0,0,0,0,0,0
Input_xlxs.xlsx,Input_xlxs,Moose Lodge Rd,SB,2025-06-12,08:45:00,09:00:00,18,,,0,5,5,0,7,0,0,1,0,0,0,0,0,0
Input_xlxs.xlsx,Input_xlxs,Moose Lodge Rd,SB,2025-06-12,09:00:00,09:15:00,25,,,0,7,9,1,7,0,0,1,0,0,0,0,0,0
Input_xlxs.xlsx,Input_xlxs,Moose Lodge Rd,SB,2025-06-12,09:15:00,09:30:00,15,,,0,9,3,0,3,0,0,0,0,0,0,0,0,0
Input_xlxs.xlsx,Input_xlxs,Moose Lodge Rd,SB,2025-06-12,09:30:00,09:45:00,14,,,0,5,4,0,4,0,0,0,0,1,0,0,0,0
Input_xlxs.xlsx,Input_xlxs,Moose Lodge Rd,SB,2025-06-12,09:45:00,10:00:00,25,,,0,12,6,1,5,0,0,0,1,0,0,0,0,0
Input_xlxs.xlsx,Input_xlxs,Moose Lodge Rd,SB,2025-06-12,10:00:00,10:15:00,29,,,0,13,9,0,6,0,0,0,1,0,0,0,0,0
Input_xlxs.xlsx,Input_xlxs,Moose Lodge Rd,SB,2025-06-12,10:15:00,10:30:00,21,,,0,8,7,3,3,0,0,0,0,0,0,0,0,0
Input_xlxs.xlsx,Input_xlxs,Moose Lodge Rd,SB,2025-06-12,10:30:00,10:45:00,25,,,0,14,8,0,0,1,0,1,1,0,0,0,0,0
Input_xlxs.xlsx,Input_xlxs,Moose Lodge Rd,SB,2025-06-12,10:45:00,11:00:00,30,,,0,12,12,0,5,1,0,0,0,0,0,0,0,0
Input_xlxs.xlsx,Input_xlxs,Moose Lodge Rd,SB,2025-06-12,11:00:00,11:15:00,17,,,0,9,2,1,4,1,0,0,0,0,0,0,0,0
Input_xlxs.xlsx,Input_xlxs,Moose Lodge Rd,SB,2025-06-12,11:15:00,11:30:00,15,,,0,6,3,0,5,1,0,0,0,0,0,0,0,0
Input_xlxs.xlsx,Input_xlxs,Moose Lodge Rd,SB,2025-06-12,11:30:00,11:45:00,24,,,0,13,3,1,7,0,0,0,0,0,0,0,0,0
Input_xlxs.xlsx,Input_xlxs,Moose Lodge Rd,SB,2025-06-12,11:45:00,12:00:00,15,,,0,6,4,0,5,0,0,0,0,0,0,0,0,0
Input_xlxs.xlsx,Input_xlxs,Moose Lodge Rd,SB,2025-06-12,12:00:00,12:15:00,22,,,2,8,9,0,3,0,0,0,0,0,0,0,0,0
Input_xlxs.xlsx,Input_xlxs,Moose Lodge Rd,SB,2025-06-12,12:15:00,12:30:00,33,,,0,19,8,0,5,0,0,0,1,0,0,0,0,0
Input_xlxs.xlsx,Input_xlxs,Moose Lodge Rd,SB,2025-06-12,12:30:00,12:45:00,31,,,0,17,6,0,8,0,0,0,0,0,0,0,0,0
Input_xlxs.xlsx,Input_xlxs,Moose Lodge Rd,SB,2025-06-12,12:45:00,13:00:00,25,,,1,10,8,0,6,0,0,0,0,0,0,0,0,0
Input_xlxs.xlsx,Input_xlxs,Moose Lodge Rd,SB,2025-06-12,13:00:00,13:15:00,24,,,0,7,12,0,4,0,0,1,0,0,0,0,0,0
Input_xlxs.xlsx,Input_xlxs,Moose Lodge Rd,SB,2025-06-12,13:15:00,13:30:00,34,,,2,15,10,1,4,0,0,2,0,0,0,0,0,0
Input_xlxs.xlsx,Input_xlxs,Moose Lodge Rd,SB,2025-06-12,13:30:00,13:45:00,23,,,0,10,7,0,4,1,0,1,0,0,0,0,0,0
Input_xlxs.xlsx,Input_xlxs,Moose Lodge Rd,SB,2025-06-12,13:45:00,14:00:00,29,,,0,14,8,1,5,0,0,1,0,0,0,0,0,0
Input_xlxs.xlsx,Input_xlxs,Moose Lodge Rd,SB,2025-06-12,14:00:00,14:15:00,27,,,0,12,7,1,7,0,0,0,0,0,0,0,0,0
Input_xlxs.xlsx,Input_xlxs,Moose Lodge Rd,SB,2025-06-12,14:15:00,14:30:00,21,,,0,8,5,0,6,1,0,1,0,0,0,0,0,0
Input_xlxs.xlsx,Input_xlxs,Moose Lodge Rd,SB,2025-06-12,14:30:00,14:45:00,35,,,0,16,13,2,2,0,0,1,1,0,0,0,0,0
Input_xlxs.xlsx,Input_xlxs,Moose Lodge Rd,SB,2025-06-12,14:45:00,15:00:00,38,,,0,19,9,1,7,0,0,1,1,0,0,0,0,0
Input_xlxs.xlsx,Input_xlxs,Moose Lodge Rd,SB,2025-06-12,15:00:00,15:15:00,47,,,1,21,15,4,5,0,0,0,1,0,0,0,0,0
Input_xlxs.xlsx,Input_xlxs,Moose Lodge Rd,SB,2025-06-12,15:15:00,15:30:00,45,,,0,25,13,0,6,1,0,0,0,0,0,0,0,0
Input_xlxs.xlsx,Input_xlxs,Moose Lodge Rd,SB,2025-06-12,15:30:00,15:45:00,46,,,1,17,14,0,13,0,0,1,0,0,0,0,0,0
Input_xlxs.xlsx,Input_xlxs,Moose Lodge Rd,SB,2025-06-12,15:45:00,16:00:00,56,,,1,30,14,0,10,1,0,0,0,0,0,0,0,0
Input_xlxs.xlsx,Input_xlxs,Moose Lodge Rd,SB,2025-06-12,16:00:00,16:15:00,55,,,2,32,10,0,9,0,0,2,0,0,0,0,0,0
Input_xlxs.xlsx,Input_xlxs,Moose Lodge Rd,SB,2025-06-12,16:15:00,16:30:00,51,,,0,29,13,0,8,0,0,0,1,0,0,0,0,0
Input_xlxs.xlsx,Input_xlxs,Moose Lodge Rd,SB,2025-06-12,16:30:00,16:45:00,63,,,1,25,23,0,12,1,0,0,1,0,0,0,0,0
Input_xlxs.xlsx,Input_xlxs,Moose Lodge Rd,SB,2025-06-12,16:45:00,17:00:00,53,,,0,28,16,0,9,0,0,0,0,0,0,0,0,0
Input_xlxs.xlsx,Input_xlxs,Moose Lodge Rd,SB,2025-06-12,17:00:00,17:15:00,50,,,0,20,20,0,7,0,0,3,0,0,0,0,0,0
Input_xlxs.xlsx,Input_xlxs,Moose Lodge Rd,SB,2025-06-12,17:15:00,17:30:00,44,,,1,23,11,1,6,0,0,1,1,0,0,0,0,0
Input_xlxs.xlsx,Input_xlxs,Moose Lodge Rd,SB,2025-06-12,17:30:00,17:45:00,40,,,1,17,14,0,6,0,0,1,0,0,1,0,0,0
Input_xlxs.xlsx,Input_xlxs,Moose Lodge Rd,SB,2025-06-12,17:45:00,18:00:00,36,,,0,22,9,0,5,0,0,0,0,0,0,0,0,0
Input_xlxs.xlsx,Input_xlxs,Moose Lodge Rd,SB,2025-06-12,18:00:00,18:15:00,43,,,0,19,13,1,8,0,0,2,0,0,0,0,0,0
Input_xlxs.xlsx,Input_xlxs,Moose Lodge Rd,SB,2025-06-12,18:15:00,18:30:00,31,,,0,11,13,0,5,0,0,2,0,0,0,0,0,0
Input_xlxs.xlsx,Input_xlxs,Moose Lodge Rd,SB,2025-06-12,18:30:00,18:45:00,19,,,1,12,4,0,2,0,0,0,0,0,0,0,0,0
Input_xlxs.xlsx,Input_xlxs,Moose Lodge Rd,SB,2025-06-12,18:45:00,19:00:00,32,,,0,18,7,0,7,0,0,0,0,0,0,0,0,0
Input_xlxs.xlsx,Input_xlxs,Moose Lodge Rd,SB,2025-06-12,19:00:00,19:15:00,22,,,1,11,4,0,6,0,0,0,0,0,0,0,0,0
Input_xlxs.xlsx,Input_xlxs,Moose Lodge Rd,SB,2025-06-12,19:15:00,19:30:00,16,,,0,8,4,0,4,0,0,0,0,0,0,0,0,0
Input_xlxs.xlsx,Input_xlxs,Moose Lodge Rd,SB,2025-06-12,19:30:00,19:45:00,32,,,0,17,7,0,7,0,0,1,0,0,0,0,0,0
Input_xlxs.xlsx,Input_xlxs,Moose Lodge Rd,SB,2025-06-12,19:45:00,20:00:00,20,,,0,8,7,0,5,0,0,0,0,0,0,0,0,0
Input_xlxs.xlsx,Input_xlxs,Moose Lodge Rd,SB,2025-06-12,20:00:00,20:15:00,16,,,0,9,4,0,3,0,0,0,0,0,0,0,0,0
Input_xlxs.xlsx,Input_xlxs,Moose Lodge Rd,SB,2025-06-12,20:15:00,20:30:00,16,,,0,6,7,0,3,0,0,0,0,0,0,0,0,0
Input_xlxs.xlsx,Input_xlxs,Moose Lodge Rd,SB,2025-06-12,20:30:00,20:45:00,23,,,0,15,4,0,4,0,0,0,0,0,0,0,0,0
Input_xlxs.xlsx,Input_xlxs,Moose Lodge Rd,SB,2025-06-12,20:45:00,21:00:00,20,,,0,7,9,0,4,0,0,0,0,0,0,0,0,0
Input_xlxs.xlsx,Input_xlxs,Moose Lodge Rd,SB,2025-06-12,21:00:00,21:15:00,13,,,1,9,3,0,0,0,0,0,0,0,0,0,0,0
Input_xlxs.xlsx,Input_xlxs,Moose Lodge Rd,SB,2025-06-12,21:15:00,21:30:00,6,,,0,5,0,0,1,0,0,0,0,0,0,0,0,0
Input_xlxs.xlsx,Input_xlxs,Moose Lodge Rd,SB,2025-06-12,21:30:00,21:45:00,11,,,0,7,3,0,1,0,0,0,0,0,0,0,0,0
Input_xlxs.xlsx,Input_xlxs,Moose Lodge Rd,SB,2025-06-12,21:45:00,22:00:00,3,,,0,2,1,0,0,0,0,0,0,0,0,0,0,0
Input_xlxs.xlsx,Input_xlxs,Moose Lodge Rd,SB,2025-06-12,22:00:00,22:15:00,4,,,0,3,1,0,0,0,0,0,0,0,0,0,0,0
Input_xlxs.xlsx,Input_xlxs,Moose Lodge Rd,SB,2025-06-12,22:15:00,22:30:00,11,,,1,6,3,0,1,0,0,0,0,0,0,0,0,0
Input_xlxs.xlsx,Input_xlxs,Moose Lodge Rd,SB,2025-06-12,22:30:00,22:45:00,3,,,0,2,1,0,0,0,0,0,0,0,0,0,0,0
Input_xlxs.xlsx,Input_xlxs,Moose Lodge Rd,SB,2025-06-12,22:45:00,23:00:00,9,,,0,6,3,0,0,0,0,0,0,0,0,0,0,0
Input_xlxs.xlsx,Input_xlxs,Moose Lodge Rd,SB,2025-06-12,23:00:00,23:15:00,6,,,1,3,2,0,0,0,0,0,0,0,0,0,0,0
Input_xlxs.xlsx,Input_xlxs,Moose Lodge Rd,SB,2025-06-12,23:15:00,23:30:00,6,,,0,2,2,0,1,0,0,1,0,0,0,0,0,0
Input_xlxs.xlsx,Input_xlxs,Moose Lodge Rd,SB,2025-06-12,23:30:00,23:45:00,5,,,0,3,1,0,1,0,0,0,0,0,0,0,0,0
Input_xlxs.xlsx,Input_xlxs,Moose Lodge Rd,SB,2025-06-12,23:45:00,00:00:00,2,,,0,1,0,0,1,0,0,0,0,0,0,0,0,0
Input_xlxs.xlsx,Input_xlxs,Moose Lodge Rd,SB,2025-06-13,00:00:00,00:15:00,0,,,0,0,0,0,0,0,0,0,0,0,0,0,0,0
Input_xlxs.xlsx,Input_xlxs,Moose Lodge Rd,SB,2025-06-13,00:15:00,00:30:00,3,,,0,1,2,0,0,0,0,0,0,0,0,0,0,0
Input_xlxs.xlsx,Input_xlxs,Moose Lodge Rd,SB,2025-06-13,00:30:00,00:45:00,0,,,0,0,0,0,0,0,0,0,0,0,0,0,0,0
Input_xlxs.xlsx,Input_xlxs,Moose Lodge Rd,SB,2025-06-13,00:45:00,01:00:00,0,,,0,0,0,0,0,0,0,0,0,0,0,0,0,0
Input_xlxs.xlsx,Input_xlxs,Moose Lodge Rd,SB,2025-06-13,01:00:00,01:15:00,1,,,0,1,0,0,0,0,0,0,0,0,0,0,0,0
Input_xlxs.xlsx,Input_xlxs,Moose Lodge Rd,SB,2025-06-13,01:15:00,01:30:00,1,,,0,1,0,0,0,0,0,0,0,0,0,0,0,0
Input_xlxs.xlsx,Input_xlxs,Moose Lodge Rd,SB,2025-06-13,01:30:00,01:45:00,3,,,0,2,0,0,1,0,0,0,0,0,0,0,0,0
Input_xlxs.xlsx,Input_xlxs,Moose Lodge Rd,SB,2025-06-13,01:45:00,02:00:00,1,,,0,1,0,0,0,0,0,0,0,0,0,0,0,0
Input_xlxs.xlsx,Input_xlxs,Moose Lodge Rd,SB,2025-06-13,02:00:00,02:15:00,1,,,0,1,0,0,0,0,0,0,0,0,0,0,0,0
Input_xlxs.xlsx,Input_xlxs,Moose Lodge Rd,SB,2025-06-13,02:15:00,02:30:00,2,,,0,0,0,0,2,0,0,0,0,0,0,0,0,0
Input_xlxs.xlsx,Input_xlxs,Moose Lodge Rd,SB,2025-06-13,02:30:00,02:45:00,0,,,0,0,0,0,0,0,0,0,0,0,0,0,0,0
Input_xlxs.xlsx,Input_xlxs,Moose Lodge Rd,SB,2025-06-13,02:45:00,03:00:00,2,,,0,1,1,0,0,0,0,0,0,0,0,0,0,0
Input_xlxs.xlsx,Input_xlxs,Moose Lodge Rd,SB,2025-06-13,03:00:00,03:15:00,1,,,0,0,0,0,1,0,0,0,0,0,0,0,0,0
Input_xlxs.xlsx,Input_xlxs,Moose Lodge Rd,SB,2025-06-13,03:15:00,03:30:00,1,,,0,1,0,0,0,0,0,0,0,0,0,0,0,0
Input_xlxs.xlsx,Input_xlxs,Moose Lodge Rd,SB,2025-06-13,03:30:00,03:45:00,2,,,0,2,0,0,0,0,0,0,0,0,0,0,0,0
Input_xlxs.xlsx,Input_xlxs,Moose Lodge Rd,SB,2025-06-13,03:45:00,04:00:00,4,,,1,2,0,0,0,0,0,0,1,0,0,0,0,0
Input_xlxs.xlsx,Input_xlxs,Moose Lodge Rd,SB,2025-06-13,04:00:00,04:15:00,1,,,0,0,0,0,1,0,0,0,0,0,0,0,0,0
Input_xlxs.xlsx,Input_xlxs,Moose Lodge Rd,SB,2025-06-13,04:15:00,04:30:00,3,,,0,2,1,0,0,0,0,0,0,0,0,0,0,0
Input_xlxs.xlsx,Input_xlxs,Moose Lodge Rd,SB,2025-06-13,04:30:00,04:45:00,2,,,0,0,1,0,1,0,0,0,0,0,0,0,0,0
Input_xlxs.xlsx,Input_xlxs,Moose Lodge Rd,SB,2025-06-13,04:45:00,05:00:00,2,,,0,1,1,0,0,0,0,0,0,0,0,0,0,0
Input_xlxs.xlsx,Input_xlxs,Moose Lodge Rd,SB,2025-06-13,05:00:00,05:15:00,1,,,0,1,0,0,0,0,0,0,0,0,0,0,0,0
Input_xlxs.xlsx,Input_xlxs,Moose Lodge Rd,SB,2025-06-13,05:15:00,05:30:00,2,,,0,1,1,0,0,0,0,0,0,0,0,0,0,0
Input_xlxs.xlsx,Input_xlxs,Moose Lodge Rd,SB,2025-06-13,05:30:00,05:45:00,2,,,0,1,1,0,0,0,0,0,0,0,0,0,0,0
Input_xlxs.xlsx,Input_xlxs,Moose Lodge Rd,SB,2025-06-13,05:45:00,06:00:00,6,,,0,2,0,0,3,0,0,1,0,0,0,0,0,0
Input_xlxs.xlsx,Input_xlxs,Moose Lodge Rd,SB,2025-06-13,06:00:00,06:15:00,10,,,0,6,1,0,3,0,0,0,0,0,0,0,0,0
Input_xlxs.xlsx,Input_xlxs,Moose Lodge Rd,SB,2025-06-13,06:15:00,06:30:00,12,,,0,4,3,1,2,0,0,2,0,0,0,0,0,0
Input_xlxs.xlsx,Input_xlxs,Moose Lodge Rd,SB,2025-06-13,06:30:00,06:45:00,18,,,0,5,5,0,5,0,0,3,0,0,0,0,0,0
Input_xlxs.xlsx,Input_xlxs,Moose Lodge Rd,SB,2025-06-13,06:45:00,07:00:00,10,,,0,4,0,2,1,1,0,2,0,0,0,0,0,0
Input_xlxs.xlsx,Input_xlxs,Moose Lodge Rd,SB,2025-06-13,07:00:00,07:15:00,17,,,0,4,4,1,6,0,0,2,0,0,0,0,0,0
Input_xlxs.xlsx,Input_xlxs,Moose Lodge Rd,SB,2025-06-13,07:15:00,07:30:00,30,,,0,7,10,1,9,0,0,2,1,0,0,0,0,0
Input_xlxs.xlsx,Input_xlxs,Moose Lodge Rd,SB,2025-06-13,07:30:00,07:45:00,23,,,0,10,4,0,7,0,0,2,0,0,0,0,0,0
Input_xlxs.xlsx,Input_xlxs,Moose Lodge Rd,SB,2025-06-13,07:45:00,08:00:00,22,,,0,10,4,0,8,0,0,0,0,0,0,0,0,0
Input_xlxs.xlsx,Input_xlxs,Moose Lodge Rd,SB,2025-06-13,08:00:00,08:15:00,15,,,0,8,3,0,2,0,0,1,1,0,0,0,0,0
Input_xlxs.xlsx,Input_xlxs,Moose Lodge Rd,SB,2025-06-13,08:15:00,08:30:00,27,,,0,15,7,0,2,1,0,2,0,0,0,0,0,0
Input_xlxs.xlsx,Input_xlxs,Moose Lodge Rd,SB,2025-06-13,08:30:00,08:45:00,17,,,0,9,2,2,2,0,0,1,1,0,0,0,0,0
Input_xlxs.xlsx,Input_xlxs,Moose Lodge Rd,SB,2025-06-13,08:45:00,09:00:00,21,,,0,9,5,2,3,1,0,1,0,0,0,0,0,0
Input_xlxs.xlsx,Input_xlxs,Moose Lodge Rd,SB,2025-06-13,09:00:00,09:15:00,10,,,0,4,3,1,2,0,0,0,0,0,0,0,0,0
Input_xlxs.xlsx,Input_xlxs,Moose Lodge Rd,SB,2025-06-13,09:15:00,09:30:00,17,,,0,3,6,0,8,0,0,0,0,0,0,0,0,0
Input_xlxs.xlsx,Input_xlxs,Moose Lodge Rd,SB,2025-06-13,09:30:00,09:45:00,22,,,0,9,7,1,3,0,0,2,0,0,0,0,0,0
Input_xlxs.xlsx,Input_xlxs,Moose Lodge Rd,SB,2025-06-13,09:45:00,10:00:00,31,,,0,13,7,0,11,0,0,0,0,0,0,0,0,0
Input_xlxs.xlsx,Input_xlxs,Moose Lodge Rd,SB,2025-06-13,10:00:00,10:15:00,24,,,0,13,6,0,5,0,0,0,0,0,0,0,0,0
Input_xlxs.xlsx,Input_xlxs,Moose Lodge Rd,SB,2025-06-13,10:15:00,10:30:00,33,,,0,10,10,2,10,0,0,1,0,0,0,0,0,0
Input_xlxs.xlsx,Input_xlxs,Moose Lodge Rd,SB,2025-06-13,10:30:00,10:45:00,22,,,0,10,4,1,6,0,0,1,0,0,0,0,0,0
Input_xlxs.xlsx,Input_xlxs,Moose Lodge Rd,SB,2025-06-13,10:45:00,11:00:00,34,,,0,15,9,1,6,2,0,1,0,0,0,0,0,0
Input_xlxs.xlsx,Input_xlxs,Moose Lodge Rd,SB,2025-06-13,11:00:00,11:15:00,24,,,0,12,7,0,3,0,0,1,1,0,0,0,0,0
Input_xlxs.xlsx,Input_xlxs,Moose Lodge Rd,SB,2025-06-13,11:15:00,11:30:00,30,,,2,13,6,1,6,1,0,0,1,0,0,0,0,0
Input_xlxs.xlsx,Input_xlxs,Moose Lodge Rd,SB,2025-06-13,11:30:00,11:45:00,38,,,0,18,9,1,10,0,0,0,0,0,0,0,0,0
Input_xlxs.xlsx,Input_xlxs,Moose Lodge Rd,SB,2025-06-13,11:45:00,12:00:00,32,,,0,15,11,0,5,0,0,1,0,0,0,0,0,0
Input_xlxs.xlsx,Input_xlxs,Moose Lodge Rd,SB,2025-06-13,12:00:00,12:15:00,31,,,1,11,10,1,5,0,0,1,2,0,0,0,0,0
Input_xlxs.xlsx,Input_xlxs,Moose Lodge Rd,SB,2025-06-13,12:15:00,12:30:00,22,,,0,5,8,1,6,0,0,1,1,0,0,0,0,0
Input_xlxs.xlsx,Input_xlxs,Moose Lodge Rd,SB,2025-06-13,12:30:00,12:45:00,29,,,0,13,9,0,6,1,0,0,0,0,0,0,0,0
Input_xlxs.xlsx,Input_xlxs,Moose Lodge Rd,SB,2025-06-13,12:45:00,13:00:00,36,,,0,11,14,1,8,0,0,2,0,0,0,0,0,0
Input_xlxs.xlsx,Input_xlxs,Moose Lodge Rd,SB,2025-06-13,13:00:00,13:15:00,26,,,0,9,4,1,8,0,0,3,1,0,0,0,0,0
Input_xlxs.xlsx,Input_xlxs,Moose Lodge Rd,SB,2025-06-13,13:15:00,13:30:00,32,,,1,16,12,2,1,0,0,0,0,0,0,0,0,0
Input_xlxs.xlsx,Input_xlxs,Moose Lodge Rd,SB,2025-06-13,13:30:00,13:45:00,34,,,0,15,8,1,8,0,0,1,1,0,0,0,0,0
Input_xlxs.xlsx,Input_xlxs,Moose Lodge Rd,SB,2025-06-13,13:45:00,14:00:00,25,,,0,11,7,0,5,0,0,2,0,0,0,0,0,0
Input_xlxs.xlsx,Input_xlxs,Moose Lodge Rd,SB,2025-06-13,14:00:00,14:15:00,28,,,0,13,10,0,4,0,0,1,0,0,0,0,0,0
Input_xlxs.xlsx,Input_xlxs,Moose Lodge Rd,SB,2025-06-13,14:15:00,14:30:00,40,,,0,22,13,1,3,0,0,1,0,0,0,0,0,0
Input_xlxs.xlsx,Input_xlxs,Moose Lodge Rd,SB,2025-06-13,14:30:00,14:45:00,38,,,0,20,9,0,7,1,0,1,0,0,0,0,0,0
Input_xlxs.xlsx,Input_xlxs,Moose Lodge Rd,SB,2025-06-13,14:45:00,15:00:00,51,,,0,26,13,0,11,1,0,0,0,0,0,0,0,0
Input_xlxs.xlsx,Input_xlxs,Moose Lodge Rd,SB,2025-06-13,15:00:00,15:15:00,39,,,0,13,13,0,10,0,0,1,2,0,0,0,0,0
Input_xlxs.xlsx,Input_xlxs,Moose Lodge Rd,SB,2025-06-13,15:15:00,15:30:00,59,,,0,34,11,2,11,0,0,1,0,0,0,0,0,0
Input_xlxs.xlsx,Input_xlxs,Moose Lodge Rd,SB,2025-06-13,15:30:00,15:45:00,44,,,1,15,13,1,13,1,0,0,0,0,0,0,0,0
Input_xlxs.xlsx,Input_xlxs,Moose Lodge Rd,SB,2025-06-13,15:45:00,16:00:00,41,,,0,19,13,0,9,0,0,0,0,0,0,0,0,0
Input_xlxs.xlsx,Input_xlxs,Moose Lodge Rd,SB,2025-06-13,16:00:00,16:15:00,53,,,0,24,18,0,9,0,0,1,1,0,0,0,0,0
Input_xlxs.xlsx,Input_xlxs,Moose Lodge Rd,SB,2025-06-13,16:15:00,16:30:00,58,,,0,32,8,0,17,0,0,1,0,0,0,0,0,0
Input_xlxs.xlsx,Input_xlxs,Moose Lodge Rd,SB,2025-06-13,16:30:00,16:45:00,57,,,0,30,11,1,13,0,0,2,0,0,0,0,0,0
Input_xlxs.xlsx,Input_xlxs,Moose Lodge Rd,SB,2025-06-13,16:45:00,17:00:00,40,,,0,21,7,1,11,0,0,0,0,0,0,0,0,0
Input_xlxs.xlsx,Input_xlxs,Moose Lodge Rd,SB,2025-06-13,17:00:00,17:15:00,40,,,2,17,16,0,5,0,0,0,0,0,0,0,0,0
Input_xlxs.xlsx,Input_xlxs,Moose Lodge Rd,SB,2025-06-13,17:15:00,17:30:00,53,,,0,26,18,0,8,0,0,0,0,0,1,0,0,0
Input_xlxs.xlsx,Input_xlxs,Moose Lodge Rd,SB,2025-06-13,17:30:00,17:45:00,37,,,0,13,18,0,5,0,0,1,0,0,0,0,0,0
Input_xlxs.xlsx,Input_xlxs,Moose Lodge Rd,SB,2025-06-13,17:45:00,18:00:00,27,,,0,12,10,0,5,0,0,0,0,0,0,0,0,0
Input_xlxs.xlsx,Input_xlxs,Moose Lodge Rd,SB,2025-06-13,18:00:00,18:15:00,26,,,0,16,5,0,4,0,0,1,0,0,0,0,0,0
Input_xlxs.xlsx,Input_xlxs,Moose Lodge Rd,SB,2025-06-13,18:15:00,18:30:00,30,,,0,20,8,0,2,0,0,0,0,0,0,0,0,0
Input_xlxs.xlsx,Input_xlxs,Moose Lodge Rd,SB,2025-06-13,18:30:00,18:45:00,31,,,0,15,10,0,6,0,0,0,0,0,0,0,0,0
Input_xlxs.xlsx,Input_xlxs,Moose Lodge Rd,SB,2025-06-13,18:45:00,19:00:00,24,,,2,12,6,1,1,0,0,2,0,0,0,0,0,0
Input_xlxs.xlsx,Input_xlxs,Moose Lodge Rd,SB,2025-06-13,19:00:00,19:15:00,23,,,1,13,6,0,3,0,0,0,0,0,0,0,0,0
Input_xlxs.xlsx,Input_xlxs,Moose Lodge Rd,SB,2025-06-13,19:15:00,19:30:00,29,,,0,12,7,0,9,0,0,1,0,0,0,0,0,0
Input_xlxs.xlsx,Input_xlxs,Moose Lodge Rd,SB,2025-06-13,19:30:00,19:45:00,23,,,1,14,6,1,1,0,0,0,0,0,0,0,0,0
Input_xlxs.xlsx,Input_xlxs,Moose Lodge Rd,SB,2025-06-13,19:45:00,20:00:00,20,,,0,13,5,0,2,0,0,0,0,0,0,0,0,0
Input_xlxs.xlsx,Input_xlxs,Moose Lodge Rd,SB,2025-06-13,20:00:00,20:15:00,15,,,0,6,5,0,4,0,0,0,0,0,0,0,0,0
Input_xlxs.xlsx,Input_xlxs,Moose Lodge Rd,SB,2025-06-13,20:15:00,20:30:00,15,,,0,8,5,0,2,0,0,0,0,0,0,0,0,0
Input_xlxs.xlsx,Input_xlxs,Moose Lodge Rd,SB,2025-06-13,20:30:00,20:45:00,17,,,0,12,4,0,1,0,0,0,0,0,0,0,0,0
Input_xlxs.xlsx,Input_xlxs,Moose Lodge Rd,SB,2025-06-13,20:45:00,21:00:00,20,,,0,11,7,0,2,0,0,0,0,0,0,0,0,0
Input_xlxs.xlsx,Input_xlxs,Moose Lodge Rd,SB,2025-06-13,21:00:00,21:15:00,13,,,1,7,5,0,0,0,0,0,0,0,0,0,0,0
Input_xlxs.xlsx,Input_xlxs,Moose Lodge Rd,SB,2025-06-13,21:15:00,21:30:00,9,,,1,3,2,0,3,0,0,0,0,0,0,0,0,0
Input_xlxs.xlsx,Input_xlxs,Moose Lodge Rd,SB,2025-06-13,21:30:00,21:45:00,13,,,0,8,3,0,2,0,0,0,0,0,0,0,0,0
Input_xlxs.xlsx,Input_xlxs,Moose Lodge Rd,SB,2025-06-13,21:45:00,22:00:00,6,,,0,3,3,0,0,0,0,0,0,0,0,0,0,0
Input_xlxs.xlsx,Input_xlxs,Moose Lodge Rd,SB,2025-06-13,22:00:00,22:15:00,11,,,0,6,3,0,2,0,0,0,0,0,0,0,0,0
Input_xlxs.xlsx,Input_xlxs,Moose Lodge Rd,SB,2025-06-13,22:15:00,22:30:00,6,,,0,3,3,0,0,0,0,0,0,0,0,0,0,0
Input_xlxs.xlsx,Input_xlxs,Moose Lodge Rd,SB,2025-06-13,22:30:00,22:45:00,7,,,0,4,3,0,0,0,0,0,0,0,0,0,0,0
Input_xlxs.xlsx,Input_xlxs,Moose Lodge Rd,SB,2025-06-13,22:45:00,23:00:00,8,,,0,7,1,0,0,0,0,0,0,0,0,0,0,0
Input_xlxs.xlsx,Input_xlxs,Moose Lodge Rd,SB,2025-06-13,23:00:00,23:15:00,4,,,0,2,2,0,0,0,0,0,0,0,0,0,0,0
Input_xlxs.xlsx,Input_xlxs,Moose Lodge Rd,SB,2025-06-13,23:15:00,23:30:00,4,,,0,2,1,0,1,0,0,0,0,0,0,0,0,0
Input_xlxs.xlsx,Input_xlxs,Moose Lodge Rd,SB,2025-06-13,23:30:00,23:45:00,6,,,0,2,1,0,3,0,0,0,0,0,0,0,0,0
Input_xlxs.xlsx,Input_xlxs,Moose Lodge Rd,SB,2025-06-13,23:45:00,00:00:00,8,,,0,5,0,0,3,0,0,0,0,0,0,0,0,0
Input_xlxs.xlsx,Input_xlxs,Moose Lodge Rd,SB,2025-06-14,00:00:00,00:15:00,4,,,0,2,1,0,1,0,0,0,0,0,0,0,0,0
Input_xlxs.xlsx,Input_xlxs,Moose Lodge Rd,SB,2025-06-14,00:15:00,00:30:00,4,,,0,3,0,0,1,0,0,0,0,0,0,0,0,0
Input_xlxs.xlsx,Input_xlxs,Moose Lodge Rd,SB,2025-06-14,00:30:00,00:45:00,4,,,0,3,1,0,0,0,0,0,0,0,0,0,0,0
Input_xlxs.xlsx,Input_xlxs,Moose Lodge Rd,SB,2025-06-14,00:45:00,01:00:00,1,,,0,0,0,0,1,0,0,0,0,0,0,0,0,0
Input_xlxs.xlsx,Input_xlxs,Moose Lodge Rd,SB,2025-06-14,01:00:00,01:15:00,1,,,0,0,0,0,0,0,0,0,1,0,0,0,0,0
Input_xlxs.xlsx,Input_xlxs,Moose Lodge Rd,SB,2025-06-14,01:15:00,01:30:00,2,,,0,2,0,0,0,0,0,0,0,0,0,0,0,0
Input_xlxs.xlsx,Input_xlxs,Moose Lodge Rd,SB,2025-06-14,01:30:00,01:45:00,1,,,0,1,0,0,0,0,0,0,0,0,0,0,0,0
Input_xlxs.xlsx,Input_xlxs,Moose Lodge Rd,SB,2025-06-14,01:45:00,02:00:00,2,,,0,0,2,0,0,0,0,0,0,0,0,0,0,0
Input_xlxs.xlsx,Input_xlxs,Moose Lodge Rd,SB,2025-06-14,02:00:00,02:15:00,0,,,0,0,0,0,0,0,0,0,0,0,0,0,0,0
Input_xlxs.xlsx,Input_xlxs,Moose Lodge Rd,SB,2025-06-14,02:15:00,02:30:00,2,,,0,0,1,0,1,0,0,0,0,0,0,0,0,0
Input_xlxs.xlsx,Input_xlxs,Moose Lodge Rd,SB,2025-06-14,02:30:00,02:45:00,2,,,0,0,0,0,2,0,0,0,0,0,0,0,0,0
Input_xlxs.xlsx,Input_xlxs,Moose Lodge Rd,SB,2025-06-14,02:45:00,03:00:00,0,,,0,0,0,0,0,0,0,0,0,0,0,0,0,0
Input_xlxs.xlsx,Input_xlxs,Moose Lodge Rd,SB,2025-06-14,03:00:00,03:15:00,1,,,0,0,1,0,0,0,0,0,0,0,0,0,0,0
Input_xlxs.xlsx,Input_xlxs,Moose Lodge Rd,SB,2025-06-14,03:15:00,03:30:00,2,,,0,2,0,0,0,0,0,0,0,0,0,0,0,0
Input_xlxs.xlsx,Input_xlxs,Moose Lodge Rd,SB,2025-06-14,03:30:00,03:45:00,1,,,0,1,0,0,0,0,0,0,0,0,0,0,0,0
Input_xlxs.xlsx,Input_xlxs,Moose Lodge Rd,SB,2025-06-14,03:45:00,04:00:00,1,,,0,0,0,0,1,0,0,0,0,0,0,0,0,0
Input_xlxs.xlsx,Input_xlxs,Moose Lodge Rd,SB,2025-06-14,04:00:00,04:15:00,0,,,0,0,0,0,0,0,0,0,0,0,0,0,0,0
Input_xlxs.xlsx,Input_xlxs,Moose Lodge Rd,SB,2025-06-14,04:15:00,04:30:00,1,,,0,1,0,0,0,0,0,0,0,0,0,0,0,0
Input_xlxs.xlsx,Input_xlxs,Moose Lodge Rd,SB,2025-06-14,04:30:00,04:45:00,2,,,0,1,0,0,1,0,0,0,0,0,0,0,0,0
Input_xlxs.xlsx,Input_xlxs,Moose Lodge Rd,SB,2025-06-14,04:45:00,05:00:00,2,,,0,0,2,0,0,0,0,0,0,0,0,0,0,0
Input_xlxs.xlsx,Input_xlxs,Moose Lodge Rd,SB,2025-06-14,05:00:00,05:15:00,3,,,0,1,0,0,1,0,0,1,0,0,0,0,0,0
Input_xlxs.xlsx,Input_xlxs,Moose Lodge Rd,SB,2025-06-14,05:15:00,05:30:00,5,,,0,3,2,0,0,0,0,0,0,0,0,0,0,0
Input_xlxs.xlsx,Input_xlxs,Moose Lodge Rd,SB,2025-06-14,05:30:00,05:45:00,4,,,0,2,1,0,1,0,0,0,0,0,0,0,0,0
Input_xlxs.xlsx,Input_xlxs,Moose Lodge Rd,SB,2025-06-14,05:45:00,06:00:00,5,,,0,2,3,0,0,0,0,0,0,0,0,0,0,0
Input_xlxs.xlsx,Input_xlxs,Moose Lodge Rd,SB,2025-06-14,06:00:00,06:15:00,4,,,0,3,1,0,0,0,0,0,0,0,0,0,0,0
Input_xlxs.xlsx,Input_xlxs,Moose Lodge Rd,SB,2025-06-14,06:15:00,06:30:00,2,,,1,0,1,0,0,0,0,0,0,0,0,0,0,0
Input_xlxs.xlsx,Input_xlxs,Moose Lodge Rd,SB,2025-06-14,06:30:00,06:45:00,9,,,0,5,3,0,0,0,0,1,0,0,0,0,0,0
Input_xlxs.xlsx,Input_xlxs,Moose Lodge Rd,SB,2025-06-14,06:45:00,07:00:00,8,,,0,3,3,0,1,0,0,1,0,0,0,0,0,0
Input_xlxs.xlsx,Input_xlxs,Moose Lodge Rd,SB,2025-06-14,07:00:00,07:15:00,8,,,0,3,3,0,1,0,0,1,0,0,0,0,0,0
Input_xlxs.xlsx,Input_xlxs,Moose Lodge Rd,SB,2025-06-14,07:15:00,07:30:00,7,,,0,4,1,0,1,0,1,0,0,0,0,0,0,0
Input_xlxs.xlsx,Input_xlxs,Moose Lodge Rd,SB,2025-06-14,07:30:00,07:45:00,17,,,0,9,3,0,5,0,0,0,0,0,0,0,0,0
Input_xlxs.xlsx,Input_xlxs,Moose Lodge Rd,SB,2025-06-14,07:45:00,08:00:00,12,,,0,5,4,0,3,0,0,0,0,0,0,0,0,0
Input_xlxs.xlsx,Input_xlxs,Moose Lodge Rd,SB,2025-06-14,08:00:00,08:15:00,10,,,0,4,2,0,2,0,0,2,0,0,0,0,0,0
Input_xlxs.xlsx,Input_xlxs,Moose Lodge Rd,SB,2025-06-14,08:15:00,08:30:00,10,,,0,7,2,0,1,0,0,0,0,0,0,0,0,0
Input_xlxs.xlsx,Input_xlxs,Moose Lodge Rd,SB,2025-06-14,08:30:00,08:45:00,16,,,0,11,2,0,3,0,0,0,0,0,0,0,0,0
Input_xlxs.xlsx,Input_xlxs,Moose Lodge Rd,SB,2025-06-14,08:45:00,09:00:00,17,,,0,10,4,0,2,0,0,1,0,0,0,0,0,0
Input_xlxs.xlsx,Input_xlxs,Moose Lodge Rd,SB,2025-06-14,09:00:00,09:15:00,17,,,0,6,5,0,4,0,0,1,1,0,0,0,0,0
Input_xlxs.xlsx,Input_xlxs,Moose Lodge Rd,SB,2025-06-14,09:15:00,09:30:00,18,,,0,7,5,0,5,0,0,1,0,0,0,0,0,0
Input_xlxs.xlsx,Input_xlxs,Moose Lodge Rd,SB,2025-06-14,09:30:00,09:45:00,12,,,0,7,4,0,1,0,0,0,0,0,0,0,0,0
Input_xlxs.xlsx,Input_xlxs,Moose Lodge Rd,SB,2025-06-14,09:45:00,10:00:00,20,,,0,10,8,1,1,0,0,0,0,0,0,0,0,0
Input_xlxs.xlsx,Input_xlxs,Moose Lodge Rd,SB,2025-06-14,10:00:00,10:15:00,22,,,0,8,8,0,6,0,0,0,0,0,0,0,0,0
Input_xlxs.xlsx,Input_xlxs,Moose Lodge Rd,SB,2025-06-14,10:15:00,10:30:00,16,,,0,7,4,1,4,0,0,0,0,0,0,0,0,0
Input_xlxs.xlsx,Input_xlxs,Moose Lodge Rd,SB,2025-06-14,10:30:00,10:45:00,24,,,0,11,8,0,5,0,0,0,0,0,0,0,0,0
Input_xlxs.xlsx,Input_xlxs,Moose Lodge Rd,SB,2025-06-14,10:45:00,11:00:00,20,,,0,8,6,0,6,0,0,0,0,0,0,0,0,0
Input_xlxs.xlsx,Input_xlxs,Moose Lodge Rd,SB,2025-06-14,11:00:00,11:15:00,25,,,0,14,8,0,3,0,0,0,0,0,0,0,0,0
Input_xlxs.xlsx,Input_xlxs,Moose Lodge Rd,SB,2025-06-14,11:15:00,11:30:00,27,,,0,12,10,0,3,0,0,0,2,0,0,0,0,0
Input_xlxs.xlsx,Input_xlxs,Moose Lodge Rd,SB,2025-06-14,11:30:00,11:45:00,27,,,0,8,12,0,7,0,0,0,0,0,0,0,0,0
Input_xlxs.xlsx,Input_xlxs,Moose Lodge Rd,SB,2025-06-14,11:45:00,12:00:00,35,,,0,16,12,0,7,0,0,0,0,0,0,0,0,0
Input_xlxs.xlsx,Input_xlxs,Moose Lodge Rd,SB,2025-06-14,12:00:00,12:15:00,25,,,0,10,11,0,3,0,0,1,0,0,0,0,0,0
Input_xlxs.xlsx,Input_xlxs,Moose Lodge Rd,SB,2025-06-14,12:15:00,12:30:00,22,,,0,14,7,0,1,0,0,0,0,0,0,0,0,0
Input_xlxs.xlsx,Input_xlxs,Moose Lodge Rd,SB,2025-06-14,12:30:00,12:45:00,23,,,0,12,8,0,3,0,0,0,0,0,0,0,0,0
Input_xlxs.xlsx,Input_xlxs,Moose Lodge Rd,SB,2025-06-14,12:45:00,13:00:00,33,,,0,20,12,0,1,0,0,0,0,0,0,0,0,0
Input_xlxs.xlsx,Input_xlxs,Moose Lodge Rd,SB,2025-06-14,13:00:00,13:15:00,32,,,0,14,12,0,6,0,0,0,0,0,0,0,0,0
Input_xlxs.xlsx,Input_xlxs,Moose Lodge Rd,SB,2025-06-14,13:15:00,13:30:00,27,,,0,10,10,0,5,0,0,2,0,0,0,0,0,0
Input_xlxs.xlsx,Input_xlxs,Moose Lodge Rd,SB,2025-06-14,13:30:00,13:45:00,19,,,0,7,8,0,3,0,0,1,0,0,0,0,0,0
Input_xlxs.xlsx,Input_xlxs,Moose Lodge Rd,SB,2025-06-14,13:45:00,14:00:00,27,,,0,13,9,0,4,0,0,1,0,0,0,0,0,0
Input_xlxs.xlsx,Input_xlxs,Moose Lodge Rd,SB,2025-06-14,14:00:00,14:15:00,31,,,0,11,13,0,5,0,0,2,0,0,0,0,0,0
Input_xlxs.xlsx,Input_xlxs,Moose Lodge Rd,SB,2025-06-14,14:15:00,14:30:00,26,,,0,14,11,0,1,0,0,0,0,0,0,0,0,0
Input_xlxs.xlsx,Input_xlxs,Moose Lodge Rd,SB,2025-06-14,14:30:00,14:45:00,39,,,0,19,13,0,6,0,0,1,0,0,0,0,0,0
Input_xlxs.xlsx,Input_xlxs,Moose Lodge Rd,SB,2025-06-14,14:45:00,15:00:00,34,,,0,19,10,0,5,0,0,0,0,0,0,0,0,0
Input_xlxs.xlsx,Input_xlxs,Moose Lodge Rd,SB,2025-06-14,15:00:00,15:15:00,28,,,0,15,8,0,5,0,0,0,0,0,0,0,0,0
Input_xlxs.xlsx,Input_xlxs,Moose Lodge Rd,SB,2025-06-14,15:15:00,15:30:00,29,,,0,16,10,0,3,0,0,0,0,0,0,0,0,0
Input_xlxs.xlsx,Input_xlxs,Moose Lodge Rd,SB,2025-06-14,15:30:00,15:45:00,19,,,0,10,7,0,2,0,0,0,0,0,0,0,0,0
Input_xlxs.xlsx,Input_xlxs,Moose Lodge Rd,SB,2025-06-14,15:45:00,16:00:00,24,,,0,15,7,0,2,0,0,0,0,0,0,0,0,0
Input_xlxs.xlsx,Input_xlxs,Moose Lodge Rd,SB,2025-06-14,16:00:00,16:15:00,25,,,0,9,12,0,3,0,0,1,0,0,0,0,0,0
Input_xlxs.xlsx,Input_xlxs,Moose Lodge Rd,SB,2025-06-14,16:15:00,16:30:00,25,,,0,12,9,0,3,0,0,1,0,0,0,0,0,0
Input_xlxs.xlsx,Input_xlxs,Moose Lodge Rd,SB,2025-06-14,16:30:00,16:45:00,20,,,0,12,6,0,2,0,0,0,0,0,0,0,0,0
Input_xlxs.xlsx,Input_xlxs,Moose Lodge Rd,SB,2025-06-14,16:45:00,17:00:00,29,,,0,18,7,0,4,0,0,0,0,0,0,0,0,0
Input_xlxs.xlsx,Input_xlxs,Moose Lodge Rd,SB,2025-06-14,17:00:00,17:15:00,27,,,0,13,12,0,2,0,0,0,0,0,0,0,0,0
Input_xlxs.xlsx,Input_xlxs,Moose Lodge Rd,SB,2025-06-14,17:15:00,17:30:00,19,,,1,9,4,0,3,0,0,2,0,0,0,0,0,0
Input_xlxs.xlsx,Input_xlxs,Moose Lodge Rd,SB,2025-06-14,17:30:00,17:45:00,27,,,0,16,6,0,5,0,0,0,0,0,0,0,0,0
Input_xlxs.xlsx,Input_xlxs,Moose Lodge Rd,SB,2025-06-14,17:45:00,18:00:00,24,,,0,14,6,0,3,0,0,0,1,0,0,0,0,0
Input_xlxs.xlsx,Input_xlxs,Moose Lodge Rd,SB,2025-06-14,18:00:00,18:15:00,23,,,0,13,5,0,5,0,0,0,0,0,0,0,0,0
Input_xlxs.xlsx,Input_xlxs,Moose Lodge Rd,SB,2025-06-14,18:15:00,18:30:00,24,,,0,16,5,0,2,0,0,1,0,0,0,0,0,0
Input_xlxs.xlsx,Input_xlxs,Moose Lodge Rd,SB,2025-06-14,18:30:00,18:45:00,19,,,0,12,6,0,1,0,0,0,0,0,0,0,0,0
Input_xlxs.xlsx,Input_xlxs,Moose Lodge Rd,SB,2025-06-14,18:45:00,19:00:00,14,,,0,8,4,0,2,0,0,0,0,0,0,0,0,0
Input_xlxs.xlsx,Input_xlxs,Moose Lodge Rd,SB,2025-06-14,19:00:00,19:15:00,14,,,0,5,5,0,4,0,0,0,0,0,0,0,0,0
Input_xlxs.xlsx,Input_xlxs,Moose Lodge Rd,SB,2025-06-14,19:15:00,19:30:00,19,,,0,11,6,0,2,0,0,0,0,0,0,0,0,0
Input_xlxs.xlsx,Input_xlxs,Moose Lodge Rd,SB,2025-06-14,19:30:00,19:45:00,22,,,2,11,5,0,3,0,0,1,0,0,0,0,0,0
Input_xlxs.xlsx,Input_xlxs,Moose Lodge Rd,SB,2025-06-14,19:45:00,20:00:00,10,,,0,6,2,0,2,0,0,0,0,0,0,0,0,0
Input_xlxs.xlsx,Input_xlxs,Moose Lodge Rd,SB,2025-06-14,20:00:00,20:15:00,18,,,0,10,7,0,1,0,0,0,0,0,0,0,0,0
Input_xlxs.xlsx,Input_xlxs,Moose Lodge Rd,SB,2025-06-14,20:15:00,20:30:00,11,,,0,1,9,0,1,0,0,0,0,0,0,0,0,0
Input_xlxs.xlsx,Input_xlxs,Moose Lodge Rd,SB,2025-06-14,20:30:00,20:45:00,13,,,0,9,3,0,1,0,0,0,0,0,0,0,0,0
Input_xlxs.xlsx,Input_xlxs,Moose Lodge Rd,SB,2025-06-14,20:45:00,21:00:00,14,,,0,8,5,0,1,0,0,0,0,0,0,0,0,0
Input_xlxs.xlsx,Input_xlxs,Moose Lodge Rd,SB,2025-06-14,21:00:00,21:15:00,11,,,0,6,4,0,1,0,0,0,0,0,0,0,0,0
Input_xlxs.xlsx,Input_xlxs,Moose Lodge Rd,SB,2025-06-14,21:15:00,21:30:00,9,,,0,3,3,0,3,0,0,0,0,0,0,0,0,0
Input_xlxs.xlsx,Input_xlxs,Moose Lodge Rd,SB,2025-06-14,21:30:00,21:45:00,13,,,1,5,4,0,3,0,0,0,0,0,0,0,0,0
Input_xlxs.xlsx,Input_xlxs,Moose Lodge Rd,SB,2025-06-14,21:45:00,22:00:00,6,,,0,3,1,0,2,0,0,0,0,0,0,0,0,0
Input_xlxs.xlsx,Input_xlxs,Moose Lodge Rd,SB,2025-06-14,22:00:00,22:15:00,9,,,0,6,3,0,0,0,0,0,0,0,0,0,0,0
Input_xlxs.xlsx,Input_xlxs,Moose Lodge Rd,SB,2025-06-14,22:15:00,22:30:00,3,,,0,1,2,0,0,0,0,0,0,0,0,0,0,0
Input_xlxs.xlsx,Input_xlxs,Moose Lodge Rd,SB,2025-06-14,22:30:00,22:45:00,9,,,0,2,5,0,2,0,0,0,0,0,0,0,0,0
Input_xlxs.xlsx,Input_xlxs,Moose Lodge Rd,SB,2025-06-14,22:45:00,23:00:00,5,,,0,3,1,0,1,0,0,0,0,0,0,0,0,0
Input_xlxs.xlsx,Input_xlxs,Moose Lodge Rd,SB,2025-06-14,23:00:00,23:15:00,6,,,0,3,2,0,1,0,0,0,0,0,0,0,0,0
Input_xlxs.xlsx,Input_xlxs,Moose Lodge Rd,SB,2025-06-14,23:15:00,23:30:00,3,,,0,0,2,0,1,0,0,0,0,0,0,0,0,0
Input_xlxs.xlsx,Input_xlxs,Moose Lodge Rd,SB,2025-06-14,23:30:00,23:45:00,3,,,0,2,0,0,1,0,0,0,0,0,0,0,0,0
Input_xlxs.xlsx,Input_xlxs,Moose Lodge Rd,SB,2025-06-14,23:45:00,00:00:00,1,,,0,1,0,0,0,0,0,0,0,0,0,0,0,0
Input_xlxs.xlsx,Input_xlxs,Moose Lodge Rd,SB,2025-06-15,00:00:00,00:15:00,3,,,0,2,1,0,0,0,0,0,0,0,0,0,0,0
Input_xlxs.xlsx,Input_xlxs,Moose Lodge Rd,SB,2025-06-15,00:15:00,00:30:00,6,,,0,3,0,0,3,0,0,0,0,0,0,0,0,0
Input_xlxs.xlsx,Input_xlxs,Moose Lodge Rd,SB,2025-06-15,00:30:00,00:45:00,4,,,0,3,0,0,1,0,0,0,0,0,0,0,0,0
Input_xlxs.xlsx,Input_xlxs,Moose Lodge Rd,SB,2025-06-15,00:45:00,01:00:00,4,,,0,2,1,0,1,0,0,0,0,0,0,0,0,0
Input_xlxs.xlsx,Input_xlxs,Moose Lodge Rd,SB,2025-06-15,01:00:00,01:15:00,1,,,0,1,0,0,0,0,0,0,0,0,0,0,0,0
Input_xlxs.xlsx,Input_xlxs,Moose Lodge Rd,SB,2025-06-15,01:15:00,01:30:00,2,,,0,1,1,0,0,0,0,0,0,0,0,0,0,0
Input_xlxs.xlsx,Input_xlxs,Moose Lodge Rd,SB,2025-06-15,01:30:00,01:45:00,3,,,0,1,1,0,1,0,0,0,0,0,0,0,0,0
Input_xlxs.xlsx,Input_xlxs,Moose Lodge Rd,SB,2025-06-15,01:45:00,02:00:00,1,,,0,1,0,0,0,0,0,0,0,0,0,0,0,0
Input_xlxs.xlsx,Input_xlxs,Moose Lodge Rd,SB,2025-06-15,02:00:00,02:15:00,1,,,0,1,0,0,0,0,0,0,0,0,0,0,0,0
Input_xlxs.xlsx,Input_xlxs,Moose Lodge Rd,SB,2025-06-15,02:15:00,02:30:00,2,,,0,1,0,0,1,0,0,0,0,0,0,0,0,0
Input_xlxs.xlsx,Input_xlxs,Moose Lodge Rd,SB,2025-06-15,02:30:00,02:45:00,3,,,0,0,1,0,2,0,0,0,0,0,0,0,0,0
Input_xlxs.xlsx,Input_xlxs,Moose Lodge Rd,SB,2025-06-15,02:45:00,03:00:00,2,,,0,2,0,0,0,0,0,0,0,0,0,0,0,0
Input_xlxs.xlsx,Input_xlxs,Moose Lodge Rd,SB,2025-06-15,03:00:00,03:15:00,0,,,0,0,0,0,0,0,0,0,0,0,0,0,0,0
Input_xlxs.xlsx,Input_xlxs,Moose Lodge Rd,SB,2025-06-15,03:15:00,03:30:00,1,,,0,0,0,0,1,0,0,0,0,0,0,0,0,0
Input_xlxs.xlsx,Input_xlxs,Moose Lodge Rd,SB,2025-06-15,03:30:00,03:45:00,1,,,0,0,1,0,0,0,0,0,0,0,0,0,0,0
Input_xlxs.xlsx,Input_xlxs,Moose Lodge Rd,SB,2025-06-15,03:45:00,04:00:00,0,,,0,0,0,0,0,0,0,0,0,0,0,0,0,0
Input_xlxs.xlsx,Input_xlxs,Moose Lodge Rd,SB,2025-06-15,04:00:00,04:15:00,0,,,0,0,0,0,0,0,0,0,0,0,0,0,0,0
Input_xlxs.xlsx,Input_xlxs,Moose Lodge Rd,SB,2025-06-15,04:15:00,04:30:00,3,,,0,2,0,0,1,0,0,0,0,0,0,0,0,0
Input_xlxs.xlsx,Input_xlxs,Moose Lodge Rd,SB,2025-06-15,04:30:00,04:45:00,1,,,0,1,0,0,0,0,0,0,0,0,0,0,0,0
Input_xlxs.xlsx,Input_xlxs,Moose Lodge Rd,SB,2025-06-15,04:45:00,05:00:00,0,,,0,0,0,0,0,0,0,0,0,0,0,0,0,0
Input_xlxs.xlsx,Input_xlxs,Moose Lodge Rd,SB,2025-06-15,05:00:00,05:15:00,0,,,0,0,0,0,0,0,0,0,0,0,0,0,0,0
Input_xlxs.xlsx,Input_xlxs,Moose Lodge Rd,SB,2025-06-15,05:15:00,05:30:00,0,,,0,0,0,0,0,0,0,0,0,0,0,0,0,0
Input_xlxs.xlsx,Input_xlxs,Moose Lodge Rd,SB,2025-06-15,05:30:00,05:45:00,0,,,0,0,0,0,0,0,0,0,0,0,0,0,0,0
Input_xlxs.xlsx,Input_xlxs,Moose Lodge Rd,SB,2025-06-15,05:45:00,06:00:00,0,,,0,0,0,0,0,0,0,0,0,0,0,0,0,0
Input_xlxs.xlsx,Input_xlxs,Moose Lodge Rd,SB,2025-06-15,06:00:00,06:15:00,2,,,0,2,0,0,0,0,0,0,0,0,0,0,0,0
Input_xlxs.xlsx,Input_xlxs,Moose Lodge Rd,SB,2025-06-15,06:15:00,06:30:00,1,,,0,1,0,0,0,0,0,0,0,0,0,0,0,0
Input_xlxs.xlsx,Input_xlxs,Moose Lodge Rd,SB,2025-06-15,06:30:00,06:45:00,2,,,0,1,1,0,0,0,0,0,0,0,0,0,0,0
Input_xlxs.xlsx,Input_xlxs,Moose Lodge Rd,SB,2025-06-15,06:45:00,07:00:00,2,,,0,1,0,0,0,0,0,1,0,0,0,0,0,0
Input_xlxs.xlsx,Input_xlxs,Moose Lodge Rd,SB,2025-06-15,07:00:00,07:15:00,5,,,0,2,1,0,2,0,0,0,0,0,0,0,0,0
Input_xlxs.xlsx,Input_xlxs,Moose Lodge Rd,SB,2025-06-15,07:15:00,07:30:00,7,,,0,2,5,0,0,0,0,0,0,0,0,0,0,0
Input_xlxs.xlsx,Input_xlxs,Moose Lodge Rd,SB,2025-06-15,07:30:00,07:45:00,2,,,0,1,1,0,0,0,0,0,0,0,0,0,0,0
Input_xlxs.xlsx,Input_xlxs,Moose Lodge Rd,SB,2025-06-15,07:45:00,08:00:00,1,,,0,0,0,0,1,0,0,0,0,0,0,0,0,0
Input_xlxs.xlsx,Input_xlxs,Moose Lodge Rd,SB,2025-06-15,08:00:00,08:15:00,3,,,0,2,1,0,0,0,0,0,0,0,0,0,0,0
Input_xlxs.xlsx,Input_xlxs,Moose Lodge Rd,SB,2025-06-15,08:15:00,08:30:00,5,,,0,2,2,0,1,0,0,0,0,0,0,0,0,0
Input_xlxs.xlsx,Input_xlxs,Moose Lodge Rd,SB,2025-06-15,08:30:00,08:45:00,8,,,0,3,3,0,2,0,0,0,0,0,0,0,0,0
Input_xlxs.xlsx,Input_xlxs,Moose Lodge Rd,SB,2025-06-15,08:45:00,09:00:00,8,,,0,7,0,0,1,0,0,0,0,0,0,0,0,0
Input_xlxs.xlsx,Input_xlxs,Moose Lodge Rd,SB,2025-06-15,09:00:00,09:15:00,11,,,0,4,5,0,2,0,0,0,0,0,0,0,0,0
Input_xlxs.xlsx,Input_xlxs,Moose Lodge Rd,SB,2025-06-15,09:15:00,09:30:00,6,,,0,3,1,0,2,0,0,0,0,0,0,0,0,0
Input_xlxs.xlsx,Input_xlxs,Moose Lodge Rd,SB,2025-06-15,09:30:00,09:45:00,14,,,0,7,4,0,3,0,0,0,0,0,0,0,0,0
Input_xlxs.xlsx,Input_xlxs,Moose Lodge Rd,SB,2025-06-15,09:45:00,10:00:00,17,,,0,5,8,0,3,0,0,1,0,0,0,0,0,0
Input_xlxs.xlsx,Input_xlxs,Moose Lodge Rd,SB,2025-06-15,10:00:00,10:15:00,14,,,0,6,5,0,3,0,0,0,0,0,0,0,0,0
Input_xlxs.xlsx,Input_xlxs,Moose Lodge Rd,SB,2025-06-15,10:15:00,10:30:00,20,,,1,11,4,0,4,0,0,0,0,0,0,0,0,0
Input_xlxs.xlsx,Input_xlxs,Moose Lodge Rd,SB,2025-06-15,10:30:00,10:45:00,20,,,0,11,5,0,4,0,0,0,0,0,0,0,0,0
Input_xlxs.xlsx,Input_xlxs,Moose Lodge Rd,SB,2025-06-15,10:45:00,11:00:00,14,,,0,10,3,0,1,0,0,0,0,0,0,0,0,0
Input_xlxs.xlsx,Input_xlxs,Moose Lodge Rd,SB,2025-06-15,11:00:00,11:15:00,14,,,1,4,4,0,5,0,0,0,0,0,0,0,0,0
Input_xlxs.xlsx,Input_xlxs,Moose Lodge Rd,SB,2025-06-15,11:15:00,11:30:00,15,,,1,7,4,0,2,0,0,1,0,0,0,0,0,0
Input_xlxs.xlsx,Input_xlxs,Moose Lodge Rd,SB,2025-06-15,11:30:00,11:45:00,19,,,0,11,5,0,3,0,0,0,0,0,0,0,0,0
Input_xlxs.xlsx,Input_xlxs,Moose Lodge Rd,SB,2025-06-15,11:45:00,12:00:00,17,,,0,9,5,0,3,0,0,0,0,0,0,0,0,0
Input_xlxs.xlsx,Input_xlxs,Moose Lodge Rd,SB,2025-06-15,12:00:00,12:15:00,20,,,0,11,4,0,3,0,0,2,0,0,0,0,0,0
Input_xlxs.xlsx,Input_xlxs,Moose Lodge Rd,SB,2025-06-15,12:15:00,12:30:00,20,,,0,12,5,0,3,0,0,0,0,0,0,0,0,0
Input_xlxs.xlsx,Input_xlxs,Moose Lodge Rd,SB,2025-06-15,12:30:00,12:45:00,17,,,0,9,4,0,4,0,0,0,0,0,0,0,0,0
Input_xlxs.xlsx,Input_xlxs,Moose Lodge Rd,SB,2025-06-15,12:45:00,13:00:00,18,,,0,10,7,0,1,0,0,0,0,0,0,0,0,0
Input_xlxs.xlsx,Input_xlxs,Moose Lodge Rd,SB,2025-06-15,13:00:00,13:15:00,24,,,0,17,4,0,3,0,0,0,0,0,0,0,0,0
Input_xlxs.xlsx,Input_xlxs,Moose Lodge Rd,SB,2025-06-15,13:15:00,13:30:00,34,,,0,14,17,0,3,0,0,0,0,0,0,0,0,0
Input_xlxs.xlsx,Input_xlxs,Moose Lodge Rd,SB,2025-06-15,13:30:00,13:45:00,16,,,0,6,6,0,4,0,0,0,0,0,0,0,0,0
Input_xlxs.xlsx,Input_xlxs,Moose Lodge Rd,SB,2025-06-15,13:45:00,14:00:00,26,,,1,9,11,0,5,0,0,0,0,0,0,0,0,0
Input_xlxs.xlsx,Input_xlxs,Moose Lodge Rd,SB,2025-06-15,14:00:00,14:15:00,29,,,0,14,10,0,5,0,0,0,0,0,0,0,0,0
Input_xlxs.xlsx,Input_xlxs,Moose Lodge Rd,SB,2025-06-15,14:15:00,14:30:00,21,,,0,5,14,0,2,0,0,0,0,0,0,0,0,0
Input_xlxs.xlsx,Input_xlxs,Moose Lodge Rd,SB,2025-06-15,14:30:00,14:45:00,30,,,0,18,9,0,3,0,0,0,0,0,0,0,0,0
Input_xlxs.xlsx,Input_xlxs,Moose Lodge Rd,SB,2025-06-15,14:45:00,15:00:00,14,,,0,6,7,0,1,0,0,0,0,0,0,0,0,0
Input_xlxs.xlsx,Input_xlxs,Moose Lodge Rd,SB,2025-06-15,15:00:00,15:15:00,27,,,0,15,7,0,5,0,0,0,0,0,0,0,0,0
Input_xlxs.xlsx,Input_xlxs,Moose Lodge Rd,SB,2025-06-15,15:15:00,15:30:00,29,,,0,13,13,0,3,0,0,0,0,0,0,0,0,0
Input_xlxs.xlsx,Input_xlxs,Moose Lodge Rd,SB,2025-06-15,15:30:00,15:45:00,18,,,0,13,2,0,3,0,0,0,0,0,0,0,0,0
Input_xlxs.xlsx,Input_xlxs,Moose Lodge Rd,SB,2025-06-15,15:45:00,16:00:00,32,,,0,18,9,0,4,0,0,1,0,0,0,0,0,0
Input_xlxs.xlsx,Input_xlxs,Moose Lodge Rd,SB,2025-06-15,16:00:00,16:15:00,22,,,0,12,7,0,2,0,0,1,0,0,0,0,0,0
Input_xlxs.xlsx,Input_xlxs,Moose Lodge Rd,SB,2025-06-15,16:15:00,16:30:00,22,,,0,15,5,0,2,0,0,0,0,0,0,0,0,0
Input_xlxs.xlsx,Input_xlxs,Moose Lodge Rd,SB,2025-06-15,16:30:00,16:45:00,13,,,0,3,6,1,2,0,0,1,0,0,0,0,0,0
Input_xlxs.xlsx,Input_xlxs,Moose Lodge Rd,SB,2025-06-15,16:45:00,17:00:00,24,,,0,10,9,0,5,0,0,0,0,0,0,0,0,0
Input_xlxs.xlsx,Input_xlxs,Moose Lodge Rd,SB,2025-06-15,17:00:00,17:15:00,20,,,0,9,9,0,1,0,0,1,0,0,0,0,0,0
Input_xlxs.xlsx,Input_xlxs,Moose Lodge Rd,SB,2025-06-15,17:15:00,17:30:00,17,,,0,9,6,0,2,0,0,0,0,0,0,0,0,0
Input_xlxs.xlsx,Input_xlxs,Moose Lodge Rd,SB,2025-06-15,17:30:00,17:45:00,11,,,0,7,2,0,2,0,0,0,0,0,0,0,0,0
Input_xlxs.xlsx,Input_xlxs,Moose Lodge Rd,SB,2025-06-15,17:45:00,18:00:00,14,,,0,6,3,0,5,0,0,0,0,0,0,0,0,0
Input_xlxs.xlsx,Input_xlxs,Moose Lodge Rd,SB,2025-06-15,18:00:00,18:15:00,20,,,1,11,4,0,4,0,0,0,0,0,0,0,0,0
Input_xlxs.xlsx,Input_xlxs,Moose Lodge Rd,SB,2025-06-15,18:15:00,18:30:00,14,,,0,10,1,0,3,0,0,0,0,0,0,0,0,0
Input_xlxs.xlsx,Input_xlxs,Moose Lodge Rd,SB,2025-06-15,18:30:00,18:45:00,21,,,0,10,8,0,3,0,0,0,0,0,0,0,0,0
Input_xlxs.xlsx,Input_xlxs,Moose Lodge Rd,SB,2025-06-15,18:45:00,19:00:00,12,,,0,8,3,0,1,0,0,0,0,0,0,0,0,0
Input_xlxs.xlsx,Input_xlxs,Moose Lodge Rd,SB,2025-06-15,19:00:00,19:15:00,18,,,0,11,4,0,3,0,0,0,0,0,0,0,0,0
Input_xlxs.xlsx,Input_xlxs,Moose Lodge Rd,SB,2025-06-15,19:15:00,19:30:00,16,,,0,9,5,0,2,0,0,0,0,0,0,0,0,0
Input_xlxs.xlsx,Input_xlxs,Moose Lodge Rd,SB,2025-06-15,19:30:00,19:45:00,20,,,0,9,9,0,1,0,0,1,0,0,0,0,0,0
Input_xlxs.xlsx,Input_xlxs,Moose Lodge Rd,SB,2025-06-15,19:45:00,20:00:00,17,,,0,4,6,0,7,0,0,0,0,0,0,0,0,0
Input_xlxs.xlsx,Input_xlxs,Moose Lodge Rd,SB,2025-06-15,20:00:00,20:15:00,9,,,0,5,3,0,1,0,0,0,0,0,0,0,0,0
Input_xlxs.xlsx,Input_xlxs,Moose Lodge Rd,SB,2025-06-15,20:15:00,20:30:00,15,,,0,6,7,0,2,0,0,0,0,0,0,0,0,0
Input_xlxs.xlsx,Input_xlxs,Moose Lodge Rd,SB,2025-06-15,20:30:00,20:45:00,11,,,0,5,3,0,3,0,0,0,0,0,0,0,0,0
Input_xlxs.xlsx,Input_xlxs,Moose Lodge Rd,SB,2025-06-15,20:45:00,21:00:00,6,,,0,3,2,0,1,0,0,0,0,0,0,0,0,0
Input_xlxs.xlsx,Input_xlxs,Moose Lodge Rd,SB,2025-06-15,21:00:00,21:15:00,8,,,0,3,5,0,0,0,0,0,0,0,0,0,0,0
Input_xlxs.xlsx,Input_xlxs,Moose Lodge Rd,SB,2025-06-15,21:15:00,21:30:00,6,,,0,4,1,0,1,0,0,0,0,0,0,0,0,0
Input_xlxs.xlsx,Input_xlxs,Moose Lodge Rd,SB,2025-06-15,21:30:00,21:45:00,7,,,0,3,3,0,1,0,0,0,0,0,0,0,0,0
Input_xlxs.xlsx,Input_xlxs,Moose Lodge Rd,SB,2025-06-15,21:45:00,22:00:00,8,,,1,3,2,0,1,0,0,1,0,0,0,0,0,0
Input_xlxs.xlsx,Input_xlxs,Moose Lodge Rd,SB,2025-06-15,22:00:00,22:15:00,5,,,0,4,1,0,0,0,0,0,0,0,0,0,0,0
Input_xlxs.xlsx,Input_xlxs,Moose Lodge Rd,SB,2025-06-15,22:15:00,22:30:00,5,,,0,1,3,0,0,1,0,0,0,0,0,0,0,0
Input_xlxs.xlsx,Input_xlxs,Moose Lodge Rd,SB,2025-06-15,22:30:00,22:45:00,5,,,0,5,0,0,0,0,0,0,0,0,0,0,0,0
Input_xlxs.xlsx,Input_xlxs,Moose Lodge Rd,SB,2025-06-15,22:45:00,23:00:00,2,,,0,2,0,0,0,0,0,0,0,0,0,0,0,0
Input_xlxs.xlsx,Input_xlxs,Moose Lodge Rd,SB,2025-06-15,23:00:00,23:15:00,3,,,0,3,0,0,0,0,0,0,0,0,0,0,0,0
Input_xlxs.xlsx,Input_xlxs,Moose Lodge Rd,SB,2025-06-15,23:15:00,23:30:00,2,,,0,1,1,0,0,0,0,0,0,0,0,0,0,0
Input_xlxs.xlsx,Input_xlxs,Moose Lodge Rd,SB,2025-06-15,23:30:00,23:45:00,3,,,0,1,2,0,0,0,0,0,0,0,0,0,0,0
Input_xlxs.xlsx,Input_xlxs,Moose Lodge Rd,SB,2025-06-15,23:45:00,00:00:00,4,,,0,3,1,0,0,0,0,0,0,0,0,0,0,0
Input_xlxs.xlsx,Input_xlxs,Moose Lodge Rd,SB,2025-06-16,00:00:00,00:15:00,3,,,0,3,0,0,0,0,0,0,0,0,0,0,0,0
Input_xlxs.xlsx,Input_xlxs,Moose Lodge Rd,SB,2025-06-16,00:15:00,00:30:00,1,,,0,1,0,0,0,0,0,0,0,0,0,0,0,0
Input_xlxs.xlsx,Input_xlxs,Moose Lodge Rd,SB,2025-06-16,00:30:00,00:45:00,3,,,0,2,1,0,0,0,0,0,0,0,0,0,0,0
Input_xlxs.xlsx,Input_xlxs,Moose Lodge Rd,SB,2025-06-16,00:45:00,01:00:00,0,,,0,0,0,0,0,0,0,0,0,0,0,0,0,0
Input_xlxs.xlsx,Input_xlxs,Moose Lodge Rd,SB,2025-06-16,01:00:00,01:15:00,3,,,0,1,1,0,1,0,0,0,0,0,0,0,0,0
Input_xlxs.xlsx,Input_xlxs,Moose Lodge Rd,SB,2025-06-16,01:15:00,01:30:00,1,,,0,1,0,0,0,0,0,0,0,0,0,0,0,0
Input_xlxs.xlsx,Input_xlxs,Moose Lodge Rd,SB,2025-06-16,01:30:00,01:45:00,0,,,0,0,0,0,0,0,0,0,0,0,0,0,0,0
Input_xlxs.xlsx,Input_xlxs,Moose Lodge Rd,SB,2025-06-16,01:45:00,02:00:00,0,,,0,0,0,0,0,0,0,0,0,0,0,0,0,0
Input_xlxs.xlsx,Input_xlxs,Moose Lodge Rd,SB,2025-06-16,02:00:00,02:15:00,2,,,0,1,1,0,0,0,0,0,0,0,0,0,0,0
Input_xlxs.xlsx,Input_xlxs,Moose Lodge Rd,SB,2025-06-16,02:15:00,02:30:00,2,,,0,0,2,0,0,0,0,0,0,0,0,0,0,0
Input_xlxs.xlsx,Input_xlxs,Moose Lodge Rd,SB,2025-06-16,02:30:00,02:45:00,3,,,0,1,0,0,2,0,0,0,0,0,0,0,0,0
Input_xlxs.xlsx,Input_xlxs,Moose Lodge Rd,SB,2025-06-16,02:45:00,03:00:00,0,,,0,0,0,0,0,0,0,0,0,0,0,0,0,0
Input_xlxs.xlsx,Input_xlxs,Moose Lodge Rd,SB,2025-06-16,03:00:00,03:15:00,1,,,0,0,0,0,1,0,0,0,0,0,0,0,0,0
Input_xlxs.xlsx,Input_xlxs,Moose Lodge Rd,SB,2025-06-16,03:15:00,03:30:00,4,,,0,2,2,0,0,0,0,0,0,0,0,0,0,0
Input_xlxs.xlsx,Input_xlxs,Moose Lodge Rd,SB,2025-06-16,03:30:00,03:45:00,0,,,0,0,0,0,0,0,0,0,0,0,0,0,0,0
Input_xlxs.xlsx,Input_xlxs,Moose Lodge Rd,SB,2025-06-16,03:45:00,04:00:00,2,,,0,1,0,0,1,0,0,0,0,0,0,0,0,0
Input_xlxs.xlsx,Input_xlxs,Moose Lodge Rd,SB,2025-06-16,04:00:00,04:15:00,3,,,0,3,0,0,0,0,0,0,0,0,0,0,0,0
Input_xlxs.xlsx,Input_xlxs,Moose Lodge Rd,SB,2025-06-16,04:15:00,04:30:00,2,,,1,1,0,0,0,0,0,0,0,0,0,0,0,0
Input_xlxs.xlsx,Input_xlxs,Moose Lodge Rd,SB,2025-06-16,04:30:00,04:45:00,3,,,0,1,0,0,2,0,0,0,0,0,0,0,0,0
Input_xlxs.xlsx,Input_xlxs,Moose Lodge Rd,SB,2025-06-16,04:45:00,05:00:00,3,,,0,1,2,0,0,0,0,0,0,0,0,0,0,0
Input_xlxs.xlsx,Input_xlxs,Moose Lodge Rd,SB,2025-06-16,05:00:00,05:15:00,3,,,0,1,2,0,0,0,0,0,0,0,0,0,0,0
Input_xlxs.xlsx,Input_xlxs,Moose Lodge Rd,SB,2025-06-16,05:15:00,05:30:00,4,,,0,2,2,0,0,0,0,0,0,0,0,0,0,0
Input_xlxs.xlsx,Input_xlxs,Moose Lodge Rd,SB,2025-06-16,05:30:00,05:45:00,4,,,0,3,0,0,1,0,0,0,0,0,0,0,0,0
Input_xlxs.xlsx,Input_xlxs,Moose Lodge Rd,SB,2025-06-16,05:45:00,06:00:00,6,,,0,2,1,1,2,0,0,0,0,0,0,0,0,0
Input_xlxs.xlsx,Input_xlxs,Moose Lodge Rd,SB,2025-06-16,06:00:00,06:15:00,7,,,1,3,2,0,1,0,0,0,0,0,0,0,0,0
Input_xlxs.xlsx,Input_xlxs,Moose Lodge Rd,SB,2025-06-16,06:15:00,06:30:00,12,,,0,3,6,0,3,0,0,0,0,0,0,0,0,0
Input_xlxs.xlsx,Input_xlxs,Moose Lodge Rd,SB,2025-06-16,06:30:00,06:45:00,17,,,0,8,5,0,2,0,0,2,0,0,0,0,0,0
Input_xlxs.xlsx,Input_xlxs,Moose Lodge Rd,SB,2025-06-16,06:45:00,07:00:00,12,,,0,3,4,1,1,0,0,3,0,0,0,0,0,0
Input_xlxs.xlsx,Input_xlxs,Moose Lodge Rd,SB,2025-06-16,07:00:00,07:15:00,17,,,0,6,4,3,2,0,0,2,0,0,0,0,0,0
Input_xlxs.xlsx,Input_xlxs,Moose Lodge Rd,SB,2025-06-16,07:15:00,07:30:00,24,,,0,10,3,0,8,0,0,3,0,0,0,0,0,0
Input_xlxs.xlsx,Input_xlxs,Moose Lodge Rd,SB,2025-06-16,07:30:00,07:45:00,22,,,0,11,8,0,3,0,0,0,0,0,0,0,0,0
Input_xlxs.xlsx,Input_xlxs,Moose Lodge Rd,SB,2025-06-16,07:45:00,08:00:00,24,,,0,9,6,0,8,0,0,0,1,0,0,0,0,0
Input_xlxs.xlsx,Input_xlxs,Moose Lodge Rd,SB,2025-06-16,08:00:00,08:15:00,15,,,0,7,3,0,3,1,0,1,0,0,0,0,0,0
Input_xlxs.xlsx,Input_xlxs,Moose Lodge Rd,SB,2025-06-16,08:15:00,08:30:00,20,,,0,7,5,1,7,0,0,0,0,0,0,0,0,0
Input_xlxs.xlsx,Input_xlxs,Moose Lodge Rd,SB,2025-06-16,08:30:00,08:45:00,14,,,0,4,4,1,2,1,0,2,0,0,0,0,0,0
Input_xlxs.xlsx,Input_xlxs,Moose Lodge Rd,SB,2025-06-16,08:45:00,09:00:00,18,,,0,8,7,0,2,0,0,1,0,0,0,0,0,0
Input_xlxs.xlsx,Input_xlxs,Moose Lodge Rd,SB,2025-06-16,09:00:00,09:15:00,20,,,0,9,6,0,5,0,0,0,0,0,0,0,0,0
Input_xlxs.xlsx,Input_xlxs,Moose Lodge Rd,SB,2025-06-16,09:15:00,09:30:00,22,,,0,11,4,0,6,0,0,1,0,0,0,0,0,0
Input_xlxs.xlsx,Input_xlxs,Moose Lodge Rd,SB,2025-06-16,09:30:00,09:45:00,13,,,0,4,2,3,3,0,0,1,0,0,0,0,0,0
Input_xlxs.xlsx,Input_xlxs,Moose Lodge Rd,SB,2025-06-16,09:45:00,10:00:00,24,,,0,10,7,1,6,0,0,0,0,0,0,0,0,0
Input_xlxs.xlsx,Input_xlxs,Moose Lodge Rd,SB,2025-06-16,10:00:00,10:15:00,20,,,0,13,4,1,2,0,0,0,0,0,0,0,0,0
Input_xlxs.xlsx,Input_xlxs,Moose Lodge Rd,SB,2025-06-16,10:15:00,10:30:00,28,,,0,10,8,2,6,2,0,0,0,0,0,0,0,0
Input_xlxs.xlsx,Input_xlxs,Moose Lodge Rd,SB,2025-06-16,10:30:00,10:45:00,17,,,0,8,5,0,3,1,0,0,0,0,0,0,0,0
Input_xlxs.xlsx,Input_xlxs,Moose Lodge Rd,SB,2025-06-16,10:45:00,11:00:00,21,,,0,8,4,1,6,0,0,2,0,0,0,0,0,0
Input_xlxs.xlsx,Input_xlxs,Moose Lodge Rd,SB,2025-06-16,11:00:00,11:15:00,18,,,0,10,4,0,4,0,0,0,0,0,0,0,0,0
Input_xlxs.xlsx,Input_xlxs,Moose Lodge Rd,SB,2025-06-16,11:15:00,11:30:00,20,,,0,9,5,0,5,0,0,1,0,0,0,0,0,0
Input_xlxs.xlsx,Input_xlxs,Moose Lodge Rd,SB,2025-06-16,11:30:00,11:45:00,21,,,0,7,8,1,5,0,0,0,0,0,0,0,0,0
Input_xlxs.xlsx,Input_xlxs,Moose Lodge Rd,SB,2025-06-16,11:45:00,12:00:00,15,,,0,4,6,0,5,0,0,0,0,0,0,0,0,0
Input_xlxs.xlsx,Input_xlxs,Moose Lodge Rd,SB,2025-06-16,12:00:00,12:15:00,25,,,0,13,4,1,5,1,0,1,0,0,0,0,0,0
Input_xlxs.xlsx,Input_xlxs,Moose Lodge Rd,SB,2025-06-16,12:15:00,12:30:00,35,,,0,20,7,2,6,0,0,0,0,0,0,0,0,0
Input_xlxs.xlsx,Input_xlxs,Moose Lodge Rd,SB,2025-06-16,12:30:00,12:45:00,28,,,0,10,11,1,5,1,0,0,0,0,0,0,0,0
Input_xlxs.xlsx,Input_xlxs,Moose Lodge Rd,SB,2025-06-16,12:45:00,13:00:00,28,,,0,11,7,2,7,0,0,0,1,0,0,0,0,0
Input_xlxs.xlsx,Input_xlxs,Moose Lodge Rd,SB,2025-06-16,13:00:00,13:15:00,18,,,0,6,7,0,4,0,0,0,1,0,0,0,0,0
Input_xlxs.xlsx,Input_xlxs,Moose Lodge Rd,SB,2025-06-16,13:15:00,13:30:00,28,,,0,11,6,1,7,2,0,1,0,0,0,0,0,0
Input_xlxs.xlsx,Input_xlxs,Moose Lodge Rd,SB,2025-06-16,13:30:00,13:45:00,28,,,0,17,5,1,4,0,0,0,1,0,0,0,0,0
Input_xlxs.xlsx,Input_xlxs,Moose Lodge Rd,SB,2025-06-16,13:45:00,14:00:00,21,,,0,6,7,0,7,0,0,1,0,0,0,0,0,0
Input_xlxs.xlsx,Input_xlxs,Moose Lodge Rd,SB,2025-06-16,14:00:00,14:15:00,27,,,0,11,9,0,7,0,0,0,0,0,0,0,0,0
Input_xlxs.xlsx,Input_xlxs,Moose Lodge Rd,SB,2025-06-16,14:15:00,14:30:00,32,,,0,11,15,0,3,1,0,2,0,0,0,0,0,0
Input_xlxs.xlsx,Input_xlxs,Moose Lodge Rd,SB,2025-06-16,14:30:00,14:45:00,39,,,0,15,14,2,5,0,0,3,0,0,0,0,0,0
Input_xlxs.xlsx,Input_xlxs,Moose Lodge Rd,SB,2025-06-16,14:45:00,15:00:00,28,,,0,13,9,1,5,0,0,0,0,0,0,0,0,0
Input_xlxs.xlsx,Input_xlxs,Moose Lodge Rd,SB,2025-06-16,15:00:00,15:15:00,27,,,0,18,4,0,3,2,0,0,0,0,0,0,0,0
Input_xlxs.xlsx,Input_xlxs,Moose Lodge Rd,SB,2025-06-16,15:15:00,15:30:00,32,,,0,16,12,0,4,0,0,0,0,0,0,0,0,0
Input_xlxs.xlsx,Input_xlxs,Moose Lodge Rd,SB,2025-06-16,15:30:00,15:45:00,31,,,0,14,6,0,9,0,0,2,0,0,0,0,0,0
Input_xlxs.xlsx,Input_xlxs,Moose Lodge Rd,SB,2025-06-16,15:45:00,16:00:00,35,,,0,17,6,1,10,0,0,0,1,0,0,0,0,0
Input_xlxs.xlsx,Input_xlxs,Moose Lodge Rd,SB,2025-06-16,16:00:00,16:15:00,44,,,0,24,13,0,7,0,0,0,0,0,0,0,0,0
Input_xlxs.xlsx,Input_xlxs,Moose Lodge Rd,SB,2025-06-16,16:15:00,16:30:00,51,,,0,24,20,1,6,0,0,0,0,0,0,0,0,0
Input_xlxs.xlsx,Input_xlxs,Moose Lodge Rd,SB,2025-06-16,16:30:00,16:45:00,53,,,0,22,20,0,7,0,0,4,0,0,0,0,0,0
Input_xlxs.xlsx,Input_xlxs,Moose Lodge Rd,SB,2025-06-16,16:45:00,17:00:00,54,,,1,20,24,0,9,0,0,0,0,0,0,0,0,0
Input_xlxs.xlsx,Input_xlxs,Moose Lodge Rd,SB,2025-06-16,17:00:00,17:15:00,49,,,0,13,26,0,9,0,0,1,0,0,0,0,0,0
Input_xlxs.xlsx,Input_xlxs,Moose Lodge Rd,SB,2025-06-16,17:15:00,17:30:00,54,,,1,28,9,0,14,1,0,0,0,0,0,1,0,0
Input_xlxs.xlsx,Input_xlxs,Moose Lodge Rd,SB,2025-06-16,17:30:00,17:45:00,40,,,0,18,13,0,9,0,0,0,0,0,0,0,0,0
Input_xlxs.xlsx,Input_xlxs,Moose Lodge Rd,SB,2025-06-16,17:45:00,18:00:00,29,,,0,15,7,0,5,0,0,2,0,0,0,0,0,0
Input_xlxs.xlsx,Input_xlxs,Moose Lodge Rd,SB,2025-06-16,18:00:00,18:15:00,21,,,0,11,4,0,5,0,0,1,0,0,0,0,0,0
Input_xlxs.xlsx,Input_xlxs,Moose Lodge Rd,SB,2025-06-16,18:15:00,18:30:00,19,,,0,10,8,0,1,0,0,0,0,0,0,0,0,0
Input_xlxs.xlsx,Input_xlxs,Moose Lodge Rd,SB,2025-06-16,18:30:00,18:45:00,16,,,0,8,6,0,2,0,0,0,0,0,0,0,0,0
Input_xlxs.xlsx,Input_xlxs,Moose Lodge Rd,SB,2025-06-16,18:45:00,19:00:00,26,,,0,10,10,0,6,0,0,0,0,0,0,0,0,0
Input_xlxs.xlsx,Input_xlxs,Moose Lodge Rd,SB,2025-06-16,19:00:00,19:15:00,17,,,0,10,3,0,3,0,0,1,0,0,0,0,0,0
Input_xlxs.xlsx,Input_xlxs,Moose Lodge Rd,SB,2025-06-16,19:15:00,19:30:00,13,,,0,8,1,0,4,0,0,0,0,0,0,0,0,0
Input_xlxs.xlsx,Input_xlxs,Moose Lodge Rd,SB,2025-06-16,19:30:00,19:45:00,19,,,0,5,11,0,2,0,0,1,0,0,0,0,0,0
Input_xlxs.xlsx,Input_xlxs,Moose Lodge Rd,SB,2025-06-16,19:45:00,20:00:00,12,,,0,5,6,0,0,0,0,1,0,0,0,0,0,0
Input_xlxs.xlsx,Input_xlxs,Moose Lodge Rd,SB,2025-06-16,20:00:00,20:15:00,17,,,0,8,6,0,3,0,0,0,0,0,0,0,0,0
Input_xlxs.xlsx,Input_xlxs,Moose Lodge Rd,SB,2025-06-16,20:15:00,20:30:00,14,,,0,7,5,0,2,0,0,0,0,0,0,0,0,0
Input_xlxs.xlsx,Input_xlxs,Moose Lodge Rd,SB,2025-06-16,20:30:00,20:45:00,8,,,0,3,4,0,1,0,0,0,0,0,0,0,0,0
Input_xlxs.xlsx,Input_xlxs,Moose Lodge Rd,SB,2025-06-16,20:45:00,21:00:00,8,,,0,5,2,0,1,0,0,0,0,0,0,0,0,0
Input_xlxs.xlsx,Input_xlxs,Moose Lodge Rd,SB,2025-06-16,21:00:00,21:15:00,12,,,0,6,3,0,3,0,0,0,0,0,0,0,0,0
Input_xlxs.xlsx,Input_xlxs,Moose Lodge Rd,SB,2025-06-16,21:15:00,21:30:00,6,,,0,5,1,0,0,0,0,0,0,0,0,0,0,0
Input_xlxs.xlsx,Input_xlxs,Moose Lodge Rd,SB,2025-06-16,21:30:00,21:45:00,3,,,0,1,1,0,1,0,0,0,0,0,0,0,0,0
Input_xlxs.xlsx,Input_xlxs,Moose Lodge Rd,SB,2025-06-16,21:45:00,22:00:00,3,,,0,1,1,0,1,0,0,0,0,0,0,0,0,0
Input_xlxs.xlsx,Input_xlxs,Moose Lodge Rd,SB,2025-06-16,22:00:00,22:15:00,6,,,0,4,1,0,1,0,0,0,0,0,0,0,0,0
Input_xlxs.xlsx,Input_xlxs,Moose Lodge Rd,SB,2025-06-16,22:15:00,22:30:00,6,,,0,4,1,0,1,0,0,0,0,0,0,0,0,0
Input_xlxs.xlsx,Input_xlxs,Moose Lodge Rd,SB,2025-06-16,22:30:00,22:45:00,3,,,0,2,1,0,0,0,0,0,0,0,0,0,0,0
Input_xlxs.xlsx,Input_xlxs,Moose Lodge Rd,SB,2025-06-16,22:45:00,23:00:00,1,,,0,0,1,0,0,0,0,0,0,0,0,0,0,0
Input_xlxs.xlsx,Input_xlxs,Moose Lodge Rd,SB,2025-06-16,23:00:00,23:15:00,0,,,0,0,0,0,0,0,0,0,0,0,0,0,0,0
Input_xlxs.xlsx,Input_xlxs,Moose Lodge Rd,SB,2025-06-16,23:15:00,23:30:00,1,,,0,1,0,0,0,0,0,0,0,0,0,0,0,0
Input_xlxs.xlsx,Input_xlxs,Moose Lodge Rd,SB,2025-06-16,23:30:00,23:45:00,6,,,0,1,3,0,2,0,0,0,0,0,0,0,0,0
Input_xlxs.xlsx,Input_xlxs,Moose Lodge Rd,SB,2025-06-16,23:45:00,00:00:00,2,,,0,2,0,0,0,0,0,0,0,0,0,0,0,0
Input_xlxs.xlsx,Input_xlxs,Moose Lodge Rd,SB,2025-06-17,00:00:00,00:15:00,2,,,0,0,1,0,1,0,0,0,0,0,0,0,0,0
Input_xlxs.xlsx,Input_xlxs,Moose Lodge Rd,SB,2025-06-17,00:15:00,00:30:00,1,,,0,1,0,0,0,0,0,0,0,0,0,0,0,0
Input_xlxs.xlsx,Input_xlxs,Moose Lodge Rd,SB,2025-06-17,00:30:00,00:45:00,3,,,0,1,1,0,1,0,0,0,0,0,0,0,0,0
Input_xlxs.xlsx,Input_xlxs,Moose Lodge Rd,SB,2025-06-17,00:45:00,01:00:00,2,,,0,2,0,0,0,0,0,0,0,0,0,0,0,0
Input_xlxs.xlsx,Input_xlxs,Moose Lodge Rd,SB,2025-06-17,01:00:00,01:15:00,2,,,0,1,0,0,1,0,0,0,0,0,0,0,0,0
Input_xlxs.xlsx,Input_xlxs,Moose Lodge Rd,SB,2025-06-17,01:15:00,01:30:00,0,,,0,0,0,0,0,0,0,0,0,0,0,0,0,0
Input_xlxs.xlsx,Input_xlxs,Moose Lodge Rd,SB,2025-06-17,01:30:00,01:45:00,1,,,0,1,0,0,0,0,0,0,0,0,0,0,0,0
Input_xlxs.xlsx,Input_xlxs,Moose Lodge Rd,SB,2025-06-17,01:45:00,02:00:00,0,,,0,0,0,0,0,0,0,0,0,0,0,0,0,0
Input_xlxs.xlsx,Input_xlxs,Moose Lodge Rd,SB,2025-06-17,02:00:00,02:15:00,2,,,0,1,1,0,0,0,0,0,0,0,0,0,0,0
Input_xlxs.xlsx,Input_xlxs,Moose Lodge Rd,SB,2025-06-17,02:15:00,02:30:00,0,,,0,0,0,0,0,0,0,0,0,0,0,0,0,0
Input_xlxs.xlsx,Input_xlxs,Moose Lodge Rd,SB,2025-06-17,02:30:00,02:45:00,3,,,0,2,0,0,1,0,0,0,0,0,0,0,0,0
Input_xlxs.xlsx,Input_xlxs,Moose Lodge Rd,SB,2025-06-17,02:45:00,03:00:00,2,,,0,1,0,0,0,0,0,0,1,0,0,0,0,0
Input_xlxs.xlsx,Input_xlxs,Moose Lodge Rd,SB,2025-06-17,03:00:00,03:15:00,1,,,0,1,0,0,0,0,0,0,0,0,0,0,0,0
Input_xlxs.xlsx,Input_xlxs,Moose Lodge Rd,SB,2025-06-17,03:15:00,03:30:00,3,,,0,0,2,0,1,0,0,0,0,0,0,0,0,0
Input_xlxs.xlsx,Input_xlxs,Moose Lodge Rd,SB,2025-06-17,03:30:00,03:45:00,3,,,0,2,0,0,1,0,0,0,0,0,0,0,0,0
Input_xlxs.xlsx,Input_xlxs,Moose Lodge Rd,SB,2025-06-17,03:45:00,04:00:00,2,,,0,1,0,0,1,0,0,0,0,0,0,0,0,0
Input_xlxs.xlsx,Input_xlxs,Moose Lodge Rd,SB,2025-06-17,04:00:00,04:15:00,1,,,0,1,0,0,0,0,0,0,0,0,0,0,0,0
Input_xlxs.xlsx,Input_xlxs,Moose Lodge Rd,SB,2025-06-17,04:15:00,04:30:00,1,,,0,0,1,0,0,0,0,0,0,0,0,0,0,0
Input_xlxs.xlsx,Input_xlxs,Moose Lodge Rd,SB,2025-06-17,04:30:00,04:45:00,3,,,0,1,1,0,1,0,0,0,0,0,0,0,0,0
Input_xlxs.xlsx,Input_xlxs,Moose Lodge Rd,SB,2025-06-17,04:45:00,05:00:00,5,,,0,2,3,0,0,0,0,0,0,0,0,0,0,0
Input_xlxs.xlsx,Input_xlxs,Moose Lodge Rd,SB,2025-06-17,05:00:00,05:15:00,4,,,0,3,0,0,1,0,0,0,0,0,0,0,0,0
Input_xlxs.xlsx,Input_xlxs,Moose Lodge Rd,SB,2025-06-17,05:15:00,05:30:00,5,,,0,3,2,0,0,0,0,0,0,0,0,0,0,0
Input_xlxs.xlsx,Input_xlxs,Moose Lodge Rd,SB,2025-06-17,05:30:00,05:45:00,6,,,0,4,0,0,2,0,0,0,0,0,0,0,0,0
Input_xlxs.xlsx,Input_xlxs,Moose Lodge Rd,SB,2025-06-17,05:45:00,06:00:00,6,,,0,3,0,0,3,0,0,0,0,0,0,0,0,0
Input_xlxs.xlsx,Input_xlxs,Moose Lodge Rd,SB,2025-06-17,06:00:00,06:15:00,14,,,0,4,5,0,4,0,0,1,0,0,0,0,0,0
Input_xlxs.xlsx,Input_xlxs,Moose Lodge Rd,SB,2025-06-17,06:15:00,06:30:00,17,,,0,4,4,0,6,0,0,2,1,0,0,0,0,0
Input_xlxs.xlsx,Input_xlxs,Moose Lodge Rd,SB,2025-06-17,06:30:00,06:45:00,14,,,0,3,8,1,1,0,0,1,0,0,0,0,0,0
Input_xlxs.xlsx,Input_xlxs,Moose Lodge Rd,SB,2025-06-17,06:45:00,07:00:00,14,,,0,6,6,0,2,0,0,0,0,0,0,0,0,0
Input_xlxs.xlsx,Input_xlxs,Moose Lodge Rd,SB,2025-06-17,07:00:00,07:15:00,17,,,0,9,5,0,2,0,0,1,0,0,0,0,0,0
Input_xlxs.xlsx,Input_xlxs,Moose Lodge Rd,SB,2025-06-17,07:15:00,07:30:00,17,,,0,5,6,2,4,0,0,0,0,0,0,0,0,0
Input_xlxs.xlsx,Input_xlxs,Moose Lodge Rd,SB,2025-06-17,07:30:00,07:45:00,18,,,0,8,6,0,4,0,0,0,0,0,0,0,0,0
Input_xlxs.xlsx,Input_xlxs,Moose Lodge Rd,SB,2025-06-17,07:45:00,08:00:00,21,,,0,9,6,1,3,0,0,2,0,0,0,0,0,0
Input_xlxs.xlsx,Input_xlxs,Moose Lodge Rd,SB,2025-06-17,08:00:00,08:15:00,14,,,0,2,7,0,5,0,0,0,0,0,0,0,0,0
Input_xlxs.xlsx,Input_xlxs,Moose Lodge Rd,SB,2025-06-17,08:15:00,08:30:00,18,,,0,7,6,1,4,0,0,0,0,0,0,0,0,0
Input_xlxs.xlsx,Input_xlxs,Moose Lodge Rd,SB,2025-06-17,08:30:00,08:45:00,14,,,0,5,7,1,1,0,0,0,0,0,0,0,0,0
Input_xlxs.xlsx,Input_xlxs,Moose Lodge Rd,SB,2025-06-17,08:45:00,09:00:00,20,,,0,12,5,0,3,0,0,0,0,0,0,0,0,0
Input_xlxs.xlsx,Input_xlxs,Moose Lodge Rd,SB,2025-06-17,09:00:00,09:15:00,22,,,0,9,5,1,5,1,0,1,0,0,0,0,0,0
Input_xlxs.xlsx,Input_xlxs,Moose Lodge Rd,SB,2025-06-17,09:15:00,09:30:00,14,,,0,10,1,0,3,0,0,0,0,0,0,0,0,0
Input_xlxs.xlsx,Input_xlxs,Moose Lodge Rd,SB,2025-06-17,09:30:00,09:45:00,24,,,0,10,7,1,5,0,0,1,0,0,0,0,0,0
Input_xlxs.xlsx,Input_xlxs,Moose Lodge Rd,SB,2025-06-17,09:45:00,10:00:00,28,,,0,10,10,0,5,0,0,3,0,0,0,0,0,0
Input_xlxs.xlsx,Input_xlxs,Moose Lodge Rd,SB,2025-06-17,10:00:00,10:15:00,18,,,0,7,6,0,3,0,0,2,0,0,0,0,0,0
Input_xlxs.xlsx,Input_xlxs,Moose Lodge Rd,SB,2025-06-17,10:15:00,10:30:00,19,,,0,7,8,1,1,1,0,0,1,0,0,0,0,0
Input_xlxs.xlsx,Input_xlxs,Moose Lodge Rd,SB,2025-06-17,10:30:00,10:45:00,13,,,0,3,8,0,1,1,0,0,0,0,0,0,0,0
Input_xlxs.xlsx,Input_xlxs,Moose Lodge Rd,SB,2025-06-17,10:45:00,11:00:00,24,,,0,11,7,0,4,1,0,1,0,0,0,0,0,0
Input_xlxs.xlsx,Input_xlxs,Moose Lodge Rd,SB,2025-06-17,11:00:00,11:15:00,23,,,1,13,4,0,5,0,0,0,0,0,0,0,0,0
Input_xlxs.xlsx,Input_xlxs,Moose Lodge Rd,SB,2025-06-17,11:15:00,11:30:00,24,,,0,14,2,2,5,0,0,0,0,0,0,0,0,1
Input_xlxs.xlsx,Input_xlxs,Moose Lodge Rd,SB,2025-06-17,11:30:00,11:45:00,15,,,0,4,5,1,5,0,0,0,0,0,0,0,0,0
Input_xlxs.xlsx,Input_xlxs,Moose Lodge Rd,SB,2025-06-17,11:45:00,12:00:00,21,,,0,11,5,1,4,0,0,0,0,0,0,0,0,0
Input_xlxs.xlsx,Input_xlxs,Moose Lodge Rd,SB,2025-06-17,12:00:00,12:15:00,21,,,0,9,7,1,4,0,0,0,0,0,0,0,0,0
Input_xlxs.xlsx,Input_xlxs,Moose Lodge Rd,SB,2025-06-17,12:15:00,12:30:00,30,,,0,9,16,1,3,0,0,1,0,0,0,0,0,0
Input_xlxs.xlsx,Input_xlxs,Moose Lodge Rd,SB,2025-06-17,12:30:00,12:45:00,31,,,0,15,10,2,2,0,0,2,0,0,0,0,0,0
Input_xlxs.xlsx,Input_xlxs,Moose Lodge Rd,SB,2025-06-17,12:45:00,13:00:00,25,,,0,12,6,0,5,0,0,1,1,0,0,0,0,0
Input_xlxs.xlsx,Input_xlxs,Moose Lodge Rd,SB,2025-06-17,13:00:00,13:15:00,22,,,0,12,7,0,3,0,0,0,0,0,0,0,0,0
Input_xlxs.xlsx,Input_xlxs,Moose Lodge Rd,SB,2025-06-17,13:15:00,13:30:00,27,,,0,14,5,0,5,1,0,0,2,0,0,0,0,0
Input_xlxs.xlsx,Input_xlxs,Moose Lodge Rd,SB,2025-06-17,13:30:00,13:45:00,25,,,0,10,6,4,5,0,0,0,0,0,0,0,0,0
Input_xlxs.xlsx,Input_xlxs,Moose Lodge Rd,SB,2025-06-17,13:45:00,14:00:00,27,,,0,11,9,0,6,0,0,1,0,0,0,0,0,0
Input_xlxs.xlsx,Input_xlxs,Moose Lodge Rd,SB,2025-06-17,14:00:00,14:15:00,28,,,0,11,8,0,7,0,0,2,0,0,0,0,0,0
Input_xlxs.xlsx,Input_xlxs,Moose Lodge Rd,SB,2025-06-17,14:15:00,14:30:00,32,,,0,22,7,0,3,0,0,0,0,0,0,0,0,0
Input_xlxs.xlsx,Input_xlxs,Moose Lodge Rd,SB,2025-06-17,14:30:00,14:45:00,29,,,0,16,8,0,4,0,0,1,0,0,0,0,0,0
Input_xlxs.xlsx,Input_xlxs,Moose Lodge Rd,SB,2025-06-17,14:45:00,15:00:00,31,,,0,16,7,1,5,0,0,2,0,0,0,0,0,0
Input_xlxs.xlsx,Input_xlxs,Moose Lodge Rd,SB,2025-06-17,15:00:00,15:15:00,51,,,0,24,11,1,10,0,0,4,1,0,0,0,0,0
Input_xlxs.xlsx,Input_xlxs,Moose Lodge Rd,SB,2025-06-17,15:15:00,15:30:00,41,,,0,22,14,1,3,0,0,1,0,0,0,0,0,0
Input_xlxs.xlsx,Input_xlxs,Moose Lodge Rd,SB,2025-06-17,15:30:00,15:45:00,58,,,0,24,22,1,10,0,0,0,1,0,0,0,0,0
Input_xlxs.xlsx,Input_xlxs,Moose Lodge Rd,SB,2025-06-17,15:45:00,16:00:00,35,,,0,17,12,0,5,0,0,1,0,0,0,0,0,0
Input_xlxs.xlsx,Input_xlxs,Moose Lodge Rd,SB,2025-06-17,16:00:00,16:15:00,51,,,0,26,12,0,13,0,0,0,0,0,0,0,0,0
Input_xlxs.xlsx,Input_xlxs,Moose Lodge Rd,SB,2025-06-17,16:15:00,16:30:00,63,,,0,29,20,0,12,0,0,2,0,0,0,0,0,0
Input_xlxs.xlsx,Input_xlxs,Moose Lodge Rd,SB,2025-06-17,16:30:00,16:45:00,46,,,0,17,18,0,10,0,0,1,0,0,0,0,0,0
Input_xlxs.xlsx,Input_xlxs,Moose Lodge Rd,SB,2025-06-17,16:45:00,17:00:00,69,,,0,29,28,0,12,0,0,0,0,0,0,0,0,0
Input_xlxs.xlsx,Input_xlxs,Moose Lodge Rd,SB,2025-06-17,17:00:00,17:15:00,46,,,0,27,10,0,8,0,0,1,0,0,0,0,0,0
Input_xlxs.xlsx,Input_xlxs,Moose Lodge Rd,SB,2025-06-17,17:15:00,17:30:00,50,,,0,21,20,0,8,0,0,0,0,0,0,1,0,0
Input_xlxs.xlsx,Input_xlxs,Moose Lodge Rd,SB,2025-06-17,17:30:00,17:45:00,43,,,0,21,10,1,9,0,0,1,1,0,0,0,0,0
Input_xlxs.xlsx,Input_xlxs,Moose Lodge Rd,SB,2025-06-17,17:45:00,18:00:00,28,,,0,14,9,0,5,0,0,0,0,0,0,0,0,0
Input_xlxs.xlsx,Input_xlxs,Moose Lodge Rd,SB,2025-06-17,18:00:00,18:15:00,25,,,0,13,9,0,2,0,0,1,0,0,0,0,0,0
Input_xlxs.xlsx,Input_xlxs,Moose Lodge Rd,SB,2025-06-17,18:15:00,18:30:00,28,,,0,17,8,0,3,0,0,0,0,0,0,0,0,0
Input_xlxs.xlsx,Input_xlxs,Moose Lodge Rd,SB,2025-06-17,18:30:00,18:45:00,28,,,0,19,7,0,2,0,0,0,0,0,0,0,0,0
Input_xlxs.xlsx,Input_xlxs,Moose Lodge Rd,SB,2025-06-17,18:45:00,19:00:00,19,,,0,7,8,0,3,0,0,1,0,0,0,0,0,0
Input_xlxs.xlsx,Input_xlxs,Moose Lodge Rd,SB,2025-06-17,19:00:00,19:15:00,20,,,0,15,5,0,0,0,0,0,0,0,0,0,0,0
Input_xlxs.xlsx,Input_xlxs,Moose Lodge Rd,SB,2025-06-17,19:15:00,19:30:00,14,,,0,7,4,0,3,0,0,0,0,0,0,0,0,0
Input_xlxs.xlsx,Input_xlxs,Moose Lodge Rd,SB,2025-06-17,19:30:00,19:45:00,21,,,0,13,5,0,3,0,0,0,0,0,0,0,0,0
Input_xlxs.xlsx,Input_xlxs,Moose Lodge Rd,SB,2025-06-17,19:45:00,20:00:00,16,,,0,12,3,0,1,0,0,0,0,0,0,0,0,0
Input_xlxs.xlsx,Input_xlxs,Moose Lodge Rd,SB,2025-06-17,20:00:00,20:15:00,14,,,0,5,5,0,3,0,1,0,0,0,0,0,0,0
Input_xlxs.xlsx,Input_xlxs,Moose Lodge Rd,SB,2025-06-17,20:15:00,20:30:00,17,,,0,10,3,0,4,0,0,0,0,0,0,0,0,0
Input_xlxs.xlsx,Input_xlxs,Moose Lodge Rd,SB,2025-06-17,20:30:00,20:45:00,17,,,0,10,5,0,2,0,0,0,0,0,0,0,0,0
Input_xlxs.xlsx,Input_xlxs,Moose Lodge Rd,SB,2025-06-17,20:45:00,21:00:00,9,,,1,5,3,0,0,0,0,0,0,0,0,0,0,0
Input_xlxs.xlsx,Input_xlxs,Moose Lodge Rd,SB,2025-06-17,21:00:00,21:15:00,6,,,0,1,5,0,0,0,0,0,0,0,0,0,0,0
Input_xlxs.xlsx,Input_xlxs,Moose Lodge Rd,SB,2025-06-17,21:15:00,21:30:00,11,,,0,4,6,0,1,0,0,0,0,0,0,0,0,0
Input_xlxs.xlsx,Input_xlxs,Moose Lodge Rd,SB,2025-06-17,21:30:00,21:45:00,7,,,0,4,3,0,0,0,0,0,0,0,0,0,0,0
Input_xlxs.xlsx,Input_xlxs,Moose Lodge Rd,SB,2025-06-17,21:45:00,22:00:00,5,,,0,4,1,0,0,0,0,0,0,0,0,0,0,0
Input_xlxs.xlsx,Input_xlxs,Moose Lodge Rd,SB,2025-06-17,22:00:00,22:15:00,5,,,0,4,1,0,0,0,0,0,0,0,0,0,0,0
Input_xlxs.xlsx,Input_xlxs,Moose Lodge Rd,SB,2025-06-17,22:15:00,22:30:00,5,,,0,1,3,0,1,0,0,0,0,0,0,0,0,0
Input_xlxs.xlsx,Input_xlxs,Moose Lodge Rd,SB,2025-06-17,22:30:00,22:45:00,7,,,0,5,2,0,0,0,0,0,0,0,0,0,0,0
Input_xlxs.xlsx,Input_xlxs,Moose Lodge Rd,SB,2025-06-17,22:45:00,23:00:00,8,,,0,4,1,0,3,0,0,0,0,0,0,0,0,0
Input_xlxs.xlsx,Input_xlxs,Moose Lodge Rd,SB,2025-06-17,23:00:00,23:15:00,3,,,0,2,1,0,0,0,0,0,0,0,0,0,0,0
Input_xlxs.xlsx,Input_xlxs,Moose Lodge Rd,SB,2025-06-17,23:15:00,23:30:00,3,,,0,2,0,0,1,0,0,0,0,0,0,0,0,0
Input_xlxs.xlsx,Input_xlxs,Moose Lodge Rd,SB,2025-06-17,23:30:00,23:45:00,5,,,0,3,1,0,1,0,0,0,0,0,0,0,0,0
Input_xlxs.xlsx,Input_xlxs,Moose Lodge Rd,SB,2025-06-17,23:45:00,00:00:00,4,,,0,0,1,0,2,0,0,0,1,0,0,0,0,0
Input_xlxs.xlsx,Input_xlxs,Moose Lodge Rd,NB,2025-06-11,00:00:00,00:15:00,0,,,0,0,0,0,0,0,0,0,0,0,0,0,0,0
Input_xlxs.xlsx,Input_xlxs,Moose Lodge Rd,NB,2025-06-11,00:15:00,00:30:00,2,,,0,1,1,0,0,0,0,0,0,0,0,0,0,0
Input_xlxs.xlsx,Input_xlxs,Moose Lodge Rd,NB,2025-06-11,00:30:00,00:45:00,2,,,0,0,1,0,1,0,0,0,0,0,0,0,0,0
Input_xlxs.xlsx,Input_xlxs,Moose Lodge Rd,NB,2025-06-11,00:45:00,01:00:00,1,,,0,0,1,0,0,0,0,0,0,0,0,0,0,0
Input_xlxs.xlsx,Input_xlxs,Moose Lodge Rd,NB,2025-06-11,01:00:00,01:15:00,2,,,0,0,2,0,0,0,0,0,0,0,0,0,0,0
Input_xlxs.xlsx,Input_xlxs,Moose Lodge Rd,NB,2025-06-11,01:15:00,01:30:00,0,,,0,0,0,0,0,0,0,0,0,0,0,0,0,0
Input_xlxs.xlsx,Input_xlxs,Moose Lodge Rd,NB,2025-06-11,01:30:00,01:45:00,1,,,0,0,1,0,0,0,0,0,0,0,0,0,0,0
Input_xlxs.xlsx,Input_xlxs,Moose Lodge Rd,NB,2025-06-11,01:45:00,02:00:00,1,,,0,0,1,0,0,0,0,0,0,0,0,0,0,0
Input_xlxs.xlsx,Input_xlxs,Moose Lodge Rd,NB,2025-06-11,02:00:00,02:15:00,1,,,0,1,0,0,0,0,0,0,0,0,0,0,0,0
Input_xlxs.xlsx,Input_xlxs,Moose Lodge Rd,NB,2025-06-11,02:15:00,02:30:00,2,,,0,1,1,0,0,0,0,0,0,0,0,0,0,0
Input_xlxs.xlsx,Input_xlxs,Moose Lodge Rd,NB,2025-06-11,02:30:00,02:45:00,4,,,0,1,0,0,1,2,0,0,0,0,0,0,0,0
Input_xlxs.xlsx,Input_xlxs,Moose Lodge Rd,NB,2025-06-11,02:45:00,03:00:00,1,,,0,0,1,0,0,0,0,0,0,0,0,0,0,0
Input_xlxs.xlsx,Input_xlxs,Moose Lodge Rd,NB,2025-06-11,03:00:00,03:15:00,3,,,0,1,1,0,0,1,0,0,0,0,0,0,0,0
Input_xlxs.xlsx,Input_xlxs,Moose Lodge Rd,NB,2025-06-11,03:15:00,03:30:00,2,,,0,1,0,0,0,1,0,0,0,0,0,0,0,0
Input_xlxs.xlsx,Input_xlxs,Moose Lodge Rd,NB,2025-06-11,03:30:00,03:45:00,2,,,0,1,0,0,1,0,0,0,0,0,0,0,0,0
Input_xlxs.xlsx,Input_xlxs,Moose Lodge Rd,NB,2025-06-11,03:45:00,04:00:00,1,,,0,0,1,0,0,0,0,0,0,0,0,0,0,0
Input_xlxs.xlsx,Input_xlxs,Moose Lodge Rd,NB,2025-06-11,04:00:00,04:15:00,4,,,0,2,1,0,1,0,0,0,0,0,0,0,0,0
Input_xlxs.xlsx,Input_xlxs,Moose Lodge Rd,NB,2025-06-11,04:15:00,04:30:00,2,,,1,0,1,0,0,0,0,0,0,0,0,0,0,0
Input_xlxs.xlsx,Input_xlxs,Moose Lodge Rd,NB,2025-06-11,04:30:00,04:45:00,3,,,0,0,1,0,2,0,0,0,0,0,0,0,0,0
Input_xlxs.xlsx,Input_xlxs,Moose Lodge Rd,NB,2025-06-11,04:45:00,05:00:00,3,,,0,2,1,0,0,0,0,0,0,0,0,0,0,0
Input_xlxs.xlsx,Input_xlxs,Moose Lodge Rd,NB,2025-06-11,05:00:00,05:15:00,4,,,0,3,0,0,1,0,0,0,0,0,0,0,0,0
Input_xlxs.xlsx,Input_xlxs,Moose Lodge Rd,NB,2025-06-11,05:15:00,05:30:00,8,,,0,4,1,1,1,1,0,0,0,0,0,0,0,0
Input_xlxs.xlsx,Input_xlxs,Moose Lodge Rd,NB,2025-06-11,05:30:00,05:45:00,15,,,0,8,4,0,2,0,0,1,0,0,0,0,0,0
Input_xlxs.xlsx,Input_xlxs,Moose Lodge Rd,NB,2025-06-11,05:45:00,06:00:00,16,,,0,5,6,0,4,1,0,0,0,0,0,0,0,0
Input_xlxs.xlsx,Input_xlxs,Moose Lodge Rd,NB,2025-06-11,06:00:00,06:15:00,32,,,1,10,12,0,9,0,0,0,0,0,0,0,0,0
Input_xlxs.xlsx,Input_xlxs,Moose Lodge Rd,NB,2025-06-11,06:15:00,06:30:00,36,,,0,16,9,1,9,1,0,0,0,0,0,0,0,0
Input_xlxs.xlsx,Input_xlxs,Moose Lodge Rd,NB,2025-06-11,06:30:00,06:45:00,30,,,0,10,10,1,7,0,0,2,0,0,0,0,0,0
Input_xlxs.xlsx,Input_xlxs,Moose Lodge Rd,NB,2025-06-11,06:45:00,07:00:00,45,,,0,18,17,1,8,0,0,1,0,0,0,0,0,0
Input_xlxs.xlsx,Input_xlxs,Moose Lodge Rd,NB,2025-06-11,07:00:00,07:15:00,44,,,1,16,14,0,12,1,0,0,0,0,0,0,0,0
Input_xlxs.xlsx,Input_xlxs,Moose Lodge Rd,NB,2025-06-11,07:15:00,07:30:00,58,,,0,31,16,1,7,1,0,2,0,0,0,0,0,0
Input_xlxs.xlsx,Input_xlxs,Moose Lodge Rd,NB,2025-06-11,07:30:00,07:45:00,85,,,1,37,28,1,15,0,0,3,0,0,0,0,0,0
Input_xlxs.xlsx,Input_xlxs,Moose Lodge Rd,NB,2025-06-11,07:45:00,08:00:00,85,,,1,36,32,1,14,0,0,0,1,0,0,0,0,0
Input_xlxs.xlsx,Input_xlxs,Moose Lodge Rd,NB,2025-06-11,08:00:00,08:15:00,40,,,0,19,15,2,4,0,0,0,0,0,0,0,0,0
Input_xlxs.xlsx,Input_xlxs,Moose Lodge Rd,NB,2025-06-11,08:15:00,08:30:00,46,,,0,23,16,0,5,0,0,1,1,0,0,0,0,0
Input_xlxs.xlsx,Input_xlxs,Moose Lodge Rd,NB,2025-06-11,08:30:00,08:45:00,40,,,0,14,16,2,6,0,0,2,0,0,0,0,0,0
Input_xlxs.xlsx,Input_xlxs,Moose Lodge Rd,NB,2025-06-11,08:45:00,09:00:00,33,,,0,17,13,1,2,0,0,0,0,0,0,0,0,0
Input_xlxs.xlsx,Input_xlxs,Moose Lodge Rd,NB,2025-06-11,09:00:00,09:15:00,32,,,0,15,7,0,8,0,0,1,1,0,0,0,0,0
Input_xlxs.xlsx,Input_xlxs,Moose Lodge Rd,NB,2025-06-11,09:15:00,09:30:00,27,,,0,15,8,0,4,0,0,0,0,0,0,0,0,0
Input_xlxs.xlsx,Input_xlxs,Moose Lodge Rd,NB,2025-06-11,09:30:00,09:45:00,38,,,0,19,11,1,6,1,0,0,0,0,0,0,0,0
Input_xlxs.xlsx,Input_xlxs,Moose Lodge Rd,NB,2025-06-11,09:45:00,10:00:00,18,,,0,7,8,0,2,1,0,0,0,0,0,0,0,0
Input_xlxs.xlsx,Input_xlxs,Moose Lodge Rd,NB,2025-06-11,10:00:00,10:15:00,35,,,0,10,9,2,11,0,0,1,2,0,0,0,0,0
Input_xlxs.xlsx,Input_xlxs,Moose Lodge Rd,NB,2025-06-11,10:15:00,10:30:00,31,,,0,14,10,1,6,0,0,0,0,0,0,0,0,0
Input_xlxs.xlsx,Input_xlxs,Moose Lodge Rd,NB,2025-06-11,10:30:00,10:45:00,32,,,0,9,11,1,8,0,0,2,1,0,0,0,0,0
Input_xlxs.xlsx,Input_xlxs,Moose Lodge Rd,NB,2025-06-11,10:45:00,11:00:00,29,,,0,14,4,1,9,0,0,0,0,0,0,0,1,0
Input_xlxs.xlsx,Input_xlxs,Moose Lodge Rd,NB,2025-06-11,11:00:00,11:15:00,24,,,0,2,8,3,9,0,0,2,0,0,0,0,0,0
Input_xlxs.xlsx,Input_xlxs,Moose Lodge Rd,NB,2025-06-11,11:15:00,11:30:00,23,,,0,10,6,1,5,0,0,1,0,0,0,0,0,0
Input_xlxs.xlsx,Input_xlxs,Moose Lodge Rd,NB,2025-06-11,11:30:00,11:45:00,35,,,0,11,16,0,6,0,0,1,1,0,0,0,0,0
Input_xlxs.xlsx,Input_xlxs,Moose Lodge Rd,NB,2025-06-11,11:45:00,12:00:00,35,,,0,12,12,1,9,0,0,1,0,0,0,0,0,0
Input_xlxs.xlsx,Input_xlxs,Moose Lodge Rd,NB,2025-06-11,12:00:00,12:15:00,33,,,0,18,9,1,4,0,0,1,0,0,0,0,0,0
Input_xlxs.xlsx,Input_xlxs,Moose Lodge Rd,NB,2025-06-11,12:15:00,12:30:00,31,,,1,12,14,0,4,0,0,0,0,0,0,0,0,0
Input_xlxs.xlsx,Input_xlxs,Moose Lodge Rd,NB,2025-06-11,12:30:00,12:45:00,24,,,0,8,8,0,5,0,0,3,0,0,0,0,0,0
Input_xlxs.xlsx,Input_xlxs,Moose Lodge Rd,NB,2025-06-11,12:45:00,13:00:00,34,,,0,17,9,0,7,0,0,1,0,0,0,0,0,0
Input_xlxs.xlsx,Input_xlxs,Moose Lodge Rd,NB,2025-06-11,13:00:00,13:15:00,31,,,1,10,11,2,5,0,0,2,0,0,0,0,0,0
Input_xlxs.xlsx,Input_xlxs,Moose Lodge Rd,NB,2025-06-11,13:15:00,13:30:00,31,,,0,9,13,0,7,1,0,0,1,0,0,0,0,0
Input_xlxs.xlsx,Input_xlxs,Moose Lodge Rd,NB,2025-06-11,13:30:00,13:45:00,42,,,1,10,20,2,9,0,0,0,0,0,0,0,0,0
Input_xlxs.xlsx,Input_xlxs,Moose Lodge Rd,NB,2025-06-11,13:45:00,14:00:00,30,,,0,15,12,0,3,0,0,0,0,0,0,0,0,0
Input_xlxs.xlsx,Input_xlxs,Moose Lodge Rd,NB,2025-06-11,14:00:00,14:15:00,27,,,0,11,10,0,4,0,0,2,0,0,0,0,0,0
Input_xlxs.xlsx,Input_xlxs,Moose Lodge Rd,NB,2025-06-11,14:15:00,14:30:00,39,,,0,17,12,2,7,0,0,1,0,0,0,0,0,0
Input_xlxs.xlsx,Input_xlxs,Moose Lodge Rd,NB,2025-06-11,14:30:00,14:45:00,24,,,0,4,13,0,4,0,0,2,1,0,0,0,0,0
Input_xlxs.xlsx,Input_xlxs,Moose Lodge Rd,NB,2025-06-11,14:45:00,15:00:00,29,,,1,6,13,1,6,0,0,2,0,0,0,0,0,0
Input_xlxs.xlsx,Input_xlxs,Moose Lodge Rd,NB,2025-06-11,15:00:00,15:15:00,34,,,3,9,12,0,9,0,0,0,1,0,0,0,0,0
Input_xlxs.xlsx,Input_xlxs,Moose Lodge Rd,NB,2025-06-11,15:15:00,15:30:00,33,,,0,13,10,0,6,1,0,3,0,0,0,0,0,0
Input_xlxs.xlsx,Input_xlxs,Moose Lodge Rd,NB,2025-06-11,15:30:00,15:45:00,37,,,0,16,12,1,6,0,0,2,0,0,0,0,0,0
Input_xlxs.xlsx,Input_xlxs,Moose Lodge Rd,NB,2025-06-11,15:45:00,16:00:00,33,,,3,11,12,1,6,0,0,0,0,0,0,0,0,0
Input_xlxs.xlsx,Input_xlxs,Moose Lodge Rd,NB,2025-06-11,16:00:00,16:15:00,37,,,0,12,12,1,9,0,0,2,1,0,0,0,0,0
Input_xlxs.xlsx,Input_xlxs,Moose Lodge Rd,NB,2025-06-11,16:15:00,16:30:00,41,,,0,16,14,0,10,0,0,1,0,0,0,0,0,0
Input_xlxs.xlsx,Input_xlxs,Moose Lodge Rd,NB,2025-06-11,16:30:00,16:45:00,35,,,0,17,10,1,5,0,0,2,0,0,0,0,0,0
Input_xlxs.xlsx,Input_xlxs,Moose Lodge Rd,NB,2025-06-11,16:45:00,17:00:00,39,,,1,20,11,0,5,0,0,1,1,0,0,0,0,0
Input_xlxs.xlsx,Input_xlxs,Moose Lodge Rd,NB,2025-06-11,17:00:00,17:15:00,28,,,0,16,6,0,4,0,0,2,0,0,0,0,0,0
Input_xlxs.xlsx,Input_xlxs,Moose Lodge Rd,NB,2025-06-11,17:15:00,17:30:00,34,,,0,11,13,0,9,0,0,1,0,0,0,0,0,0
Input_xlxs.xlsx,Input_xlxs,Moose Lodge Rd,NB,2025-06-11,17:30:00,17:45:00,37,,,0,14,17,0,4,0,0,2,0,0,0,0,0,0
Input_xlxs.xlsx,Input_xlxs,Moose Lodge Rd,NB,2025-06-11,17:45:00,18:00:00,35,,,1,18,11,0,3,0,0,2,0,0,0,0,0,0
Input_xlxs.xlsx,Input_xlxs,Moose Lodge Rd,NB,2025-06-11,18:00:00,18:15:00,36,,,0,12,17,0,7,0,0,0,0,0,0,0,0,0
Input_xlxs.xlsx,Input_xlxs,Moose Lodge Rd,NB,2025-06-11,18:15:00,18:30:00,23,,,0,9,11,0,3,0,0,0,0,0,0,0,0,0
Input_xlxs.xlsx,Input_xlxs,Moose Lodge Rd,NB,2025-06-11,18:30:00,18:45:00,20,,,0,9,7,0,3,0,0,0,1,0,0,0,0,0
Input_xlxs.xlsx,Input_xlxs,Moose Lodge Rd,NB,2025-06-11,18:45:00,19:00:00,24,,,0,13,8,0,2,0,0,1,0,0,0,0,0,0
Input_xlxs.xlsx,Input_xlxs,Moose Lodge Rd,NB,2025-06-11,19:00:00,19:15:00,21,,,3,7,7,0,3,0,0,1,0,0,0,0,0,0
Input_xlxs.xlsx,Input_xlxs,Moose Lodge Rd,NB,2025-06-11,19:15:00,19:30:00,14,,,0,10,3,0,0,0,0,1,0,0,0,0,0,0
Input_xlxs.xlsx,Input_xlxs,Moose Lodge Rd,NB,2025-06-11,19:30:00,19:45:00,20,,,2,10,5,1,2,0,0,0,0,0,0,0,0,0
Input_xlxs.xlsx,Input_xlxs,Moose Lodge Rd,NB,2025-06-11,19:45:00,20:00:00,19,,,0,9,5,0,4,0,0,1,0,0,0,0,0,0
Input_xlxs.xlsx,Input_xlxs,Moose Lodge Rd,NB,2025-06-11,20:00:00,20:15:00,23,,,1,10,6,0,6,0,0,0,0,0,0,0,0,0
Input_xlxs.xlsx,Input_xlxs,Moose Lodge Rd,NB,2025-06-11,20:15:00,20:30:00,5,,,0,3,1,0,1,0,0,0,0,0,0,0,0,0
Input_xlxs.xlsx,Input_xlxs,Moose Lodge Rd,NB,2025-06-11,20:30:00,20:45:00,12,,,0,2,6,0,2,0,0,2,0,0,0,0,0,0
Input_xlxs.xlsx,Input_xlxs,Moose Lodge Rd,NB,2025-06-11,20:45:00,21:00:00,15,,,0,8,5,0,2,0,0,0,0,0,0,0,0,0
Input_xlxs.xlsx,Input_xlxs,Moose Lodge Rd,NB,2025-06-11,21:00:00,21:15:00,10,,,1,5,4,0,0,0,0,0,0,0,0,0,0,0
Input_xlxs.xlsx,Input_xlxs,Moose Lodge Rd,NB,2025-06-11,21:15:00,21:30:00,14,,,0,6,5,0,2,0,0,1,0,0,0,0,0,0
Input_xlxs.xlsx,Input_xlxs,Moose Lodge Rd,NB,2025-06-11,21:30:00,21:45:00,6,,,0,1,5,0,0,0,0,0,0,0,0,0,0,0
Input_xlxs.xlsx,Input_xlxs,Moose Lodge Rd,NB,2025-06-11,21:45:00,22:00:00,7,,,0,4,3,0,0,0,0,0,0,0,0,0,0,0
Input_xlxs.xlsx,Input_xlxs,Moose Lodge Rd,NB,2025-06-11,22:00:00,22:15:00,12,,,0,4,5,0,3,0,0,0,0,0,0,0,0,0
Input_xlxs.xlsx,Input_xlxs,Moose Lodge Rd,NB,2025-06-11,22:15:00,22:30:00,5,,,0,1,3,0,1,0,0,0,0,0,0,0,0,0
Input_xlxs.xlsx,Input_xlxs,Moose Lodge Rd,NB,2025-06-11,22:30:00,22:45:00,6,,,0,2,3,0,1,0,0,0,0,0,0,0,0,0
Input_xlxs.xlsx,Input_xlxs,Moose Lodge Rd,NB,2025-06-11,22:45:00,23:00:00,4,,,0,4,0,0,0,0,0,0,0,0,0,0,0,0
Input_xlxs.xlsx,Input_xlxs,Moose Lodge Rd,NB,2025-06-11,23:00:00,23:15:00,4,,,0,1,2,0,1,0,0,0,0,0,0,0,0,0
Input_xlxs.xlsx,Input_xlxs,Moose Lodge Rd,NB,2025-06-11,23:15:00,23:30:00,4,,,0,3,1,0,0,0,0,0,0,0,0,0,0,0
Input_xlxs.xlsx,Input_xlxs,Moose Lodge Rd,NB,2025-06-11,23:30:00,23:45:00,1,,,0,1,0,0,0,0,0,0,0,0,0,0,0,0
Input_xlxs.xlsx,Input_xlxs,Moose Lodge Rd,NB,2025-06-11,23:45:00,00:00:00,1,,,0,0,1,0,0,0,0,0,0,0,0,0,0,0
Input_xlxs.xlsx,Input_xlxs,Moose Lodge Rd,NB,2025-06-12,00:00:00,00:15:00,1,,,0,0,1,0,0,0,0,0,0,0,0,0,0,0
Input_xlxs.xlsx,Input_xlxs,Moose Lodge Rd,NB,2025-06-12,00:15:00,00:30:00,2,,,0,1,1,0,0,0,0,0,0,0,0,0,0,0
Input_xlxs.xlsx,Input_xlxs,Moose Lodge Rd,NB,2025-06-12,00:30:00,00:45:00,0,,,0,0,0,0,0,0,0,0,0,0,0,0,0,0
Input_xlxs.xlsx,Input_xlxs,Moose Lodge Rd,NB,2025-06-12,00:45:00,01:00:00,0,,,0,0,0,0,0,0,0,0,0,0,0,0,0,0
Input_xlxs.xlsx,Input_xlxs,Moose Lodge Rd,NB,2025-06-12,01:00:00,01:15:00,2,,,0,1,1,0,0,0,0,0,0,0,0,0,0,0
Input_xlxs.xlsx,Input_xlxs,Moose Lodge Rd,NB,2025-06-12,01:15:00,01:30:00,2,,,0,1,1,0,0,0,0,0,0,0,0,0,0,0
Input_xlxs.xlsx,Input_xlxs,Moose Lodge Rd,NB,2025-06-12,01:30:00,01:45:00,2,,,0,1,0,0,0,1,0,0,0,0,0,0,0,0
Input_xlxs.xlsx,Input_xlxs,Moose Lodge Rd,NB,2025-06-12,01:45:00,02:00:00,1,,,0,0,0,0,1,0,0,0,0,0,0,0,0,0
Input_xlxs.xlsx,Input_xlxs,Moose Lodge Rd,NB,2025-06-12,02:00:00,02:15:00,0,,,0,0,0,0,0,0,0,0,0,0,0,0,0,0
Input_xlxs.xlsx,Input_xlxs,Moose Lodge Rd,NB,2025-06-12,02:15:00,02:30:00,3,,,0,1,1,0,0,1,0,0,0,0,0,0,0,0
Input_xlxs.xlsx,Input_xlxs,Moose Lodge Rd,NB,2025-06-12,02:30:00,02:45:00,0,,,0,0,0,0,0,0,0,0,0,0,0,0,0,0
Input_xlxs.xlsx,Input_xlxs,Moose Lodge Rd,NB,2025-06-12,02:45:00,03:00:00,1,,,0,0,1,0,0,0,0,0,0,0,0,0,0,0
Input_xlxs.xlsx,Input_xlxs,Moose Lodge Rd,NB,2025-06-12,03:00:00,03:15:00,0,,,0,0,0,0,0,0,0,0,0,0,0,0,0,0
Input_xlxs.xlsx,Input_xlxs,Moose Lodge Rd,NB,2025-06-12,03:15:00,03:30:00,3,,,0,1,1,0,0,1,0,0,0,0,0,0,0,0
Input_xlxs.xlsx,Input_xlxs,Moose Lodge Rd,NB,2025-06-12,03:30:00,03:45:00,3,,,0,1,0,0,1,0,0,0,1,0,0,0,0,0
Input_xlxs.xlsx,Input_xlxs,Moose Lodge Rd,NB,2025-06-12,03:45:00,04:00:00,4,,,0,1,2,0,0,1,0,0,0,0,0,0,0,0
Input_xlxs.xlsx,Input_xlxs,Moose Lodge Rd,NB,2025-06-12,04:00:00,04:15:00,2,,,0,0,1,0,1,0,0,0,0,0,0,0,0,0
Input_xlxs.xlsx,Input_xlxs,Moose Lodge Rd,NB,2025-06-12,04:15:00,04:30:00,1,,,0,1,0,0,0,0,0,0,0,0,0,0,0,0
Input_xlxs.xlsx,Input_xlxs,Moose Lodge Rd,NB,2025-06-12,04:30:00,04:45:00,4,,,0,3,0,0,1,0,0,0,0,0,0,0,0,0
Input_xlxs.xlsx,Input_xlxs,Moose Lodge Rd,NB,2025-06-12,04:45:00,05:00:00,2,,,0,0,2,0,0,0,0,0,0,0,0,0,0,0
Input_xlxs.xlsx,Input_xlxs,Moose Lodge Rd,NB,2025-06-12,05:00:00,05:15:00,9,,,0,3,4,0,2,0,0,0,0,0,0,0,0,0
Input_xlxs.xlsx,Input_xlxs,Moose Lodge Rd,NB,2025-06-12,05:15:00,05:30:00,12,,,0,7,2,0,3,0,0,0,0,0,0,0,0,0
Input_xlxs.xlsx,Input_xlxs,Moose Lodge Rd,NB,2025-06-12,05:30:00,05:45:00,24,,,0,10,5,1,4,1,0,2,1,0,0,0,0,0
Input_xlxs.xlsx,Input_xlxs,Moose Lodge Rd,NB,2025-06-12,05:45:00,06:00:00,18,,,1,7,6,1,2,0,0,1,0,0,0,0,0,0
Input_xlxs.xlsx,Input_xlxs,Moose Lodge Rd,NB,2025-06-12,06:00:00,06:15:00,27,,,1,7,6,1,12,0,0,0,0,0,0,0,0,0
Input_xlxs.xlsx,Input_xlxs,Moose Lodge Rd,NB,2025-06-12,06:15:00,06:30:00,33,,,0,10,7,0,11,1,0,2,2,0,0,0,0,0
Input_xlxs.xlsx,Input_xlxs,Moose Lodge Rd,NB,2025-06-12,06:30:00,06:45:00,29,,,0,7,16,0,6,0,0,0,0,0,0,0,0,0
Input_xlxs.xlsx,Input_xlxs,Moose Lodge Rd,NB,2025-06-12,06:45:00,07:00:00,29,,,1,12,9,0,6,0,0,0,1,0,0,0,0,0
Input_xlxs.xlsx,Input_xlxs,Moose Lodge Rd,NB,2025-06-12,07:00:00,07:15:00,48,,,1,13,18,1,12,2,0,1,0,0,0,0,0,0
Input_xlxs.xlsx,Input_xlxs,Moose Lodge Rd,NB,2025-06-12,07:15:00,07:30:00,49,,,0,20,20,1,8,0,0,0,0,0,0,0,0,0
Input_xlxs.xlsx,Input_xlxs,Moose Lodge Rd,NB,2025-06-12,07:30:00,07:45:00,76,,,1,37,26,1,10,0,0,0,1,0,0,0,0,0
Input_xlxs.xlsx,Input_xlxs,Moose Lodge Rd,NB,2025-06-12,07:45:00,08:00:00,79,,,1,41,25,0,12,0,0,0,0,0,0,0,0,0
Input_xlxs.xlsx,Input_xlxs,Moose Lodge Rd,NB,2025-06-12,08:00:00,08:15:00,40,,,1,17,12,1,8,0,0,1,0,0,0,0,0,0
Input_xlxs.xlsx,Input_xlxs,Moose Lodge Rd,NB,2025-06-12,08:15:00,08:30:00,43,,,0,16,15,0,7,0,0,4,1,0,0,0,0,0
Input_xlxs.xlsx,Input_xlxs,Moose Lodge Rd,NB,2025-06-12,08:30:00,08:45:00,29,,,0,15,10,0,4,0,0,0,0,0,0,0,0,0
Input_xlxs.xlsx,Input_xlxs,Moose Lodge Rd,NB,2025-06-12,08:45:00,09:00:00,35,,,0,10,17,0,6,1,0,1,0,0,0,0,0,0
Input_xlxs.xlsx,Input_xlxs,Moose Lodge Rd,NB,2025-06-12,09:00:00,09:15:00,22,,,0,10,10,0,1,0,0,1,0,0,0,0,0,0
Input_xlxs.xlsx,Input_xlxs,Moose Lodge Rd,NB,2025-06-12,09:15:00,09:30:00,21,,,0,9,7,0,4,0,0,1,0,0,0,0,0,0
Input_xlxs.xlsx,Input_xlxs,Moose Lodge Rd,NB,2025-06-12,09:30:00,09:45:00,32,,,0,14,10,2,6,0,0,0,0,0,0,0,0,0
Input_xlxs.xlsx,Input_xlxs,Moose Lodge Rd,NB,2025-06-12,09:45:00,10:00:00,26,,,0,14,3,0,8,0,0,1,0,0,0,0,0,0
Input_xlxs.xlsx,Input_xlxs,Moose Lodge Rd,NB,2025-06-12,10:00:00,10:15:00,26,,,0,9,11,1,3,1,1,0,0,0,0,0,0,0
Input_xlxs.xlsx,Input_xlxs,Moose Lodge Rd,NB,2025-06-12,10:15:00,10:30:00,37,,,0,14,12,1,10,0,0,0,0,0,0,0,0,0
Input_xlxs.xlsx,Input_xlxs,Moose Lodge Rd,NB,2025-06-12,10:30:00,10:45:00,35,,,0,16,7,0,12,0,0,0,0,0,0,0,0,0
Input_xlxs.xlsx,Input_xlxs,Moose Lodge Rd,NB,2025-06-12,10:45:00,11:00:00,28,,,0,12,7,0,8,0,0,0,0,1,0,0,0,0
Input_xlxs.xlsx,Input_xlxs,Moose Lodge Rd,NB,2025-06-12,11:00:00,11:15:00,21,,,0,6,11,2,2,0,0,0,0,0,0,0,0,0
Input_xlxs.xlsx,Input_xlxs,Moose Lodge Rd,NB,2025-06-12,11:15:00,11:30:00,29,,,0,13,7,1,6,0,0,1,1,0,0,0,0,0
Input_xlxs.xlsx,Input_xlxs,Moose Lodge Rd,NB,2025-06-12,11:30:00,11:45:00,36,,,0,16,12,1,5,0,0,2,0,0,0,0,0,0
Input_xlxs.xlsx,Input_xlxs,Moose Lodge Rd,NB,2025-06-12,11:45:00,12:00:00,25,,,0,14,6,0,4,0,0,0,1,0,0,0,0,0
Input_xlxs.xlsx,Input_xlxs,Moose Lodge Rd,NB,2025-06-12,12:00:00,12:15:00,30,,,0,14,7,2,6,0,0,1,0,0,0,0,0,0
Input_xlxs.xlsx,Input_xlxs,Moose Lodge Rd,NB,2025-06-12,12:15:00,12:30:00,33,,,0,16,8,0,8,0,0,1,0,0,0,0,0,0
Input_xlxs.xlsx,Input_xlxs,Moose Lodge Rd,NB,2025-06-12,12:30:00,12:45:00,26,,,0,15,6,0,3,0,0,2,0,0,0,0,0,0
Input_xlxs.xlsx,Input_xlxs,Moose Lodge Rd,NB,2025-06-12,12:45:00,13:00:00,33,,,1,18,5,1,3,0,0,4,1,0,0,0,0,0
Input_xlxs.xlsx,Input_xlxs,Moose Lodge Rd,NB,2025-06-12,13:00:00,13:15:00,34,,,0,17,8,0,6,0,0,3,0,0,0,0,0,0
Input_xlxs.xlsx,Input_xlxs,Moose Lodge Rd,NB,2025-06-12,13:15:00,13:30:00,27,,,0,13,8,0,4,0,0,2,0,0,0,0,0,0
Input_xlxs.xlsx,Input_xlxs,Moose Lodge Rd,NB,2025-06-12,13:30:00,13:45:00,26,,,0,9,9,0,7,0,0,0,1,0,0,0,0,0
Input_xlxs.xlsx,Input_xlxs,Moose Lodge Rd,NB,2025-06-12,13:45:00,14:00:00,23,,,0,11,6,0,5,0,0,0,1,0,0,0,0,0
Input_xlxs.xlsx,Input_xlxs,Moose Lodge Rd,NB,2025-06-12,14:00:00,14:15:00,22,,,0,8,10,1,3,0,0,0,0,0,0,0,0,0
Input_xlxs.xlsx,Input_xlxs,Moose Lodge Rd,NB,2025-06-12,14:15:00,14:30:00,24,,,0,7,13,0,2,0,0,2,0,0,0,0,0,0
Input_xlxs.xlsx,Input_xlxs,Moose Lodge Rd,NB,2025-06-12,14:30:00,14:45:00,28,,,0,16,8,0,4,0,0,0,0,0,0,0,0,0
Input_xlxs.xlsx,Input_xlxs,Moose Lodge Rd,NB,2025-06-12,14:45:00,15:00:00,32,,,2,11,10,2,5,0,0,2,0,0,0,0,0,0
Input_xlxs.xlsx,Input_xlxs,Moose Lodge Rd,NB,2025-06-12,15:00:00,15:15:00,32,,,0,12,18,1,1,0,0,0,0,0,0,0,0,0
Input_xlxs.xlsx,Input_xlxs,Moose Lodge Rd,NB,2025-06-12,15:15:00,15:30:00,30,,,0,8,8,1,8,0,0,2,3,0,0,0,0,0
Input_xlxs.xlsx,Input_xlxs,Moose Lodge Rd,NB,2025-06-12,15:30:00,15:45:00,31,,,0,14,11,0,5,0,0,0,1,0,0,0,0,0
Input_xlxs.xlsx,Input_xlxs,Moose Lodge Rd,NB,2025-06-12,15:45:00,16:00:00,32,,,1,15,9,0,5,0,0,1,1,0,0,0,0,0
Input_xlxs.xlsx,Input_xlxs,Moose Lodge Rd,NB,2025-06-12,16:00:00,16:15:00,27,,,0,15,8,0,3,0,0,0,0,0,0,0,0,1
Input_xlxs.xlsx,Input_xlxs,Moose Lodge Rd,NB,2025-06-12,16:15:00,16:30:00,37,,,1,16,9,0,8,0,0,3,0,0,0,0,0,0
Input_xlxs.xlsx,Input_xlxs,Moose Lodge Rd,NB,2025-06-12,16:30:00,16:45:00,27,,,0,11,11,1,4,0,0,0,0,0,0,0,0,0
Input_xlxs.xlsx,Input_xlxs,Moose Lodge Rd,NB,2025-06-12,16:45:00,17:00:00,36,,,0,17,10,0,9,0,0,0,0,0,0,0,0,0
Input_xlxs.xlsx,Input_xlxs,Moose Lodge Rd,NB,2025-06-12,17:00:00,17:15:00,34,,,0,14,13,0,6,0,0,1,0,0,0,0,0,0
Input_xlxs.xlsx,Input_xlxs,Moose Lodge Rd,NB,2025-06-12,17:15:00,17:30:00,42,,,0,20,12,0,9,0,0,1,0,0,0,0,0,0
Input_xlxs.xlsx,Input_xlxs,Moose Lodge Rd,NB,2025-06-12,17:30:00,17:45:00,40,,,0,19,14,0,5,0,0,0,2,0,0,0,0,0
Input_xlxs.xlsx,Input_xlxs,Moose Lodge Rd,NB,2025-06-12,17:45:00,18:00:00,29,,,0,16,5,0,8,0,0,0,0,0,0,0,0,0
Input_xlxs.xlsx,Input_xlxs,Moose Lodge Rd,NB,2025-06-12,18:00:00,18:15:00,27,,,0,13,9,0,4,0,0,1,0,0,0,0,0,0
Input_xlxs.xlsx,Input_xlxs,Moose Lodge Rd,NB,2025-06-12,18:15:00,18:30:00,29,,,2,10,10,0,4,0,0,1,1,0,0,0,0,1
Input_xlxs.xlsx,Input_xlxs,Moose Lodge Rd,NB,2025-06-12,18:30:00,18:45:00,22,,,0,13,7,1,1,0,0,0,0,0,0,0,0,0
Input_xlxs.xlsx,Input_xlxs,Moose Lodge Rd,NB,2025-06-12,18:45:00,19:00:00,32,,,0,15,9,0,5,0,0,3,0,0,0,0,0,0
Input_xlxs.xlsx,Input_xlxs,Moose Lodge Rd,NB,2025-06-12,19:00:00,19:15:00,16,,,0,6,9,1,0,0,0,0,0,0,0,0,0,0
Input_xlxs.xlsx,Input_xlxs,Moose Lodge Rd,NB,2025-06-12,19:15:00,19:30:00,19,,,0,9,5,0,4,0,0,1,0,0,0,0,0,0
Input_xlxs.xlsx,Input_xlxs,Moose Lodge Rd,NB,2025-06-12,19:30:00,19:45:00,23,,,1,12,5,0,3,0,0,2,0,0,0,0,0,0
Input_xlxs.xlsx,Input_xlxs,Moose Lodge Rd,NB,2025-06-12,19:45:00,20:00:00,17,,,0,5,10,0,2,0,0,0,0,0,0,0,0,0
Input_xlxs.xlsx,Input_xlxs,Moose Lodge Rd,NB,2025-06-12,20:00:00,20:15:00,11,,,0,6,3,0,2,0,0,0,0,0,0,0,0,0
Input_xlxs.xlsx,Input_xlxs,Moose Lodge Rd,NB,2025-06-12,20:15:00,20:30:00,12,,,0,7,3,0,2,0,0,0,0,0,0,0,0,0
Input_xlxs.xlsx,Input_xlxs,Moose Lodge Rd,NB,2025-06-12,20:30:00,20:45:00,11,,,1,4,4,0,2,0,0,0,0,0,0,0,0,0
Input_xlxs.xlsx,Input_xlxs,Moose Lodge Rd,NB,2025-06-12,20:45:00,21:00:00,9,,,0,4,3,0,2,0,0,0,0,0,0,0,0,0
Input_xlxs.xlsx,Input_xlxs,Moose Lodge Rd,NB,2025-06-12,21:00:00,21:15:00,15,,,0,8,6,0,1,0,0,0,0,0,0,0,0,0
Input_xlxs.xlsx,Input_xlxs,Moose Lodge Rd,NB,2025-06-12,21:15:00,21:30:00,20,,,0,5,10,0,3,0,0,2,0,0,0,0,0,0
Input_xlxs.xlsx,Input_xlxs,Moose Lodge Rd,NB,2025-06-12,21:30:00,21:45:00,6,,,0,3,2,1,0,0,0,0,0,0,0,0,0,0
Input_xlxs.xlsx,Input_xlxs,Moose Lodge Rd,NB,2025-06-12,21:45:00,22:00:00,9,,,0,5,4,0,0,0,0,0,0,0,0,0,0,0
Input_xlxs.xlsx,Input_xlxs,Moose Lodge Rd,NB,2025-06-12,22:00:00,22:15:00,3,,,0,1,2,0,0,0,0,0,0,0,0,0,0,0
Input_xlxs.xlsx,Input_xlxs,Moose Lodge Rd,NB,2025-06-12,22:15:00,22:30:00,6,,,0,0,5,0,1,0,0,0,0,0,0,0,0,0
Input_xlxs.xlsx,Input_xlxs,Moose Lodge Rd,NB,2025-06-12,22:30:00,22:45:00,9,,,0,2,4,0,2,0,0,1,0,0,0,0,0,0
Input_xlxs.xlsx,Input_xlxs,Moose Lodge Rd,NB,2025-06-12,22:45:00,23:00:00,7,,,1,2,2,0,2,0,0,0,0,0,0,0,0,0
Input_xlxs.xlsx,Input_xlxs,Moose Lodge Rd,NB,2025-06-12,23:00:00,23:15:00,4,,,0,0,1,0,3,0,0,0,0,0,0,0,0,0
Input_xlxs.xlsx,Input_xlxs,Moose Lodge Rd,NB,2025-06-12,23:15:00,23:30:00,3,,,0,0,3,0,0,0,0,0,0,0,0,0,0,0
Input_xlxs.xlsx,Input_xlxs,Moose Lodge Rd,NB,2025-06-12,23:30:00,23:45:00,1,,,0,0,0,0,1,0,0,0,0,0,0,0,0,0
Input_xlxs.xlsx,Input_xlxs,Moose Lodge Rd,NB,2025-06-12,23:45:00,00:00:00,2,,,0,0,1,0,1,0,0,0,0,0,0,0,0,0
Input_xlxs.xlsx,Input_xlxs,Moose Lodge Rd,NB,2025-06-13,00:00:00,00:15:00,2,,,0,1,0,0,1,0,0,0,0,0,0,0,0,0
Input_xlxs.xlsx,Input_xlxs,Moose Lodge Rd,NB,2025-06-13,00:15:00,00:30:00,2,,,0,1,1,0,0,0,0,0,0,0,0,0,0,0
Input_xlxs.xlsx,Input_xlxs,Moose Lodge Rd,NB,2025-06-13,00:30:00,00:45:00,0,,,0,0,0,0,0,0,0,0,0,0,0,0,0,0
Input_xlxs.xlsx,Input_xlxs,Moose Lodge Rd,NB,2025-06-13,00:45:00,01:00:00,2,,,0,1,0,0,1,0,0,0,0,0,0,0,0,0
Input_xlxs.xlsx,Input_xlxs,Moose Lodge Rd,NB,2025-06-13,01:00:00,01:15:00,1,,,0,1,0,0,0,0,0,0,0,0,0,0,0,0
Input_xlxs.xlsx,Input_xlxs,Moose Lodge Rd,NB,2025-06-13,01:15:00,01:30:00,0,,,0,0,0,0,0,0,0,0,0,0,0,0,0,0
Input_xlxs.xlsx,Input_xlxs,Moose Lodge Rd,NB,2025-06-13,01:30:00,01:45:00,0,,,0,0,0,0,0,0,0,0,0,0,0,0,0,0
Input_xlxs.xlsx,Input_xlxs,Moose Lodge Rd,NB,2025-06-13,01:45:00,02:00:00,1,,,0,0,1,0,0,0,0,0,0,0,0,0,0,0
Input_xlxs.xlsx,Input_xlxs,Moose Lodge Rd,NB,2025-06-13,02:00:00,02:15:00,3,,,0,1,2,0,0,0,0,0,0,0,0,0,0,0
Input_xlxs.xlsx,Input_xlxs,Moose Lodge Rd,NB,2025-06-13,02:15:00,02:30:00,2,,,0,0,1,0,0,0,0,0,1,0,0,0,0,0
Input_xlxs.xlsx,Input_xlxs,Moose Lodge Rd,NB,2025-06-13,02:30:00,02:45:00,0,,,0,0,0,0,0,0,0,0,0,0,0,0,0,0
Input_xlxs.xlsx,Input_xlxs,Moose Lodge Rd,NB,2025-06-13,02:45:00,03:00:00,1,,,0,0,1,0,0,0,0,0,0,0,0,0,0,0
Input_xlxs.xlsx,Input_xlxs,Moose Lodge Rd,NB,2025-06-13,03:00:00,03:15:00,1,,,0,1,0,0,0,0,0,0,0,0,0,0,0,0
Input_xlxs.xlsx,Input_xlxs,Moose Lodge Rd,NB,2025-06-13,03:15:00,03:30:00,1,,,0,0,1,0,0,0,0,0,0,0,0,0,0,0
Input_xlxs.xlsx,Input_xlxs,Moose Lodge Rd,NB,2025-06-13,03:30:00,03:45:00,2,,,0,1,1,0,0,0,0,0,0,0,0,0,0,0
Input_xlxs.xlsx,Input_xlxs,Moose Lodge Rd,NB,2025-06-13,03:45:00,04:00:00,4,,,0,0,3,0,0,1,0,0,0,0,0,0,0,0
Input_xlxs.xlsx,Input_xlxs,Moose Lodge Rd,NB,2025-06-13,04:00:00,04:15:00,2,,,0,1,0,0,1,0,0,0,0,0,0,0,0,0
Input_xlxs.xlsx,Input_xlxs,Moose Lodge Rd,NB,2025-06-13,04:15:00,04:30:00,4,,,0,1,1,0,2,0,0,0,0,0,0,0,0,0
Input_xlxs.xlsx,Input_xlxs,Moose Lodge Rd,NB,2025-06-13,04:30:00,04:45:00,2,,,0,1,0,0,1,0,0,0,0,0,0,0,0,0
Input_xlxs.xlsx,Input_xlxs,Moose Lodge Rd,NB,2025-06-13,04:45:00,05:00:00,2,,,0,2,0,0,0,0,0,0,0,0,0,0,0,0
Input_xlxs.xlsx,Input_xlxs,Moose Lodge Rd,NB,2025-06-13,05:00:00,05:15:00,6,,,0,3,1,1,1,0,0,0,0,0,0,0,0,0
Input_xlxs.xlsx,Input_xlxs,Moose Lodge Rd,NB,2025-06-13,05:15:00,05:30:00,4,,,0,4,0,0,0,0,0,0,0,0,0,0,0,0
Input_xlxs.xlsx,Input_xlxs,Moose Lodge Rd,NB,2025-06-13,05:30:00,05:45:00,15,,,0,5,5,0,4,0,0,1,0,0,0,0,0,0
Input_xlxs.xlsx,Input_xlxs,Moose Lodge Rd,NB,2025-06-13,05:45:00,06:00:00,14,,,0,7,3,0,4,0,0,0,0,0,0,0,0,0
Input_xlxs.xlsx,Input_xlxs,Moose Lodge Rd,NB,2025-06-13,06:00:00,06:15:00,23,,,0,8,8,0,7,0,0,0,0,0,0,0,0,0
Input_xlxs.xlsx,Input_xlxs,Moose Lodge Rd,NB,2025-06-13,06:15:00,06:30:00,24,,,0,11,5,0,8,0,0,0,0,0,0,0,0,0
Input_xlxs.xlsx,Input_xlxs,Moose Lodge Rd,NB,2025-06-13,06:30:00,06:45:00,32,,,0,13,12,0,7,0,0,0,0,0,0,0,0,0
Input_xlxs.xlsx,Input_xlxs,Moose Lodge Rd,NB,2025-06-13,06:45:00,07:00:00,30,,,0,11,7,0,11,0,0,1,0,0,0,0,0,0
Input_xlxs.xlsx,Input_xlxs,Moose Lodge Rd,NB,2025-06-13,07:00:00,07:15:00,33,,,0,13,10,0,9,1,0,0,0,0,0,0,0,0
Input_xlxs.xlsx,Input_xlxs,Moose Lodge Rd,NB,2025-06-13,07:15:00,07:30:00,57,,,0,22,23,0,8,0,1,3,0,0,0,0,0,0
Input_xlxs.xlsx,Input_xlxs,Moose Lodge Rd,NB,2025-06-13,07:30:00,07:45:00,76,,,0,41,19,1,10,0,0,5,0,0,0,0,0,0
Input_xlxs.xlsx,Input_xlxs,Moose Lodge Rd,NB,2025-06-13,07:45:00,08:00:00,63,,,0,26,23,4,10,0,0,0,0,0,0,0,0,0
Input_xlxs.xlsx,Input_xlxs,Moose Lodge Rd,NB,2025-06-13,08:00:00,08:15:00,40,,,0,16,14,1,9,0,0,0,0,0,0,0,0,0
Input_xlxs.xlsx,Input_xlxs,Moose Lodge Rd,NB,2025-06-13,08:15:00,08:30:00,35,,,0,17,12,0,4,0,0,2,0,0,0,0,0,0
Input_xlxs.xlsx,Input_xlxs,Moose Lodge Rd,NB,2025-06-13,08:30:00,08:45:00,40,,,0,17,17,0,3,0,0,3,0,0,0,0,0,0
Input_xlxs.xlsx,Input_xlxs,Moose Lodge Rd,NB,2025-06-13,08:45:00,09:00:00,37,,,0,16,11,2,6,0,0,2,0,0,0,0,0,0
Input_xlxs.xlsx,Input_xlxs,Moose Lodge Rd,NB,2025-06-13,09:00:00,09:15:00,29,,,0,8,11,0,9,0,0,1,0,0,0,0,0,0
Input_xlxs.xlsx,Input_xlxs,Moose Lodge Rd,NB,2025-06-13,09:15:00,09:30:00,32,,,0,12,11,2,7,0,0,0,0,0,0,0,0,0
Input_xlxs.xlsx,Input_xlxs,Moose Lodge Rd,NB,2025-06-13,09:30:00,09:45:00,40,,,0,16,12,2,10,0,0,0,0,0,0,0,0,0
Input_xlxs.xlsx,Input_xlxs,Moose Lodge Rd,NB,2025-06-13,09:45:00,10:00:00,37,,,0,11,15,2,5,0,0,3,1,0,0,0,0,0
Input_xlxs.xlsx,Input_xlxs,Moose Lodge Rd,NB,2025-06-13,10:00:00,10:15:00,34,,,0,9,14,0,8,2,0,0,1,0,0,0,0,0
Input_xlxs.xlsx,Input_xlxs,Moose Lodge Rd,NB,2025-06-13,10:15:00,10:30:00,33,,,0,14,9,0,9,0,0,1,0,0,0,0,0,0
Input_xlxs.xlsx,Input_xlxs,Moose Lodge Rd,NB,2025-06-13,10:30:00,10:45:00,31,,,0,15,9,2,5,0,0,0,0,0,0,0,0,0
Input_xlxs.xlsx,Input_xlxs,Moose Lodge Rd,NB,2025-06-13,10:45:00,11:00:00,36,,,0,12,13,1,8,0,0,1,1,0,0,0,0,0
Input_xlxs.xlsx,Input_xlxs,Moose Lodge Rd,NB,2025-06-13,11:00:00,11:15:00,30,,,0,14,9,1,5,0,0,1,0,0,0,0,0,0
Input_xlxs.xlsx,Input_xlxs,Moose Lodge Rd,NB,2025-06-13,11:15:00,11:30:00,35,,,0,14,15,0,5,0,0,1,0,0,0,0,0,0
Input_xlxs.xlsx,Input_xlxs,Moose Lodge Rd,NB,2025-06-13,11:30:00,11:45:00,44,,,0,26,6,3,6,1,0,1,1,0,0,0,0,0
Input_xlxs.xlsx,Input_xlxs,Moose Lodge Rd,NB,2025-06-13,11:45:00,12:00:00,44,,,0,23,9,2,8,1,0,0,1,0,0,0,0,0
Input_xlxs.xlsx,Input_xlxs,Moose Lodge Rd,NB,2025-06-13,12:00:00,12:15:00,28,,,0,12,15,0,1,0,0,0,0,0,0,0,0,0
Input_xlxs.xlsx,Input_xlxs,Moose Lodge Rd,NB,2025-06-13,12:15:00,12:30:00,44,,,0,22,10,2,9,0,0,0,1,0,0,0,0,0
Input_xlxs.xlsx,Input_xlxs,Moose Lodge Rd,NB,2025-06-13,12:30:00,12:45:00,30,,,0,13,8,0,8,0,0,1,0,0,0,0,0,0
Input_xlxs.xlsx,Input_xlxs,Moose Lodge Rd,NB,2025-06-13,12:45:00,13:00:00,32,,,0,8,12,1,9,0,0,2,0,0,0,0,0,0
Input_xlxs.xlsx,Input_xlxs,Moose Lodge Rd,NB,2025-06-13,13:00:00,13:15:00,35,,,0,15,11,0,6,1,0,1,1,0,0,0,0,0
Input_xlxs.xlsx,Input_xlxs,Moose Lodge Rd,NB,2025-06-13,13:15:00,13:30:00,38,,,0,15,17,0,4,0,0,2,0,0,0,0,0,0
Input_xlxs.xlsx,Input_xlxs,Moose Lodge Rd,NB,2025-06-13,13:30:00,13:45:00,32,,,0,15,10,0,6,0,0,1,0,0,0,0,0,0
Input_xlxs.xlsx,Input_xlxs,Moose Lodge Rd,NB,2025-06-13,13:45:00,14:00:00,45,,,0,19,10,1,10,1,0,4,0,0,0,0,0,0
Input_xlxs.xlsx,Input_xlxs,Moose Lodge Rd,NB,2025-06-13,14:00:00,14:15:00,29,,,0,16,8,1,4,0,0,0,0,0,0,0,0,0
Input_xlxs.xlsx,Input_xlxs,Moose Lodge Rd,NB,2025-06-13,14:15:00,14:30:00,36,,,0,13,11,2,9,0,0,1,0,0,0,0,0,0
Input_xlxs.xlsx,Input_xlxs,Moose Lodge Rd,NB,2025-06-13,14:30:00,14:45:00,31,,,0,13,7,1,7,0,0,2,1,0,0,0,0,0
Input_xlxs.xlsx,Input_xlxs,Moose Lodge Rd,NB,2025-06-13,14:45:00,15:00:00,44,,,1,21,10,0,9,0,0,2,1,0,0,0,0,0
Input_xlxs.xlsx,Input_xlxs,Moose Lodge Rd,NB,2025-06-13,15:00:00,15:15:00,32,,,0,14,11,0,6,0,0,1,0,0,0,0,0,0
Input_xlxs.xlsx,Input_xlxs,Moose Lodge Rd,NB,2025-06-13,15:15:00,15:30:00,38,,,0,11,13,1,10,0,0,2,1,0,0,0,0,0
Input_xlxs.xlsx,Input_xlxs,Moose Lodge Rd,NB,2025-06-13,15:30:00,15:45:00,34,,,0,19,10,0,5,0,0,0,0,0,0,0,0,0
Input_xlxs.xlsx,Input_xlxs,Moose Lodge Rd,NB,2025-06-13,15:45:00,16:00:00,29,,,1,13,3,0,8,0,0,3,1,0,0,0,0,0
Input_xlxs.xlsx,Input_xlxs,Moose Lodge Rd,NB,2025-06-13,16:00:00,16:15:00,39,,,0,16,12,1,6,0,0,4,0,0,0,0,0,0
Input_xlxs.xlsx,Input_xlxs,Moose Lodge Rd,NB,2025-06-13,16:15:00,16:30:00,33,,,0,13,13,0,5,0,0,2,0,0,0,0,0,0
Input_xlxs.xlsx,Input_xlxs,Moose Lodge Rd,NB,2025-06-13,16:30:00,16:45:00,29,,,0,13,7,0,5,0,0,4,0,0,0,0,0,0
Input_xlxs.xlsx,Input_xlxs,Moose Lodge Rd,NB,2025-06-13,16:45:00,17:00:00,59,,,2,29,12,0,12,0,0,4,0,0,0,0,0,0
Input_xlxs.xlsx,Input_xlxs,Moose Lodge Rd,NB,2025-06-13,17:00:00,17:15:00,28,,,1,10,12,0,3,0,0,2,0,0,0,0,0,0
Input_xlxs.xlsx,Input_xlxs,Moose Lodge Rd,NB,2025-06-13,17:15:00,17:30:00,37,,,0,17,12,1,7,0,0,0,0,0,0,0,0,0
Input_xlxs.xlsx,Input_xlxs,Moose Lodge Rd,NB,2025-06-13,17:30:00,17:45:00,32,,,0,16,9,0,7,0,0,0,0,0,0,0,0,0
Input_xlxs.xlsx,Input_xlxs,Moose Lodge Rd,NB,2025-06-13,17:45:00,18:00:00,29,,,1,15,9,0,2,0,0,2,0,0,0,0,0,0
Input_xlxs.xlsx,Input_xlxs,Moose Lodge Rd,NB,2025-06-13,18:00:00,18:15:00,31,,,1,17,8,1,4,0,0,0,0,0,0,0,0,0
Input_xlxs.xlsx,Input_xlxs,Moose Lodge Rd,NB,2025-06-13,18:15:00,18:30:00,33,,,2,10,12,0,9,0,0,0,0,0,0,0,0,0
Input_xlxs.xlsx,Input_xlxs,Moose Lodge Rd,NB,2025-06-13,18:30:00,18:45:00,18,,,0,14,1,0,3,0,0,0,0,0,0,0,0,0
Input_xlxs.xlsx,Input_xlxs,Moose Lodge Rd,NB,2025-06-13,18:45:00,19:00:00,23,,,0,14,6,0,2,0,0,1,0,0,0,0,0,0
Input_xlxs.xlsx,Input_xlxs,Moose Lodge Rd,NB,2025-06-13,19:00:00,19:15:00,20,,,0,10,5,0,5,0,0,0,0,0,0,0,0,0
Input_xlxs.xlsx,Input_xlxs,Moose Lodge Rd,NB,2025-06-13,19:15:00,19:30:00,12,,,0,6,4,0,2,0,0,0,0,0,0,0,0,0
Input_xlxs.xlsx,Input_xlxs,Moose Lodge Rd,NB,2025-06-13,19:30:00,19:45:00,24,,,1,10,9,0,4,0,0,0,0,0,0,0,0,0
Input_xlxs.xlsx,Input_xlxs,Moose Lodge Rd,NB,2025-06-13,19:45:00,20:00:00,18,,,0,12,3,0,3,0,0,0,0,0,0,0,0,0
Input_xlxs.xlsx,Input_xlxs,Moose Lodge Rd,NB,2025-06-13,20:00:00,20:15:00,13,,,0,5,7,0,1,0,0,0,0,0,0,0,0,0
Input_xlxs.xlsx,Input_xlxs,Moose Lodge Rd,NB,2025-06-13,20:15:00,20:30:00,10,,,0,5,3,0,2,0,0,0,0,0,0,0,0,0
Input_xlxs.xlsx,Input_xlxs,Moose Lodge Rd,NB,2025-06-13,20:30:00,20:45:00,17,,,1,8,5,0,3,0,0,0,0,0,0,0,0,0
Input_xlxs.xlsx,Input_xlxs,Moose Lodge Rd,NB,2025-06-13,20:45:00,21:00:00,9,,,0,5,1,0,3,0,0,0,0,0,0,0,0,0
Input_xlxs.xlsx,Input_xlxs,Moose Lodge Rd,NB,2025-06-13,21:00:00,21:15:00,18,,,0,11,3,0,3,0,0,1,0,0,0,0,0,0
Input_xlxs.xlsx,Input_xlxs,Moose Lodge Rd,NB,2025-06-13,21:15:00,21:30:00,10,,,1,6,2,0,1,0,0,0,0,0,0,0,0,0
Input_xlxs.xlsx,Input_xlxs,Moose Lodge Rd,NB,2025-06-13,21:30:00,21:45:00,15,,,0,10,4,0,1,0,0,0,0,0,0,0,0,0
Input_xlxs.xlsx,Input_xlxs,Moose Lodge Rd,NB,2025-06-13,21:45:00,22:00:00,11,,,0,6,4,0,1,0,0,0,0,0,0,0,0,0
Input_xlxs.xlsx,Input_xlxs,Moose Lodge Rd,NB,2025-06-13,22:00:00,22:15:00,6,,,0,4,2,0,0,0,0,0,0,0,0,0,0,0
Input_xlxs.xlsx,Input_xlxs,Moose Lodge Rd,NB,2025-06-13,22:15:00,22:30:00,11,,,0,5,4,0,2,0,0,0,0,0,0,0,0,0
Input_xlxs.xlsx,Input_xlxs,Moose Lodge Rd,NB,2025-06-13,22:30:00,22:45:00,7,,,0,2,5,0,0,0,0,0,0,0,0,0,0,0
Input_xlxs.xlsx,Input_xlxs,Moose Lodge Rd,NB,2025-06-13,22:45:00,23:00:00,6,,,0,1,4,0,1,0,0,0,0,0,0,0,0,0
Input_xlxs.xlsx,Input_xlxs,Moose Lodge Rd,NB,2025-06-13,23:00:00,23:15:00,9,,,0,5,1,0,3,0,0,0,0,0,0,0,0,0
Input_xlxs.xlsx,Input_xlxs,Moose Lodge Rd,NB,2025-06-13,23:15:00,23:30:00,3,,,0,0,3,0,0,0,0,0,0,0,0,0,0,0
Input_xlxs.xlsx,Input_xlxs,Moose Lodge Rd,NB,2025-06-13,23:30:00,23:45:00,8,,,0,3,2,0,2,0,0,1,0,0,0,0,0,0
Input_xlxs.xlsx,Input_xlxs,Moose Lodge Rd,NB,2025-06-13,23:45:00,00:00:00,4,,,0,4,0,0,0,0,0,0,0,0,0,0,0,0
Input_xlxs.xlsx,Input_xlxs,Moose Lodge Rd,NB,2025-06-14,00:00:00,00:15:00,3,,,0,2,0,0,1,0,0,0,0,0,0,0,0,0
Input_xlxs.xlsx,Input_xlxs,Moose Lodge Rd,NB,2025-06-14,00:15:00,00:30:00,1,,,0,0,1,0,0,0,0,0,0,0,0,0,0,0
Input_xlxs.xlsx,Input_xlxs,Moose Lodge Rd,NB,2025-06-14,00:30:00,00:45:00,4,,,0,2,1,0,1,0,0,0,0,0,0,0,0,0
Input_xlxs.xlsx,Input_xlxs,Moose Lodge Rd,NB,2025-06-14,00:45:00,01:00:00,5,,,0,2,2,0,1,0,0,0,0,0,0,0,0,0
Input_xlxs.xlsx,Input_xlxs,Moose Lodge Rd,NB,2025-06-14,01:00:00,01:15:00,2,,,0,1,1,0,0,0,0,0,0,0,0,0,0,0
Input_xlxs.xlsx,Input_xlxs,Moose Lodge Rd,NB,2025-06-14,01:15:00,01:30:00,1,,,0,1,0,0,0,0,0,0,0,0,0,0,0,0
Input_xlxs.xlsx,Input_xlxs,Moose Lodge Rd,NB,2025-06-14,01:30:00,01:45:00,3,,,0,1,2,0,0,0,0,0,0,0,0,0,0,0
Input_xlxs.xlsx,Input_xlxs,Moose Lodge Rd,NB,2025-06-14,01:45:00,02:00:00,0,,,0,0,0,0,0,0,0,0,0,0,0,0,0,0
Input_xlxs.xlsx,Input_xlxs,Moose Lodge Rd,NB,2025-06-14,02:00:00,02:15:00,1,,,0,1,0,0,0,0,0,0,0,0,0,0,0,0
Input_xlxs.xlsx,Input_xlxs,Moose Lodge Rd,NB,2025-06-14,02:15:00,02:30:00,1,,,0,0,0,0,1,0,0,0,0,0,0,0,0,0
Input_xlxs.xlsx,Input_xlxs,Moose Lodge Rd,NB,2025-06-14,02:30:00,02:45:00,1,,,0,1,0,0,0,0,0,0,0,0,0,0,0,0
Input_xlxs.xlsx,Input_xlxs,Moose Lodge Rd,NB,2025-06-14,02:45:00,03:00:00,0,,,0,0,0,0,0,0,0,0,0,0,0,0,0,0
Input_xlxs.xlsx,Input_xlxs,Moose Lodge Rd,NB,2025-06-14,03:00:00,03:15:00,1,,,0,1,0,0,0,0,0,0,0,0,0,0,0,0
Input_xlxs.xlsx,Input_xlxs,Moose Lodge Rd,NB,2025-06-14,03:15:00,03:30:00,1,,,0,1,0,0,0,0,0,0,0,0,0,0,0,0
Input_xlxs.xlsx,Input_xlxs,Moose Lodge Rd,NB,2025-06-14,03:30:00,03:45:00,2,,,0,2,0,0,0,0,0,0,0,0,0,0,0,0
Input_xlxs.xlsx,Input_xlxs,Moose Lodge Rd,NB,2025-06-14,03:45:00,04:00:00,0,,,0,0,0,0,0,0,0,0,0,0,0,0,0,0
Input_xlxs.xlsx,Input_xlxs,Moose Lodge Rd,NB,2025-06-14,04:00:00,04:15:00,3,,,0,2,1,0,0,0,0,0,0,0,0,0,0,0
Input_xlxs.xlsx,Input_xlxs,Moose Lodge Rd,NB,2025-06-14,04:15:00,04:30:00,1,,,0,0,1,0,0,0,0,0,0,0,0,0,0,0
Input_xlxs.xlsx,Input_xlxs,Moose Lodge Rd,NB,2025-06-14,04:30:00,04:45:00,4,,,0,3,0,0,1,0,0,0,0,0,0,0,0,0
Input_xlxs.xlsx,Input_xlxs,Moose Lodge Rd,NB,2025-06-14,04:45:00,05:00:00,5,,,0,2,3,0,0,0,0,0,0,0,0,0,0,0
Input_xlxs.xlsx,Input_xlxs,Moose Lodge Rd,NB,2025-06-14,05:00:00,05:15:00,4,,,0,1,1,0,2,0,0,0,0,0,0,0,0,0
Input_xlxs.xlsx,Input_xlxs,Moose Lodge Rd,NB,2025-06-14,05:15:00,05:30:00,3,,,0,2,1,0,0,0,0,0,0,0,0,0,0,0
Input_xlxs.xlsx,Input_xlxs,Moose Lodge Rd,NB,2025-06-14,05:30:00,05:45:00,4,,,0,0,2,0,2,0,0,0,0,0,0,0,0,0
Input_xlxs.xlsx,Input_xlxs,Moose Lodge Rd,NB,2025-06-14,05:45:00,06:00:00,3,,,0,1,1,0,1,0,0,0,0,0,0,0,0,0
Input_xlxs.xlsx,Input_xlxs,Moose Lodge Rd,NB,2025-06-14,06:00:00,06:15:00,9,,,0,1,5,0,3,0,0,0,0,0,0,0,0,0
Input_xlxs.xlsx,Input_xlxs,Moose Lodge Rd,NB,2025-06-14,06:15:00,06:30:00,6,,,0,3,1,0,1,0,0,1,0,0,0,0,0,0
Input_xlxs.xlsx,Input_xlxs,Moose Lodge Rd,NB,2025-06-14,06:30:00,06:45:00,12,,,0,4,6,0,2,0,0,0,0,0,0,0,0,0
Input_xlxs.xlsx,Input_xlxs,Moose Lodge Rd,NB,2025-06-14,06:45:00,07:00:00,9,,,0,4,2,0,0,0,0,3,0,0,0,0,0,0
Input_xlxs.xlsx,Input_xlxs,Moose Lodge Rd,NB,2025-06-14,07:00:00,07:15:00,11,,,1,4,5,0,1,0,0,0,0,0,0,0,0,0
Input_xlxs.xlsx,Input_xlxs,Moose Lodge Rd,NB,2025-06-14,07:15:00,07:30:00,9,,,0,4,4,0,0,0,0,1,0,0,0,0,0,0
Input_xlxs.xlsx,Input_xlxs,Moose Lodge Rd,NB,2025-06-14,07:30:00,07:45:00,15,,,0,9,4,0,2,0,0,0,0,0,0,0,0,0
Input_xlxs.xlsx,Input_xlxs,Moose Lodge Rd,NB,2025-06-14,07:45:00,08:00:00,22,,,0,10,7,0,5,0,0,0,0,0,0,0,0,0
Input_xlxs.xlsx,Input_xlxs,Moose Lodge Rd,NB,2025-06-14,08:00:00,08:15:00,18,,,0,7,7,0,3,0,0,1,0,0,0,0,0,0
Input_xlxs.xlsx,Input_xlxs,Moose Lodge Rd,NB,2025-06-14,08:15:00,08:30:00,21,,,0,10,6,0,5,0,0,0,0,0,0,0,0,0
Input_xlxs.xlsx,Input_xlxs,Moose Lodge Rd,NB,2025-06-14,08:30:00,08:45:00,26,,,0,12,11,0,2,0,0,1,0,0,0,0,0,0
Input_xlxs.xlsx,Input_xlxs,Moose Lodge Rd,NB,2025-06-14,08:45:00,09:00:00,27,,,0,14,8,0,5,0,0,0,0,0,0,0,0,0
Input_xlxs.xlsx,Input_xlxs,Moose Lodge Rd,NB,2025-06-14,09:00:00,09:15:00,19,,,0,12,6,0,1,0,0,0,0,0,0,0,0,0
Input_xlxs.xlsx,Input_xlxs,Moose Lodge Rd,NB,2025-06-14,09:15:00,09:30:00,23,,,0,10,8,0,5,0,0,0,0,0,0,0,0,0
Input_xlxs.xlsx,Input_xlxs,Moose Lodge Rd,NB,2025-06-14,09:30:00,09:45:00,23,,,0,6,9,0,6,0,0,2,0,0,0,0,0,0
Input_xlxs.xlsx,Input_xlxs,Moose Lodge Rd,NB,2025-06-14,09:45:00,10:00:00,32,,,0,17,8,0,7,0,0,0,0,0,0,0,0,0
Input_xlxs.xlsx,Input_xlxs,Moose Lodge Rd,NB,2025-06-14,10:00:00,10:15:00,35,,,0,11,14,0,9,0,0,0,1,0,0,0,0,0
Input_xlxs.xlsx,Input_xlxs,Moose Lodge Rd,NB,2025-06-14,10:15:00,10:30:00,21,,,0,7,8,0,6,0,0,0,0,0,0,0,0,0
Input_xlxs.xlsx,Input_xlxs,Moose Lodge Rd,NB,2025-06-14,10:30:00,10:45:00,43,,,1,16,16,1,9,0,0,0,0,0,0,0,0,0
Input_xlxs.xlsx,Input_xlxs,Moose Lodge Rd,NB,2025-06-14,10:45:00,11:00:00,35,,,0,16,12,0,6,0,0,1,0,0,0,0,0,0
Input_xlxs.xlsx,Input_xlxs,Moose Lodge Rd,NB,2025-06-14,11:00:00,11:15:00,27,,,0,11,7,0,8,0,0,1,0,0,0,0,0,0
Input_xlxs.xlsx,Input_xlxs,Moose Lodge Rd,NB,2025-06-14,11:15:00,11:30:00,40,,,0,21,13,1,4,0,0,1,0,0,0,0,0,0
Input_xlxs.xlsx,Input_xlxs,Moose Lodge Rd,NB,2025-06-14,11:30:00,11:45:00,30,,,0,11,13,0,6,0,0,0,0,0,0,0,0,0
Input_xlxs.xlsx,Input_xlxs,Moose Lodge Rd,NB,2025-06-14,11:45:00,12:00:00,45,,,0,25,13,0,6,0,0,1,0,0,0,0,0,0
Input_xlxs.xlsx,Input_xlxs,Moose Lodge Rd,NB,2025-06-14,12:00:00,12:15:00,22,,,0,11,8,0,3,0,0,0,0,0,0,0,0,0
Input_xlxs.xlsx,Input_xlxs,Moose Lodge Rd,NB,2025-06-14,12:15:00,12:30:00,28,,,0,18,8,1,1,0,0,0,0,0,0,0,0,0
Input_xlxs.xlsx,Input_xlxs,Moose Lodge Rd,NB,2025-06-14,12:30:00,12:45:00,21,,,0,10,10,1,0,0,0,0,0,0,0,0,0,0
Input_xlxs.xlsx,Input_xlxs,Moose Lodge Rd,NB,2025-06-14,12:45:00,13:00:00,25,,,0,9,12,0,3,0,0,1,0,0,0,0,0,0
Input_xlxs.xlsx,Input_xlxs,Moose Lodge Rd,NB,2025-06-14,13:00:00,13:15:00,21,,,0,11,4,0,5,0,0,1,0,0,0,0,0,0
Input_xlxs.xlsx,Input_xlxs,Moose Lodge Rd,NB,2025-06-14,13:15:00,13:30:00,28,,,0,16,5,0,6,0,0,0,1,0,0,0,0,0
Input_xlxs.xlsx,Input_xlxs,Moose Lodge Rd,NB,2025-06-14,13:30:00,13:45:00,29,,,0,14,12,0,3,0,0,0,0,0,0,0,0,0
Input_xlxs.xlsx,Input_xlxs,Moose Lodge Rd,NB,2025-06-14,13:45:00,14:00:00,33,,,0,15,14,0,4,0,0,0,0,0,0,0,0,0
Input_xlxs.xlsx,Input_xlxs,Moose Lodge Rd,NB,2025-06-14,14:00:00,14:15:00,24,,,0,10,13,0,1,0,0,0,0,0,0,0,0,0
Input_xlxs.xlsx,Input_xlxs,Moose Lodge Rd,NB,2025-06-14,14:15:00,14:30:00,28,,,1,17,5,0,4,0,0,1,0,0,0,0,0,0
Input_xlxs.xlsx,Input_xlxs,Moose Lodge Rd,NB,2025-06-14,14:30:00,14:45:00,30,,,0,14,11,0,5,0,0,0,0,0,0,0,0,0
Input_xlxs.xlsx,Input_xlxs,Moose Lodge Rd,NB,2025-06-14,14:45:00,15:00:00,29,,,0,15,8,0,6,0,0,0,0,0,0,0,0,0
Input_xlxs.xlsx,Input_xlxs,Moose Lodge Rd,NB,2025-06-14,15:00:00,15:15:00,25,,,0,11,10,0,4,0,0,0,0,0,0,0,0,0
Input_xlxs.xlsx,Input_xlxs,Moose Lodge Rd,NB,2025-06-14,15:15:00,15:30:00,31,,,0,17,6,1,6,0,0,1,0,0,0,0,0,0
Input_xlxs.xlsx,Input_xlxs,Moose Lodge Rd,NB,2025-06-14,15:30:00,15:45:00,25,,,0,10,9,0,5,0,0,1,0,0,0,0,0,0
Input_xlxs.xlsx,Input_xlxs,Moose Lodge Rd,NB,2025-06-14,15:45:00,16:00:00,32,,,0,15,11,0,5,0,0,1,0,0,0,0,0,0
Input_xlxs.xlsx,Input_xlxs,Moose Lodge Rd,NB,2025-06-14,16:00:00,16:15:00,24,,,0,9,7,0,8,0,0,0,0,0,0,0,0,0
Input_xlxs.xlsx,Input_xlxs,Moose Lodge Rd,NB,2025-06-14,16:15:00,16:30:00,26,,,0,14,9,0,3,0,0,0,0,0,0,0,0,0
Input_xlxs.xlsx,Input_xlxs,Moose Lodge Rd,NB,2025-06-14,16:30:00,16:45:00,22,,,0,10,9,0,3,0,0,0,0,0,0,0,0,0
Input_xlxs.xlsx,Input_xlxs,Moose Lodge Rd,NB,2025-06-14,16:45:00,17:00:00,26,,,0,17,4,0,3,0,0,1,1,0,0,0,0,0
Input_xlxs.xlsx,Input_xlxs,Moose Lodge Rd,NB,2025-06-14,17:00:00,17:15:00,26,,,0,14,10,0,2,0,0,0,0,0,0,0,0,0
Input_xlxs.xlsx,Input_xlxs,Moose Lodge Rd,NB,2025-06-14,17:15:00,17:30:00,24,,,0,12,9,0,2,0,0,1,0,0,0,0,0,0
Input_xlxs.xlsx,Input_xlxs,Moose Lodge Rd,NB,2025-06-14,17:30:00,17:45:00,24,,,0,10,10,0,2,0,0,2,0,0,0,0,0,0
Input_xlxs.xlsx,Input_xlxs,Moose Lodge Rd,NB,2025-06-14,17:45:00,18:00:00,26,,,0,14,8,0,4,0,0,0,0,0,0,0,0,0
Input_xlxs.xlsx,Input_xlxs,Moose Lodge Rd,NB,2025-06-14,18:00:00,18:15:00,22,,,0,10,7,0,5,0,0,0,0,0,0,0,0,0
Input_xlxs.xlsx,Input_xlxs,Moose Lodge Rd,NB,2025-06-14,18:15:00,18:30:00,12,,,0,5,4,0,3,0,0,0,0,0,0,0,0,0
Input_xlxs.xlsx,Input_xlxs,Moose Lodge Rd,NB,2025-06-14,18:30:00,18:45:00,18,,,0,6,8,0,4,0,0,0,0,0,0,0,0,0
Input_xlxs.xlsx,Input_xlxs,Moose Lodge Rd,NB,2025-06-14,18:45:00,19:00:00,15,,,0,10,3,0,2,0,0,0,0,0,0,0,0,0
Input_xlxs.xlsx,Input_xlxs,Moose Lodge Rd,NB,2025-06-14,19:00:00,19:15:00,18,,,0,10,5,0,3,0,0,0,0,0,0,0,0,0
Input_xlxs.xlsx,Input_xlxs,Moose Lodge Rd,NB,2025-06-14,19:15:00,19:30:00,13,,,0,9,3,0,1,0,0,0,0,0,0,0,0,0
Input_xlxs.xlsx,Input_xlxs,Moose Lodge Rd,NB,2025-06-14,19:30:00,19:45:00,16,,,0,10,5,0,1,0,0,0,0,0,0,0,0,0
Input_xlxs.xlsx,Input_xlxs,Moose Lodge Rd,NB,2025-06-14,19:45:00,20:00:00,11,,,0,4,3,0,4,0,0,0,0,0,0,0,0,0
Input_xlxs.xlsx,Input_xlxs,Moose Lodge Rd,NB,2025-06-14,20:00:00,20:15:00,9,,,0,7,2,0,0,0,0,0,0,0,0,0,0,0
Input_xlxs.xlsx,Input_xlxs,Moose Lodge Rd,NB,2025-06-14,20:15:00,20:30:00,15,,,0,7,6,0,2,0,0,0,0,0,0,0,0,0
Input_xlxs.xlsx,Input_xlxs,Moose Lodge Rd,NB,2025-06-14,20:30:00,20:45:00,12,,,0,6,4,0,2,0,0,0,0,0,0,0,0,0
Input_xlxs.xlsx,Input_xlxs,Moose Lodge Rd,NB,2025-06-14,20:45:00,21:00:00,7,,,0,2,4,0,1,0,0,0,0,0,0,0,0,0
Input_xlxs.xlsx,Input_xlxs,Moose Lodge Rd,NB,2025-06-14,21:00:00,21:15:00,16,,,0,2,11,0,3,0,0,0,0,0,0,0,0,0
Input_xlxs.xlsx,Input_xlxs,Moose Lodge Rd,NB,2025-06-14,21:15:00,21:30:00,8,,,0,5,2,0,1,0,0,0,0,0,0,0,0,0
Input_xlxs.xlsx,Input_xlxs,Moose Lodge Rd,NB,2025-06-14,21:30:00,21:45:00,12,,,0,4,7,0,1,0,0,0,0,0,0,0,0,0
Input_xlxs.xlsx,Input_xlxs,Moose Lodge Rd,NB,2025-06-14,21:45:00,22:00:00,7,,,0,4,1,0,2,0,0,0,0,0,0,0,0,0
Input_xlxs.xlsx,Input_xlxs,Moose Lodge Rd,NB,2025-06-14,22:00:00,22:15:00,9,,,0,5,3,0,1,0,0,0,0,0,0,0,0,0
Input_xlxs.xlsx,Input_xlxs,Moose Lodge Rd,NB,2025-06-14,22:15:00,22:30:00,7,,,0,2,4,0,1,0,0,0,0,0,0,0,0,0
Input_xlxs.xlsx,Input_xlxs,Moose Lodge Rd,NB,2025-06-14,22:30:00,22:45:00,10,,,0,7,1,0,2,0,0,0,0,0,0,0,0,0
Input_xlxs.xlsx,Input_xlxs,Moose Lodge Rd,NB,2025-06-14,22:45:00,23:00:00,6,,,0,3,2,0,1,0,0,0,0,0,0,0,0,0
Input_xlxs.xlsx,Input_xlxs,Moose Lodge Rd,NB,2025-06-14,23:00:00,23:15:00,4,,,0,2,1,0,1,0,0,0,0,0,0,0,0,0
Input_xlxs.xlsx,Input_xlxs,Moose Lodge Rd,NB,2025-06-14,23:15:00,23:30:00,5,,,0,1,2,0,2,0,0,0,0,0,0,0,0,0
Input_xlxs.xlsx,Input_xlxs,Moose Lodge Rd,NB,2025-06-14,23:30:00,23:45:00,8,,,0,3,5,0,0,0,0,0,0,0,0,0,0,0
Input_xlxs.xlsx,Input_xlxs,Moose Lodge Rd,NB,2025-06-14,23:45:00,00:00:00,4,,,0,2,2,0,0,0,0,0,0,0,0,0,0,0
Input_xlxs.xlsx,Input_xlxs,Moose Lodge Rd,NB,2025-06-15,00:00:00,00:15:00,3,,,0,1,2,0,0,0,0,0,0,0,0,0,0,0
Input_xlxs.xlsx,Input_xlxs,Moose Lodge Rd,NB,2025-06-15,00:15:00,00:30:00,0,,,0,0,0,0,0,0,0,0,0,0,0,0,0,0
Input_xlxs.xlsx,Input_xlxs,Moose Lodge Rd,NB,2025-06-15,00:30:00,00:45:00,1,,,0,0,1,0,0,0,0,0,0,0,0,0,0,0
Input_xlxs.xlsx,Input_xlxs,Moose Lodge Rd,NB,2025-06-15,00:45:00,01:00:00,3,,,0,1,1,0,1,0,0,0,0,0,0,0,0,0
Input_xlxs.xlsx,Input_xlxs,Moose Lodge Rd,NB,2025-06-15,01:00:00,01:15:00,1,,,0,0,1,0,0,0,0,0,0,0,0,0,0,0
Input_xlxs.xlsx,Input_xlxs,Moose Lodge Rd,NB,2025-06-15,01:15:00,01:30:00,0,,,0,0,0,0,0,0,0,0,0,0,0,0,0,0
Input_xlxs.xlsx,Input_xlxs,Moose Lodge Rd,NB,2025-06-15,01:30:00,01:45:00,3,,,0,1,1,0,1,0,0,0,0,0,0,0,0,0
Input_xlxs.xlsx,Input_xlxs,Moose Lodge Rd,NB,2025-06-15,01:45:00,02:00:00,0,,,0,0,0,0,0,0,0,0,0,0,0,0,0,0
Input_xlxs.xlsx,Input_xlxs,Moose Lodge Rd,NB,2025-06-15,02:00:00,02:15:00,3,,,0,0,3,0,0,0,0,0,0,0,0,0,0,0
Input_xlxs.xlsx,Input_xlxs,Moose Lodge Rd,NB,2025-06-15,02:15:00,02:30:00,3,,,0,1,1,0,0,0,0,1,0,0,0,0,0,0
Input_xlxs.xlsx,Input_xlxs,Moose Lodge Rd,NB,2025-06-15,02:30:00,02:45:00,3,,,0,2,1,0,0,0,0,0,0,0,0,0,0,0
Input_xlxs.xlsx,Input_xlxs,Moose Lodge Rd,NB,2025-06-15,02:45:00,03:00:00,2,,,0,0,0,0,2,0,0,0,0,0,0,0,0,0
Input_xlxs.xlsx,Input_xlxs,Moose Lodge Rd,NB,2025-06-15,03:00:00,03:15:00,0,,,0,0,0,0,0,0,0,0,0,0,0,0,0,0
Input_xlxs.xlsx,Input_xlxs,Moose Lodge Rd,NB,2025-06-15,03:15:00,03:30:00,1,,,0,0,0,0,1,0,0,0,0,0,0,0,0,0
Input_xlxs.xlsx,Input_xlxs,Moose Lodge Rd,NB,2025-06-15,03:30:00,03:45:00,2,,,0,2,0,0,0,0,0,0,0,0,0,0,0,0
Input_xlxs.xlsx,Input_xlxs,Moose Lodge Rd,NB,2025-06-15,03:45:00,04:00:00,1,,,0,0,0,0,1,0,0,0,0,0,0,0,0,0
Input_xlxs.xlsx,Input_xlxs,Moose Lodge Rd,NB,2025-06-15,04:00:00,04:15:00,0,,,0,0,0,0,0,0,0,0,0,0,0,0,0,0
Input_xlxs.xlsx,Input_xlxs,Moose Lodge Rd,NB,2025-06-15,04:15:00,04:30:00,2,,,0,1,1,0,0,0,0,0,0,0,0,0,0,0
Input_xlxs.xlsx,Input_xlxs,Moose Lodge Rd,NB,2025-06-15,04:30:00,04:45:00,1,,,0,0,0,0,1,0,0,0,0,0,0,0,0,0
Input_xlxs.xlsx,Input_xlxs,Moose Lodge Rd,NB,2025-06-15,04:45:00,05:00:00,1,,,0,1,0,0,0,0,0,0,0,0,0,0,0,0
Input_xlxs.xlsx,Input_xlxs,Moose Lodge Rd,NB,2025-06-15,05:00:00,05:15:00,1,,,0,0,0,0,1,0,0,0,0,0,0,0,0,0
Input_xlxs.xlsx,Input_xlxs,Moose Lodge Rd,NB,2025-06-15,05:15:00,05:30:00,2,,,0,1,1,0,0,0,0,0,0,0,0,0,0,0
Input_xlxs.xlsx,Input_xlxs,Moose Lodge Rd,NB,2025-06-15,05:30:00,05:45:00,1,,,0,0,1,0,0,0,0,0,0,0,0,0,0,0
Input_xlxs.xlsx,Input_xlxs,Moose Lodge Rd,NB,2025-06-15,05:45:00,06:00:00,3,,,0,2,1,0,0,0,0,0,0,0,0,0,0,0
Input_xlxs.xlsx,Input_xlxs,Moose Lodge Rd,NB,2025-06-15,06:00:00,06:15:00,4,,,0,2,1,0,1,0,0,0,0,0,0,0,0,0
Input_xlxs.xlsx,Input_xlxs,Moose Lodge Rd,NB,2025-06-15,06:15:00,06:30:00,8,,,0,3,4,0,1,0,0,0,0,0,0,0,0,0
Input_xlxs.xlsx,Input_xlxs,Moose Lodge Rd,NB,2025-06-15,06:30:00,06:45:00,6,,,1,1,2,0,2,0,0,0,0,0,0,0,0,0
Input_xlxs.xlsx,Input_xlxs,Moose Lodge Rd,NB,2025-06-15,06:45:00,07:00:00,6,,,0,4,0,0,2,0,0,0,0,0,0,0,0,0
Input_xlxs.xlsx,Input_xlxs,Moose Lodge Rd,NB,2025-06-15,07:00:00,07:15:00,5,,,0,2,2,0,1,0,0,0,0,0,0,0,0,0
Input_xlxs.xlsx,Input_xlxs,Moose Lodge Rd,NB,2025-06-15,07:15:00,07:30:00,3,,,0,2,0,0,1,0,0,0,0,0,0,0,0,0
Input_xlxs.xlsx,Input_xlxs,Moose Lodge Rd,NB,2025-06-15,07:30:00,07:45:00,12,,,0,6,5,0,1,0,0,0,0,0,0,0,0,0
Input_xlxs.xlsx,Input_xlxs,Moose Lodge Rd,NB,2025-06-15,07:45:00,08:00:00,8,,,1,3,2,0,2,0,0,0,0,0,0,0,0,0
Input_xlxs.xlsx,Input_xlxs,Moose Lodge Rd,NB,2025-06-15,08:00:00,08:15:00,5,,,0,4,0,0,1,0,0,0,0,0,0,0,0,0
Input_xlxs.xlsx,Input_xlxs,Moose Lodge Rd,NB,2025-06-15,08:15:00,08:30:00,14,,,0,7,3,0,4,0,0,0,0,0,0,0,0,0
Input_xlxs.xlsx,Input_xlxs,Moose Lodge Rd,NB,2025-06-15,08:30:00,08:45:00,18,,,0,8,7,0,3,0,0,0,0,0,0,0,0,0
Input_xlxs.xlsx,Input_xlxs,Moose Lodge Rd,NB,2025-06-15,08:45:00,09:00:00,17,,,0,7,8,0,2,0,0,0,0,0,0,0,0,0
Input_xlxs.xlsx,Input_xlxs,Moose Lodge Rd,NB,2025-06-15,09:00:00,09:15:00,13,,,0,7,4,0,2,0,0,0,0,0,0,0,0,0
Input_xlxs.xlsx,Input_xlxs,Moose Lodge Rd,NB,2025-06-15,09:15:00,09:30:00,13,,,0,8,5,0,0,0,0,0,0,0,0,0,0,0
Input_xlxs.xlsx,Input_xlxs,Moose Lodge Rd,NB,2025-06-15,09:30:00,09:45:00,16,,,0,7,5,0,4,0,0,0,0,0,0,0,0,0
Input_xlxs.xlsx,Input_xlxs,Moose Lodge Rd,NB,2025-06-15,09:45:00,10:00:00,22,,,0,9,12,0,1,0,0,0,0,0,0,0,0,0
Input_xlxs.xlsx,Input_xlxs,Moose Lodge Rd,NB,2025-06-15,10:00:00,10:15:00,15,,,0,7,5,0,3,0,0,0,0,0,0,0,0,0
Input_xlxs.xlsx,Input_xlxs,Moose Lodge Rd,NB,2025-06-15,10:15:00,10:30:00,19,,,0,7,8,0,4,0,0,0,0,0,0,0,0,0
Input_xlxs.xlsx,Input_xlxs,Moose Lodge Rd,NB,2025-06-15,10:30:00,10:45:00,23,,,0,13,6,0,3,0,0,1,0,0,0,0,0,0
Input_xlxs.xlsx,Input_xlxs,Moose Lodge Rd,NB,2025-06-15,10:45:00,11:00:00,26,,,0,13,9,0,4,0,0,0,0,0,0,0,0,0
Input_xlxs.xlsx,Input_xlxs,Moose Lodge Rd,NB,2025-06-15,11:00:00,11:15:00,19,,,1,10,5,0,3,0,0,0,0,0,0,0,0,0
Input_xlxs.xlsx,Input_xlxs,Moose Lodge Rd,NB,2025-06-15,11:15:00,11:30:00,15,,,0,6,3,0,5,0,0,1,0,0,0,0,0,0
Input_xlxs.xlsx,Input_xlxs,Moose Lodge Rd,NB,2025-06-15,11:30:00,11:45:00,17,,,0,9,4,0,4,0,0,0,0,0,0,0,0,0
Input_xlxs.xlsx,Input_xlxs,Moose Lodge Rd,NB,2025-06-15,11:45:00,12:00:00,14,,,0,6,5,0,3,0,0,0,0,0,0,0,0,0
Input_xlxs.xlsx,Input_xlxs,Moose Lodge Rd,NB,2025-06-15,12:00:00,12:15:00,20,,,0,9,6,0,5,0,0,0,0,0,0,0,0,0
Input_xlxs.xlsx,Input_xlxs,Moose Lodge Rd,NB,2025-06-15,12:15:00,12:30:00,17,,,0,7,8,0,2,0,0,0,0,0,0,0,0,0
Input_xlxs.xlsx,Input_xlxs,Moose Lodge Rd,NB,2025-06-15,12:30:00,12:45:00,26,,,0,14,7,0,5,0,0,0,0,0,0,0,0,0
Input_xlxs.xlsx,Input_xlxs,Moose Lodge Rd,NB,2025-06-15,12:45:00,13:00:00,30,,,0,11,15,1,3,0,0,0,0,0,0,0,0,0
Input_xlxs.xlsx,Input_xlxs,Moose Lodge Rd,NB,2025-06-15,13:00:00,13:15:00,26,,,0,8,9,0,9,0,0,0,0,0,0,0,0,0
Input_xlxs.xlsx,Input_xlxs,Moose Lodge Rd,NB,2025-06-15,13:15:00,13:30:00,17,,,0,10,6,0,1,0,0,0,0,0,0,0,0,0
Input_xlxs.xlsx,Input_xlxs,Moose Lodge Rd,NB,2025-06-15,13:30:00,13:45:00,27,,,3,8,11,0,5,0,0,0,0,0,0,0,0,0
Input_xlxs.xlsx,Input_xlxs,Moose Lodge Rd,NB,2025-06-15,13:45:00,14:00:00,21,,,1,13,3,0,4,0,0,0,0,0,0,0,0,0
Input_xlxs.xlsx,Input_xlxs,Moose Lodge Rd,NB,2025-06-15,14:00:00,14:15:00,25,,,0,8,10,0,7,0,0,0,0,0,0,0,0,0
Input_xlxs.xlsx,Input_xlxs,Moose Lodge Rd,NB,2025-06-15,14:15:00,14:30:00,32,,,0,13,13,0,5,0,0,1,0,0,0,0,0,0
Input_xlxs.xlsx,Input_xlxs,Moose Lodge Rd,NB,2025-06-15,14:30:00,14:45:00,20,,,0,9,7,0,3,0,0,1,0,0,0,0,0,0
Input_xlxs.xlsx,Input_xlxs,Moose Lodge Rd,NB,2025-06-15,14:45:00,15:00:00,22,,,0,9,9,0,3,0,0,1,0,0,0,0,0,0
Input_xlxs.xlsx,Input_xlxs,Moose Lodge Rd,NB,2025-06-15,15:00:00,15:15:00,22,,,0,14,5,0,3,0,0,0,0,0,0,0,0,0
Input_xlxs.xlsx,Input_xlxs,Moose Lodge Rd,NB,2025-06-15,15:15:00,15:30:00,30,,,1,12,9,0,8,0,0,0,0,0,0,0,0,0
Input_xlxs.xlsx,Input_xlxs,Moose Lodge Rd,NB,2025-06-15,15:30:00,15:45:00,20,,,0,11,6,0,2,0,0,1,0,0,0,0,0,0
Input_xlxs.xlsx,Input_xlxs,Moose Lodge Rd,NB,2025-06-15,15:45:00,16:00:00,25,,,0,14,9,0,2,0,0,0,0,0,0,0,0,0
Input_xlxs.xlsx,Input_xlxs,Moose Lodge Rd,NB,2025-06-15,16:00:00,16:15:00,23,,,0,13,5,0,4,0,0,1,0,0,0,0,0,0
Input_xlxs.xlsx,Input_xlxs,Moose Lodge Rd,NB,2025-06-15,16:15:00,16:30:00,21,,,1,11,7,0,2,0,0,0,0,0,0,0,0,0
Input_xlxs.xlsx,Input_xlxs,Moose Lodge Rd,NB,2025-06-15,16:30:00,16:45:00,22,,,0,7,9,0,6,0,0,0,0,0,0,0,0,0
Input_xlxs.xlsx,Input_xlxs,Moose Lodge Rd,NB,2025-06-15,16:45:00,17:00:00,19,,,0,11,5,0,3,0,0,0,0,0,0,0,0,0
Input_xlxs.xlsx,Input_xlxs,Moose Lodge Rd,NB,2025-06-15,17:00:00,17:15:00,23,,,0,6,13,0,4,0,0,0,0,0,0,0,0,0
Input_xlxs.xlsx,Input_xlxs,Moose Lodge Rd,NB,2025-06-15,17:15:00,17:30:00,26,,,0,9,13,0,4,0,0,0,0,0,0,0,0,0
Input_xlxs.xlsx,Input_xlxs,Moose Lodge Rd,NB,2025-06-15,17:30:00,17:45:00,31,,,0,11,14,0,6,0,0,0,0,0,0,0,0,0
Input_xlxs.xlsx,Input_xlxs,Moose Lodge Rd,NB,2025-06-15,17:45:00,18:00:00,19,,,0,10,7,0,2,0,0,0,0,0,0,0,0,0
Input_xlxs.xlsx,Input_xlxs,Moose Lodge Rd,NB,2025-06-15,18:00:00,18:15:00,17,,,0,8,7,0,1,0,0,1,0,0,0,0,0,0
Input_xlxs.xlsx,Input_xlxs,Moose Lodge Rd,NB,2025-06-15,18:15:00,18:30:00,14,,,0,6,6,0,2,0,0,0,0,0,0,0,0,0
Input_xlxs.xlsx,Input_xlxs,Moose Lodge Rd,NB,2025-06-15,18:30:00,18:45:00,20,,,0,10,7,0,3,0,0,0,0,0,0,0,0,0
Input_xlxs.xlsx,Input_xlxs,Moose Lodge Rd,NB,2025-06-15,18:45:00,19:00:00,15,,,0,9,4,0,2,0,0,0,0,0,0,0,0,0
Input_xlxs.xlsx,Input_xlxs,Moose Lodge Rd,NB,2025-06-15,19:00:00,19:15:00,19,,,0,12,7,0,0,0,0,0,0,0,0,0,0,0
Input_xlxs.xlsx,Input_xlxs,Moose Lodge Rd,NB,2025-06-15,19:15:00,19:30:00,19,,,0,9,8,0,1,0,0,1,0,0,0,0,0,0
Input_xlxs.xlsx,Input_xlxs,Moose Lodge Rd,NB,2025-06-15,19:30:00,19:45:00,9,,,0,8,1,0,0,0,0,0,0,0,0,0,0,0
Input_xlxs.xlsx,Input_xlxs,Moose Lodge Rd,NB,2025-06-15,19:45:00,20:00:00,17,,,0,11,3,0,3,0,0,0,0,0,0,0,0,0
Input_xlxs.xlsx,Input_xlxs,Moose Lodge Rd,NB,2025-06-15,20:00:00,20:15:00,13,,,0,5,6,0,2,0,0,0,0,0,0,0,0,0
Input_xlxs.xlsx,Input_xlxs,Moose Lodge Rd,NB,2025-06-15,20:15:00,20:30:00,12,,,0,5,5,0,2,0,0,0,0,0,0,0,0,0
Input_xlxs.xlsx,Input_xlxs,Moose Lodge Rd,NB,2025-06-15,20:30:00,20:45:00,9,,,0,6,2,0,1,0,0,0,0,0,0,0,0,0
Input_xlxs.xlsx,Input_xlxs,Moose Lodge Rd,NB,2025-06-15,20:45:00,21:00:00,7,,,0,4,3,0,0,0,0,0,0,0,0,0,0,0
Input_xlxs.xlsx,Input_xlxs,Moose Lodge Rd,NB,2025-06-15,21:00:00,21:15:00,8,,,0,3,3,0,2,0,0,0,0,0,0,0,0,0
Input_xlxs.xlsx,Input_xlxs,Moose Lodge Rd,NB,2025-06-15,21:15:00,21:30:00,7,,,0,2,3,0,2,0,0,0,0,0,0,0,0,0
Input_xlxs.xlsx,Input_xlxs,Moose Lodge Rd,NB,2025-06-15,21:30:00,21:45:00,8,,,0,5,3,0,0,0,0,0,0,0,0,0,0,0
Input_xlxs.xlsx,Input_xlxs,Moose Lodge Rd,NB,2025-06-15,21:45:00,22:00:00,8,,,0,3,4,0,1,0,0,0,0,0,0,0,0,0
Input_xlxs.xlsx,Input_xlxs,Moose Lodge Rd,NB,2025-06-15,22:00:00,22:15:00,3,,,0,2,1,0,0,0,0,0,0,0,0,0,0,0
Input_xlxs.xlsx,Input_xlxs,Moose Lodge Rd,NB,2025-06-15,22:15:00,22:30:00,3,,,0,1,1,0,1,0,0,0,0,0,0,0,0,0
Input_xlxs.xlsx,Input_xlxs,Moose Lodge Rd,NB,2025-06-15,22:30:00,22:45:00,5,,,0,3,2,0,0,0,0,0,0,0,0,0,0,0
Input_xlxs.xlsx,Input_xlxs,Moose Lodge Rd,NB,2025-06-15,22:45:00,23:00:00,6,,,0,3,3,0,0,0,0,0,0,0,0,0,0,0
Input_xlxs.xlsx,Input_xlxs,Moose Lodge Rd,NB,2025-06-15,23:00:00,23:15:00,5,,,0,2,2,0,0,0,0,1,0,0,0,0,0,0
Input_xlxs.xlsx,Input_xlxs,Moose Lodge Rd,NB,2025-06-15,23:15:00,23:30:00,4,,,0,1,2,0,1,0,0,0,0,0,0,0,0,0
Input_xlxs.xlsx,Input_xlxs,Moose Lodge Rd,NB,2025-06-15,23:30:00,23:45:00,3,,,0,0,3,0,0,0,0,0,0,0,0,0,0,0
Input_xlxs.xlsx,Input_xlxs,Moose Lodge Rd,NB,2025-06-15,23:45:00,00:00:00,2,,,0,1,1,0,0,0,0,0,0,0,0,0,0,0
Input_xlxs.xlsx,Input_xlxs,Moose Lodge Rd,NB,2025-06-16,00:00:00,00:15:00,1,,,0,0,1,0,0,0,0,0,0,0,0,0,0,0
Input_xlxs.xlsx,Input_xlxs,Moose Lodge Rd,NB,2025-06-16,00:15:00,00:30:00,1,,,0,0,1,0,0,0,0,0,0,0,0,0,0,0
Input_xlxs.xlsx,Input_xlxs,Moose Lodge Rd,NB,2025-06-16,00:30:00,00:45:00,1,,,0,1,0,0,0,0,0,0,0,0,0,0,0,0
Input_xlxs.xlsx,Input_xlxs,Moose Lodge Rd,NB,2025-06-16,00:45:00,01:00:00,0,,,0,0,0,0,0,0,0,0,0,0,0,0,0,0
Input_xlxs.xlsx,Input_xlxs,Moose Lodge Rd,NB,2025-06-16,01:00:00,01:15:00,1,,,0,0,1,0,0,0,0,0,0,0,0,0,0,0
Input_xlxs.xlsx,Input_xlxs,Moose Lodge Rd,NB,2025-06-16,01:15:00,01:30:00,1,,,0,0,1,0,0,0,0,0,0,0,0,0,0,0
Input_xlxs.xlsx,Input_xlxs,Moose Lodge Rd,NB,2025-06-16,01:30:00,01:45:00,1,,,0,0,1,0,0,0,0,0,0,0,0,0,0,0
Input_xlxs.xlsx,Input_xlxs,Moose Lodge Rd,NB,2025-06-16,01:45:00,02:00:00,4,,,0,0,4,0,0,0,0,0,0,0,0,0,0,0
Input_xlxs.xlsx,Input_xlxs,Moose Lodge Rd,NB,2025-06-16,02:00:00,02:15:00,1,,,0,0,0,0,1,0,0,0,0,0,0,0,0,0
Input_xlxs.xlsx,Input_xlxs,Moose Lodge Rd,NB,2025-06-16,02:15:00,02:30:00,1,,,0,1,0,0,0,0,0,0,0,0,0,0,0,0
Input_xlxs.xlsx,Input_xlxs,Moose Lodge Rd,NB,2025-06-16,02:30:00,02:45:00,2,,,0,1,1,0,0,0,0,0,0,0,0,0,0,0
Input_xlxs.xlsx,Input_xlxs,Moose Lodge Rd,NB,2025-06-16,02:45:00,03:00:00,1,,,0,1,0,0,0,0,0,0,0,0,0,0,0,0
Input_xlxs.xlsx,Input_xlxs,Moose Lodge Rd,NB,2025-06-16,03:00:00,03:15:00,1,,,0,0,0,0,0,1,0,0,0,0,0,0,0,0
Input_xlxs.xlsx,Input_xlxs,Moose Lodge Rd,NB,2025-06-16,03:15:00,03:30:00,1,,,0,0,1,0,0,0,0,0,0,0,0,0,0,0
Input_xlxs.xlsx,Input_xlxs,Moose Lodge Rd,NB,2025-06-16,03:30:00,03:45:00,1,,,0,0,0,0,1,0,0,0,0,0,0,0,0,0
Input_xlxs.xlsx,Input_xlxs,Moose Lodge Rd,NB,2025-06-16,03:45:00,04:00:00,2,,,0,1,1,0,0,0,0,0,0,0,0,0,0,0
Input_xlxs.xlsx,Input_xlxs,Moose Lodge Rd,NB,2025-06-16,04:00:00,04:15:00,4,,,0,2,2,0,0,0,0,0,0,0,0,0,0,0
Input_xlxs.xlsx,Input_xlxs,Moose Lodge Rd,NB,2025-06-16,04:15:00,04:30:00,2,,,0,0,1,0,1,0,0,0,0,0,0,0,0,0
Input_xlxs.xlsx,Input_xlxs,Moose Lodge Rd,NB,2025-06-16,04:30:00,04:45:00,4,,,0,3,1,0,0,0,0,0,0,0,0,0,0,0
Input_xlxs.xlsx,Input_xlxs,Moose Lodge Rd,NB,2025-06-16,04:45:00,05:00:00,7,,,0,2,4,0,1,0,0,0,0,0,0,0,0,0
Input_xlxs.xlsx,Input_xlxs,Moose Lodge Rd,NB,2025-06-16,05:00:00,05:15:00,5,,,0,1,1,0,3,0,0,0,0,0,0,0,0,0
Input_xlxs.xlsx,Input_xlxs,Moose Lodge Rd,NB,2025-06-16,05:15:00,05:30:00,7,,,0,1,2,0,2,1,0,1,0,0,0,0,0,0
Input_xlxs.xlsx,Input_xlxs,Moose Lodge Rd,NB,2025-06-16,05:30:00,05:45:00,17,,,0,9,6,0,2,0,0,0,0,0,0,0,0,0
Input_xlxs.xlsx,Input_xlxs,Moose Lodge Rd,NB,2025-06-16,05:45:00,06:00:00,19,,,0,6,4,1,7,1,0,0,0,0,0,0,0,0
Input_xlxs.xlsx,Input_xlxs,Moose Lodge Rd,NB,2025-06-16,06:00:00,06:15:00,30,,,0,9,12,0,8,1,0,0,0,0,0,0,0,0
Input_xlxs.xlsx,Input_xlxs,Moose Lodge Rd,NB,2025-06-16,06:15:00,06:30:00,30,,,0,10,9,0,11,0,0,0,0,0,0,0,0,0
Input_xlxs.xlsx,Input_xlxs,Moose Lodge Rd,NB,2025-06-16,06:30:00,06:45:00,27,,,0,11,13,1,2,0,0,0,0,0,0,0,0,0
Input_xlxs.xlsx,Input_xlxs,Moose Lodge Rd,NB,2025-06-16,06:45:00,07:00:00,40,,,0,15,11,1,11,0,0,2,0,0,0,0,0,0
Input_xlxs.xlsx,Input_xlxs,Moose Lodge Rd,NB,2025-06-16,07:00:00,07:15:00,40,,,0,17,14,1,7,0,0,1,0,0,0,0,0,0
Input_xlxs.xlsx,Input_xlxs,Moose Lodge Rd,NB,2025-06-16,07:15:00,07:30:00,55,,,0,27,19,0,8,1,0,0,0,0,0,0,0,0
Input_xlxs.xlsx,Input_xlxs,Moose Lodge Rd,NB,2025-06-16,07:30:00,07:45:00,67,,,0,29,22,2,12,0,0,2,0,0,0,0,0,0
Input_xlxs.xlsx,Input_xlxs,Moose Lodge Rd,NB,2025-06-16,07:45:00,08:00:00,74,,,0,40,23,0,11,0,0,0,0,0,0,0,0,0
Input_xlxs.xlsx,Input_xlxs,Moose Lodge Rd,NB,2025-06-16,08:00:00,08:15:00,39,,,0,14,16,1,7,0,0,1,0,0,0,0,0,0
Input_xlxs.xlsx,Input_xlxs,Moose Lodge Rd,NB,2025-06-16,08:15:00,08:30:00,51,,,0,21,22,1,7,0,0,0,0,0,0,0,0,0
Input_xlxs.xlsx,Input_xlxs,Moose Lodge Rd,NB,2025-06-16,08:30:00,08:45:00,32,,,0,15,12,0,3,0,0,1,1,0,0,0,0,0
Input_xlxs.xlsx,Input_xlxs,Moose Lodge Rd,NB,2025-06-16,08:45:00,09:00:00,32,,,0,14,7,1,9,1,0,0,0,0,0,0,0,0
Input_xlxs.xlsx,Input_xlxs,Moose Lodge Rd,NB,2025-06-16,09:00:00,09:15:00,26,,,0,10,5,0,9,2,0,0,0,0,0,0,0,0
Input_xlxs.xlsx,Input_xlxs,Moose Lodge Rd,NB,2025-06-16,09:15:00,09:30:00,25,,,0,11,5,0,8,0,0,1,0,0,0,0,0,0
Input_xlxs.xlsx,Input_xlxs,Moose Lodge Rd,NB,2025-06-16,09:30:00,09:45:00,34,,,0,17,9,0,5,0,0,3,0,0,0,0,0,0
Input_xlxs.xlsx,Input_xlxs,Moose Lodge Rd,NB,2025-06-16,09:45:00,10:00:00,25,,,0,12,8,0,4,0,0,1,0,0,0,0,0,0
Input_xlxs.xlsx,Input_xlxs,Moose Lodge Rd,NB,2025-06-16,10:00:00,10:15:00,20,,,0,8,7,0,3,1,0,1,0,0,0,0,0,0
Input_xlxs.xlsx,Input_xlxs,Moose Lodge Rd,NB,2025-06-16,10:15:00,10:30:00,17,,,0,10,3,2,2,0,0,0,0,0,0,0,0,0
Input_xlxs.xlsx,Input_xlxs,Moose Lodge Rd,NB,2025-06-16,10:30:00,10:45:00,38,,,0,12,10,0,10,1,0,4,1,0,0,0,0,0
Input_xlxs.xlsx,Input_xlxs,Moose Lodge Rd,NB,2025-06-16,10:45:00,11:00:00,26,,,0,9,14,0,3,0,0,0,0,0,0,0,0,0
Input_xlxs.xlsx,Input_xlxs,Moose Lodge Rd,NB,2025-06-16,11:00:00,11:15:00,25,,,0,7,9,1,5,0,0,1,2,0,0,0,0,0
Input_xlxs.xlsx,Input_xlxs,Moose Lodge Rd,NB,2025-06-16,11:15:00,11:30:00,18,,,0,10,4,0,3,1,0,0,0,0,0,0,0,0
Input_xlxs.xlsx,Input_xlxs,Moose Lodge Rd,NB,2025-06-16,11:30:00,11:45:00,25,,,0,11,7,1,3,1,0,1,1,0,0,0,0,0
Input_xlxs.xlsx,Input_xlxs,Moose Lodge Rd,NB,2025-06-16,11:45:00,12:00:00,22,,,0,8,9,0,5,0,0,0,0,0,0,0,0,0
Input_xlxs.xlsx,Input_xlxs,Moose Lodge Rd,NB,2025-06-16,12:00:00,12:15:00,14,,,0,5,3,0,4,0,0,2,0,0,0,0,0,0
Input_xlxs.xlsx,Input_xlxs,Moose Lodge Rd,NB,2025-06-16,12:15:00,12:30:00,30,,,0,13,10,0,7,0,0,0,0,0,0,0,0,0
Input_xlxs.xlsx,Input_xlxs,Moose Lodge Rd,NB,2025-06-16,12:30:00,12:45:00,29,,,0,15,5,0,8,0,0,1,0,0,0,0,0,0
Input_xlxs.xlsx,Input_xlxs,Moose Lodge Rd,NB,2025-06-16,12:45:00,13:00:00,26,,,0,13,8,1,4,0,0,0,0,0,0,0,0,0
Input_xlxs.xlsx,Input_xlxs,Moose Lodge Rd,NB,2025-06-16,13:00:00,13:15:00,25,,,0,10,8,0,5,0,0,2,0,0,0,0,0,0
Input_xlxs.xlsx,Input_xlxs,Moose Lodge Rd,NB,2025-06-16,13:15:00,13:30:00,25,,,0,9,5,2,7,0,0,2,0,0,0,0,0,0
Input_xlxs.xlsx,Input_xlxs,Moose Lodge Rd,NB,2025-06-16,13:30:00,13:45:00,30,,,0,19,4,1,6,0,0,0,0,0,0,0,0,0
Input_xlxs.xlsx,Input_xlxs,Moose Lodge Rd,NB,2025-06-16,13:45:00,14:00:00,28,,,0,9,10,2,4,0,0,2,1,0,0,0,0,0
Input_xlxs.xlsx,Input_xlxs,Moose Lodge Rd,NB,2025-06-16,14:00:00,14:15:00,29,,,0,10,9,0,9,1,0,0,0,0,0,0,0,0
Input_xlxs.xlsx,Input_xlxs,Moose Lodge Rd,NB,2025-06-16,14:15:00,14:30:00,31,,,0,13,11,2,3,0,0,1,1,0,0,0,0,0
Input_xlxs.xlsx,Input_xlxs,Moose Lodge Rd,NB,2025-06-16,14:30:00,14:45:00,30,,,0,19,7,0,3,0,0,0,1,0,0,0,0,0
Input_xlxs.xlsx,Input_xlxs,Moose Lodge Rd,NB,2025-06-16,14:45:00,15:00:00,25,,,0,10,11,0,4,0,0,0,0,0,0,0,0,0
Input_xlxs.xlsx,Input_xlxs,Moose Lodge Rd,NB,2025-06-16,15:00:00,15:15:00,33,,,0,12,8,2,8,0,0,2,1,0,0,0,0,0
Input_xlxs.xlsx,Input_xlxs,Moose Lodge Rd,NB,2025-06-16,15:15:00,15:30:00,25,,,0,6,10,0,8,0,0,1,0,0,0,0,0,0
Input_xlxs.xlsx,Input_xlxs,Moose Lodge Rd,NB,2025-06-16,15:30:00,15:45:00,24,,,0,10,8,1,5,0,0,0,0,0,0,0,0,0
Input_xlxs.xlsx,Input_xlxs,Moose Lodge Rd,NB,2025-06-16,15:45:00,16:00:00,37,,,0,13,13,0,8,0,0,2,1,0,0,0,0,0
Input_xlxs.xlsx,Input_xlxs,Moose Lodge Rd,NB,2025-06-16,16:00:00,16:15:00,28,,,0,11,12,0,4,0,0,1,0,0,0,0,0,0
Input_xlxs.xlsx,Input_xlxs,Moose Lodge Rd,NB,2025-06-16,16:15:00,16:30:00,30,,,1,13,8,0,5,1,0,2,0,0,0,0,0,0
Input_xlxs.xlsx,Input_xlxs,Moose Lodge Rd,NB,2025-06-16,16:30:00,16:45:00,28,,,0,13,7,0,6,0,0,2,0,0,0,0,0,0
Input_xlxs.xlsx,Input_xlxs,Moose Lodge Rd,NB,2025-06-16,16:45:00,17:00:00,41,,,0,16,14,0,9,0,0,2,0,0,0,0,0,0
Input_xlxs.xlsx,Input_xlxs,Moose Lodge Rd,NB,2025-06-16,17:00:00,17:15:00,38,,,1,12,12,0,10,1,0,2,0,0,0,0,0,0
Input_xlxs.xlsx,Input_xlxs,Moose Lodge Rd,NB,2025-06-16,17:15:00,17:30:00,35,,,0,16,11,0,8,0,0,0,0,0,0,0,0,0
Input_xlxs.xlsx,Input_xlxs,Moose Lodge Rd,NB,2025-06-16,17:30:00,17:45:00,22,,,0,9,6,0,7,0,0,0,0,0,0,0,0,0
Input_xlxs.xlsx,Input_xlxs,Moose Lodge Rd,NB,2025-06-16,17:45:00,18:00:00,25,,,0,13,7,0,5,0,0,0,0,0,0,0,0,0
Input_xlxs.xlsx,Input_xlxs,Moose Lodge Rd,NB,2025-06-16,18:00:00,18:15:00,14,,,0,5,5,0,4,0,0,0,0,0,0,0,0,0
Input_xlxs.xlsx,Input_xlxs,Moose Lodge Rd,NB,2025-06-16,18:15:00,18:30:00,20,,,0,5,9,0,6,0,0,0,0,0,0,0,0,0
Input_xlxs.xlsx,Input_xlxs,Moose Lodge Rd,NB,2025-06-16,18:30:00,18:45:00,20,,,0,5,8,0,6,0,0,1,0,0,0,0,0,0
Input_xlxs.xlsx,Input_xlxs,Moose Lodge Rd,NB,2025-06-16,18:45:00,19:00:00,16,,,0,4,8,0,2,0,0,2,0,0,0,0,0,0
Input_xlxs.xlsx,Input_xlxs,Moose Lodge Rd,NB,2025-06-16,19:00:00,19:15:00,15,,,0,4,6,0,5,0,0,0,0,0,0,0,0,0
Input_xlxs.xlsx,Input_xlxs,Moose Lodge Rd,NB,2025-06-16,19:15:00,19:30:00,11,,,0,7,3,0,1,0,0,0,0,0,0,0,0,0
Input_xlxs.xlsx,Input_xlxs,Moose Lodge Rd,NB,2025-06-16,19:30:00,19:45:00,5,,,0,2,3,0,0,0,0,0,0,0,0,0,0,0
Input_xlxs.xlsx,Input_xlxs,Moose Lodge Rd,NB,2025-06-16,19:45:00,20:00:00,16,,,0,8,5,0,3,0,0,0,0,0,0,0,0,0
Input_xlxs.xlsx,Input_xlxs,Moose Lodge Rd,NB,2025-06-16,20:00:00,20:15:00,8,,,0,4,2,0,1,0,0,1,0,0,0,0,0,0
Input_xlxs.xlsx,Input_xlxs,Moose Lodge Rd,NB,2025-06-16,20:15:00,20:30:00,8,,,0,4,2,0,1,0,0,1,0,0,0,0,0,0
Input_xlxs.xlsx,Input_xlxs,Moose Lodge Rd,NB,2025-06-16,20:30:00,20:45:00,5,,,0,2,2,0,1,0,0,0,0,0,0,0,0,0
Input_xlxs.xlsx,Input_xlxs,Moose Lodge Rd,NB,2025-06-16,20:45:00,21:00:00,9,,,0,4,3,0,1,0,0,1,0,0,0,0,0,0
Input_xlxs.xlsx,Input_xlxs,Moose Lodge Rd,NB,2025-06-16,21:00:00,21:15:00,10,,,0,7,2,0,1,0,0,0,0,0,0,0,0,0
Input_xlxs.xlsx,Input_xlxs,Moose Lodge Rd,NB,2025-06-16,21:15:00,21:30:00,9,,,0,4,3,0,1,0,0,1,0,0,0,0,0,0
Input_xlxs.xlsx,Input_xlxs,Moose Lodge Rd,NB,2025-06-16,21:30:00,21:45:00,7,,,0,4,0,0,2,0,0,1,0,0,0,0,0,0
Input_xlxs.xlsx,Input_xlxs,Moose Lodge Rd,NB,2025-06-16,21:45:00,22:00:00,8,,,0,6,1,0,1,0,0,0,0,0,0,0,0,0
Input_xlxs.xlsx,Input_xlxs,Moose Lodge Rd,NB,2025-06-16,22:00:00,22:15:00,7,,,0,3,3,0,1,0,0,0,0,0,0,0,0,0
Input_xlxs.xlsx,Input_xlxs,Moose Lodge Rd,NB,2025-06-16,22:15:00,22:30:00,4,,,0,2,1,0,1,0,0,0,0,0,0,0,0,0
Input_xlxs.xlsx,Input_xlxs,Moose Lodge Rd,NB,2025-06-16,22:30:00,22:45:00,5,,,0,2,3,0,0,0,0,0,0,0,0,0,0,0
Input_xlxs.xlsx,Input_xlxs,Moose Lodge Rd,NB,2025-06-16,22:45:00,23:00:00,4,,,0,1,1,0,2,0,0,0,0,0,0,0,0,0
Input_xlxs.xlsx,Input_xlxs,Moose Lodge Rd,NB,2025-06-16,23:00:00,23:15:00,2,,,0,0,2,0,0,0,0,0,0,0,0,0,0,0
Input_xlxs.xlsx,Input_xlxs,Moose Lodge Rd,NB,2025-06-16,23:15:00,23:30:00,1,,,0,1,0,0,0,0,0,0,0,0,0,0,0,0
Input_xlxs.xlsx,Input_xlxs,Moose Lodge Rd,NB,2025-06-16,23:30:00,23:45:00,2,,,0,1,1,0,0,0,0,0,0,0,0,0,0,0
Input_xlxs.xlsx,Input_xlxs,Moose Lodge Rd,NB,2025-06-16,23:45:00,00:00:00,2,,,0,1,1,0,0,0,0,0,0,0,0,0,0,0
Input_xlxs.xlsx,Input_xlxs,Moose Lodge Rd,NB,2025-06-17,00:00:00,00:15:00,3,,,0,1,2,0,0,0,0,0,0,0,0,0,0,0
Input_xlxs.xlsx,Input_xlxs,Moose Lodge Rd,NB,2025-06-17,00:15:00,00:30:00,1,,,0,0,1,0,0,0,0,0,0,0,0,0,0,0
Input_xlxs.xlsx,Input_xlxs,Moose Lodge Rd,NB,2025-06-17,00:30:00,00:45:00,1,,,0,0,0,0,1,0,0,0,0,0,0,0,0,0
Input_xlxs.xlsx,Input_xlxs,Moose Lodge Rd,NB,2025-06-17,00:45:00,01:00:00,1,,,0,0,1,0,0,0,0,0,0,0,0,0,0,0
Input_xlxs.xlsx,Input_xlxs,Moose Lodge Rd,NB,2025-06-17,01:00:00,01:15:00,0,,,0,0,0,0,0,0,0,0,0,0,0,0,0,0
Input_xlxs.xlsx,Input_xlxs,Moose Lodge Rd,NB,2025-06-17,01:15:00,01:30:00,3,,,0,2,0,0,1,0,0,0,0,0,0,0,0,0
Input_xlxs.xlsx,Input_xlxs,Moose Lodge Rd,NB,2025-06-17,01:30:00,01:45:00,0,,,0,0,0,0,0,0,0,0,0,0,0,0,0,0
Input_xlxs.xlsx,Input_xlxs,Moose Lodge Rd,NB,2025-06-17,01:45:00,02:00:00,3,,,0,1,1,0,0,0,0,0,1,0,0,0,0,0
Input_xlxs.xlsx,Input_xlxs,Moose Lodge Rd,NB,2025-06-17,02:00:00,02:15:00,2,,,0,1,1,0,0,0,0,0,0,0,0,0,0,0
Input_xlxs.xlsx,Input_xlxs,Moose Lodge Rd,NB,2025-06-17,02:15:00,02:30:00,1,,,0,0,1,0,0,0,0,0,0,0,0,0,0,0
Input_xlxs.xlsx,Input_xlxs,Moose Lodge Rd,NB,2025-06-17,02:30:00,02:45:00,1,,,0,0,1,0,0,0,0,0,0,0,0,0,0,0
Input_xlxs.xlsx,Input_xlxs,Moose Lodge Rd,NB,2025-06-17,02:45:00,03:00:00,2,,,0,1,1,0,0,0,0,0,0,0,0,0,0,0
Input_xlxs.xlsx,Input_xlxs,Moose Lodge Rd,NB,2025-06-17,03:00:00,03:15:00,2,,,0,0,1,0,1,0,0,0,0,0,0,0,0,0
Input_xlxs.xlsx,Input_xlxs,Moose Lodge Rd,NB,2025-06-17,03:15:00,03:30:00,2,,,0,0,1,0,1,0,0,0,0,0,0,0,0,0
Input_xlxs.xlsx,Input_xlxs,Moose Lodge Rd,NB,2025-06-17,03:30:00,03:45:00,2,,,0,2,0,0,0,0,0,0,0,0,0,0,0,0
Input_xlxs.xlsx,Input_xlxs,Moose Lodge Rd,NB,2025-06-17,03:45:00,04:00:00,0,,,0,0,0,0,0,0,0,0,0,0,0,0,0,0
Input_xlxs.xlsx,Input_xlxs,Moose Lodge Rd,NB,2025-06-17,04:00:00,04:15:00,4,,,0,2,1,0,1,0,0,0,0,0,0,0,0,0
Input_xlxs.xlsx,Input_xlxs,Moose Lodge Rd,NB,2025-06-17,04:15:00,04:30:00,3,,,0,2,0,0,0,1,0,0,0,0,0,0,0,0
Input_xlxs.xlsx,Input_xlxs,Moose Lodge Rd,NB,2025-06-17,04:30:00,04:45:00,0,,,0,0,0,0,0,0,0,0,0,0,0,0,0,0
Input_xlxs.xlsx,Input_xlxs,Moose Lodge Rd,NB,2025-06-17,04:45:00,05:00:00,3,,,0,1,2,0,0,0,0,0,0,0,0,0,0,0
Input_xlxs.xlsx,Input_xlxs,Moose Lodge Rd,NB,2025-06-17,05:00:00,05:15:00,7,,,0,2,3,0,2,0,0,0,0,0,0,0,0,0
Input_xlxs.xlsx,Input_xlxs,Moose Lodge Rd,NB,2025-06-17,05:15:00,05:30:00,9,,,0,2,2,0,5,0,0,0,0,0,0,0,0,0
Input_xlxs.xlsx,Input_xlxs,Moose Lodge Rd,NB,2025-06-17,05:30:00,05:45:00,25,,,0,11,9,0,5,0,0,0,0,0,0,0,0,0
Input_xlxs.xlsx,Input_xlxs,Moose Lodge Rd,NB,2025-06-17,05:45:00,06:00:00,15,,,0,5,4,1,5,0,0,0,0,0,0,0,0,0
Input_xlxs.xlsx,Input_xlxs,Moose Lodge Rd,NB,2025-06-17,06:00:00,06:15:00,26,,,0,8,9,0,8,1,0,0,0,0,0,0,0,0
Input_xlxs.xlsx,Input_xlxs,Moose Lodge Rd,NB,2025-06-17,06:15:00,06:30:00,24,,,0,8,8,0,8,0,0,0,0,0,0,0,0,0
Input_xlxs.xlsx,Input_xlxs,Moose Lodge Rd,NB,2025-06-17,06:30:00,06:45:00,28,,,0,7,13,0,7,0,0,0,1,0,0,0,0,0
Input_xlxs.xlsx,Input_xlxs,Moose Lodge Rd,NB,2025-06-17,06:45:00,07:00:00,37,,,0,13,13,1,10,0,0,0,0,0,0,0,0,0
Input_xlxs.xlsx,Input_xlxs,Moose Lodge Rd,NB,2025-06-17,07:00:00,07:15:00,43,,,1,21,12,0,9,0,0,0,0,0,0,0,0,0
Input_xlxs.xlsx,Input_xlxs,Moose Lodge Rd,NB,2025-06-17,07:15:00,07:30:00,46,,,0,20,17,0,9,0,0,0,0,0,0,0,0,0
Input_xlxs.xlsx,Input_xlxs,Moose Lodge Rd,NB,2025-06-17,07:30:00,07:45:00,79,,,0,46,18,0,14,0,0,1,0,0,0,0,0,0
Input_xlxs.xlsx,Input_xlxs,Moose Lodge Rd,NB,2025-06-17,07:45:00,08:00:00,65,,,0,30,26,1,8,0,0,0,0,0,0,0,0,0
Input_xlxs.xlsx,Input_xlxs,Moose Lodge Rd,NB,2025-06-17,08:00:00,08:15:00,44,,,0,15,19,1,8,1,0,0,0,0,0,0,0,0
Input_xlxs.xlsx,Input_xlxs,Moose Lodge Rd,NB,2025-06-17,08:15:00,08:30:00,48,,,0,24,19,1,2,0,0,2,0,0,0,0,0,0
Input_xlxs.xlsx,Input_xlxs,Moose Lodge Rd,NB,2025-06-17,08:30:00,08:45:00,37,,,0,16,17,0,4,0,0,0,0,0,0,0,0,0
Input_xlxs.xlsx,Input_xlxs,Moose Lodge Rd,NB,2025-06-17,08:45:00,09:00:00,37,,,0,14,18,0,3,0,0,2,0,0,0,0,0,0
Input_xlxs.xlsx,Input_xlxs,Moose Lodge Rd,NB,2025-06-17,09:00:00,09:15:00,27,,,0,13,6,0,8,0,0,0,0,0,0,0,0,0
Input_xlxs.xlsx,Input_xlxs,Moose Lodge Rd,NB,2025-06-17,09:15:00,09:30:00,26,,,0,8,7,3,7,0,0,0,1,0,0,0,0,0
Input_xlxs.xlsx,Input_xlxs,Moose Lodge Rd,NB,2025-06-17,09:30:00,09:45:00,33,,,0,19,9,0,4,0,0,1,0,0,0,0,0,0
Input_xlxs.xlsx,Input_xlxs,Moose Lodge Rd,NB,2025-06-17,09:45:00,10:00:00,30,,,0,14,5,1,8,0,0,2,0,0,0,0,0,0
Input_xlxs.xlsx,Input_xlxs,Moose Lodge Rd,NB,2025-06-17,10:00:00,10:15:00,17,,,0,10,5,0,2,0,0,0,0,0,0,0,0,0
Input_xlxs.xlsx,Input_xlxs,Moose Lodge Rd,NB,2025-06-17,10:15:00,10:30:00,29,,,0,12,9,2,5,0,0,1,0,0,0,0,0,0
Input_xlxs.xlsx,Input_xlxs,Moose Lodge Rd,NB,2025-06-17,10:30:00,10:45:00,32,,,0,7,12,2,8,1,0,2,0,0,0,0,0,0
Input_xlxs.xlsx,Input_xlxs,Moose Lodge Rd,NB,2025-06-17,10:45:00,11:00:00,22,,,0,9,8,1,3,0,0,0,1,0,0,0,0,0
Input_xlxs.xlsx,Input_xlxs,Moose Lodge Rd,NB,2025-06-17,11:00:00,11:15:00,26,,,0,7,11,1,6,0,0,1,0,0,0,0,0,0
Input_xlxs.xlsx,Input_xlxs,Moose Lodge Rd,NB,2025-06-17,11:15:00,11:30:00,37,,,0,19,10,1,6,0,0,0,1,0,0,0,0,0
Input_xlxs.xlsx,Input_xlxs,Moose Lodge Rd,NB,2025-06-17,11:30:00,11:45:00,30,,,0,13,10,1,3,1,0,2,0,0,0,0,0,0
Input_xlxs.xlsx,Input_xlxs,Moose Lodge Rd,NB,2025-06-17,11:45:00,12:00:00,21,,,0,9,6,1,3,1,0,1,0,0,0,0,0,0
Input_xlxs.xlsx,Input_xlxs,Moose Lodge Rd,NB,2025-06-17,12:00:00,12:15:00,32,,,0,12,16,0,4,0,0,0,0,0,0,0,0,0
Input_xlxs.xlsx,Input_xlxs,Moose Lodge Rd,NB,2025-06-17,12:15:00,12:30:00,29,,,0,13,10,1,5,0,0,0,0,0,0,0,0,0
Input_xlxs.xlsx,Input_xlxs,Moose Lodge Rd,NB,2025-06-17,12:30:00,12:45:00,33,,,0,19,9,0,3,0,0,2,0,0,0,0,0,0
Input_xlxs.xlsx,Input_xlxs,Moose Lodge Rd,NB,2025-06-17,12:45:00,13:00:00,21,,,0,12,6,2,1,0,0,0,0,0,0,0,0,0
Input_xlxs.xlsx,Input_xlxs,Moose Lodge Rd,NB,2025-06-17,13:00:00,13:15:00,27,,,0,14,7,0,6,0,0,0,0,0,0,0,0,0
Input_xlxs.xlsx,Input_xlxs,Moose Lodge Rd,NB,2025-06-17,13:15:00,13:30:00,19,,,0,12,4,0,3,0,0,0,0,0,0,0,0,0
Input_xlxs.xlsx,Input_xlxs,Moose Lodge Rd,NB,2025-06-17,13:30:00,13:45:00,34,,,0,11,10,1,11,0,0,1,0,0,0,0,0,0
Input_xlxs.xlsx,Input_xlxs,Moose Lodge Rd,NB,2025-06-17,13:45:00,14:00:00,42,,,0,14,13,2,11,0,0,1,1,0,0,0,0,0
Input_xlxs.xlsx,Input_xlxs,Moose Lodge Rd,NB,2025-06-17,14:00:00,14:15:00,30,,,0,14,7,1,7,0,0,1,0,0,0,0,0,0
Input_xlxs.xlsx,Input_xlxs,Moose Lodge Rd,NB,2025-06-17,14:15:00,14:30:00,33,,,0,17,6,2,8,0,0,0,0,0,0,0,0,0
Input_xlxs.xlsx,Input_xlxs,Moose Lodge Rd,NB,2025-06-17,14:30:00,14:45:00,38,,,0,15,14,1,8,0,0,0,0,0,0,0,0,0
Input_xlxs.xlsx,Input_xlxs,Moose Lodge Rd,NB,2025-06-17,14:45:00,15:00:00,33,,,1,14,12,1,5,0,0,0,0,0,0,0,0,0
Input_xlxs.xlsx,Input_xlxs,Moose Lodge Rd,NB,2025-06-17,15:00:00,15:15:00,29,,,0,9,10,0,8,1,0,1,0,0,0,0,0,0
Input_xlxs.xlsx,Input_xlxs,Moose Lodge Rd,NB,2025-06-17,15:15:00,15:30:00,25,,,0,9,12,0,3,1,0,0,0,0,0,0,0,0
Input_xlxs.xlsx,Input_xlxs,Moose Lodge Rd,NB,2025-06-17,15:30:00,15:45:00,35,,,0,19,8,0,4,0,0,3,1,0,0,0,0,0
Input_xlxs.xlsx,Input_xlxs,Moose Lodge Rd,NB,2025-06-17,15:45:00,16:00:00,29,,,0,10,9,0,8,1,0,0,0,0,0,0,0,1
Input_xlxs.xlsx,Input_xlxs,Moose Lodge Rd,NB,2025-06-17,16:00:00,16:15:00,36,,,0,20,9,2,4,0,0,1,0,0,0,0,0,0
Input_xlxs.xlsx,Input_xlxs,Moose Lodge Rd,NB,2025-06-17,16:15:00,16:30:00,27,,,0,6,12,0,5,1,0,2,1,0,0,0,0,0
Input_xlxs.xlsx,Input_xlxs,Moose Lodge Rd,NB,2025-06-17,16:30:00,16:45:00,29,,,0,12,10,0,7,0,0,0,0,0,0,0,0,0
Input_xlxs.xlsx,Input_xlxs,Moose Lodge Rd,NB,2025-06-17,16:45:00,17:00:00,51,,,2,29,11,0,8,1,0,0,0,0,0,0,0,0
Input_xlxs.xlsx,Input_xlxs,Moose Lodge Rd,NB,2025-06-17,17:00:00,17:15:00,30,,,0,16,6,1,6,0,0,1,0,0,0,0,0,0
Input_xlxs.xlsx,Input_xlxs,Moose Lodge Rd,NB,2025-06-17,17:15:00,17:30:00,32,,,0,11,14,0,7,0,0,0,0,0,0,0,0,0
Input_xlxs.xlsx,Input_xlxs,Moose Lodge Rd,NB,2025-06-17,17:30:00,17:45:00,42,,,0,20,12,0,8,0,0,2,0,0,0,0,0,0
Input_xlxs.xlsx,Input_xlxs,Moose Lodge Rd,NB,2025-06-17,17:45:00,18:00:00,24,,,0,8,10,0,5,0,0,1,0,0,0,0,0,0
Input_xlxs.xlsx,Input_xlxs,Moose Lodge Rd,NB,2025-06-17,18:00:00,18:15:00,27,,,0,17,6,0,4,0,0,0,0,0,0,0,0,0
Input_xlxs.xlsx,Input_xlxs,Moose Lodge Rd,NB,2025-06-17,18:15:00,18:30:00,22,,,0,8,10,0,4,0,0,0,0,0,0,0,0,0
Input_xlxs.xlsx,Input_xlxs,Moose Lodge Rd,NB,2025-06-17,18:30:00,18:45:00,19,,,0,6,9,0,4,0,0,0,0,0,0,0,0,0
Input_xlxs.xlsx,Input_xlxs,Moose Lodge Rd,NB,2025-06-17,18:45:00,19:00:00,16,,,0,10,4,0,1,0,0,1,0,0,0,0,0,0
Input_xlxs.xlsx,Input_xlxs,Moose Lodge Rd,NB,2025-06-17,19:00:00,19:15:00,14,,,0,6,3,0,5,0,0,0,0,0,0,0,0,0
Input_xlxs.xlsx,Input_xlxs,Moose Lodge Rd,NB,2025-06-17,19:15:00,19:30:00,15,,,0,4,8,0,1,0,0,2,0,0,0,0,0,0
Input_xlxs.xlsx,Input_xlxs,Moose Lodge Rd,NB,2025-06-17,19:30:00,19:45:00,11,,,0,6,5,0,0,0,0,0,0,0,0,0,0,0
Input_xlxs.xlsx,Input_xlxs,Moose Lodge Rd,NB,2025-06-17,19:45:00,20:00:00,11,,,0,8,1,0,2,0,0,0,0,0,0,0,0,0
Input_xlxs.xlsx,Input_xlxs,Moose Lodge Rd,NB,2025-06-17,20:00:00,20:15:00,12,,,0,7,2,0,2,0,0,1,0,0,0,0,0,0
Input_xlxs.xlsx,Input_xlxs,Moose Lodge Rd,NB,2025-06-17,20:15:00,20:30:00,8,,,0,4,4,0,0,0,0,0,0,0,0,0,0,0
Input_xlxs.xlsx,Input_xlxs,Moose Lodge Rd,NB,2025-06-17,20:30:00,20:45:00,11,,,0,6,3,0,1,0,0,1,0,0,0,0,0,0
Input_xlxs.xlsx,Input_xlxs,Moose Lodge Rd,NB,2025-06-17,20:45:00,21:00:00,13,,,0,7,5,0,1,0,0,0,0,0,0,0,0,0
Input_xlxs.xlsx,Input_xlxs,Moose Lodge Rd,NB,2025-06-17,21:00:00,21:15:00,7,,,0,4,3,0,0,0,0,0,0,0,0,0,0,0
Input_xlxs.xlsx,Input_xlxs,Moose Lodge Rd,NB,2025-06-17,21:15:00,21:30:00,12,,,0,7,4,0,0,0,0,1,0,0,0,0,0,0
Input_xlxs.xlsx,Input_xlxs,Moose Lodge Rd,NB,2025-06-17,21:30:00,21:45:00,12,,,0,8,0,0,4,0,0,0,0,0,0,0,0,0
Input_xlxs.xlsx,Input_xlxs,Moose Lodge Rd,NB,2025-06-17,21:45:00,22:00:00,4,,,0,1,3,0,0,0,0,0,0,0,0,0,0,0
Input_xlxs.xlsx,Input_xlxs,Moose Lodge Rd,NB,2025-06-17,22:00:00,22:15:00,11,,,0,4,5,0,2,0,0,0,0,0,0,0,0,0
Input_xlxs.xlsx,Input_xlxs,Moose Lodge Rd,NB,2025-06-17,22:15:00,22:30:00,6,,,0,3,1,0,1,0,0,0,1,0,0,0,0,0
Input_xlxs.xlsx,Input_xlxs,Moose Lodge Rd,NB,2025-06-17,22:30:00,22:45:00,3,,,0,0,2,0,1,0,0,0,0,0,0,0,0,0
Input_xlxs.xlsx,Input_xlxs,Moose Lodge Rd,NB,2025-06-17,22:45:00,23:00:00,3,,,0,2,1,0,0,0,0,0,0,0,0,0,0,0
Input_xlxs.xlsx,Input_xlxs,Moose Lodge Rd,NB,2025-06-17,23:00:00,23:15:00,3,,,0,2,0,0,1,0,0,0,0,0,0,0,0,0
Input_xlxs.xlsx,Input_xlxs,Moose Lodge Rd,NB,2025-06-17,23:15:00,23:30:00,1,,,0,1,0,0,0,0,0,0,0,0,0,0,0,0
Input_xlxs.xlsx,Input_xlxs,Moose Lodge Rd,NB,2025-06-17,23:30:00,23:45:00,0,,,0,0,0,0,0,0,0,0,0,0,0,0,0,0
Input_xlxs.xlsx,Input_xlxs,Moose Lodge Rd,NB,2025-06-17,23:45:00,00:00:00,3,,,0,0,2,0,0,0,0,1,0,0,0,0,0,0
