SourceFile,CountName,SiteName,Direction,CountDate,StartTime,EndTime,LengthBin,VehicleCount,SiteCode,StationID
input_xlsx.xlsx,"ATR 1. Point Township Dr, south of Ridge Rd",Point Township Dr,WB,2026-04-21,10:00:00,10:15:00,0 to 72,0,,
input_xlsx.xlsx,"ATR 1. Point Township Dr, south of Ridge Rd",Point Township Dr,WB,2026-04-21,10:00:00,10:15:00,>72 to 120,0,,
input_xlsx.xlsx,"ATR 1. Point Township Dr, south of Ridge Rd",Point Township Dr,WB,2026-04-21,10:00:00,10:15:00,>120 to 180,0,,
input_xlsx.xlsx,"ATR 1. Point Township Dr, south of Ridge Rd",Point Township Dr,WB,2026-04-21,10:00:00,10:15:00,>180 to 240,0,,
input_xlsx.xlsx,"ATR 1. Point Township Dr, south of Ridge Rd",Point Township Dr,WB,2026-04-21,10:00:00,10:15:00,>240 to 300,0,,
input_xlsx.xlsx,"ATR 1. Point Township Dr, south of Ridge Rd",Point Township Dr,WB,2026-04-21,10:00:00,10:15:00,>300 to 360,0,,
input_xlsx.xlsx,"ATR 1. Point Township Dr, south of Ridge Rd",Point Township Dr,WB,2026-04-21,10:00:00,10:15:00,>360 to 480,0,,
input_xlsx.xlsx,"ATR 1. Point Township Dr, south of Ridge Rd",Point Township Dr,WB,2026-04-21,10:00:00,10:15:00,>480 to 600,0,,
input_xlsx.xlsx,"ATR 1. Point Township Dr, south of Ridge Rd",Point Township Dr,WB,2026-04-21,10:00:00,10:15:00,>600 to 720,0,,
input_xlsx.xlsx,"ATR 1. Point Township Dr, south of Ridge Rd",Point Township Dr,WB,2026-04-21,10:00:00,10:15:00,>720 to 840,0,,
input_xlsx.xlsx,"ATR 1. Point Township Dr, south of Ridge Rd",Point Township Dr,WB,2026-04-21,10:00:00,10:15:00,>840 to 960,0,,
input_xlsx.xlsx,"ATR 1. Point Township Dr, south of Ridge Rd",Point Township Dr,WB,2026-04-21,10:00:00,10:15:00,> 960,0,,
input_xlsx.xlsx,"ATR 1. Point Township Dr, south of Ridge Rd",Point Township Dr,WB,2026-04-21,10:15:00,10:30:00,0 to 72,0,,
input_xlsx.xlsx,"ATR 1. Point Township Dr, south of Ridge Rd",Point Township Dr,WB,2026-04-21,10:15:00,10:30:00,>72 to 120,0,,
input_xlsx.xlsx,"ATR 1. Point Township Dr, south of Ridge Rd",Point Township Dr,WB,2026-04-21,10:15:00,10:30:00,>120 to 180,0,,
input_xlsx.xlsx,"ATR 1. Point Township Dr, south of Ridge Rd",Point Township Dr,WB,2026-04-21,10:15:00,10:30:00,>180 to 240,0,,
input_xlsx.xlsx,"ATR 1. Point Township Dr, south of Ridge Rd",Point Township Dr,WB,2026-04-21,10:15:00,10:30:00,>240 to 300,0,,
input_xlsx.xlsx,"ATR 1. Point Township Dr, south of Ridge Rd",Point Township Dr,WB,2026-04-21,10:15:00,10:30:00,>300 to 360,0,,
input_xlsx.xlsx,"ATR 1. Point Township Dr, south of Ridge Rd",Point Township Dr,WB,2026-04-21,10:15:00,10:30:00,>360 to 480,0,,
input_xlsx.xlsx,"ATR 1. Point Township Dr, south of Ridge Rd",Point Township Dr,WB,2026-04-21,10:15:00,10:30:00,>480 to 600,0,,
input_xlsx.xlsx,"ATR 1. Point Township Dr, south of Ridge Rd",Point Township Dr,WB,2026-04-21,10:15:00,10:30:00,>600 to 720,0,,
input_xlsx.xlsx,"ATR 1. Point Township Dr, south of Ridge Rd",Point Township Dr,WB,2026-04-21,10:15:00,10:30:00,>720 to 840,0,,
input_xlsx.xlsx,"ATR 1. Point Township Dr, south of Ridge Rd",Point Township Dr,WB,2026-04-21,10:15:00,10:30:00,>840 to 960,0,,
input_xlsx.xlsx,"ATR 1. Point Township Dr, south of Ridge Rd",Point Township Dr,WB,2026-04-21,10:15:00,10:30:00,> 960,0,,
input_xlsx.xlsx,"ATR 1. Point Township Dr, south of Ridge Rd",Point Township Dr,WB,2026-04-21,10:30:00,10:45:00,0 to 72,0,,
input_xlsx.xlsx,"ATR 1. Point Township Dr, south of Ridge Rd",Point Township Dr,WB,2026-04-21,10:30:00,10:45:00,>72 to 120,0,,
input_xlsx.xlsx,"ATR 1. Point Township Dr, south of Ridge Rd",Point Township Dr,WB,2026-04-21,10:30:00,10:45:00,>120 to 180,3,,
input_xlsx.xlsx,"ATR 1. Point Township Dr, south of Ridge Rd",Point Township Dr,WB,2026-04-21,10:30:00,10:45:00,>180 to 240,1,,
input_xlsx.xlsx,"ATR 1. Point Township Dr, south of Ridge Rd",Point Township Dr,WB,2026-04-21,10:30:00,10:45:00,>240 to 300,0,,
input_xlsx.xlsx,"ATR 1. Point Township Dr, south of Ridge Rd",Point Township Dr,WB,2026-04-21,10:30:00,10:45:00,>300 to 360,0,,
input_xlsx.xlsx,"ATR 1. Point Township Dr, south of Ridge Rd",Point Township Dr,WB,2026-04-21,10:30:00,10:45:00,>360 to 480,0,,
input_xlsx.xlsx,"ATR 1. Point Township Dr, south of Ridge Rd",Point Township Dr,WB,2026-04-21,10:30:00,10:45:00,>480 to 600,0,,
input_xlsx.xlsx,"ATR 1. Point Township Dr, south of Ridge Rd",Point Township Dr,WB,2026-04-21,10:30:00,10:45:00,>600 to 720,0,,
input_xlsx.xlsx,"ATR 1. Point Township Dr, south of Ridge Rd",Point Township Dr,WB,2026-04-21,10:30:00,10:45:00,>720 to 840,0,,
input_xlsx.xlsx,"ATR 1. Point Township Dr, south of Ridge Rd",Point Township Dr,WB,2026-04-21,10:30:00,10:45:00,>840 to 960,0,,
input_xlsx.xlsx,"ATR 1. Point Township Dr, south of Ridge Rd",Point Township Dr,WB,2026-04-21,10:30:00,10:45:00,> 960,0,,
input_xlsx.xlsx,"ATR 1. Point Township Dr, south of Ridge Rd",Point Township Dr,WB,2026-04-21,10:45:00,11:00:00,0 to 72,0,,
input_xlsx.xlsx,"ATR 1. Point Township Dr, south of Ridge Rd",Point Township Dr,WB,2026-04-21,10:45:00,11:00:00,>72 to 120,0,,
input_xlsx.xlsx,"ATR 1. Point Township Dr, south of Ridge Rd",Point Township Dr,WB,2026-04-21,10:45:00,11:00:00,>120 to 180,48,,
input_xlsx.xlsx,"ATR 1. Point Township Dr, south of Ridge Rd",Point Township Dr,WB,2026-04-21,10:45:00,11:00:00,>180 to 240,20,,
input_xlsx.xlsx,"ATR 1. Point Township Dr, south of Ridge Rd",Point Township Dr,WB,2026-04-21,10:45:00,11:00:00,>240 to 300,3,,
input_xlsx.xlsx,"ATR 1. Point Township Dr, south of Ridge Rd",Point Township Dr,WB,2026-04-21,10:45:00,11:00:00,>300 to 360,0,,
input_xlsx.xlsx,"ATR 1. Point Township Dr, south of Ridge Rd",Point Township Dr,WB,2026-04-21,10:45:00,11:00:00,>360 to 480,1,,
input_xlsx.xlsx,"ATR 1. Point Township Dr, south of Ridge Rd",Point Township Dr,WB,2026-04-21,10:45:00,11:00:00,>480 to 600,1,,
input_xlsx.xlsx,"ATR 1. Point Township Dr, south of Ridge Rd",Point Township Dr,WB,2026-04-21,10:45:00,11:00:00,>600 to 720,3,,
input_xlsx.xlsx,"ATR 1. Point Township Dr, south of Ridge Rd",Point Township Dr,WB,2026-04-21,10:45:00,11:00:00,>720 to 840,2,,
input_xlsx.xlsx,"ATR 1. Point Township Dr, south of Ridge Rd",Point Township Dr,WB,2026-04-21,10:45:00,11:00:00,>840 to 960,1,,
input_xlsx.xlsx,"ATR 1. Point Township Dr, south of Ridge Rd",Point Township Dr,WB,2026-04-21,10:45:00,11:00:00,> 960,0,,
input_xlsx.xlsx,"ATR 1. Point Township Dr, south of Ridge Rd",Point Township Dr,WB,2026-04-21,11:00:00,11:15:00,0 to 72,0,,
input_xlsx.xlsx,"ATR 1. Point Township Dr, south of Ridge Rd",Point Township Dr,WB,2026-04-21,11:00:00,11:15:00,>72 to 120,0,,
input_xlsx.xlsx,"ATR 1. Point Township Dr, south of Ridge Rd",Point Township Dr,WB,2026-04-21,11:00:00,11:15:00,>120 to 180,44,,
input_xlsx.xlsx,"ATR 1. Point Township Dr, south of Ridge Rd",Point Township Dr,WB,2026-04-21,11:00:00,11:15:00,>180 to 240,24,,
input_xlsx.xlsx,"ATR 1. Point Township Dr, south of Ridge Rd",Point Township Dr,WB,2026-04-21,11:00:00,11:15:00,>240 to 300,1,,
input_xlsx.xlsx,"ATR 1. Point Township Dr, south of Ridge Rd",Point Township Dr,WB,2026-04-21,11:00:00,11:15:00,>300 to 360,1,,
input_xlsx.xlsx,"ATR 1. Point Township Dr, south of Ridge Rd",Point Township Dr,WB,2026-04-21,11:00:00,11:15:00,>360 to 480,2,,
input_xlsx.xlsx,"ATR 1. Point Township Dr, south of Ridge Rd",Point Township Dr,WB,2026-04-21,11:00:00,11:15:00,>480 to 600,2,,
input_xlsx.xlsx,"ATR 1. Point Township Dr, south of Ridge Rd",Point Township Dr,WB,2026-04-21,11:00:00,11:15:00,>600 to 720,1,,
input_xlsx.xlsx,"ATR 1. Point Township Dr, south of Ridge Rd",Point Township Dr,WB,2026-04-21,11:00:00,11:15:00,>720 to 840,2,,
input_xlsx.xlsx,"ATR 1. Point Township Dr, south of Ridge Rd",Point Township Dr,WB,2026-04-21,11:00:00,11:15:00,>840 to 960,2,,
input_xlsx.xlsx,"ATR 1. Point Township Dr, south of Ridge Rd",Point Township Dr,WB,2026-04-21,11:00:00,11:15:00,> 960,0,,
input_xlsx.xlsx,"ATR 1. Point Township Dr, south of Ridge Rd",Point Township Dr,WB,2026-04-21,11:15:00,11:30:00,0 to 72,0,,
input_xlsx.xlsx,"ATR 1. Point Township Dr, south of Ridge Rd",Point Township Dr,WB,2026-04-21,11:15:00,11:30:00,>72 to 120,0,,
input_xlsx.xlsx,"ATR 1. Point Township Dr, south of Ridge Rd",Point Township Dr,WB,2026-04-21,11:15:00,11:30:00,>120 to 180,66,,
input_xlsx.xlsx,"ATR 1. Point Township Dr, south of Ridge Rd",Point Township Dr,WB,2026-04-21,11:15:00,11:30:00,>180 to 240,9,,
input_xlsx.xlsx,"ATR 1. Point Township Dr, south of Ridge Rd",Point Township Dr,WB,2026-04-21,11:15:00,11:30:00,>240 to 300,5,,
input_xlsx.xlsx,"ATR 1. Point Township Dr, south of Ridge Rd",Point Township Dr,WB,2026-04-21,11:15:00,11:30:00,>300 to 360,2,,
input_xlsx.xlsx,"ATR 1. Point Township Dr, south of Ridge Rd",Point Township Dr,WB,2026-04-21,11:15:00,11:30:00,>360 to 480,4,,
input_xlsx.xlsx,"ATR 1. Point Township Dr, south of Ridge Rd",Point Township Dr,WB,2026-04-21,11:15:00,11:30:00,>480 to 600,1,,
input_xlsx.xlsx,"ATR 1. Point Township Dr, south of Ridge Rd",Point Township Dr,WB,2026-04-21,11:15:00,11:30:00,>600 to 720,1,,
input_xlsx.xlsx,"ATR 1. Point Township Dr, south of Ridge Rd",Point Township Dr,WB,2026-04-21,11:15:00,11:30:00,>720 to 840,0,,
input_xlsx.xlsx,"ATR 1. Point Township Dr, south of Ridge Rd",Point Township Dr,WB,2026-04-21,11:15:00,11:30:00,>840 to 960,2,,
input_xlsx.xlsx,"ATR 1. Point Township Dr, south of Ridge Rd",Point Township Dr,WB,2026-04-21,11:15:00,11:30:00,> 960,0,,
input_xlsx.xlsx,"ATR 1. Point Township Dr, south of Ridge Rd",Point Township Dr,WB,2026-04-21,11:30:00,11:45:00,0 to 72,0,,
input_xlsx.xlsx,"ATR 1. Point Township Dr, south of Ridge Rd",Point Township Dr,WB,2026-04-21,11:30:00,11:45:00,>72 to 120,0,,
input_xlsx.xlsx,"ATR 1. Point Township Dr, south of Ridge Rd",Point Township Dr,WB,2026-04-21,11:30:00,11:45:00,>120 to 180,60,,
input_xlsx.xlsx,"ATR 1. Point Township Dr, south of Ridge Rd",Point Township Dr,WB,2026-04-21,11:30:00,11:45:00,>180 to 240,25,,
input_xlsx.xlsx,"ATR 1. Point Township Dr, south of Ridge Rd",Point Township Dr,WB,2026-04-21,11:30:00,11:45:00,>240 to 300,7,,
input_xlsx.xlsx,"ATR 1. Point Township Dr, south of Ridge Rd",Point Township Dr,WB,2026-04-21,11:30:00,11:45:00,>300 to 360,1,,
input_xlsx.xlsx,"ATR 1. Point Township Dr, south of Ridge Rd",Point Township Dr,WB,2026-04-21,11:30:00,11:45:00,>360 to 480,2,,
input_xlsx.xlsx,"ATR 1. Point Township Dr, south of Ridge Rd",Point Township Dr,WB,2026-04-21,11:30:00,11:45:00,>480 to 600,0,,
input_xlsx.xlsx,"ATR 1. Point Township Dr, south of Ridge Rd",Point Township Dr,WB,2026-04-21,11:30:00,11:45:00,>600 to 720,1,,
input_xlsx.xlsx,"ATR 1. Point Township Dr, south of Ridge Rd",Point Township Dr,WB,2026-04-21,11:30:00,11:45:00,>720 to 840,2,,
input_xlsx.xlsx,"ATR 1. Point Township Dr, south of Ridge Rd",Point Township Dr,WB,2026-04-21,11:30:00,11:45:00,>840 to 960,0,,
input_xlsx.xlsx,"ATR 1. Point Township Dr, south of Ridge Rd",Point Township Dr,WB,2026-04-21,11:30:00,11:45:00,> 960,0,,
input_xlsx.xlsx,"ATR 1. Point Township Dr, south of Ridge Rd",Point Township Dr,WB,2026-04-21,11:45:00,12:00:00,0 to 72,0,,
input_xlsx.xlsx,"ATR 1. Point Township Dr, south of Ridge Rd",Point Township Dr,WB,2026-04-21,11:45:00,12:00:00,>72 to 120,0,,
input_xlsx.xlsx,"ATR 1. Point Township Dr, south of Ridge Rd",Point Township Dr,WB,2026-04-21,11:45:00,12:00:00,>120 to 180,64,,
input_xlsx.xlsx,"ATR 1. Point Township Dr, south of Ridge Rd",Point Township Dr,WB,2026-04-21,11:45:00,12:00:00,>180 to 240,12,,
input_xlsx.xlsx,"ATR 1. Point Township Dr, south of Ridge Rd",Point Township Dr,WB,2026-04-21,11:45:00,12:00:00,>240 to 300,3,,
input_xlsx.xlsx,"ATR 1. Point Township Dr, south of Ridge Rd",Point Township Dr,WB,2026-04-21,11:45:00,12:00:00,>300 to 360,0,,
input_xlsx.xlsx,"ATR 1. Point Township Dr, south of Ridge Rd",Point Township Dr,WB,2026-04-21,11:45:00,12:00:00,>360 to 480,2,,
input_xlsx.xlsx,"ATR 1. Point Township Dr, south of Ridge Rd",Point Township Dr,WB,2026-04-21,11:45:00,12:00:00,>480 to 600,0,,
input_xlsx.xlsx,"ATR 1. Point Township Dr, south of Ridge Rd",Point Township Dr,WB,2026-04-21,11:45:00,12:00:00,>600 to 720,1,,
input_xlsx.xlsx,"ATR 1. Point Township Dr, south of Ridge Rd",Point Township Dr,WB,2026-04-21,11:45:00,12:00:00,>720 to 840,0,,
input_xlsx.xlsx,"ATR 1. Point Township Dr, south of Ridge Rd",Point Township Dr,WB,2026-04-21,11:45:00,12:00:00,>840 to 960,1,,
input_xlsx.xlsx,"ATR 1. Point Township Dr, south of Ridge Rd",Point Township Dr,WB,2026-04-21,11:45:00,12:00:00,> 960,0,,
input_xlsx.xlsx,"ATR 1. Point Township Dr, south of Ridge Rd",Point Township Dr,WB,2026-04-21,12:00:00,12:15:00,0 to 72,0,,
input_xlsx.xlsx,"ATR 1. Point Township Dr, south of Ridge Rd",Point Township Dr,WB,2026-04-21,12:00:00,12:15:00,>72 to 120,0,,
input_xlsx.xlsx,"ATR 1. Point Township Dr, south of Ridge Rd",Point Township Dr,WB,2026-04-21,12:00:00,12:15:00,>120 to 180,37,,
input_xlsx.xlsx,"ATR 1. Point Township Dr, south of Ridge Rd",Point Township Dr,WB,2026-04-21,12:00:00,12:15:00,>180 to 240,17,,
input_xlsx.xlsx,"ATR 1. Point Township Dr, south of Ridge Rd",Point Township Dr,WB,2026-04-21,12:00:00,12:15:00,>240 to 300,1,,
input_xlsx.xlsx,"ATR 1. Point Township Dr, south of Ridge Rd",Point Township Dr,WB,2026-04-21,12:00:00,12:15:00,>300 to 360,1,,
input_xlsx.xlsx,"ATR 1. Point Township Dr, south of Ridge Rd",Point Township Dr,WB,2026-04-21,12:00:00,12:15:00,>360 to 480,3,,
input_xlsx.xlsx,"ATR 1. Point Township Dr, south of Ridge Rd",Point Township Dr,WB,2026-04-21,12:00:00,12:15:00,>480 to 600,1,,
input_xlsx.xlsx,"ATR 1. Point Township Dr, south of Ridge Rd",Point Township Dr,WB,2026-04-21,12:00:00,12:15:00,>600 to 720,0,,
input_xlsx.xlsx,"ATR 1. Point Township Dr, south of Ridge Rd",Point Township Dr,WB,2026-04-21,12:00:00,12:15:00,>720 to 840,1,,
input_xlsx.xlsx,"ATR 1. Point Township Dr, south of Ridge Rd",Point Township Dr,WB,2026-04-21,12:00:00,12:15:00,>840 to 960,0,,
input_xlsx.xlsx,"ATR 1. Point Township Dr, south of Ridge Rd",Point Township Dr,WB,2026-04-21,12:00:00,12:15:00,> 960,0,,
input_xlsx.xlsx,"ATR 1. Point Township Dr, south of Ridge Rd",Point Township Dr,WB,2026-04-21,12:15:00,12:30:00,0 to 72,0,,
input_xlsx.xlsx,"ATR 1. Point Township Dr, south of Ridge Rd",Point Township Dr,WB,2026-04-21,12:15:00,12:30:00,>72 to 120,0,,
input_xlsx.xlsx,"ATR 1. Point Township Dr, south of Ridge Rd",Point Township Dr,WB,2026-04-21,12:15:00,12:30:00,>120 to 180,47,,
input_xlsx.xlsx,"ATR 1. Point Township Dr, south of Ridge Rd",Point Township Dr,WB,2026-04-21,12:15:00,12:30:00,>180 to 240,18,,
input_xlsx.xlsx,"ATR 1. Point Township Dr, south of Ridge Rd",Point Township Dr,WB,2026-04-21,12:15:00,12:30:00,>240 to 300,2,,
input_xlsx.xlsx,"ATR 1. Point Township Dr, south of Ridge Rd",Point Township Dr,WB,2026-04-21,12:15:00,12:30:00,>300 to 360,3,,
input_xlsx.xlsx,"ATR 1. Point Township Dr, south of Ridge Rd",Point Township Dr,WB,2026-04-21,12:15:00,12:30:00,>360 to 480,1,,
input_xlsx.xlsx,"ATR 1. Point Township Dr, south of Ridge Rd",Point Township Dr,WB,2026-04-21,12:15:00,12:30:00,>480 to 600,2,,
input_xlsx.xlsx,"ATR 1. Point Township Dr, south of Ridge Rd",Point Township Dr,WB,2026-04-21,12:15:00,12:30:00,>600 to 720,2,,
input_xlsx.xlsx,"ATR 1. Point Township Dr, south of Ridge Rd",Point Township Dr,WB,2026-04-21,12:15:00,12:30:00,>720 to 840,2,,
input_xlsx.xlsx,"ATR 1. Point Township Dr, south of Ridge Rd",Point Township Dr,WB,2026-04-21,12:15:00,12:30:00,>840 to 960,1,,
input_xlsx.xlsx,"ATR 1. Point Township Dr, south of Ridge Rd",Point Township Dr,WB,2026-04-21,12:15:00,12:30:00,> 960,0,,
input_xlsx.xlsx,"ATR 1. Point Township Dr, south of Ridge Rd",Point Township Dr,WB,2026-04-21,12:30:00,12:45:00,0 to 72,0,,
input_xlsx.xlsx,"ATR 1. Point Township Dr, south of Ridge Rd",Point Township Dr,WB,2026-04-21,12:30:00,12:45:00,>72 to 120,0,,
input_xlsx.xlsx,"ATR 1. Point Township Dr, south of Ridge Rd",Point Township Dr,WB,2026-04-21,12:30:00,12:45:00,>120 to 180,58,,
input_xlsx.xlsx,"ATR 1. Point Township Dr, south of Ridge Rd",Point Township Dr,WB,2026-04-21,12:30:00,12:45:00,>180 to 240,17,,
input_xlsx.xlsx,"ATR 1. Point Township Dr, south of Ridge Rd",Point Township Dr,WB,2026-04-21,12:30:00,12:45:00,>240 to 300,5,,
input_xlsx.xlsx,"ATR 1. Point Township Dr, south of Ridge Rd",Point Township Dr,WB,2026-04-21,12:30:00,12:45:00,>300 to 360,2,,
input_xlsx.xlsx,"ATR 1. Point Township Dr, south of Ridge Rd",Point Township Dr,WB,2026-04-21,12:30:00,12:45:00,>360 to 480,3,,
input_xlsx.xlsx,"ATR 1. Point Township Dr, south of Ridge Rd",Point Township Dr,WB,2026-04-21,12:30:00,12:45:00,>480 to 600,1,,
input_xlsx.xlsx,"ATR 1. Point Township Dr, south of Ridge Rd",Point Township Dr,WB,2026-04-21,12:30:00,12:45:00,>600 to 720,2,,
input_xlsx.xlsx,"ATR 1. Point Township Dr, south of Ridge Rd",Point Township Dr,WB,2026-04-21,12:30:00,12:45:00,>720 to 840,1,,
input_xlsx.xlsx,"ATR 1. Point Township Dr, south of Ridge Rd",Point Township Dr,WB,2026-04-21,12:30:00,12:45:00,>840 to 960,2,,
input_xlsx.xlsx,"ATR 1. Point Township Dr, south of Ridge Rd",Point Township Dr,WB,2026-04-21,12:30:00,12:45:00,> 960,0,,
input_xlsx.xlsx,"ATR 1. Point Township Dr, south of Ridge Rd",Point Township Dr,WB,2026-04-21,12:45:00,13:00:00,0 to 72,0,,
input_xlsx.xlsx,"ATR 1. Point Township Dr, south of Ridge Rd",Point Township Dr,WB,2026-04-21,12:45:00,13:00:00,>72 to 120,1,,
input_xlsx.xlsx,"ATR 1. Point Township Dr, south of Ridge Rd",Point Township Dr,WB,2026-04-21,12:45:00,13:00:00,>120 to 180,37,,
input_xlsx.xlsx,"ATR 1. Point Township Dr, south of Ridge Rd",Point Township Dr,WB,2026-04-21,12:45:00,13:00:00,>180 to 240,23,,
input_xlsx.xlsx,"ATR 1. Point Township Dr, south of Ridge Rd",Point Township Dr,WB,2026-04-21,12:45:00,13:00:00,>240 to 300,7,,
input_xlsx.xlsx,"ATR 1. Point Township Dr, south of Ridge Rd",Point Township Dr,WB,2026-04-21,12:45:00,13:00:00,>300 to 360,1,,
input_xlsx.xlsx,"ATR 1. Point Township Dr, south of Ridge Rd",Point Township Dr,WB,2026-04-21,12:45:00,13:00:00,>360 to 480,4,,
input_xlsx.xlsx,"ATR 1. Point Township Dr, south of Ridge Rd",Point Township Dr,WB,2026-04-21,12:45:00,13:00:00,>480 to 600,0,,
input_xlsx.xlsx,"ATR 1. Point Township Dr, south of Ridge Rd",Point Township Dr,WB,2026-04-21,12:45:00,13:00:00,>600 to 720,2,,
input_xlsx.xlsx,"ATR 1. Point Township Dr, south of Ridge Rd",Point Township Dr,WB,2026-04-21,12:45:00,13:00:00,>720 to 840,1,,
input_xlsx.xlsx,"ATR 1. Point Township Dr, south of Ridge Rd",Point Township Dr,WB,2026-04-21,12:45:00,13:00:00,>840 to 960,2,,
input_xlsx.xlsx,"ATR 1. Point Township Dr, south of Ridge Rd",Point Township Dr,WB,2026-04-21,12:45:00,13:00:00,> 960,0,,
input_xlsx.xlsx,"ATR 1. Point Township Dr, south of Ridge Rd",Point Township Dr,WB,2026-04-21,13:00:00,13:15:00,0 to 72,0,,
input_xlsx.xlsx,"ATR 1. Point Township Dr, south of Ridge Rd",Point Township Dr,WB,2026-04-21,13:00:00,13:15:00,>72 to 120,0,,
input_xlsx.xlsx,"ATR 1. Point Township Dr, south of Ridge Rd",Point Township Dr,WB,2026-04-21,13:00:00,13:15:00,>120 to 180,50,,
input_xlsx.xlsx,"ATR 1. Point Township Dr, south of Ridge Rd",Point Township Dr,WB,2026-04-21,13:00:00,13:15:00,>180 to 240,12,,
input_xlsx.xlsx,"ATR 1. Point Township Dr, south of Ridge Rd",Point Township Dr,WB,2026-04-21,13:00:00,13:15:00,>240 to 300,0,,
input_xlsx.xlsx,"ATR 1. Point Township Dr, south of Ridge Rd",Point Township Dr,WB,2026-04-21,13:00:00,13:15:00,>300 to 360,4,,
input_xlsx.xlsx,"ATR 1. Point Township Dr, south of Ridge Rd",Point Township Dr,WB,2026-04-21,13:00:00,13:15:00,>360 to 480,3,,
input_xlsx.xlsx,"ATR 1. Point Township Dr, south of Ridge Rd",Point Township Dr,WB,2026-04-21,13:00:00,13:15:00,>480 to 600,1,,
input_xlsx.xlsx,"ATR 1. Point Township Dr, south of Ridge Rd",Point Township Dr,WB,2026-04-21,13:00:00,13:15:00,>600 to 720,2,,
input_xlsx.xlsx,"ATR 1. Point Township Dr, south of Ridge Rd",Point Township Dr,WB,2026-04-21,13:00:00,13:15:00,>720 to 840,1,,
input_xlsx.xlsx,"ATR 1. Point Township Dr, south of Ridge Rd",Point Township Dr,WB,2026-04-21,13:00:00,13:15:00,>840 to 960,0,,
input_xlsx.xlsx,"ATR 1. Point Township Dr, south of Ridge Rd",Point Township Dr,WB,2026-04-21,13:00:00,13:15:00,> 960,0,,
input_xlsx.xlsx,"ATR 1. Point Township Dr, south of Ridge Rd",Point Township Dr,WB,2026-04-21,13:15:00,13:30:00,0 to 72,0,,
input_xlsx.xlsx,"ATR 1. Point Township Dr, south of Ridge Rd",Point Township Dr,WB,2026-04-21,13:15:00,13:30:00,>72 to 120,0,,
input_xlsx.xlsx,"ATR 1. Point Township Dr, south of Ridge Rd",Point Township Dr,WB,2026-04-21,13:15:00,13:30:00,>120 to 180,76,,
input_xlsx.xlsx,"ATR 1. Point Township Dr, south of Ridge Rd",Point Township Dr,WB,2026-04-21,13:15:00,13:30:00,>180 to 240,11,,
input_xlsx.xlsx,"ATR 1. Point Township Dr, south of Ridge Rd",Point Township Dr,WB,2026-04-21,13:15:00,13:30:00,>240 to 300,1,,
input_xlsx.xlsx,"ATR 1. Point Township Dr, south of Ridge Rd",Point Township Dr,WB,2026-04-21,13:15:00,13:30:00,>300 to 360,0,,
input_xlsx.xlsx,"ATR 1. Point Township Dr, south of Ridge Rd",Point Township Dr,WB,2026-04-21,13:15:00,13:30:00,>360 to 480,1,,
input_xlsx.xlsx,"ATR 1. Point Township Dr, south of Ridge Rd",Point Township Dr,WB,2026-04-21,13:15:00,13:30:00,>480 to 600,1,,
input_xlsx.xlsx,"ATR 1. Point Township Dr, south of Ridge Rd",Point Township Dr,WB,2026-04-21,13:15:00,13:30:00,>600 to 720,2,,
input_xlsx.xlsx,"ATR 1. Point Township Dr, south of Ridge Rd",Point Township Dr,WB,2026-04-21,13:15:00,13:30:00,>720 to 840,1,,
input_xlsx.xlsx,"ATR 1. Point Township Dr, south of Ridge Rd",Point Township Dr,WB,2026-04-21,13:15:00,13:30:00,>840 to 960,0,,
input_xlsx.xlsx,"ATR 1. Point Township Dr, south of Ridge Rd",Point Township Dr,WB,2026-04-21,13:15:00,13:30:00,> 960,0,,
input_xlsx.xlsx,"ATR 1. Point Township Dr, south of Ridge Rd",Point Township Dr,WB,2026-04-21,13:30:00,13:45:00,0 to 72,0,,
input_xlsx.xlsx,"ATR 1. Point Township Dr, south of Ridge Rd",Point Township Dr,WB,2026-04-21,13:30:00,13:45:00,>72 to 120,1,,
input_xlsx.xlsx,"ATR 1. Point Township Dr, south of Ridge Rd",Point Township Dr,WB,2026-04-21,13:30:00,13:45:00,>120 to 180,55,,
input_xlsx.xlsx,"ATR 1. Point Township Dr, south of Ridge Rd",Point Township Dr,WB,2026-04-21,13:30:00,13:45:00,>180 to 240,18,,
input_xlsx.xlsx,"ATR 1. Point Township Dr, south of Ridge Rd",Point Township Dr,WB,2026-04-21,13:30:00,13:45:00,>240 to 300,2,,
input_xlsx.xlsx,"ATR 1. Point Township Dr, south of Ridge Rd",Point Township Dr,WB,2026-04-21,13:30:00,13:45:00,>300 to 360,3,,
input_xlsx.xlsx,"ATR 1. Point Township Dr, south of Ridge Rd",Point Township Dr,WB,2026-04-21,13:30:00,13:45:00,>360 to 480,2,,
input_xlsx.xlsx,"ATR 1. Point Township Dr, south of Ridge Rd",Point Township Dr,WB,2026-04-21,13:30:00,13:45:00,>480 to 600,0,,
input_xlsx.xlsx,"ATR 1. Point Township Dr, south of Ridge Rd",Point Township Dr,WB,2026-04-21,13:30:00,13:45:00,>600 to 720,1,,
input_xlsx.xlsx,"ATR 1. Point Township Dr, south of Ridge Rd",Point Township Dr,WB,2026-04-21,13:30:00,13:45:00,>720 to 840,1,,
input_xlsx.xlsx,"ATR 1. Point Township Dr, south of Ridge Rd",Point Township Dr,WB,2026-04-21,13:30:00,13:45:00,>840 to 960,2,,
input_xlsx.xlsx,"ATR 1. Point Township Dr, south of Ridge Rd",Point Township Dr,WB,2026-04-21,13:30:00,13:45:00,> 960,0,,
input_xlsx.xlsx,"ATR 1. Point Township Dr, south of Ridge Rd",Point Township Dr,WB,2026-04-21,13:45:00,14:00:00,0 to 72,0,,
input_xlsx.xlsx,"ATR 1. Point Township Dr, south of Ridge Rd",Point Township Dr,WB,2026-04-21,13:45:00,14:00:00,>72 to 120,0,,
input_xlsx.xlsx,"ATR 1. Point Township Dr, south of Ridge Rd",Point Township Dr,WB,2026-04-21,13:45:00,14:00:00,>120 to 180,56,,
input_xlsx.xlsx,"ATR 1. Point Township Dr, south of Ridge Rd",Point Township Dr,WB,2026-04-21,13:45:00,14:00:00,>180 to 240,34,,
input_xlsx.xlsx,"ATR 1. Point Township Dr, south of Ridge Rd",Point Township Dr,WB,2026-04-21,13:45:00,14:00:00,>240 to 300,6,,
input_xlsx.xlsx,"ATR 1. Point Township Dr, south of Ridge Rd",Point Township Dr,WB,2026-04-21,13:45:00,14:00:00,>300 to 360,5,,
input_xlsx.xlsx,"ATR 1. Point Township Dr, south of Ridge Rd",Point Township Dr,WB,2026-04-21,13:45:00,14:00:00,>360 to 480,3,,
input_xlsx.xlsx,"ATR 1. Point Township Dr, south of Ridge Rd",Point Township Dr,WB,2026-04-21,13:45:00,14:00:00,>480 to 600,2,,
input_xlsx.xlsx,"ATR 1. Point Township Dr, south of Ridge Rd",Point Township Dr,WB,2026-04-21,13:45:00,14:00:00,>600 to 720,1,,
input_xlsx.xlsx,"ATR 1. Point Township Dr, south of Ridge Rd",Point Township Dr,WB,2026-04-21,13:45:00,14:00:00,>720 to 840,1,,
input_xlsx.xlsx,"ATR 1. Point Township Dr, south of Ridge Rd",Point Township Dr,WB,2026-04-21,13:45:00,14:00:00,>840 to 960,1,,
input_xlsx.xlsx,"ATR 1. Point Township Dr, south of Ridge Rd",Point Township Dr,WB,2026-04-21,13:45:00,14:00:00,> 960,0,,
input_xlsx.xlsx,"ATR 1. Point Township Dr, south of Ridge Rd",Point Township Dr,WB,2026-04-21,14:00:00,14:15:00,0 to 72,1,,
input_xlsx.xlsx,"ATR 1. Point Township Dr, south of Ridge Rd",Point Township Dr,WB,2026-04-21,14:00:00,14:15:00,>72 to 120,1,,
input_xlsx.xlsx,"ATR 1. Point Township Dr, south of Ridge Rd",Point Township Dr,WB,2026-04-21,14:00:00,14:15:00,>120 to 180,69,,
input_xlsx.xlsx,"ATR 1. Point Township Dr, south of Ridge Rd",Point Township Dr,WB,2026-04-21,14:00:00,14:15:00,>180 to 240,25,,
input_xlsx.xlsx,"ATR 1. Point Township Dr, south of Ridge Rd",Point Township Dr,WB,2026-04-21,14:00:00,14:15:00,>240 to 300,5,,
input_xlsx.xlsx,"ATR 1. Point Township Dr, south of Ridge Rd",Point Township Dr,WB,2026-04-21,14:00:00,14:15:00,>300 to 360,1,,
input_xlsx.xlsx,"ATR 1. Point Township Dr, south of Ridge Rd",Point Township Dr,WB,2026-04-21,14:00:00,14:15:00,>360 to 480,4,,
input_xlsx.xlsx,"ATR 1. Point Township Dr, south of Ridge Rd",Point Township Dr,WB,2026-04-21,14:00:00,14:15:00,>480 to 600,0,,
input_xlsx.xlsx,"ATR 1. Point Township Dr, south of Ridge Rd",Point Township Dr,WB,2026-04-21,14:00:00,14:15:00,>600 to 720,0,,
input_xlsx.xlsx,"ATR 1. Point Township Dr, south of Ridge Rd",Point Township Dr,WB,2026-04-21,14:00:00,14:15:00,>720 to 840,0,,
input_xlsx.xlsx,"ATR 1. Point Township Dr, south of Ridge Rd",Point Township Dr,WB,2026-04-21,14:00:00,14:15:00,>840 to 960,1,,
input_xlsx.xlsx,"ATR 1. Point Township Dr, south of Ridge Rd",Point Township Dr,WB,2026-04-21,14:00:00,14:15:00,> 960,0,,
input_xlsx.xlsx,"ATR 1. Point Township Dr, south of Ridge Rd",Point Township Dr,WB,2026-04-21,14:15:00,14:30:00,0 to 72,0,,
input_xlsx.xlsx,"ATR 1. Point Township Dr, south of Ridge Rd",Point Township Dr,WB,2026-04-21,14:15:00,14:30:00,>72 to 120,1,,
input_xlsx.xlsx,"ATR 1. Point Township Dr, south of Ridge Rd",Point Township Dr,WB,2026-04-21,14:15:00,14:30:00,>120 to 180,80,,
input_xlsx.xlsx,"ATR 1. Point Township Dr, south of Ridge Rd",Point Township Dr,WB,2026-04-21,14:15:00,14:30:00,>180 to 240,28,,
input_xlsx.xlsx,"ATR 1. Point Township Dr, south of Ridge Rd",Point Township Dr,WB,2026-04-21,14:15:00,14:30:00,>240 to 300,7,,
input_xlsx.xlsx,"ATR 1. Point Township Dr, south of Ridge Rd",Point Township Dr,WB,2026-04-21,14:15:00,14:30:00,>300 to 360,1,,
input_xlsx.xlsx,"ATR 1. Point Township Dr, south of Ridge Rd",Point Township Dr,WB,2026-04-21,14:15:00,14:30:00,>360 to 480,3,,
input_xlsx.xlsx,"ATR 1. Point Township Dr, south of Ridge Rd",Point Township Dr,WB,2026-04-21,14:15:00,14:30:00,>480 to 600,1,,
input_xlsx.xlsx,"ATR 1. Point Township Dr, south of Ridge Rd",Point Township Dr,WB,2026-04-21,14:15:00,14:30:00,>600 to 720,0,,
input_xlsx.xlsx,"ATR 1. Point Township Dr, south of Ridge Rd",Point Township Dr,WB,2026-04-21,14:15:00,14:30:00,>720 to 840,0,,
input_xlsx.xlsx,"ATR 1. Point Township Dr, south of Ridge Rd",Point Township Dr,WB,2026-04-21,14:15:00,14:30:00,>840 to 960,2,,
input_xlsx.xlsx,"ATR 1. Point Township Dr, south of Ridge Rd",Point Township Dr,WB,2026-04-21,14:15:00,14:30:00,> 960,1,,
input_xlsx.xlsx,"ATR 1. Point Township Dr, south of Ridge Rd",Point Township Dr,WB,2026-04-21,14:30:00,14:45:00,0 to 72,0,,
input_xlsx.xlsx,"ATR 1. Point Township Dr, south of Ridge Rd",Point Township Dr,WB,2026-04-21,14:30:00,14:45:00,>72 to 120,0,,
input_xlsx.xlsx,"ATR 1. Point Township Dr, south of Ridge Rd",Point Township Dr,WB,2026-04-21,14:30:00,14:45:00,>120 to 180,73,,
input_xlsx.xlsx,"ATR 1. Point Township Dr, south of Ridge Rd",Point Township Dr,WB,2026-04-21,14:30:00,14:45:00,>180 to 240,22,,
input_xlsx.xlsx,"ATR 1. Point Township Dr, south of Ridge Rd",Point Township Dr,WB,2026-04-21,14:30:00,14:45:00,>240 to 300,7,,
input_xlsx.xlsx,"ATR 1. Point Township Dr, south of Ridge Rd",Point Township Dr,WB,2026-04-21,14:30:00,14:45:00,>300 to 360,1,,
input_xlsx.xlsx,"ATR 1. Point Township Dr, south of Ridge Rd",Point Township Dr,WB,2026-04-21,14:30:00,14:45:00,>360 to 480,0,,
input_xlsx.xlsx,"ATR 1. Point Township Dr, south of Ridge Rd",Point Township Dr,WB,2026-04-21,14:30:00,14:45:00,>480 to 600,2,,
input_xlsx.xlsx,"ATR 1. Point Township Dr, south of Ridge Rd",Point Township Dr,WB,2026-04-21,14:30:00,14:45:00,>600 to 720,0,,
input_xlsx.xlsx,"ATR 1. Point Township Dr, south of Ridge Rd",Point Township Dr,WB,2026-04-21,14:30:00,14:45:00,>720 to 840,0,,
input_xlsx.xlsx,"ATR 1. Point Township Dr, south of Ridge Rd",Point Township Dr,WB,2026-04-21,14:30:00,14:45:00,>840 to 960,1,,
input_xlsx.xlsx,"ATR 1. Point Township Dr, south of Ridge Rd",Point Township Dr,WB,2026-04-21,14:30:00,14:45:00,> 960,0,,
input_xlsx.xlsx,"ATR 1. Point Township Dr, south of Ridge Rd",Point Township Dr,WB,2026-04-21,14:45:00,15:00:00,0 to 72,0,,
input_xlsx.xlsx,"ATR 1. Point Township Dr, south of Ridge Rd",Point Township Dr,WB,2026-04-21,14:45:00,15:00:00,>72 to 120,0,,
input_xlsx.xlsx,"ATR 1. Point Township Dr, south of Ridge Rd",Point Township Dr,WB,2026-04-21,14:45:00,15:00:00,>120 to 180,71,,
input_xlsx.xlsx,"ATR 1. Point Township Dr, south of Ridge Rd",Point Township Dr,WB,2026-04-21,14:45:00,15:00:00,>180 to 240,15,,
input_xlsx.xlsx,"ATR 1. Point Township Dr, south of Ridge Rd",Point Township Dr,WB,2026-04-21,14:45:00,15:00:00,>240 to 300,3,,
input_xlsx.xlsx,"ATR 1. Point Township Dr, south of Ridge Rd",Point Township Dr,WB,2026-04-21,14:45:00,15:00:00,>300 to 360,3,,
input_xlsx.xlsx,"ATR 1. Point Township Dr, south of Ridge Rd",Point Township Dr,WB,2026-04-21,14:45:00,15:00:00,>360 to 480,2,,
input_xlsx.xlsx,"ATR 1. Point Township Dr, south of Ridge Rd",Point Township Dr,WB,2026-04-21,14:45:00,15:00:00,>480 to 600,1,,
input_xlsx.xlsx,"ATR 1. Point Township Dr, south of Ridge Rd",Point Township Dr,WB,2026-04-21,14:45:00,15:00:00,>600 to 720,0,,
input_xlsx.xlsx,"ATR 1. Point Township Dr, south of Ridge Rd",Point Township Dr,WB,2026-04-21,14:45:00,15:00:00,>720 to 840,2,,
input_xlsx.xlsx,"ATR 1. Point Township Dr, south of Ridge Rd",Point Township Dr,WB,2026-04-21,14:45:00,15:00:00,>840 to 960,0,,
input_xlsx.xlsx,"ATR 1. Point Township Dr, south of Ridge Rd",Point Township Dr,WB,2026-04-21,14:45:00,15:00:00,> 960,0,,
input_xlsx.xlsx,"ATR 1. Point Township Dr, south of Ridge Rd",Point Township Dr,WB,2026-04-21,15:00:00,15:15:00,0 to 72,0,,
input_xlsx.xlsx,"ATR 1. Point Township Dr, south of Ridge Rd",Point Township Dr,WB,2026-04-21,15:00:00,15:15:00,>72 to 120,0,,
input_xlsx.xlsx,"ATR 1. Point Township Dr, south of Ridge Rd",Point Township Dr,WB,2026-04-21,15:00:00,15:15:00,>120 to 180,60,,
input_xlsx.xlsx,"ATR 1. Point Township Dr, south of Ridge Rd",Point Township Dr,WB,2026-04-21,15:00:00,15:15:00,>180 to 240,17,,
input_xlsx.xlsx,"ATR 1. Point Township Dr, south of Ridge Rd",Point Township Dr,WB,2026-04-21,15:00:00,15:15:00,>240 to 300,2,,
input_xlsx.xlsx,"ATR 1. Point Township Dr, south of Ridge Rd",Point Township Dr,WB,2026-04-21,15:00:00,15:15:00,>300 to 360,1,,
input_xlsx.xlsx,"ATR 1. Point Township Dr, south of Ridge Rd",Point Township Dr,WB,2026-04-21,15:00:00,15:15:00,>360 to 480,0,,
input_xlsx.xlsx,"ATR 1. Point Township Dr, south of Ridge Rd",Point Township Dr,WB,2026-04-21,15:00:00,15:15:00,>480 to 600,0,,
input_xlsx.xlsx,"ATR 1. Point Township Dr, south of Ridge Rd",Point Township Dr,WB,2026-04-21,15:00:00,15:15:00,>600 to 720,0,,
input_xlsx.xlsx,"ATR 1. Point Township Dr, south of Ridge Rd",Point Township Dr,WB,2026-04-21,15:00:00,15:15:00,>720 to 840,1,,
input_xlsx.xlsx,"ATR 1. Point Township Dr, south of Ridge Rd",Point Township Dr,WB,2026-04-21,15:00:00,15:15:00,>840 to 960,1,,
input_xlsx.xlsx,"ATR 1. Point Township Dr, south of Ridge Rd",Point Township Dr,WB,2026-04-21,15:00:00,15:15:00,> 960,1,,
input_xlsx.xlsx,"ATR 1. Point Township Dr, south of Ridge Rd",Point Township Dr,WB,2026-04-21,15:15:00,15:30:00,0 to 72,0,,
input_xlsx.xlsx,"ATR 1. Point Township Dr, south of Ridge Rd",Point Township Dr,WB,2026-04-21,15:15:00,15:30:00,>72 to 120,0,,
input_xlsx.xlsx,"ATR 1. Point Township Dr, south of Ridge Rd",Point Township Dr,WB,2026-04-21,15:15:00,15:30:00,>120 to 180,85,,
input_xlsx.xlsx,"ATR 1. Point Township Dr, south of Ridge Rd",Point Township Dr,WB,2026-04-21,15:15:00,15:30:00,>180 to 240,25,,
input_xlsx.xlsx,"ATR 1. Point Township Dr, south of Ridge Rd",Point Township Dr,WB,2026-04-21,15:15:00,15:30:00,>240 to 300,10,,
input_xlsx.xlsx,"ATR 1. Point Township Dr, south of Ridge Rd",Point Township Dr,WB,2026-04-21,15:15:00,15:30:00,>300 to 360,1,,
input_xlsx.xlsx,"ATR 1. Point Township Dr, south of Ridge Rd",Point Township Dr,WB,2026-04-21,15:15:00,15:30:00,>360 to 480,3,,
input_xlsx.xlsx,"ATR 1. Point Township Dr, south of Ridge Rd",Point Township Dr,WB,2026-04-21,15:15:00,15:30:00,>480 to 600,2,,
input_xlsx.xlsx,"ATR 1. Point Township Dr, south of Ridge Rd",Point Township Dr,WB,2026-04-21,15:15:00,15:30:00,>600 to 720,0,,
input_xlsx.xlsx,"ATR 1. Point Township Dr, south of Ridge Rd",Point Township Dr,WB,2026-04-21,15:15:00,15:30:00,>720 to 840,1,,
input_xlsx.xlsx,"ATR 1. Point Township Dr, south of Ridge Rd",Point Township Dr,WB,2026-04-21,15:15:00,15:30:00,>840 to 960,0,,
input_xlsx.xlsx,"ATR 1. Point Township Dr, south of Ridge Rd",Point Township Dr,WB,2026-04-21,15:15:00,15:30:00,> 960,0,,
input_xlsx.xlsx,"ATR 1. Point Township Dr, south of Ridge Rd",Point Township Dr,WB,2026-04-21,15:30:00,15:45:00,0 to 72,0,,
input_xlsx.xlsx,"ATR 1. Point Township Dr, south of Ridge Rd",Point Township Dr,WB,2026-04-21,15:30:00,15:45:00,>72 to 120,0,,
input_xlsx.xlsx,"ATR 1. Point Township Dr, south of Ridge Rd",Point Township Dr,WB,2026-04-21,15:30:00,15:45:00,>120 to 180,74,,
input_xlsx.xlsx,"ATR 1. Point Township Dr, south of Ridge Rd",Point Township Dr,WB,2026-04-21,15:30:00,15:45:00,>180 to 240,23,,
input_xlsx.xlsx,"ATR 1. Point Township Dr, south of Ridge Rd",Point Township Dr,WB,2026-04-21,15:30:00,15:45:00,>240 to 300,5,,
input_xlsx.xlsx,"ATR 1. Point Township Dr, south of Ridge Rd",Point Township Dr,WB,2026-04-21,15:30:00,15:45:00,>300 to 360,1,,
input_xlsx.xlsx,"ATR 1. Point Township Dr, south of Ridge Rd",Point Township Dr,WB,2026-04-21,15:30:00,15:45:00,>360 to 480,4,,
input_xlsx.xlsx,"ATR 1. Point Township Dr, south of Ridge Rd",Point Township Dr,WB,2026-04-21,15:30:00,15:45:00,>480 to 600,1,,
input_xlsx.xlsx,"ATR 1. Point Township Dr, south of Ridge Rd",Point Township Dr,WB,2026-04-21,15:30:00,15:45:00,>600 to 720,0,,
input_xlsx.xlsx,"ATR 1. Point Township Dr, south of Ridge Rd",Point Township Dr,WB,2026-04-21,15:30:00,15:45:00,>720 to 840,0,,
input_xlsx.xlsx,"ATR 1. Point Township Dr, south of Ridge Rd",Point Township Dr,WB,2026-04-21,15:30:00,15:45:00,>840 to 960,0,,
input_xlsx.xlsx,"ATR 1. Point Township Dr, south of Ridge Rd",Point Township Dr,WB,2026-04-21,15:30:00,15:45:00,> 960,1,,
input_xlsx.xlsx,"ATR 1. Point Township Dr, south of Ridge Rd",Point Township Dr,WB,2026-04-21,15:45:00,16:00:00,0 to 72,1,,
input_xlsx.xlsx,"ATR 1. Point Township Dr, south of Ridge Rd",Point Township Dr,WB,2026-04-21,15:45:00,16:00:00,>72 to 120,1,,
input_xlsx.xlsx,"ATR 1. Point Township Dr, south of Ridge Rd",Point Township Dr,WB,2026-04-21,15:45:00,16:00:00,>120 to 180,113,,
input_xlsx.xlsx,"ATR 1. Point Township Dr, south of Ridge Rd",Point Township Dr,WB,2026-04-21,15:45:00,16:00:00,>180 to 240,37,,
input_xlsx.xlsx,"ATR 1. Point Township Dr, south of Ridge Rd",Point Township Dr,WB,2026-04-21,15:45:00,16:00:00,>240 to 300,9,,
input_xlsx.xlsx,"ATR 1. Point Township Dr, south of Ridge Rd",Point Township Dr,WB,2026-04-21,15:45:00,16:00:00,>300 to 360,5,,
input_xlsx.xlsx,"ATR 1. Point Township Dr, south of Ridge Rd",Point Township Dr,WB,2026-04-21,15:45:00,16:00:00,>360 to 480,3,,
input_xlsx.xlsx,"ATR 1. Point Township Dr, south of Ridge Rd",Point Township Dr,WB,2026-04-21,15:45:00,16:00:00,>480 to 600,0,,
input_xlsx.xlsx,"ATR 1. Point Township Dr, south of Ridge Rd",Point Township Dr,WB,2026-04-21,15:45:00,16:00:00,>600 to 720,2,,
input_xlsx.xlsx,"ATR 1. Point Township Dr, south of Ridge Rd",Point Township Dr,WB,2026-04-21,15:45:00,16:00:00,>720 to 840,1,,
input_xlsx.xlsx,"ATR 1. Point Township Dr, south of Ridge Rd",Point Township Dr,WB,2026-04-21,15:45:00,16:00:00,>840 to 960,1,,
input_xlsx.xlsx,"ATR 1. Point Township Dr, south of Ridge Rd",Point Township Dr,WB,2026-04-21,15:45:00,16:00:00,> 960,0,,
input_xlsx.xlsx,"ATR 1. Point Township Dr, south of Ridge Rd",Point Township Dr,WB,2026-04-21,16:00:00,16:15:00,0 to 72,0,,
input_xlsx.xlsx,"ATR 1. Point Township Dr, south of Ridge Rd",Point Township Dr,WB,2026-04-21,16:00:00,16:15:00,>72 to 120,1,,
input_xlsx.xlsx,"ATR 1. Point Township Dr, south of Ridge Rd",Point Township Dr,WB,2026-04-21,16:00:00,16:15:00,>120 to 180,91,,
input_xlsx.xlsx,"ATR 1. Point Township Dr, south of Ridge Rd",Point Township Dr,WB,2026-04-21,16:00:00,16:15:00,>180 to 240,45,,
input_xlsx.xlsx,"ATR 1. Point Township Dr, south of Ridge Rd",Point Township Dr,WB,2026-04-21,16:00:00,16:15:00,>240 to 300,8,,
input_xlsx.xlsx,"ATR 1. Point Township Dr, south of Ridge Rd",Point Township Dr,WB,2026-04-21,16:00:00,16:15:00,>300 to 360,1,,
input_xlsx.xlsx,"ATR 1. Point Township Dr, south of Ridge Rd",Point Township Dr,WB,2026-04-21,16:00:00,16:15:00,>360 to 480,2,,
input_xlsx.xlsx,"ATR 1. Point Township Dr, south of Ridge Rd",Point Township Dr,WB,2026-04-21,16:00:00,16:15:00,>480 to 600,0,,
input_xlsx.xlsx,"ATR 1. Point Township Dr, south of Ridge Rd",Point Township Dr,WB,2026-04-21,16:00:00,16:15:00,>600 to 720,2,,
input_xlsx.xlsx,"ATR 1. Point Township Dr, south of Ridge Rd",Point Township Dr,WB,2026-04-21,16:00:00,16:15:00,>720 to 840,0,,
input_xlsx.xlsx,"ATR 1. Point Township Dr, south of Ridge Rd",Point Township Dr,WB,2026-04-21,16:00:00,16:15:00,>840 to 960,3,,
input_xlsx.xlsx,"ATR 1. Point Township Dr, south of Ridge Rd",Point Township Dr,WB,2026-04-21,16:00:00,16:15:00,> 960,0,,
input_xlsx.xlsx,"ATR 1. Point Township Dr, south of Ridge Rd",Point Township Dr,WB,2026-04-21,16:15:00,16:30:00,0 to 72,0,,
input_xlsx.xlsx,"ATR 1. Point Township Dr, south of Ridge Rd",Point Township Dr,WB,2026-04-21,16:15:00,16:30:00,>72 to 120,0,,
input_xlsx.xlsx,"ATR 1. Point Township Dr, south of Ridge Rd",Point Township Dr,WB,2026-04-21,16:15:00,16:30:00,>120 to 180,106,,
input_xlsx.xlsx,"ATR 1. Point Township Dr, south of Ridge Rd",Point Township Dr,WB,2026-04-21,16:15:00,16:30:00,>180 to 240,36,,
input_xlsx.xlsx,"ATR 1. Point Township Dr, south of Ridge Rd",Point Township Dr,WB,2026-04-21,16:15:00,16:30:00,>240 to 300,3,,
input_xlsx.xlsx,"ATR 1. Point Township Dr, south of Ridge Rd",Point Township Dr,WB,2026-04-21,16:15:00,16:30:00,>300 to 360,3,,
input_xlsx.xlsx,"ATR 1. Point Township Dr, south of Ridge Rd",Point Township Dr,WB,2026-04-21,16:15:00,16:30:00,>360 to 480,0,,
input_xlsx.xlsx,"ATR 1. Point Township Dr, south of Ridge Rd",Point Township Dr,WB,2026-04-21,16:15:00,16:30:00,>480 to 600,2,,
input_xlsx.xlsx,"ATR 1. Point Township Dr, south of Ridge Rd",Point Township Dr,WB,2026-04-21,16:15:00,16:30:00,>600 to 720,0,,
input_xlsx.xlsx,"ATR 1. Point Township Dr, south of Ridge Rd",Point Township Dr,WB,2026-04-21,16:15:00,16:30:00,>720 to 840,0,,
input_xlsx.xlsx,"ATR 1. Point Township Dr, south of Ridge Rd",Point Township Dr,WB,2026-04-21,16:15:00,16:30:00,>840 to 960,0,,
input_xlsx.xlsx,"ATR 1. Point Township Dr, south of Ridge Rd",Point Township Dr,WB,2026-04-21,16:15:00,16:30:00,> 960,0,,
input_xlsx.xlsx,"ATR 1. Point Township Dr, south of Ridge Rd",Point Township Dr,WB,2026-04-21,16:30:00,16:45:00,0 to 72,0,,
input_xlsx.xlsx,"ATR 1. Point Township Dr, south of Ridge Rd",Point Township Dr,WB,2026-04-21,16:30:00,16:45:00,>72 to 120,1,,
input_xlsx.xlsx,"ATR 1. Point Township Dr, south of Ridge Rd",Point Township Dr,WB,2026-04-21,16:30:00,16:45:00,>120 to 180,113,,
input_xlsx.xlsx,"ATR 1. Point Township Dr, south of Ridge Rd",Point Township Dr,WB,2026-04-21,16:30:00,16:45:00,>180 to 240,35,,
input_xlsx.xlsx,"ATR 1. Point Township Dr, south of Ridge Rd",Point Township Dr,WB,2026-04-21,16:30:00,16:45:00,>240 to 300,8,,
input_xlsx.xlsx,"ATR 1. Point Township Dr, south of Ridge Rd",Point Township Dr,WB,2026-04-21,16:30:00,16:45:00,>300 to 360,0,,
input_xlsx.xlsx,"ATR 1. Point Township Dr, south of Ridge Rd",Point Township Dr,WB,2026-04-21,16:30:00,16:45:00,>360 to 480,3,,
input_xlsx.xlsx,"ATR 1. Point Township Dr, south of Ridge Rd",Point Township Dr,WB,2026-04-21,16:30:00,16:45:00,>480 to 600,0,,
input_xlsx.xlsx,"ATR 1. Point Township Dr, south of Ridge Rd",Point Township Dr,WB,2026-04-21,16:30:00,16:45:00,>600 to 720,0,,
input_xlsx.xlsx,"ATR 1. Point Township Dr, south of Ridge Rd",Point Township Dr,WB,2026-04-21,16:30:00,16:45:00,>720 to 840,2,,
input_xlsx.xlsx,"ATR 1. Point Township Dr, south of Ridge Rd",Point Township Dr,WB,2026-04-21,16:30:00,16:45:00,>840 to 960,1,,
input_xlsx.xlsx,"ATR 1. Point Township Dr, south of Ridge Rd",Point Township Dr,WB,2026-04-21,16:30:00,16:45:00,> 960,0,,
input_xlsx.xlsx,"ATR 1. Point Township Dr, south of Ridge Rd",Point Township Dr,WB,2026-04-21,16:45:00,17:00:00,0 to 72,0,,
input_xlsx.xlsx,"ATR 1. Point Township Dr, south of Ridge Rd",Point Township Dr,WB,2026-04-21,16:45:00,17:00:00,>72 to 120,0,,
input_xlsx.xlsx,"ATR 1. Point Township Dr, south of Ridge Rd",Point Township Dr,WB,2026-04-21,16:45:00,17:00:00,>120 to 180,110,,
input_xlsx.xlsx,"ATR 1. Point Township Dr, south of Ridge Rd",Point Township Dr,WB,2026-04-21,16:45:00,17:00:00,>180 to 240,16,,
input_xlsx.xlsx,"ATR 1. Point Township Dr, south of Ridge Rd",Point Township Dr,WB,2026-04-21,16:45:00,17:00:00,>240 to 300,5,,
input_xlsx.xlsx,"ATR 1. Point Township Dr, south of Ridge Rd",Point Township Dr,WB,2026-04-21,16:45:00,17:00:00,>300 to 360,1,,
input_xlsx.xlsx,"ATR 1. Point Township Dr, south of Ridge Rd",Point Township Dr,WB,2026-04-21,16:45:00,17:00:00,>360 to 480,1,,
input_xlsx.xlsx,"ATR 1. Point Township Dr, south of Ridge Rd",Point Township Dr,WB,2026-04-21,16:45:00,17:00:00,>480 to 600,0,,
input_xlsx.xlsx,"ATR 1. Point Township Dr, south of Ridge Rd",Point Township Dr,WB,2026-04-21,16:45:00,17:00:00,>600 to 720,1,,
input_xlsx.xlsx,"ATR 1. Point Township Dr, south of Ridge Rd",Point Township Dr,WB,2026-04-21,16:45:00,17:00:00,>720 to 840,1,,
input_xlsx.xlsx,"ATR 1. Point Township Dr, south of Ridge Rd",Point Township Dr,WB,2026-04-21,16:45:00,17:00:00,>840 to 960,1,,
input_xlsx.xlsx,"ATR 1. Point Township Dr, south of Ridge Rd",Point Township Dr,WB,2026-04-21,16:45:00,17:00:00,> 960,0,,
input_xlsx.xlsx,"ATR 1. Point Township Dr, south of Ridge Rd",Point Township Dr,WB,2026-04-21,17:00:00,17:15:00,0 to 72,0,,
input_xlsx.xlsx,"ATR 1. Point Township Dr, south of Ridge Rd",Point Township Dr,WB,2026-04-21,17:00:00,17:15:00,>72 to 120,0,,
input_xlsx.xlsx,"ATR 1. Point Township Dr, south of Ridge Rd",Point Township Dr,WB,2026-04-21,17:00:00,17:15:00,>120 to 180,95,,
input_xlsx.xlsx,"ATR 1. Point Township Dr, south of Ridge Rd",Point Township Dr,WB,2026-04-21,17:00:00,17:15:00,>180 to 240,20,,
input_xlsx.xlsx,"ATR 1. Point Township Dr, south of Ridge Rd",Point Township Dr,WB,2026-04-21,17:00:00,17:15:00,>240 to 300,4,,
input_xlsx.xlsx,"ATR 1. Point Township Dr, south of Ridge Rd",Point Township Dr,WB,2026-04-21,17:00:00,17:15:00,>300 to 360,2,,
input_xlsx.xlsx,"ATR 1. Point Township Dr, south of Ridge Rd",Point Township Dr,WB,2026-04-21,17:00:00,17:15:00,>360 to 480,1,,
input_xlsx.xlsx,"ATR 1. Point Township Dr, south of Ridge Rd",Point Township Dr,WB,2026-04-21,17:00:00,17:15:00,>480 to 600,0,,
input_xlsx.xlsx,"ATR 1. Point Township Dr, south of Ridge Rd",Point Township Dr,WB,2026-04-21,17:00:00,17:15:00,>600 to 720,1,,
input_xlsx.xlsx,"ATR 1. Point Township Dr, south of Ridge Rd",Point Township Dr,WB,2026-04-21,17:00:00,17:15:00,>720 to 840,1,,
input_xlsx.xlsx,"ATR 1. Point Township Dr, south of Ridge Rd",Point Township Dr,WB,2026-04-21,17:00:00,17:15:00,>840 to 960,1,,
input_xlsx.xlsx,"ATR 1. Point Township Dr, south of Ridge Rd",Point Township Dr,WB,2026-04-21,17:00:00,17:15:00,> 960,0,,
input_xlsx.xlsx,"ATR 1. Point Township Dr, south of Ridge Rd",Point Township Dr,WB,2026-04-21,17:15:00,17:30:00,0 to 72,0,,
input_xlsx.xlsx,"ATR 1. Point Township Dr, south of Ridge Rd",Point Township Dr,WB,2026-04-21,17:15:00,17:30:00,>72 to 120,0,,
input_xlsx.xlsx,"ATR 1. Point Township Dr, south of Ridge Rd",Point Township Dr,WB,2026-04-21,17:15:00,17:30:00,>120 to 180,71,,
input_xlsx.xlsx,"ATR 1. Point Township Dr, south of Ridge Rd",Point Township Dr,WB,2026-04-21,17:15:00,17:30:00,>180 to 240,28,,
input_xlsx.xlsx,"ATR 1. Point Township Dr, south of Ridge Rd",Point Township Dr,WB,2026-04-21,17:15:00,17:30:00,>240 to 300,2,,
input_xlsx.xlsx,"ATR 1. Point Township Dr, south of Ridge Rd",Point Township Dr,WB,2026-04-21,17:15:00,17:30:00,>300 to 360,2,,
input_xlsx.xlsx,"ATR 1. Point Township Dr, south of Ridge Rd",Point Township Dr,WB,2026-04-21,17:15:00,17:30:00,>360 to 480,1,,
input_xlsx.xlsx,"ATR 1. Point Township Dr, south of Ridge Rd",Point Township Dr,WB,2026-04-21,17:15:00,17:30:00,>480 to 600,0,,
input_xlsx.xlsx,"ATR 1. Point Township Dr, south of Ridge Rd",Point Township Dr,WB,2026-04-21,17:15:00,17:30:00,>600 to 720,2,,
input_xlsx.xlsx,"ATR 1. Point Township Dr, south of Ridge Rd",Point Township Dr,WB,2026-04-21,17:15:00,17:30:00,>720 to 840,0,,
input_xlsx.xlsx,"ATR 1. Point Township Dr, south of Ridge Rd",Point Township Dr,WB,2026-04-21,17:15:00,17:30:00,>840 to 960,0,,
input_xlsx.xlsx,"ATR 1. Point Township Dr, south of Ridge Rd",Point Township Dr,WB,2026-04-21,17:15:00,17:30:00,> 960,0,,
input_xlsx.xlsx,"ATR 1. Point Township Dr, south of Ridge Rd",Point Township Dr,WB,2026-04-21,17:30:00,17:45:00,0 to 72,0,,
input_xlsx.xlsx,"ATR 1. Point Township Dr, south of Ridge Rd",Point Township Dr,WB,2026-04-21,17:30:00,17:45:00,>72 to 120,2,,
input_xlsx.xlsx,"ATR 1. Point Township Dr, south of Ridge Rd",Point Township Dr,WB,2026-04-21,17:30:00,17:45:00,>120 to 180,67,,
input_xlsx.xlsx,"ATR 1. Point Township Dr, south of Ridge Rd",Point Township Dr,WB,2026-04-21,17:30:00,17:45:00,>180 to 240,15,,
input_xlsx.xlsx,"ATR 1. Point Township Dr, south of Ridge Rd",Point Township Dr,WB,2026-04-21,17:30:00,17:45:00,>240 to 300,7,,
input_xlsx.xlsx,"ATR 1. Point Township Dr, south of Ridge Rd",Point Township Dr,WB,2026-04-21,17:30:00,17:45:00,>300 to 360,2,,
input_xlsx.xlsx,"ATR 1. Point Township Dr, south of Ridge Rd",Point Township Dr,WB,2026-04-21,17:30:00,17:45:00,>360 to 480,2,,
input_xlsx.xlsx,"ATR 1. Point Township Dr, south of Ridge Rd",Point Township Dr,WB,2026-04-21,17:30:00,17:45:00,>480 to 600,0,,
input_xlsx.xlsx,"ATR 1. Point Township Dr, south of Ridge Rd",Point Township Dr,WB,2026-04-21,17:30:00,17:45:00,>600 to 720,2,,
input_xlsx.xlsx,"ATR 1. Point Township Dr, south of Ridge Rd",Point Township Dr,WB,2026-04-21,17:30:00,17:45:00,>720 to 840,0,,
input_xlsx.xlsx,"ATR 1. Point Township Dr, south of Ridge Rd",Point Township Dr,WB,2026-04-21,17:30:00,17:45:00,>840 to 960,0,,
input_xlsx.xlsx,"ATR 1. Point Township Dr, south of Ridge Rd",Point Township Dr,WB,2026-04-21,17:30:00,17:45:00,> 960,0,,
input_xlsx.xlsx,"ATR 1. Point Township Dr, south of Ridge Rd",Point Township Dr,WB,2026-04-21,17:45:00,18:00:00,0 to 72,0,,
input_xlsx.xlsx,"ATR 1. Point Township Dr, south of Ridge Rd",Point Township Dr,WB,2026-04-21,17:45:00,18:00:00,>72 to 120,0,,
input_xlsx.xlsx,"ATR 1. Point Township Dr, south of Ridge Rd",Point Township Dr,WB,2026-04-21,17:45:00,18:00:00,>120 to 180,49,,
input_xlsx.xlsx,"ATR 1. Point Township Dr, south of Ridge Rd",Point Township Dr,WB,2026-04-21,17:45:00,18:00:00,>180 to 240,27,,
input_xlsx.xlsx,"ATR 1. Point Township Dr, south of Ridge Rd",Point Township Dr,WB,2026-04-21,17:45:00,18:00:00,>240 to 300,2,,
input_xlsx.xlsx,"ATR 1. Point Township Dr, south of Ridge Rd",Point Township Dr,WB,2026-04-21,17:45:00,18:00:00,>300 to 360,2,,
input_xlsx.xlsx,"ATR 1. Point Township Dr, south of Ridge Rd",Point Township Dr,WB,2026-04-21,17:45:00,18:00:00,>360 to 480,0,,
input_xlsx.xlsx,"ATR 1. Point Township Dr, south of Ridge Rd",Point Township Dr,WB,2026-04-21,17:45:00,18:00:00,>480 to 600,1,,
input_xlsx.xlsx,"ATR 1. Point Township Dr, south of Ridge Rd",Point Township Dr,WB,2026-04-21,17:45:00,18:00:00,>600 to 720,1,,
input_xlsx.xlsx,"ATR 1. Point Township Dr, south of Ridge Rd",Point Township Dr,WB,2026-04-21,17:45:00,18:00:00,>720 to 840,2,,
input_xlsx.xlsx,"ATR 1. Point Township Dr, south of Ridge Rd",Point Township Dr,WB,2026-04-21,17:45:00,18:00:00,>840 to 960,0,,
input_xlsx.xlsx,"ATR 1. Point Township Dr, south of Ridge Rd",Point Township Dr,WB,2026-04-21,17:45:00,18:00:00,> 960,0,,
input_xlsx.xlsx,"ATR 1. Point Township Dr, south of Ridge Rd",Point Township Dr,WB,2026-04-21,18:00:00,18:15:00,0 to 72,0,,
input_xlsx.xlsx,"ATR 1. Point Township Dr, south of Ridge Rd",Point Township Dr,WB,2026-04-21,18:00:00,18:15:00,>72 to 120,0,,
input_xlsx.xlsx,"ATR 1. Point Township Dr, south of Ridge Rd",Point Township Dr,WB,2026-04-21,18:00:00,18:15:00,>120 to 180,42,,
input_xlsx.xlsx,"ATR 1. Point Township Dr, south of Ridge Rd",Point Township Dr,WB,2026-04-21,18:00:00,18:15:00,>180 to 240,10,,
input_xlsx.xlsx,"ATR 1. Point Township Dr, south of Ridge Rd",Point Township Dr,WB,2026-04-21,18:00:00,18:15:00,>240 to 300,4,,
input_xlsx.xlsx,"ATR 1. Point Township Dr, south of Ridge Rd",Point Township Dr,WB,2026-04-21,18:00:00,18:15:00,>300 to 360,2,,
input_xlsx.xlsx,"ATR 1. Point Township Dr, south of Ridge Rd",Point Township Dr,WB,2026-04-21,18:00:00,18:15:00,>360 to 480,0,,
input_xlsx.xlsx,"ATR 1. Point Township Dr, south of Ridge Rd",Point Township Dr,WB,2026-04-21,18:00:00,18:15:00,>480 to 600,0,,
input_xlsx.xlsx,"ATR 1. Point Township Dr, south of Ridge Rd",Point Township Dr,WB,2026-04-21,18:00:00,18:15:00,>600 to 720,0,,
input_xlsx.xlsx,"ATR 1. Point Township Dr, south of Ridge Rd",Point Township Dr,WB,2026-04-21,18:00:00,18:15:00,>720 to 840,1,,
input_xlsx.xlsx,"ATR 1. Point Township Dr, south of Ridge Rd",Point Township Dr,WB,2026-04-21,18:00:00,18:15:00,>840 to 960,1,,
input_xlsx.xlsx,"ATR 1. Point Township Dr, south of Ridge Rd",Point Township Dr,WB,2026-04-21,18:00:00,18:15:00,> 960,0,,
input_xlsx.xlsx,"ATR 1. Point Township Dr, south of Ridge Rd",Point Township Dr,WB,2026-04-21,18:15:00,18:30:00,0 to 72,0,,
input_xlsx.xlsx,"ATR 1. Point Township Dr, south of Ridge Rd",Point Township Dr,WB,2026-04-21,18:15:00,18:30:00,>72 to 120,0,,
input_xlsx.xlsx,"ATR 1. Point Township Dr, south of Ridge Rd",Point Township Dr,WB,2026-04-21,18:15:00,18:30:00,>120 to 180,48,,
input_xlsx.xlsx,"ATR 1. Point Township Dr, south of Ridge Rd",Point Township Dr,WB,2026-04-21,18:15:00,18:30:00,>180 to 240,22,,
input_xlsx.xlsx,"ATR 1. Point Township Dr, south of Ridge Rd",Point Township Dr,WB,2026-04-21,18:15:00,18:30:00,>240 to 300,6,,
input_xlsx.xlsx,"ATR 1. Point Township Dr, south of Ridge Rd",Point Township Dr,WB,2026-04-21,18:15:00,18:30:00,>300 to 360,1,,
input_xlsx.xlsx,"ATR 1. Point Township Dr, south of Ridge Rd",Point Township Dr,WB,2026-04-21,18:15:00,18:30:00,>360 to 480,2,,
input_xlsx.xlsx,"ATR 1. Point Township Dr, south of Ridge Rd",Point Township Dr,WB,2026-04-21,18:15:00,18:30:00,>480 to 600,0,,
input_xlsx.xlsx,"ATR 1. Point Township Dr, south of Ridge Rd",Point Township Dr,WB,2026-04-21,18:15:00,18:30:00,>600 to 720,0,,
input_xlsx.xlsx,"ATR 1. Point Township Dr, south of Ridge Rd",Point Township Dr,WB,2026-04-21,18:15:00,18:30:00,>720 to 840,1,,
input_xlsx.xlsx,"ATR 1. Point Township Dr, south of Ridge Rd",Point Township Dr,WB,2026-04-21,18:15:00,18:30:00,>840 to 960,2,,
input_xlsx.xlsx,"ATR 1. Point Township Dr, south of Ridge Rd",Point Township Dr,WB,2026-04-21,18:15:00,18:30:00,> 960,0,,
input_xlsx.xlsx,"ATR 1. Point Township Dr, south of Ridge Rd",Point Township Dr,WB,2026-04-21,18:30:00,18:45:00,0 to 72,0,,
input_xlsx.xlsx,"ATR 1. Point Township Dr, south of Ridge Rd",Point Township Dr,WB,2026-04-21,18:30:00,18:45:00,>72 to 120,0,,
input_xlsx.xlsx,"ATR 1. Point Township Dr, south of Ridge Rd",Point Township Dr,WB,2026-04-21,18:30:00,18:45:00,>120 to 180,30,,
input_xlsx.xlsx,"ATR 1. Point Township Dr, south of Ridge Rd",Point Township Dr,WB,2026-04-21,18:30:00,18:45:00,>180 to 240,19,,
input_xlsx.xlsx,"ATR 1. Point Township Dr, south of Ridge Rd",Point Township Dr,WB,2026-04-21,18:30:00,18:45:00,>240 to 300,2,,
input_xlsx.xlsx,"ATR 1. Point Township Dr, south of Ridge Rd",Point Township Dr,WB,2026-04-21,18:30:00,18:45:00,>300 to 360,0,,
input_xlsx.xlsx,"ATR 1. Point Township Dr, south of Ridge Rd",Point Township Dr,WB,2026-04-21,18:30:00,18:45:00,>360 to 480,0,,
input_xlsx.xlsx,"ATR 1. Point Township Dr, south of Ridge Rd",Point Township Dr,WB,2026-04-21,18:30:00,18:45:00,>480 to 600,0,,
input_xlsx.xlsx,"ATR 1. Point Township Dr, south of Ridge Rd",Point Township Dr,WB,2026-04-21,18:30:00,18:45:00,>600 to 720,0,,
input_xlsx.xlsx,"ATR 1. Point Township Dr, south of Ridge Rd",Point Township Dr,WB,2026-04-21,18:30:00,18:45:00,>720 to 840,0,,
input_xlsx.xlsx,"ATR 1. Point Township Dr, south of Ridge Rd",Point Township Dr,WB,2026-04-21,18:30:00,18:45:00,>840 to 960,0,,
input_xlsx.xlsx,"ATR 1. Point Township Dr, south of Ridge Rd",Point Township Dr,WB,2026-04-21,18:30:00,18:45:00,> 960,0,,
input_xlsx.xlsx,"ATR 1. Point Township Dr, south of Ridge Rd",Point Township Dr,WB,2026-04-21,18:45:00,19:00:00,0 to 72,0,,
input_xlsx.xlsx,"ATR 1. Point Township Dr, south of Ridge Rd",Point Township Dr,WB,2026-04-21,18:45:00,19:00:00,>72 to 120,0,,
input_xlsx.xlsx,"ATR 1. Point Township Dr, south of Ridge Rd",Point Township Dr,WB,2026-04-21,18:45:00,19:00:00,>120 to 180,38,,
input_xlsx.xlsx,"ATR 1. Point Township Dr, south of Ridge Rd",Point Township Dr,WB,2026-04-21,18:45:00,19:00:00,>180 to 240,17,,
input_xlsx.xlsx,"ATR 1. Point Township Dr, south of Ridge Rd",Point Township Dr,WB,2026-04-21,18:45:00,19:00:00,>240 to 300,3,,
input_xlsx.xlsx,"ATR 1. Point Township Dr, south of Ridge Rd",Point Township Dr,WB,2026-04-21,18:45:00,19:00:00,>300 to 360,1,,
input_xlsx.xlsx,"ATR 1. Point Township Dr, south of Ridge Rd",Point Township Dr,WB,2026-04-21,18:45:00,19:00:00,>360 to 480,1,,
input_xlsx.xlsx,"ATR 1. Point Township Dr, south of Ridge Rd",Point Township Dr,WB,2026-04-21,18:45:00,19:00:00,>480 to 600,0,,
input_xlsx.xlsx,"ATR 1. Point Township Dr, south of Ridge Rd",Point Township Dr,WB,2026-04-21,18:45:00,19:00:00,>600 to 720,0,,
input_xlsx.xlsx,"ATR 1. Point Township Dr, south of Ridge Rd",Point Township Dr,WB,2026-04-21,18:45:00,19:00:00,>720 to 840,1,,
input_xlsx.xlsx,"ATR 1. Point Township Dr, south of Ridge Rd",Point Township Dr,WB,2026-04-21,18:45:00,19:00:00,>840 to 960,1,,
input_xlsx.xlsx,"ATR 1. Point Township Dr, south of Ridge Rd",Point Township Dr,WB,2026-04-21,18:45:00,19:00:00,> 960,0,,
input_xlsx.xlsx,"ATR 1. Point Township Dr, south of Ridge Rd",Point Township Dr,WB,2026-04-21,19:00:00,19:15:00,0 to 72,1,,
input_xlsx.xlsx,"ATR 1. Point Township Dr, south of Ridge Rd",Point Township Dr,WB,2026-04-21,19:00:00,19:15:00,>72 to 120,0,,
input_xlsx.xlsx,"ATR 1. Point Township Dr, south of Ridge Rd",Point Township Dr,WB,2026-04-21,19:00:00,19:15:00,>120 to 180,29,,
input_xlsx.xlsx,"ATR 1. Point Township Dr, south of Ridge Rd",Point Township Dr,WB,2026-04-21,19:00:00,19:15:00,>180 to 240,9,,
input_xlsx.xlsx,"ATR 1. Point Township Dr, south of Ridge Rd",Point Township Dr,WB,2026-04-21,19:00:00,19:15:00,>240 to 300,0,,
input_xlsx.xlsx,"ATR 1. Point Township Dr, south of Ridge Rd",Point Township Dr,WB,2026-04-21,19:00:00,19:15:00,>300 to 360,0,,
input_xlsx.xlsx,"ATR 1. Point Township Dr, south of Ridge Rd",Point Township Dr,WB,2026-04-21,19:00:00,19:15:00,>360 to 480,0,,
input_xlsx.xlsx,"ATR 1. Point Township Dr, south of Ridge Rd",Point Township Dr,WB,2026-04-21,19:00:00,19:15:00,>480 to 600,0,,
input_xlsx.xlsx,"ATR 1. Point Township Dr, south of Ridge Rd",Point Township Dr,WB,2026-04-21,19:00:00,19:15:00,>600 to 720,0,,
input_xlsx.xlsx,"ATR 1. Point Township Dr, south of Ridge Rd",Point Township Dr,WB,2026-04-21,19:00:00,19:15:00,>720 to 840,1,,
input_xlsx.xlsx,"ATR 1. Point Township Dr, south of Ridge Rd",Point Township Dr,WB,2026-04-21,19:00:00,19:15:00,>840 to 960,1,,
input_xlsx.xlsx,"ATR 1. Point Township Dr, south of Ridge Rd",Point Township Dr,WB,2026-04-21,19:00:00,19:15:00,> 960,0,,
input_xlsx.xlsx,"ATR 1. Point Township Dr, south of Ridge Rd",Point Township Dr,WB,2026-04-21,19:15:00,19:30:00,0 to 72,0,,
input_xlsx.xlsx,"ATR 1. Point Township Dr, south of Ridge Rd",Point Township Dr,WB,2026-04-21,19:15:00,19:30:00,>72 to 120,0,,
input_xlsx.xlsx,"ATR 1. Point Township Dr, south of Ridge Rd",Point Township Dr,WB,2026-04-21,19:15:00,19:30:00,>120 to 180,44,,
input_xlsx.xlsx,"ATR 1. Point Township Dr, south of Ridge Rd",Point Township Dr,WB,2026-04-21,19:15:00,19:30:00,>180 to 240,13,,
input_xlsx.xlsx,"ATR 1. Point Township Dr, south of Ridge Rd",Point Township Dr,WB,2026-04-21,19:15:00,19:30:00,>240 to 300,1,,
input_xlsx.xlsx,"ATR 1. Point Township Dr, south of Ridge Rd",Point Township Dr,WB,2026-04-21,19:15:00,19:30:00,>300 to 360,0,,
input_xlsx.xlsx,"ATR 1. Point Township Dr, south of Ridge Rd",Point Township Dr,WB,2026-04-21,19:15:00,19:30:00,>360 to 480,0,,
input_xlsx.xlsx,"ATR 1. Point Township Dr, south of Ridge Rd",Point Township Dr,WB,2026-04-21,19:15:00,19:30:00,>480 to 600,2,,
input_xlsx.xlsx,"ATR 1. Point Township Dr, south of Ridge Rd",Point Township Dr,WB,2026-04-21,19:15:00,19:30:00,>600 to 720,1,,
input_xlsx.xlsx,"ATR 1. Point Township Dr, south of Ridge Rd",Point Township Dr,WB,2026-04-21,19:15:00,19:30:00,>720 to 840,0,,
input_xlsx.xlsx,"ATR 1. Point Township Dr, south of Ridge Rd",Point Township Dr,WB,2026-04-21,19:15:00,19:30:00,>840 to 960,1,,
input_xlsx.xlsx,"ATR 1. Point Township Dr, south of Ridge Rd",Point Township Dr,WB,2026-04-21,19:15:00,19:30:00,> 960,0,,
input_xlsx.xlsx,"ATR 1. Point Township Dr, south of Ridge Rd",Point Township Dr,WB,2026-04-21,19:30:00,19:45:00,0 to 72,0,,
input_xlsx.xlsx,"ATR 1. Point Township Dr, south of Ridge Rd",Point Township Dr,WB,2026-04-21,19:30:00,19:45:00,>72 to 120,0,,
input_xlsx.xlsx,"ATR 1. Point Township Dr, south of Ridge Rd",Point Township Dr,WB,2026-04-21,19:30:00,19:45:00,>120 to 180,39,,
input_xlsx.xlsx,"ATR 1. Point Township Dr, south of Ridge Rd",Point Township Dr,WB,2026-04-21,19:30:00,19:45:00,>180 to 240,8,,
input_xlsx.xlsx,"ATR 1. Point Township Dr, south of Ridge Rd",Point Township Dr,WB,2026-04-21,19:30:00,19:45:00,>240 to 300,0,,
input_xlsx.xlsx,"ATR 1. Point Township Dr, south of Ridge Rd",Point Township Dr,WB,2026-04-21,19:30:00,19:45:00,>300 to 360,0,,
input_xlsx.xlsx,"ATR 1. Point Township Dr, south of Ridge Rd",Point Township Dr,WB,2026-04-21,19:30:00,19:45:00,>360 to 480,0,,
input_xlsx.xlsx,"ATR 1. Point Township Dr, south of Ridge Rd",Point Township Dr,WB,2026-04-21,19:30:00,19:45:00,>480 to 600,0,,
input_xlsx.xlsx,"ATR 1. Point Township Dr, south of Ridge Rd",Point Township Dr,WB,2026-04-21,19:30:00,19:45:00,>600 to 720,0,,
input_xlsx.xlsx,"ATR 1. Point Township Dr, south of Ridge Rd",Point Township Dr,WB,2026-04-21,19:30:00,19:45:00,>720 to 840,0,,
input_xlsx.xlsx,"ATR 1. Point Township Dr, south of Ridge Rd",Point Township Dr,WB,2026-04-21,19:30:00,19:45:00,>840 to 960,0,,
input_xlsx.xlsx,"ATR 1. Point Township Dr, south of Ridge Rd",Point Township Dr,WB,2026-04-21,19:30:00,19:45:00,> 960,0,,
input_xlsx.xlsx,"ATR 1. Point Township Dr, south of Ridge Rd",Point Township Dr,WB,2026-04-21,19:45:00,20:00:00,0 to 72,0,,
input_xlsx.xlsx,"ATR 1. Point Township Dr, south of Ridge Rd",Point Township Dr,WB,2026-04-21,19:45:00,20:00:00,>72 to 120,1,,
input_xlsx.xlsx,"ATR 1. Point Township Dr, south of Ridge Rd",Point Township Dr,WB,2026-04-21,19:45:00,20:00:00,>120 to 180,44,,
input_xlsx.xlsx,"ATR 1. Point Township Dr, south of Ridge Rd",Point Township Dr,WB,2026-04-21,19:45:00,20:00:00,>180 to 240,15,,
input_xlsx.xlsx,"ATR 1. Point Township Dr, south of Ridge Rd",Point Township Dr,WB,2026-04-21,19:45:00,20:00:00,>240 to 300,1,,
input_xlsx.xlsx,"ATR 1. Point Township Dr, south of Ridge Rd",Point Township Dr,WB,2026-04-21,19:45:00,20:00:00,>300 to 360,1,,
input_xlsx.xlsx,"ATR 1. Point Township Dr, south of Ridge Rd",Point Township Dr,WB,2026-04-21,19:45:00,20:00:00,>360 to 480,0,,
input_xlsx.xlsx,"ATR 1. Point Township Dr, south of Ridge Rd",Point Township Dr,WB,2026-04-21,19:45:00,20:00:00,>480 to 600,0,,
input_xlsx.xlsx,"ATR 1. Point Township Dr, south of Ridge Rd",Point Township Dr,WB,2026-04-21,19:45:00,20:00:00,>600 to 720,0,,
input_xlsx.xlsx,"ATR 1. Point Township Dr, south of Ridge Rd",Point Township Dr,WB,2026-04-21,19:45:00,20:00:00,>720 to 840,0,,
input_xlsx.xlsx,"ATR 1. Point Township Dr, south of Ridge Rd",Point Township Dr,WB,2026-04-21,19:45:00,20:00:00,>840 to 960,0,,
input_xlsx.xlsx,"ATR 1. Point Township Dr, south of Ridge Rd",Point Township Dr,WB,2026-04-21,19:45:00,20:00:00,> 960,0,,
input_xlsx.xlsx,"ATR 1. Point Township Dr, south of Ridge Rd",Point Township Dr,WB,2026-04-21,20:00:00,20:15:00,0 to 72,0,,
input_xlsx.xlsx,"ATR 1. Point Township Dr, south of Ridge Rd",Point Township Dr,WB,2026-04-21,20:00:00,20:15:00,>72 to 120,0,,
input_xlsx.xlsx,"ATR 1. Point Township Dr, south of Ridge Rd",Point Township Dr,WB,2026-04-21,20:00:00,20:15:00,>120 to 180,33,,
input_xlsx.xlsx,"ATR 1. Point Township Dr, south of Ridge Rd",Point Township Dr,WB,2026-04-21,20:00:00,20:15:00,>180 to 240,7,,
input_xlsx.xlsx,"ATR 1. Point Township Dr, south of Ridge Rd",Point Township Dr,WB,2026-04-21,20:00:00,20:15:00,>240 to 300,2,,
input_xlsx.xlsx,"ATR 1. Point Township Dr, south of Ridge Rd",Point Township Dr,WB,2026-04-21,20:00:00,20:15:00,>300 to 360,1,,
input_xlsx.xlsx,"ATR 1. Point Township Dr, south of Ridge Rd",Point Township Dr,WB,2026-04-21,20:00:00,20:15:00,>360 to 480,0,,
input_xlsx.xlsx,"ATR 1. Point Township Dr, south of Ridge Rd",Point Township Dr,WB,2026-04-21,20:00:00,20:15:00,>480 to 600,0,,
input_xlsx.xlsx,"ATR 1. Point Township Dr, south of Ridge Rd",Point Township Dr,WB,2026-04-21,20:00:00,20:15:00,>600 to 720,0,,
input_xlsx.xlsx,"ATR 1. Point Township Dr, south of Ridge Rd",Point Township Dr,WB,2026-04-21,20:00:00,20:15:00,>720 to 840,0,,
input_xlsx.xlsx,"ATR 1. Point Township Dr, south of Ridge Rd",Point Township Dr,WB,2026-04-21,20:00:00,20:15:00,>840 to 960,0,,
input_xlsx.xlsx,"ATR 1. Point Township Dr, south of Ridge Rd",Point Township Dr,WB,2026-04-21,20:00:00,20:15:00,> 960,0,,
input_xlsx.xlsx,"ATR 1. Point Township Dr, south of Ridge Rd",Point Township Dr,WB,2026-04-21,20:15:00,20:30:00,0 to 72,0,,
input_xlsx.xlsx,"ATR 1. Point Township Dr, south of Ridge Rd",Point Township Dr,WB,2026-04-21,20:15:00,20:30:00,>72 to 120,0,,
input_xlsx.xlsx,"ATR 1. Point Township Dr, south of Ridge Rd",Point Township Dr,WB,2026-04-21,20:15:00,20:30:00,>120 to 180,28,,
input_xlsx.xlsx,"ATR 1. Point Township Dr, south of Ridge Rd",Point Township Dr,WB,2026-04-21,20:15:00,20:30:00,>180 to 240,7,,
input_xlsx.xlsx,"ATR 1. Point Township Dr, south of Ridge Rd",Point Township Dr,WB,2026-04-21,20:15:00,20:30:00,>240 to 300,1,,
input_xlsx.xlsx,"ATR 1. Point Township Dr, south of Ridge Rd",Point Township Dr,WB,2026-04-21,20:15:00,20:30:00,>300 to 360,0,,
input_xlsx.xlsx,"ATR 1. Point Township Dr, south of Ridge Rd",Point Township Dr,WB,2026-04-21,20:15:00,20:30:00,>360 to 480,0,,
input_xlsx.xlsx,"ATR 1. Point Township Dr, south of Ridge Rd",Point Township Dr,WB,2026-04-21,20:15:00,20:30:00,>480 to 600,1,,
input_xlsx.xlsx,"ATR 1. Point Township Dr, south of Ridge Rd",Point Township Dr,WB,2026-04-21,20:15:00,20:30:00,>600 to 720,0,,
input_xlsx.xlsx,"ATR 1. Point Township Dr, south of Ridge Rd",Point Township Dr,WB,2026-04-21,20:15:00,20:30:00,>720 to 840,0,,
input_xlsx.xlsx,"ATR 1. Point Township Dr, south of Ridge Rd",Point Township Dr,WB,2026-04-21,20:15:00,20:30:00,>840 to 960,0,,
input_xlsx.xlsx,"ATR 1. Point Township Dr, south of Ridge Rd",Point Township Dr,WB,2026-04-21,20:15:00,20:30:00,> 960,0,,
input_xlsx.xlsx,"ATR 1. Point Township Dr, south of Ridge Rd",Point Township Dr,WB,2026-04-21,20:30:00,20:45:00,0 to 72,0,,
input_xlsx.xlsx,"ATR 1. Point Township Dr, south of Ridge Rd",Point Township Dr,WB,2026-04-21,20:30:00,20:45:00,>72 to 120,0,,
input_xlsx.xlsx,"ATR 1. Point Township Dr, south of Ridge Rd",Point Township Dr,WB,2026-04-21,20:30:00,20:45:00,>120 to 180,22,,
input_xlsx.xlsx,"ATR 1. Point Township Dr, south of Ridge Rd",Point Township Dr,WB,2026-04-21,20:30:00,20:45:00,>180 to 240,6,,
input_xlsx.xlsx,"ATR 1. Point Township Dr, south of Ridge Rd",Point Township Dr,WB,2026-04-21,20:30:00,20:45:00,>240 to 300,0,,
input_xlsx.xlsx,"ATR 1. Point Township Dr, south of Ridge Rd",Point Township Dr,WB,2026-04-21,20:30:00,20:45:00,>300 to 360,0,,
input_xlsx.xlsx,"ATR 1. Point Township Dr, south of Ridge Rd",Point Township Dr,WB,2026-04-21,20:30:00,20:45:00,>360 to 480,4,,
input_xlsx.xlsx,"ATR 1. Point Township Dr, south of Ridge Rd",Point Township Dr,WB,2026-04-21,20:30:00,20:45:00,>480 to 600,0,,
input_xlsx.xlsx,"ATR 1. Point Township Dr, south of Ridge Rd",Point Township Dr,WB,2026-04-21,20:30:00,20:45:00,>600 to 720,1,,
input_xlsx.xlsx,"ATR 1. Point Township Dr, south of Ridge Rd",Point Township Dr,WB,2026-04-21,20:30:00,20:45:00,>720 to 840,0,,
input_xlsx.xlsx,"ATR 1. Point Township Dr, south of Ridge Rd",Point Township Dr,WB,2026-04-21,20:30:00,20:45:00,>840 to 960,0,,
input_xlsx.xlsx,"ATR 1. Point Township Dr, south of Ridge Rd",Point Township Dr,WB,2026-04-21,20:30:00,20:45:00,> 960,0,,
input_xlsx.xlsx,"ATR 1. Point Township Dr, south of Ridge Rd",Point Township Dr,WB,2026-04-21,20:45:00,21:00:00,0 to 72,0,,
input_xlsx.xlsx,"ATR 1. Point Township Dr, south of Ridge Rd",Point Township Dr,WB,2026-04-21,20:45:00,21:00:00,>72 to 120,1,,
input_xlsx.xlsx,"ATR 1. Point Township Dr, south of Ridge Rd",Point Township Dr,WB,2026-04-21,20:45:00,21:00:00,>120 to 180,21,,
input_xlsx.xlsx,"ATR 1. Point Township Dr, south of Ridge Rd",Point Township Dr,WB,2026-04-21,20:45:00,21:00:00,>180 to 240,9,,
input_xlsx.xlsx,"ATR 1. Point Township Dr, south of Ridge Rd",Point Township Dr,WB,2026-04-21,20:45:00,21:00:00,>240 to 300,0,,
input_xlsx.xlsx,"ATR 1. Point Township Dr, south of Ridge Rd",Point Township Dr,WB,2026-04-21,20:45:00,21:00:00,>300 to 360,0,,
input_xlsx.xlsx,"ATR 1. Point Township Dr, south of Ridge Rd",Point Township Dr,WB,2026-04-21,20:45:00,21:00:00,>360 to 480,0,,
input_xlsx.xlsx,"ATR 1. Point Township Dr, south of Ridge Rd",Point Township Dr,WB,2026-04-21,20:45:00,21:00:00,>480 to 600,0,,
input_xlsx.xlsx,"ATR 1. Point Township Dr, south of Ridge Rd",Point Township Dr,WB,2026-04-21,20:45:00,21:00:00,>600 to 720,1,,
input_xlsx.xlsx,"ATR 1. Point Township Dr, south of Ridge Rd",Point Township Dr,WB,2026-04-21,20:45:00,21:00:00,>720 to 840,0,,
input_xlsx.xlsx,"ATR 1. Point Township Dr, south of Ridge Rd",Point Township Dr,WB,2026-04-21,20:45:00,21:00:00,>840 to 960,0,,
input_xlsx.xlsx,"ATR 1. Point Township Dr, south of Ridge Rd",Point Township Dr,WB,2026-04-21,20:45:00,21:00:00,> 960,0,,
input_xlsx.xlsx,"ATR 1. Point Township Dr, south of Ridge Rd",Point Township Dr,WB,2026-04-21,21:00:00,21:15:00,0 to 72,0,,
input_xlsx.xlsx,"ATR 1. Point Township Dr, south of Ridge Rd",Point Township Dr,WB,2026-04-21,21:00:00,21:15:00,>72 to 120,0,,
input_xlsx.xlsx,"ATR 1. Point Township Dr, south of Ridge Rd",Point Township Dr,WB,2026-04-21,21:00:00,21:15:00,>120 to 180,23,,
input_xlsx.xlsx,"ATR 1. Point Township Dr, south of Ridge Rd",Point Township Dr,WB,2026-04-21,21:00:00,21:15:00,>180 to 240,5,,
input_xlsx.xlsx,"ATR 1. Point Township Dr, south of Ridge Rd",Point Township Dr,WB,2026-04-21,21:00:00,21:15:00,>240 to 300,0,,
input_xlsx.xlsx,"ATR 1. Point Township Dr, south of Ridge Rd",Point Township Dr,WB,2026-04-21,21:00:00,21:15:00,>300 to 360,0,,
input_xlsx.xlsx,"ATR 1. Point Township Dr, south of Ridge Rd",Point Township Dr,WB,2026-04-21,21:00:00,21:15:00,>360 to 480,0,,
input_xlsx.xlsx,"ATR 1. Point Township Dr, south of Ridge Rd",Point Township Dr,WB,2026-04-21,21:00:00,21:15:00,>480 to 600,1,,
input_xlsx.xlsx,"ATR 1. Point Township Dr, south of Ridge Rd",Point Township Dr,WB,2026-04-21,21:00:00,21:15:00,>600 to 720,0,,
input_xlsx.xlsx,"ATR 1. Point Township Dr, south of Ridge Rd",Point Township Dr,WB,2026-04-21,21:00:00,21:15:00,>720 to 840,1,,
input_xlsx.xlsx,"ATR 1. Point Township Dr, south of Ridge Rd",Point Township Dr,WB,2026-04-21,21:00:00,21:15:00,>840 to 960,0,,
input_xlsx.xlsx,"ATR 1. Point Township Dr, south of Ridge Rd",Point Township Dr,WB,2026-04-21,21:00:00,21:15:00,> 960,0,,
input_xlsx.xlsx,"ATR 1. Point Township Dr, south of Ridge Rd",Point Township Dr,WB,2026-04-21,21:15:00,21:30:00,0 to 72,0,,
input_xlsx.xlsx,"ATR 1. Point Township Dr, south of Ridge Rd",Point Township Dr,WB,2026-04-21,21:15:00,21:30:00,>72 to 120,0,,
input_xlsx.xlsx,"ATR 1. Point Township Dr, south of Ridge Rd",Point Township Dr,WB,2026-04-21,21:15:00,21:30:00,>120 to 180,20,,
input_xlsx.xlsx,"ATR 1. Point Township Dr, south of Ridge Rd",Point Township Dr,WB,2026-04-21,21:15:00,21:30:00,>180 to 240,5,,
input_xlsx.xlsx,"ATR 1. Point Township Dr, south of Ridge Rd",Point Township Dr,WB,2026-04-21,21:15:00,21:30:00,>240 to 300,1,,
input_xlsx.xlsx,"ATR 1. Point Township Dr, south of Ridge Rd",Point Township Dr,WB,2026-04-21,21:15:00,21:30:00,>300 to 360,1,,
input_xlsx.xlsx,"ATR 1. Point Township Dr, south of Ridge Rd",Point Township Dr,WB,2026-04-21,21:15:00,21:30:00,>360 to 480,0,,
input_xlsx.xlsx,"ATR 1. Point Township Dr, south of Ridge Rd",Point Township Dr,WB,2026-04-21,21:15:00,21:30:00,>480 to 600,0,,
input_xlsx.xlsx,"ATR 1. Point Township Dr, south of Ridge Rd",Point Township Dr,WB,2026-04-21,21:15:00,21:30:00,>600 to 720,0,,
input_xlsx.xlsx,"ATR 1. Point Township Dr, south of Ridge Rd",Point Township Dr,WB,2026-04-21,21:15:00,21:30:00,>720 to 840,0,,
input_xlsx.xlsx,"ATR 1. Point Township Dr, south of Ridge Rd",Point Township Dr,WB,2026-04-21,21:15:00,21:30:00,>840 to 960,0,,
input_xlsx.xlsx,"ATR 1. Point Township Dr, south of Ridge Rd",Point Township Dr,WB,2026-04-21,21:15:00,21:30:00,> 960,0,,
input_xlsx.xlsx,"ATR 1. Point Township Dr, south of Ridge Rd",Point Township Dr,WB,2026-04-21,21:30:00,21:45:00,0 to 72,0,,
input_xlsx.xlsx,"ATR 1. Point Township Dr, south of Ridge Rd",Point Township Dr,WB,2026-04-21,21:30:00,21:45:00,>72 to 120,0,,
input_xlsx.xlsx,"ATR 1. Point Township Dr, south of Ridge Rd",Point Township Dr,WB,2026-04-21,21:30:00,21:45:00,>120 to 180,16,,
input_xlsx.xlsx,"ATR 1. Point Township Dr, south of Ridge Rd",Point Township Dr,WB,2026-04-21,21:30:00,21:45:00,>180 to 240,5,,
input_xlsx.xlsx,"ATR 1. Point Township Dr, south of Ridge Rd",Point Township Dr,WB,2026-04-21,21:30:00,21:45:00,>240 to 300,0,,
input_xlsx.xlsx,"ATR 1. Point Township Dr, south of Ridge Rd",Point Township Dr,WB,2026-04-21,21:30:00,21:45:00,>300 to 360,0,,
input_xlsx.xlsx,"ATR 1. Point Township Dr, south of Ridge Rd",Point Township Dr,WB,2026-04-21,21:30:00,21:45:00,>360 to 480,0,,
input_xlsx.xlsx,"ATR 1. Point Township Dr, south of Ridge Rd",Point Township Dr,WB,2026-04-21,21:30:00,21:45:00,>480 to 600,0,,
input_xlsx.xlsx,"ATR 1. Point Township Dr, south of Ridge Rd",Point Township Dr,WB,2026-04-21,21:30:00,21:45:00,>600 to 720,0,,
input_xlsx.xlsx,"ATR 1. Point Township Dr, south of Ridge Rd",Point Township Dr,WB,2026-04-21,21:30:00,21:45:00,>720 to 840,0,,
input_xlsx.xlsx,"ATR 1. Point Township Dr, south of Ridge Rd",Point Township Dr,WB,2026-04-21,21:30:00,21:45:00,>840 to 960,1,,
input_xlsx.xlsx,"ATR 1. Point Township Dr, south of Ridge Rd",Point Township Dr,WB,2026-04-21,21:30:00,21:45:00,> 960,0,,
input_xlsx.xlsx,"ATR 1. Point Township Dr, south of Ridge Rd",Point Township Dr,WB,2026-04-21,21:45:00,22:00:00,0 to 72,0,,
input_xlsx.xlsx,"ATR 1. Point Township Dr, south of Ridge Rd",Point Township Dr,WB,2026-04-21,21:45:00,22:00:00,>72 to 120,0,,
input_xlsx.xlsx,"ATR 1. Point Township Dr, south of Ridge Rd",Point Township Dr,WB,2026-04-21,21:45:00,22:00:00,>120 to 180,12,,
input_xlsx.xlsx,"ATR 1. Point Township Dr, south of Ridge Rd",Point Township Dr,WB,2026-04-21,21:45:00,22:00:00,>180 to 240,5,,
input_xlsx.xlsx,"ATR 1. Point Township Dr, south of Ridge Rd",Point Township Dr,WB,2026-04-21,21:45:00,22:00:00,>240 to 300,0,,
input_xlsx.xlsx,"ATR 1. Point Township Dr, south of Ridge Rd",Point Township Dr,WB,2026-04-21,21:45:00,22:00:00,>300 to 360,0,,
input_xlsx.xlsx,"ATR 1. Point Township Dr, south of Ridge Rd",Point Township Dr,WB,2026-04-21,21:45:00,22:00:00,>360 to 480,0,,
input_xlsx.xlsx,"ATR 1. Point Township Dr, south of Ridge Rd",Point Township Dr,WB,2026-04-21,21:45:00,22:00:00,>480 to 600,0,,
input_xlsx.xlsx,"ATR 1. Point Township Dr, south of Ridge Rd",Point Township Dr,WB,2026-04-21,21:45:00,22:00:00,>600 to 720,1,,
input_xlsx.xlsx,"ATR 1. Point Township Dr, south of Ridge Rd",Point Township Dr,WB,2026-04-21,21:45:00,22:00:00,>720 to 840,0,,
input_xlsx.xlsx,"ATR 1. Point Township Dr, south of Ridge Rd",Point Township Dr,WB,2026-04-21,21:45:00,22:00:00,>840 to 960,0,,
input_xlsx.xlsx,"ATR 1. Point Township Dr, south of Ridge Rd",Point Township Dr,WB,2026-04-21,21:45:00,22:00:00,> 960,0,,
input_xlsx.xlsx,"ATR 1. Point Township Dr, south of Ridge Rd",Point Township Dr,WB,2026-04-21,22:00:00,22:15:00,0 to 72,0,,
input_xlsx.xlsx,"ATR 1. Point Township Dr, south of Ridge Rd",Point Township Dr,WB,2026-04-21,22:00:00,22:15:00,>72 to 120,0,,
input_xlsx.xlsx,"ATR 1. Point Township Dr, south of Ridge Rd",Point Township Dr,WB,2026-04-21,22:00:00,22:15:00,>120 to 180,8,,
input_xlsx.xlsx,"ATR 1. Point Township Dr, south of Ridge Rd",Point Township Dr,WB,2026-04-21,22:00:00,22:15:00,>180 to 240,2,,
input_xlsx.xlsx,"ATR 1. Point Township Dr, south of Ridge Rd",Point Township Dr,WB,2026-04-21,22:00:00,22:15:00,>240 to 300,1,,
input_xlsx.xlsx,"ATR 1. Point Township Dr, south of Ridge Rd",Point Township Dr,WB,2026-04-21,22:00:00,22:15:00,>300 to 360,1,,
input_xlsx.xlsx,"ATR 1. Point Township Dr, south of Ridge Rd",Point Township Dr,WB,2026-04-21,22:00:00,22:15:00,>360 to 480,1,,
input_xlsx.xlsx,"ATR 1. Point Township Dr, south of Ridge Rd",Point Township Dr,WB,2026-04-21,22:00:00,22:15:00,>480 to 600,0,,
input_xlsx.xlsx,"ATR 1. Point Township Dr, south of Ridge Rd",Point Township Dr,WB,2026-04-21,22:00:00,22:15:00,>600 to 720,0,,
input_xlsx.xlsx,"ATR 1. Point Township Dr, south of Ridge Rd",Point Township Dr,WB,2026-04-21,22:00:00,22:15:00,>720 to 840,0,,
input_xlsx.xlsx,"ATR 1. Point Township Dr, south of Ridge Rd",Point Township Dr,WB,2026-04-21,22:00:00,22:15:00,>840 to 960,0,,
input_xlsx.xlsx,"ATR 1. Point Township Dr, south of Ridge Rd",Point Township Dr,WB,2026-04-21,22:00:00,22:15:00,> 960,0,,
input_xlsx.xlsx,"ATR 1. Point Township Dr, south of Ridge Rd",Point Township Dr,WB,2026-04-21,22:15:00,22:30:00,0 to 72,0,,
input_xlsx.xlsx,"ATR 1. Point Township Dr, south of Ridge Rd",Point Township Dr,WB,2026-04-21,22:15:00,22:30:00,>72 to 120,0,,
input_xlsx.xlsx,"ATR 1. Point Township Dr, south of Ridge Rd",Point Township Dr,WB,2026-04-21,22:15:00,22:30:00,>120 to 180,10,,
input_xlsx.xlsx,"ATR 1. Point Township Dr, south of Ridge Rd",Point Township Dr,WB,2026-04-21,22:15:00,22:30:00,>180 to 240,3,,
input_xlsx.xlsx,"ATR 1. Point Township Dr, south of Ridge Rd",Point Township Dr,WB,2026-04-21,22:15:00,22:30:00,>240 to 300,1,,
input_xlsx.xlsx,"ATR 1. Point Township Dr, south of Ridge Rd",Point Township Dr,WB,2026-04-21,22:15:00,22:30:00,>300 to 360,0,,
input_xlsx.xlsx,"ATR 1. Point Township Dr, south of Ridge Rd",Point Township Dr,WB,2026-04-21,22:15:00,22:30:00,>360 to 480,0,,
input_xlsx.xlsx,"ATR 1. Point Township Dr, south of Ridge Rd",Point Township Dr,WB,2026-04-21,22:15:00,22:30:00,>480 to 600,1,,
input_xlsx.xlsx,"ATR 1. Point Township Dr, south of Ridge Rd",Point Township Dr,WB,2026-04-21,22:15:00,22:30:00,>600 to 720,0,,
input_xlsx.xlsx,"ATR 1. Point Township Dr, south of Ridge Rd",Point Township Dr,WB,2026-04-21,22:15:00,22:30:00,>720 to 840,0,,
input_xlsx.xlsx,"ATR 1. Point Township Dr, south of Ridge Rd",Point Township Dr,WB,2026-04-21,22:15:00,22:30:00,>840 to 960,0,,
input_xlsx.xlsx,"ATR 1. Point Township Dr, south of Ridge Rd",Point Township Dr,WB,2026-04-21,22:15:00,22:30:00,> 960,0,,
input_xlsx.xlsx,"ATR 1. Point Township Dr, south of Ridge Rd",Point Township Dr,WB,2026-04-21,22:30:00,22:45:00,0 to 72,0,,
input_xlsx.xlsx,"ATR 1. Point Township Dr, south of Ridge Rd",Point Township Dr,WB,2026-04-21,22:30:00,22:45:00,>72 to 120,1,,
input_xlsx.xlsx,"ATR 1. Point Township Dr, south of Ridge Rd",Point Township Dr,WB,2026-04-21,22:30:00,22:45:00,>120 to 180,8,,
input_xlsx.xlsx,"ATR 1. Point Township Dr, south of Ridge Rd",Point Township Dr,WB,2026-04-21,22:30:00,22:45:00,>180 to 240,1,,
input_xlsx.xlsx,"ATR 1. Point Township Dr, south of Ridge Rd",Point Township Dr,WB,2026-04-21,22:30:00,22:45:00,>240 to 300,0,,
input_xlsx.xlsx,"ATR 1. Point Township Dr, south of Ridge Rd",Point Township Dr,WB,2026-04-21,22:30:00,22:45:00,>300 to 360,0,,
input_xlsx.xlsx,"ATR 1. Point Township Dr, south of Ridge Rd",Point Township Dr,WB,2026-04-21,22:30:00,22:45:00,>360 to 480,0,,
input_xlsx.xlsx,"ATR 1. Point Township Dr, south of Ridge Rd",Point Township Dr,WB,2026-04-21,22:30:00,22:45:00,>480 to 600,0,,
input_xlsx.xlsx,"ATR 1. Point Township Dr, south of Ridge Rd",Point Township Dr,WB,2026-04-21,22:30:00,22:45:00,>600 to 720,3,,
input_xlsx.xlsx,"ATR 1. Point Township Dr, south of Ridge Rd",Point Township Dr,WB,2026-04-21,22:30:00,22:45:00,>720 to 840,0,,
input_xlsx.xlsx,"ATR 1. Point Township Dr, south of Ridge Rd",Point Township Dr,WB,2026-04-21,22:30:00,22:45:00,>840 to 960,0,,
input_xlsx.xlsx,"ATR 1. Point Township Dr, south of Ridge Rd",Point Township Dr,WB,2026-04-21,22:30:00,22:45:00,> 960,0,,
input_xlsx.xlsx,"ATR 1. Point Township Dr, south of Ridge Rd",Point Township Dr,WB,2026-04-21,22:45:00,23:00:00,0 to 72,0,,
input_xlsx.xlsx,"ATR 1. Point Township Dr, south of Ridge Rd",Point Township Dr,WB,2026-04-21,22:45:00,23:00:00,>72 to 120,0,,
input_xlsx.xlsx,"ATR 1. Point Township Dr, south of Ridge Rd",Point Township Dr,WB,2026-04-21,22:45:00,23:00:00,>120 to 180,9,,
input_xlsx.xlsx,"ATR 1. Point Township Dr, south of Ridge Rd",Point Township Dr,WB,2026-04-21,22:45:00,23:00:00,>180 to 240,2,,
input_xlsx.xlsx,"ATR 1. Point Township Dr, south of Ridge Rd",Point Township Dr,WB,2026-04-21,22:45:00,23:00:00,>240 to 300,1,,
input_xlsx.xlsx,"ATR 1. Point Township Dr, south of Ridge Rd",Point Township Dr,WB,2026-04-21,22:45:00,23:00:00,>300 to 360,0,,
input_xlsx.xlsx,"ATR 1. Point Township Dr, south of Ridge Rd",Point Township Dr,WB,2026-04-21,22:45:00,23:00:00,>360 to 480,0,,
input_xlsx.xlsx,"ATR 1. Point Township Dr, south of Ridge Rd",Point Township Dr,WB,2026-04-21,22:45:00,23:00:00,>480 to 600,0,,
input_xlsx.xlsx,"ATR 1. Point Township Dr, south of Ridge Rd",Point Township Dr,WB,2026-04-21,22:45:00,23:00:00,>600 to 720,0,,
input_xlsx.xlsx,"ATR 1. Point Township Dr, south of Ridge Rd",Point Township Dr,WB,2026-04-21,22:45:00,23:00:00,>720 to 840,0,,
input_xlsx.xlsx,"ATR 1. Point Township Dr, south of Ridge Rd",Point Township Dr,WB,2026-04-21,22:45:00,23:00:00,>840 to 960,0,,
input_xlsx.xlsx,"ATR 1. Point Township Dr, south of Ridge Rd",Point Township Dr,WB,2026-04-21,22:45:00,23:00:00,> 960,0,,
input_xlsx.xlsx,"ATR 1. Point Township Dr, south of Ridge Rd",Point Township Dr,WB,2026-04-21,23:00:00,23:15:00,0 to 72,0,,
input_xlsx.xlsx,"ATR 1. Point Township Dr, south of Ridge Rd",Point Township Dr,WB,2026-04-21,23:00:00,23:15:00,>72 to 120,0,,
input_xlsx.xlsx,"ATR 1. Point Township Dr, south of Ridge Rd",Point Township Dr,WB,2026-04-21,23:00:00,23:15:00,>120 to 180,10,,
input_xlsx.xlsx,"ATR 1. Point Township Dr, south of Ridge Rd",Point Township Dr,WB,2026-04-21,23:00:00,23:15:00,>180 to 240,0,,
input_xlsx.xlsx,"ATR 1. Point Township Dr, south of Ridge Rd",Point Township Dr,WB,2026-04-21,23:00:00,23:15:00,>240 to 300,0,,
input_xlsx.xlsx,"ATR 1. Point Township Dr, south of Ridge Rd",Point Township Dr,WB,2026-04-21,23:00:00,23:15:00,>300 to 360,0,,
input_xlsx.xlsx,"ATR 1. Point Township Dr, south of Ridge Rd",Point Township Dr,WB,2026-04-21,23:00:00,23:15:00,>360 to 480,0,,
input_xlsx.xlsx,"ATR 1. Point Township Dr, south of Ridge Rd",Point Township Dr,WB,2026-04-21,23:00:00,23:15:00,>480 to 600,0,,
input_xlsx.xlsx,"ATR 1. Point Township Dr, south of Ridge Rd",Point Township Dr,WB,2026-04-21,23:00:00,23:15:00,>600 to 720,0,,
input_xlsx.xlsx,"ATR 1. Point Township Dr, south of Ridge Rd",Point Township Dr,WB,2026-04-21,23:00:00,23:15:00,>720 to 840,0,,
input_xlsx.xlsx,"ATR 1. Point Township Dr, south of Ridge Rd",Point Township Dr,WB,2026-04-21,23:00:00,23:15:00,>840 to 960,1,,
input_xlsx.xlsx,"ATR 1. Point Township Dr, south of Ridge Rd",Point Township Dr,WB,2026-04-21,23:00:00,23:15:00,> 960,0,,
input_xlsx.xlsx,"ATR 1. Point Township Dr, south of Ridge Rd",Point Township Dr,WB,2026-04-21,23:15:00,23:30:00,0 to 72,0,,
input_xlsx.xlsx,"ATR 1. Point Township Dr, south of Ridge Rd",Point Township Dr,WB,2026-04-21,23:15:00,23:30:00,>72 to 120,0,,
input_xlsx.xlsx,"ATR 1. Point Township Dr, south of Ridge Rd",Point Township Dr,WB,2026-04-21,23:15:00,23:30:00,>120 to 180,10,,
input_xlsx.xlsx,"ATR 1. Point Township Dr, south of Ridge Rd",Point Township Dr,WB,2026-04-21,23:15:00,23:30:00,>180 to 240,4,,
input_xlsx.xlsx,"ATR 1. Point Township Dr, south of Ridge Rd",Point Township Dr,WB,2026-04-21,23:15:00,23:30:00,>240 to 300,0,,
input_xlsx.xlsx,"ATR 1. Point Township Dr, south of Ridge Rd",Point Township Dr,WB,2026-04-21,23:15:00,23:30:00,>300 to 360,0,,
input_xlsx.xlsx,"ATR 1. Point Township Dr, south of Ridge Rd",Point Township Dr,WB,2026-04-21,23:15:00,23:30:00,>360 to 480,0,,
input_xlsx.xlsx,"ATR 1. Point Township Dr, south of Ridge Rd",Point Township Dr,WB,2026-04-21,23:15:00,23:30:00,>480 to 600,0,,
input_xlsx.xlsx,"ATR 1. Point Township Dr, south of Ridge Rd",Point Township Dr,WB,2026-04-21,23:15:00,23:30:00,>600 to 720,0,,
input_xlsx.xlsx,"ATR 1. Point Township Dr, south of Ridge Rd",Point Township Dr,WB,2026-04-21,23:15:00,23:30:00,>720 to 840,0,,
input_xlsx.xlsx,"ATR 1. Point Township Dr, south of Ridge Rd",Point Township Dr,WB,2026-04-21,23:15:00,23:30:00,>840 to 960,0,,
input_xlsx.xlsx,"ATR 1. Point Township Dr, south of Ridge Rd",Point Township Dr,WB,2026-04-21,23:15:00,23:30:00,> 960,0,,
input_xlsx.xlsx,"ATR 1. Point Township Dr, south of Ridge Rd",Point Township Dr,WB,2026-04-21,23:30:00,23:45:00,0 to 72,0,,
input_xlsx.xlsx,"ATR 1. Point Township Dr, south of Ridge Rd",Point Township Dr,WB,2026-04-21,23:30:00,23:45:00,>72 to 120,0,,
input_xlsx.xlsx,"ATR 1. Point Township Dr, south of Ridge Rd",Point Township Dr,WB,2026-04-21,23:30:00,23:45:00,>120 to 180,18,,
input_xlsx.xlsx,"ATR 1. Point Township Dr, south of Ridge Rd",Point Township Dr,WB,2026-04-21,23:30:00,23:45:00,>180 to 240,0,,
input_xlsx.xlsx,"ATR 1. Point Township Dr, south of Ridge Rd",Point Township Dr,WB,2026-04-21,23:30:00,23:45:00,>240 to 300,0,,
input_xlsx.xlsx,"ATR 1. Point Township Dr, south of Ridge Rd",Point Township Dr,WB,2026-04-21,23:30:00,23:45:00,>300 to 360,0,,
input_xlsx.xlsx,"ATR 1. Point Township Dr, south of Ridge Rd",Point Township Dr,WB,2026-04-21,23:30:00,23:45:00,>360 to 480,0,,
input_xlsx.xlsx,"ATR 1. Point Township Dr, south of Ridge Rd",Point Township Dr,WB,2026-04-21,23:30:00,23:45:00,>480 to 600,0,,
input_xlsx.xlsx,"ATR 1. Point Township Dr, south of Ridge Rd",Point Township Dr,WB,2026-04-21,23:30:00,23:45:00,>600 to 720,0,,
input_xlsx.xlsx,"ATR 1. Point Township Dr, south of Ridge Rd",Point Township Dr,WB,2026-04-21,23:30:00,23:45:00,>720 to 840,0,,
input_xlsx.xlsx,"ATR 1. Point Township Dr, south of Ridge Rd",Point Township Dr,WB,2026-04-21,23:30:00,23:45:00,>840 to 960,0,,
input_xlsx.xlsx,"ATR 1. Point Township Dr, south of Ridge Rd",Point Township Dr,WB,2026-04-21,23:30:00,23:45:00,> 960,0,,
input_xlsx.xlsx,"ATR 1. Point Township Dr, south of Ridge Rd",Point Township Dr,WB,2026-04-21,23:45:00,00:00:00,0 to 72,0,,
input_xlsx.xlsx,"ATR 1. Point Township Dr, south of Ridge Rd",Point Township Dr,WB,2026-04-21,23:45:00,00:00:00,>72 to 120,0,,
input_xlsx.xlsx,"ATR 1. Point Township Dr, south of Ridge Rd",Point Township Dr,WB,2026-04-21,23:45:00,00:00:00,>120 to 180,10,,
input_xlsx.xlsx,"ATR 1. Point Township Dr, south of Ridge Rd",Point Township Dr,WB,2026-04-21,23:45:00,00:00:00,>180 to 240,1,,
input_xlsx.xlsx,"ATR 1. Point Township Dr, south of Ridge Rd",Point Township Dr,WB,2026-04-21,23:45:00,00:00:00,>240 to 300,0,,
input_xlsx.xlsx,"ATR 1. Point Township Dr, south of Ridge Rd",Point Township Dr,WB,2026-04-21,23:45:00,00:00:00,>300 to 360,0,,
input_xlsx.xlsx,"ATR 1. Point Township Dr, south of Ridge Rd",Point Township Dr,WB,2026-04-21,23:45:00,00:00:00,>360 to 480,0,,
input_xlsx.xlsx,"ATR 1. Point Township Dr, south of Ridge Rd",Point Township Dr,WB,2026-04-21,23:45:00,00:00:00,>480 to 600,0,,
input_xlsx.xlsx,"ATR 1. Point Township Dr, south of Ridge Rd",Point Township Dr,WB,2026-04-21,23:45:00,00:00:00,>600 to 720,0,,
input_xlsx.xlsx,"ATR 1. Point Township Dr, south of Ridge Rd",Point Township Dr,WB,2026-04-21,23:45:00,00:00:00,>720 to 840,0,,
input_xlsx.xlsx,"ATR 1. Point Township Dr, south of Ridge Rd",Point Township Dr,WB,2026-04-21,23:45:00,00:00:00,>840 to 960,0,,
input_xlsx.xlsx,"ATR 1. Point Township Dr, south of Ridge Rd",Point Township Dr,WB,2026-04-21,23:45:00,00:00:00,> 960,0,,
input_xlsx.xlsx,"ATR 1. Point Township Dr, south of Ridge Rd",Point Township Dr,WB,2026-04-22,00:00:00,00:15:00,0 to 72,0,,
input_xlsx.xlsx,"ATR 1. Point Township Dr, south of Ridge Rd",Point Township Dr,WB,2026-04-22,00:00:00,00:15:00,>72 to 120,0,,
input_xlsx.xlsx,"ATR 1. Point Township Dr, south of Ridge Rd",Point Township Dr,WB,2026-04-22,00:00:00,00:15:00,>120 to 180,6,,
input_xlsx.xlsx,"ATR 1. Point Township Dr, south of Ridge Rd",Point Township Dr,WB,2026-04-22,00:00:00,00:15:00,>180 to 240,1,,
input_xlsx.xlsx,"ATR 1. Point Township Dr, south of Ridge Rd",Point Township Dr,WB,2026-04-22,00:00:00,00:15:00,>240 to 300,1,,
input_xlsx.xlsx,"ATR 1. Point Township Dr, south of Ridge Rd",Point Township Dr,WB,2026-04-22,00:00:00,00:15:00,>300 to 360,0,,
input_xlsx.xlsx,"ATR 1. Point Township Dr, south of Ridge Rd",Point Township Dr,WB,2026-04-22,00:00:00,00:15:00,>360 to 480,1,,
input_xlsx.xlsx,"ATR 1. Point Township Dr, south of Ridge Rd",Point Township Dr,WB,2026-04-22,00:00:00,00:15:00,>480 to 600,0,,
input_xlsx.xlsx,"ATR 1. Point Township Dr, south of Ridge Rd",Point Township Dr,WB,2026-04-22,00:00:00,00:15:00,>600 to 720,1,,
input_xlsx.xlsx,"ATR 1. Point Township Dr, south of Ridge Rd",Point Township Dr,WB,2026-04-22,00:00:00,00:15:00,>720 to 840,0,,
input_xlsx.xlsx,"ATR 1. Point Township Dr, south of Ridge Rd",Point Township Dr,WB,2026-04-22,00:00:00,00:15:00,>840 to 960,0,,
input_xlsx.xlsx,"ATR 1. Point Township Dr, south of Ridge Rd",Point Township Dr,WB,2026-04-22,00:00:00,00:15:00,> 960,0,,
input_xlsx.xlsx,"ATR 1. Point Township Dr, south of Ridge Rd",Point Township Dr,WB,2026-04-22,00:15:00,00:30:00,0 to 72,0,,
input_xlsx.xlsx,"ATR 1. Point Township Dr, south of Ridge Rd",Point Township Dr,WB,2026-04-22,00:15:00,00:30:00,>72 to 120,0,,
input_xlsx.xlsx,"ATR 1. Point Township Dr, south of Ridge Rd",Point Township Dr,WB,2026-04-22,00:15:00,00:30:00,>120 to 180,2,,
input_xlsx.xlsx,"ATR 1. Point Township Dr, south of Ridge Rd",Point Township Dr,WB,2026-04-22,00:15:00,00:30:00,>180 to 240,0,,
input_xlsx.xlsx,"ATR 1. Point Township Dr, south of Ridge Rd",Point Township Dr,WB,2026-04-22,00:15:00,00:30:00,>240 to 300,1,,
input_xlsx.xlsx,"ATR 1. Point Township Dr, south of Ridge Rd",Point Township Dr,WB,2026-04-22,00:15:00,00:30:00,>300 to 360,0,,
input_xlsx.xlsx,"ATR 1. Point Township Dr, south of Ridge Rd",Point Township Dr,WB,2026-04-22,00:15:00,00:30:00,>360 to 480,0,,
input_xlsx.xlsx,"ATR 1. Point Township Dr, south of Ridge Rd",Point Township Dr,WB,2026-04-22,00:15:00,00:30:00,>480 to 600,0,,
input_xlsx.xlsx,"ATR 1. Point Township Dr, south of Ridge Rd",Point Township Dr,WB,2026-04-22,00:15:00,00:30:00,>600 to 720,1,,
input_xlsx.xlsx,"ATR 1. Point Township Dr, south of Ridge Rd",Point Township Dr,WB,2026-04-22,00:15:00,00:30:00,>720 to 840,1,,
input_xlsx.xlsx,"ATR 1. Point Township Dr, south of Ridge Rd",Point Township Dr,WB,2026-04-22,00:15:00,00:30:00,>840 to 960,1,,
input_xlsx.xlsx,"ATR 1. Point Township Dr, south of Ridge Rd",Point Township Dr,WB,2026-04-22,00:15:00,00:30:00,> 960,0,,
input_xlsx.xlsx,"ATR 1. Point Township Dr, south of Ridge Rd",Point Township Dr,WB,2026-04-22,00:30:00,00:45:00,0 to 72,0,,
input_xlsx.xlsx,"ATR 1. Point Township Dr, south of Ridge Rd",Point Township Dr,WB,2026-04-22,00:30:00,00:45:00,>72 to 120,0,,
input_xlsx.xlsx,"ATR 1. Point Township Dr, south of Ridge Rd",Point Township Dr,WB,2026-04-22,00:30:00,00:45:00,>120 to 180,4,,
input_xlsx.xlsx,"ATR 1. Point Township Dr, south of Ridge Rd",Point Township Dr,WB,2026-04-22,00:30:00,00:45:00,>180 to 240,1,,
input_xlsx.xlsx,"ATR 1. Point Township Dr, south of Ridge Rd",Point Township Dr,WB,2026-04-22,00:30:00,00:45:00,>240 to 300,0,,
input_xlsx.xlsx,"ATR 1. Point Township Dr, south of Ridge Rd",Point Township Dr,WB,2026-04-22,00:30:00,00:45:00,>300 to 360,0,,
input_xlsx.xlsx,"ATR 1. Point Township Dr, south of Ridge Rd",Point Township Dr,WB,2026-04-22,00:30:00,00:45:00,>360 to 480,0,,
input_xlsx.xlsx,"ATR 1. Point Township Dr, south of Ridge Rd",Point Township Dr,WB,2026-04-22,00:30:00,00:45:00,>480 to 600,0,,
input_xlsx.xlsx,"ATR 1. Point Township Dr, south of Ridge Rd",Point Township Dr,WB,2026-04-22,00:30:00,00:45:00,>600 to 720,0,,
input_xlsx.xlsx,"ATR 1. Point Township Dr, south of Ridge Rd",Point Township Dr,WB,2026-04-22,00:30:00,00:45:00,>720 to 840,1,,
input_xlsx.xlsx,"ATR 1. Point Township Dr, south of Ridge Rd",Point Township Dr,WB,2026-04-22,00:30:00,00:45:00,>840 to 960,0,,
input_xlsx.xlsx,"ATR 1. Point Township Dr, south of Ridge Rd",Point Township Dr,WB,2026-04-22,00:30:00,00:45:00,> 960,0,,
input_xlsx.xlsx,"ATR 1. Point Township Dr, south of Ridge Rd",Point Township Dr,WB,2026-04-22,00:45:00,01:00:00,0 to 72,0,,
input_xlsx.xlsx,"ATR 1. Point Township Dr, south of Ridge Rd",Point Township Dr,WB,2026-04-22,00:45:00,01:00:00,>72 to 120,0,,
input_xlsx.xlsx,"ATR 1. Point Township Dr, south of Ridge Rd",Point Township Dr,WB,2026-04-22,00:45:00,01:00:00,>120 to 180,5,,
input_xlsx.xlsx,"ATR 1. Point Township Dr, south of Ridge Rd",Point Township Dr,WB,2026-04-22,00:45:00,01:00:00,>180 to 240,2,,
input_xlsx.xlsx,"ATR 1. Point Township Dr, south of Ridge Rd",Point Township Dr,WB,2026-04-22,00:45:00,01:00:00,>240 to 300,0,,
input_xlsx.xlsx,"ATR 1. Point Township Dr, south of Ridge Rd",Point Township Dr,WB,2026-04-22,00:45:00,01:00:00,>300 to 360,0,,
input_xlsx.xlsx,"ATR 1. Point Township Dr, south of Ridge Rd",Point Township Dr,WB,2026-04-22,00:45:00,01:00:00,>360 to 480,0,,
input_xlsx.xlsx,"ATR 1. Point Township Dr, south of Ridge Rd",Point Township Dr,WB,2026-04-22,00:45:00,01:00:00,>480 to 600,1,,
input_xlsx.xlsx,"ATR 1. Point Township Dr, south of Ridge Rd",Point Township Dr,WB,2026-04-22,00:45:00,01:00:00,>600 to 720,1,,
input_xlsx.xlsx,"ATR 1. Point Township Dr, south of Ridge Rd",Point Township Dr,WB,2026-04-22,00:45:00,01:00:00,>720 to 840,0,,
input_xlsx.xlsx,"ATR 1. Point Township Dr, south of Ridge Rd",Point Township Dr,WB,2026-04-22,00:45:00,01:00:00,>840 to 960,0,,
input_xlsx.xlsx,"ATR 1. Point Township Dr, south of Ridge Rd",Point Township Dr,WB,2026-04-22,00:45:00,01:00:00,> 960,0,,
input_xlsx.xlsx,"ATR 1. Point Township Dr, south of Ridge Rd",Point Township Dr,WB,2026-04-22,01:00:00,01:15:00,0 to 72,0,,
input_xlsx.xlsx,"ATR 1. Point Township Dr, south of Ridge Rd",Point Township Dr,WB,2026-04-22,01:00:00,01:15:00,>72 to 120,0,,
input_xlsx.xlsx,"ATR 1. Point Township Dr, south of Ridge Rd",Point Township Dr,WB,2026-04-22,01:00:00,01:15:00,>120 to 180,3,,
input_xlsx.xlsx,"ATR 1. Point Township Dr, south of Ridge Rd",Point Township Dr,WB,2026-04-22,01:00:00,01:15:00,>180 to 240,0,,
input_xlsx.xlsx,"ATR 1. Point Township Dr, south of Ridge Rd",Point Township Dr,WB,2026-04-22,01:00:00,01:15:00,>240 to 300,1,,
input_xlsx.xlsx,"ATR 1. Point Township Dr, south of Ridge Rd",Point Township Dr,WB,2026-04-22,01:00:00,01:15:00,>300 to 360,0,,
input_xlsx.xlsx,"ATR 1. Point Township Dr, south of Ridge Rd",Point Township Dr,WB,2026-04-22,01:00:00,01:15:00,>360 to 480,0,,
input_xlsx.xlsx,"ATR 1. Point Township Dr, south of Ridge Rd",Point Township Dr,WB,2026-04-22,01:00:00,01:15:00,>480 to 600,0,,
input_xlsx.xlsx,"ATR 1. Point Township Dr, south of Ridge Rd",Point Township Dr,WB,2026-04-22,01:00:00,01:15:00,>600 to 720,0,,
input_xlsx.xlsx,"ATR 1. Point Township Dr, south of Ridge Rd",Point Township Dr,WB,2026-04-22,01:00:00,01:15:00,>720 to 840,0,,
input_xlsx.xlsx,"ATR 1. Point Township Dr, south of Ridge Rd",Point Township Dr,WB,2026-04-22,01:00:00,01:15:00,>840 to 960,0,,
input_xlsx.xlsx,"ATR 1. Point Township Dr, south of Ridge Rd",Point Township Dr,WB,2026-04-22,01:00:00,01:15:00,> 960,1,,
input_xlsx.xlsx,"ATR 1. Point Township Dr, south of Ridge Rd",Point Township Dr,WB,2026-04-22,01:15:00,01:30:00,0 to 72,0,,
input_xlsx.xlsx,"ATR 1. Point Township Dr, south of Ridge Rd",Point Township Dr,WB,2026-04-22,01:15:00,01:30:00,>72 to 120,0,,
input_xlsx.xlsx,"ATR 1. Point Township Dr, south of Ridge Rd",Point Township Dr,WB,2026-04-22,01:15:00,01:30:00,>120 to 180,3,,
input_xlsx.xlsx,"ATR 1. Point Township Dr, south of Ridge Rd",Point Township Dr,WB,2026-04-22,01:15:00,01:30:00,>180 to 240,2,,
input_xlsx.xlsx,"ATR 1. Point Township Dr, south of Ridge Rd",Point Township Dr,WB,2026-04-22,01:15:00,01:30:00,>240 to 300,0,,
input_xlsx.xlsx,"ATR 1. Point Township Dr, south of Ridge Rd",Point Township Dr,WB,2026-04-22,01:15:00,01:30:00,>300 to 360,0,,
input_xlsx.xlsx,"ATR 1. Point Township Dr, south of Ridge Rd",Point Township Dr,WB,2026-04-22,01:15:00,01:30:00,>360 to 480,0,,
input_xlsx.xlsx,"ATR 1. Point Township Dr, south of Ridge Rd",Point Township Dr,WB,2026-04-22,01:15:00,01:30:00,>480 to 600,0,,
input_xlsx.xlsx,"ATR 1. Point Township Dr, south of Ridge Rd",Point Township Dr,WB,2026-04-22,01:15:00,01:30:00,>600 to 720,1,,
input_xlsx.xlsx,"ATR 1. Point Township Dr, south of Ridge Rd",Point Township Dr,WB,2026-04-22,01:15:00,01:30:00,>720 to 840,0,,
input_xlsx.xlsx,"ATR 1. Point Township Dr, south of Ridge Rd",Point Township Dr,WB,2026-04-22,01:15:00,01:30:00,>840 to 960,0,,
input_xlsx.xlsx,"ATR 1. Point Township Dr, south of Ridge Rd",Point Township Dr,WB,2026-04-22,01:15:00,01:30:00,> 960,0,,
input_xlsx.xlsx,"ATR 1. Point Township Dr, south of Ridge Rd",Point Township Dr,WB,2026-04-22,01:30:00,01:45:00,0 to 72,0,,
input_xlsx.xlsx,"ATR 1. Point Township Dr, south of Ridge Rd",Point Township Dr,WB,2026-04-22,01:30:00,01:45:00,>72 to 120,0,,
input_xlsx.xlsx,"ATR 1. Point Township Dr, south of Ridge Rd",Point Township Dr,WB,2026-04-22,01:30:00,01:45:00,>120 to 180,3,,
input_xlsx.xlsx,"ATR 1. Point Township Dr, south of Ridge Rd",Point Township Dr,WB,2026-04-22,01:30:00,01:45:00,>180 to 240,0,,
input_xlsx.xlsx,"ATR 1. Point Township Dr, south of Ridge Rd",Point Township Dr,WB,2026-04-22,01:30:00,01:45:00,>240 to 300,0,,
input_xlsx.xlsx,"ATR 1. Point Township Dr, south of Ridge Rd",Point Township Dr,WB,2026-04-22,01:30:00,01:45:00,>300 to 360,1,,
input_xlsx.xlsx,"ATR 1. Point Township Dr, south of Ridge Rd",Point Township Dr,WB,2026-04-22,01:30:00,01:45:00,>360 to 480,0,,
input_xlsx.xlsx,"ATR 1. Point Township Dr, south of Ridge Rd",Point Township Dr,WB,2026-04-22,01:30:00,01:45:00,>480 to 600,0,,
input_xlsx.xlsx,"ATR 1. Point Township Dr, south of Ridge Rd",Point Township Dr,WB,2026-04-22,01:30:00,01:45:00,>600 to 720,1,,
input_xlsx.xlsx,"ATR 1. Point Township Dr, south of Ridge Rd",Point Township Dr,WB,2026-04-22,01:30:00,01:45:00,>720 to 840,0,,
input_xlsx.xlsx,"ATR 1. Point Township Dr, south of Ridge Rd",Point Township Dr,WB,2026-04-22,01:30:00,01:45:00,>840 to 960,0,,
input_xlsx.xlsx,"ATR 1. Point Township Dr, south of Ridge Rd",Point Township Dr,WB,2026-04-22,01:30:00,01:45:00,> 960,0,,
input_xlsx.xlsx,"ATR 1. Point Township Dr, south of Ridge Rd",Point Township Dr,WB,2026-04-22,01:45:00,02:00:00,0 to 72,0,,
input_xlsx.xlsx,"ATR 1. Point Township Dr, south of Ridge Rd",Point Township Dr,WB,2026-04-22,01:45:00,02:00:00,>72 to 120,0,,
input_xlsx.xlsx,"ATR 1. Point Township Dr, south of Ridge Rd",Point Township Dr,WB,2026-04-22,01:45:00,02:00:00,>120 to 180,0,,
input_xlsx.xlsx,"ATR 1. Point Township Dr, south of Ridge Rd",Point Township Dr,WB,2026-04-22,01:45:00,02:00:00,>180 to 240,0,,
input_xlsx.xlsx,"ATR 1. Point Township Dr, south of Ridge Rd",Point Township Dr,WB,2026-04-22,01:45:00,02:00:00,>240 to 300,1,,
input_xlsx.xlsx,"ATR 1. Point Township Dr, south of Ridge Rd",Point Township Dr,WB,2026-04-22,01:45:00,02:00:00,>300 to 360,0,,
input_xlsx.xlsx,"ATR 1. Point Township Dr, south of Ridge Rd",Point Township Dr,WB,2026-04-22,01:45:00,02:00:00,>360 to 480,0,,
input_xlsx.xlsx,"ATR 1. Point Township Dr, south of Ridge Rd",Point Township Dr,WB,2026-04-22,01:45:00,02:00:00,>480 to 600,0,,
input_xlsx.xlsx,"ATR 1. Point Township Dr, south of Ridge Rd",Point Township Dr,WB,2026-04-22,01:45:00,02:00:00,>600 to 720,1,,
input_xlsx.xlsx,"ATR 1. Point Township Dr, south of Ridge Rd",Point Township Dr,WB,2026-04-22,01:45:00,02:00:00,>720 to 840,1,,
input_xlsx.xlsx,"ATR 1. Point Township Dr, south of Ridge Rd",Point Township Dr,WB,2026-04-22,01:45:00,02:00:00,>840 to 960,0,,
input_xlsx.xlsx,"ATR 1. Point Township Dr, south of Ridge Rd",Point Township Dr,WB,2026-04-22,01:45:00,02:00:00,> 960,0,,
input_xlsx.xlsx,"ATR 1. Point Township Dr, south of Ridge Rd",Point Township Dr,WB,2026-04-22,02:00:00,02:15:00,0 to 72,0,,
input_xlsx.xlsx,"ATR 1. Point Township Dr, south of Ridge Rd",Point Township Dr,WB,2026-04-22,02:00:00,02:15:00,>72 to 120,0,,
input_xlsx.xlsx,"ATR 1. Point Township Dr, south of Ridge Rd",Point Township Dr,WB,2026-04-22,02:00:00,02:15:00,>120 to 180,2,,
input_xlsx.xlsx,"ATR 1. Point Township Dr, south of Ridge Rd",Point Township Dr,WB,2026-04-22,02:00:00,02:15:00,>180 to 240,1,,
input_xlsx.xlsx,"ATR 1. Point Township Dr, south of Ridge Rd",Point Township Dr,WB,2026-04-22,02:00:00,02:15:00,>240 to 300,0,,
input_xlsx.xlsx,"ATR 1. Point Township Dr, south of Ridge Rd",Point Township Dr,WB,2026-04-22,02:00:00,02:15:00,>300 to 360,0,,
input_xlsx.xlsx,"ATR 1. Point Township Dr, south of Ridge Rd",Point Township Dr,WB,2026-04-22,02:00:00,02:15:00,>360 to 480,0,,
input_xlsx.xlsx,"ATR 1. Point Township Dr, south of Ridge Rd",Point Township Dr,WB,2026-04-22,02:00:00,02:15:00,>480 to 600,0,,
input_xlsx.xlsx,"ATR 1. Point Township Dr, south of Ridge Rd",Point Township Dr,WB,2026-04-22,02:00:00,02:15:00,>600 to 720,0,,
input_xlsx.xlsx,"ATR 1. Point Township Dr, south of Ridge Rd",Point Township Dr,WB,2026-04-22,02:00:00,02:15:00,>720 to 840,1,,
input_xlsx.xlsx,"ATR 1. Point Township Dr, south of Ridge Rd",Point Township Dr,WB,2026-04-22,02:00:00,02:15:00,>840 to 960,2,,
input_xlsx.xlsx,"ATR 1. Point Township Dr, south of Ridge Rd",Point Township Dr,WB,2026-04-22,02:00:00,02:15:00,> 960,0,,
input_xlsx.xlsx,"ATR 1. Point Township Dr, south of Ridge Rd",Point Township Dr,WB,2026-04-22,02:15:00,02:30:00,0 to 72,0,,
input_xlsx.xlsx,"ATR 1. Point Township Dr, south of Ridge Rd",Point Township Dr,WB,2026-04-22,02:15:00,02:30:00,>72 to 120,0,,
input_xlsx.xlsx,"ATR 1. Point Township Dr, south of Ridge Rd",Point Township Dr,WB,2026-04-22,02:15:00,02:30:00,>120 to 180,2,,
input_xlsx.xlsx,"ATR 1. Point Township Dr, south of Ridge Rd",Point Township Dr,WB,2026-04-22,02:15:00,02:30:00,>180 to 240,0,,
input_xlsx.xlsx,"ATR 1. Point Township Dr, south of Ridge Rd",Point Township Dr,WB,2026-04-22,02:15:00,02:30:00,>240 to 300,0,,
input_xlsx.xlsx,"ATR 1. Point Township Dr, south of Ridge Rd",Point Township Dr,WB,2026-04-22,02:15:00,02:30:00,>300 to 360,0,,
input_xlsx.xlsx,"ATR 1. Point Township Dr, south of Ridge Rd",Point Township Dr,WB,2026-04-22,02:15:00,02:30:00,>360 to 480,0,,
input_xlsx.xlsx,"ATR 1. Point Township Dr, south of Ridge Rd",Point Township Dr,WB,2026-04-22,02:15:00,02:30:00,>480 to 600,0,,
input_xlsx.xlsx,"ATR 1. Point Township Dr, south of Ridge Rd",Point Township Dr,WB,2026-04-22,02:15:00,02:30:00,>600 to 720,0,,
input_xlsx.xlsx,"ATR 1. Point Township Dr, south of Ridge Rd",Point Township Dr,WB,2026-04-22,02:15:00,02:30:00,>720 to 840,0,,
input_xlsx.xlsx,"ATR 1. Point Township Dr, south of Ridge Rd",Point Township Dr,WB,2026-04-22,02:15:00,02:30:00,>840 to 960,0,,
input_xlsx.xlsx,"ATR 1. Point Township Dr, south of Ridge Rd",Point Township Dr,WB,2026-04-22,02:15:00,02:30:00,> 960,0,,
input_xlsx.xlsx,"ATR 1. Point Township Dr, south of Ridge Rd",Point Township Dr,WB,2026-04-22,02:30:00,02:45:00,0 to 72,0,,
input_xlsx.xlsx,"ATR 1. Point Township Dr, south of Ridge Rd",Point Township Dr,WB,2026-04-22,02:30:00,02:45:00,>72 to 120,0,,
input_xlsx.xlsx,"ATR 1. Point Township Dr, south of Ridge Rd",Point Township Dr,WB,2026-04-22,02:30:00,02:45:00,>120 to 180,1,,
input_xlsx.xlsx,"ATR 1. Point Township Dr, south of Ridge Rd",Point Township Dr,WB,2026-04-22,02:30:00,02:45:00,>180 to 240,3,,
input_xlsx.xlsx,"ATR 1. Point Township Dr, south of Ridge Rd",Point Township Dr,WB,2026-04-22,02:30:00,02:45:00,>240 to 300,1,,
input_xlsx.xlsx,"ATR 1. Point Township Dr, south of Ridge Rd",Point Township Dr,WB,2026-04-22,02:30:00,02:45:00,>300 to 360,0,,
input_xlsx.xlsx,"ATR 1. Point Township Dr, south of Ridge Rd",Point Township Dr,WB,2026-04-22,02:30:00,02:45:00,>360 to 480,0,,
input_xlsx.xlsx,"ATR 1. Point Township Dr, south of Ridge Rd",Point Township Dr,WB,2026-04-22,02:30:00,02:45:00,>480 to 600,0,,
input_xlsx.xlsx,"ATR 1. Point Township Dr, south of Ridge Rd",Point Township Dr,WB,2026-04-22,02:30:00,02:45:00,>600 to 720,0,,
input_xlsx.xlsx,"ATR 1. Point Township Dr, south of Ridge Rd",Point Township Dr,WB,2026-04-22,02:30:00,02:45:00,>720 to 840,1,,
input_xlsx.xlsx,"ATR 1. Point Township Dr, south of Ridge Rd",Point Township Dr,WB,2026-04-22,02:30:00,02:45:00,>840 to 960,0,,
input_xlsx.xlsx,"ATR 1. Point Township Dr, south of Ridge Rd",Point Township Dr,WB,2026-04-22,02:30:00,02:45:00,> 960,0,,
input_xlsx.xlsx,"ATR 1. Point Township Dr, south of Ridge Rd",Point Township Dr,WB,2026-04-22,02:45:00,03:00:00,0 to 72,0,,
input_xlsx.xlsx,"ATR 1. Point Township Dr, south of Ridge Rd",Point Township Dr,WB,2026-04-22,02:45:00,03:00:00,>72 to 120,0,,
input_xlsx.xlsx,"ATR 1. Point Township Dr, south of Ridge Rd",Point Township Dr,WB,2026-04-22,02:45:00,03:00:00,>120 to 180,1,,
input_xlsx.xlsx,"ATR 1. Point Township Dr, south of Ridge Rd",Point Township Dr,WB,2026-04-22,02:45:00,03:00:00,>180 to 240,0,,
input_xlsx.xlsx,"ATR 1. Point Township Dr, south of Ridge Rd",Point Township Dr,WB,2026-04-22,02:45:00,03:00:00,>240 to 300,0,,
input_xlsx.xlsx,"ATR 1. Point Township Dr, south of Ridge Rd",Point Township Dr,WB,2026-04-22,02:45:00,03:00:00,>300 to 360,0,,
input_xlsx.xlsx,"ATR 1. Point Township Dr, south of Ridge Rd",Point Township Dr,WB,2026-04-22,02:45:00,03:00:00,>360 to 480,0,,
input_xlsx.xlsx,"ATR 1. Point Township Dr, south of Ridge Rd",Point Township Dr,WB,2026-04-22,02:45:00,03:00:00,>480 to 600,0,,
input_xlsx.xlsx,"ATR 1. Point Township Dr, south of Ridge Rd",Point Township Dr,WB,2026-04-22,02:45:00,03:00:00,>600 to 720,0,,
input_xlsx.xlsx,"ATR 1. Point Township Dr, south of Ridge Rd",Point Township Dr,WB,2026-04-22,02:45:00,03:00:00,>720 to 840,0,,
input_xlsx.xlsx,"ATR 1. Point Township Dr, south of Ridge Rd",Point Township Dr,WB,2026-04-22,02:45:00,03:00:00,>840 to 960,0,,
input_xlsx.xlsx,"ATR 1. Point Township Dr, south of Ridge Rd",Point Township Dr,WB,2026-04-22,02:45:00,03:00:00,> 960,0,,
input_xlsx.xlsx,"ATR 1. Point Township Dr, south of Ridge Rd",Point Township Dr,WB,2026-04-22,03:00:00,03:15:00,0 to 72,0,,
input_xlsx.xlsx,"ATR 1. Point Township Dr, south of Ridge Rd",Point Township Dr,WB,2026-04-22,03:00:00,03:15:00,>72 to 120,0,,
input_xlsx.xlsx,"ATR 1. Point Township Dr, south of Ridge Rd",Point Township Dr,WB,2026-04-22,03:00:00,03:15:00,>120 to 180,3,,
input_xlsx.xlsx,"ATR 1. Point Township Dr, south of Ridge Rd",Point Township Dr,WB,2026-04-22,03:00:00,03:15:00,>180 to 240,1,,
input_xlsx.xlsx,"ATR 1. Point Township Dr, south of Ridge Rd",Point Township Dr,WB,2026-04-22,03:00:00,03:15:00,>240 to 300,0,,
input_xlsx.xlsx,"ATR 1. Point Township Dr, south of Ridge Rd",Point Township Dr,WB,2026-04-22,03:00:00,03:15:00,>300 to 360,0,,
input_xlsx.xlsx,"ATR 1. Point Township Dr, south of Ridge Rd",Point Township Dr,WB,2026-04-22,03:00:00,03:15:00,>360 to 480,1,,
input_xlsx.xlsx,"ATR 1. Point Township Dr, south of Ridge Rd",Point Township Dr,WB,2026-04-22,03:00:00,03:15:00,>480 to 600,0,,
input_xlsx.xlsx,"ATR 1. Point Township Dr, south of Ridge Rd",Point Township Dr,WB,2026-04-22,03:00:00,03:15:00,>600 to 720,0,,
input_xlsx.xlsx,"ATR 1. Point Township Dr, south of Ridge Rd",Point Township Dr,WB,2026-04-22,03:00:00,03:15:00,>720 to 840,1,,
input_xlsx.xlsx,"ATR 1. Point Township Dr, south of Ridge Rd",Point Township Dr,WB,2026-04-22,03:00:00,03:15:00,>840 to 960,0,,
input_xlsx.xlsx,"ATR 1. Point Township Dr, south of Ridge Rd",Point Township Dr,WB,2026-04-22,03:00:00,03:15:00,> 960,0,,
input_xlsx.xlsx,"ATR 1. Point Township Dr, south of Ridge Rd",Point Township Dr,WB,2026-04-22,03:15:00,03:30:00,0 to 72,0,,
input_xlsx.xlsx,"ATR 1. Point Township Dr, south of Ridge Rd",Point Township Dr,WB,2026-04-22,03:15:00,03:30:00,>72 to 120,0,,
input_xlsx.xlsx,"ATR 1. Point Township Dr, south of Ridge Rd",Point Township Dr,WB,2026-04-22,03:15:00,03:30:00,>120 to 180,3,,
input_xlsx.xlsx,"ATR 1. Point Township Dr, south of Ridge Rd",Point Township Dr,WB,2026-04-22,03:15:00,03:30:00,>180 to 240,2,,
input_xlsx.xlsx,"ATR 1. Point Township Dr, south of Ridge Rd",Point Township Dr,WB,2026-04-22,03:15:00,03:30:00,>240 to 300,1,,
input_xlsx.xlsx,"ATR 1. Point Township Dr, south of Ridge Rd",Point Township Dr,WB,2026-04-22,03:15:00,03:30:00,>300 to 360,0,,
input_xlsx.xlsx,"ATR 1. Point Township Dr, south of Ridge Rd",Point Township Dr,WB,2026-04-22,03:15:00,03:30:00,>360 to 480,1,,
input_xlsx.xlsx,"ATR 1. Point Township Dr, south of Ridge Rd",Point Township Dr,WB,2026-04-22,03:15:00,03:30:00,>480 to 600,0,,
input_xlsx.xlsx,"ATR 1. Point Township Dr, south of Ridge Rd",Point Township Dr,WB,2026-04-22,03:15:00,03:30:00,>600 to 720,0,,
input_xlsx.xlsx,"ATR 1. Point Township Dr, south of Ridge Rd",Point Township Dr,WB,2026-04-22,03:15:00,03:30:00,>720 to 840,1,,
input_xlsx.xlsx,"ATR 1. Point Township Dr, south of Ridge Rd",Point Township Dr,WB,2026-04-22,03:15:00,03:30:00,>840 to 960,2,,
input_xlsx.xlsx,"ATR 1. Point Township Dr, south of Ridge Rd",Point Township Dr,WB,2026-04-22,03:15:00,03:30:00,> 960,0,,
input_xlsx.xlsx,"ATR 1. Point Township Dr, south of Ridge Rd",Point Township Dr,WB,2026-04-22,03:30:00,03:45:00,0 to 72,0,,
input_xlsx.xlsx,"ATR 1. Point Township Dr, south of Ridge Rd",Point Township Dr,WB,2026-04-22,03:30:00,03:45:00,>72 to 120,0,,
input_xlsx.xlsx,"ATR 1. Point Township Dr, south of Ridge Rd",Point Township Dr,WB,2026-04-22,03:30:00,03:45:00,>120 to 180,1,,
input_xlsx.xlsx,"ATR 1. Point Township Dr, south of Ridge Rd",Point Township Dr,WB,2026-04-22,03:30:00,03:45:00,>180 to 240,1,,
input_xlsx.xlsx,"ATR 1. Point Township Dr, south of Ridge Rd",Point Township Dr,WB,2026-04-22,03:30:00,03:45:00,>240 to 300,0,,
input_xlsx.xlsx,"ATR 1. Point Township Dr, south of Ridge Rd",Point Township Dr,WB,2026-04-22,03:30:00,03:45:00,>300 to 360,0,,
input_xlsx.xlsx,"ATR 1. Point Township Dr, south of Ridge Rd",Point Township Dr,WB,2026-04-22,03:30:00,03:45:00,>360 to 480,1,,
input_xlsx.xlsx,"ATR 1. Point Township Dr, south of Ridge Rd",Point Township Dr,WB,2026-04-22,03:30:00,03:45:00,>480 to 600,0,,
input_xlsx.xlsx,"ATR 1. Point Township Dr, south of Ridge Rd",Point Township Dr,WB,2026-04-22,03:30:00,03:45:00,>600 to 720,0,,
input_xlsx.xlsx,"ATR 1. Point Township Dr, south of Ridge Rd",Point Township Dr,WB,2026-04-22,03:30:00,03:45:00,>720 to 840,1,,
input_xlsx.xlsx,"ATR 1. Point Township Dr, south of Ridge Rd",Point Township Dr,WB,2026-04-22,03:30:00,03:45:00,>840 to 960,1,,
input_xlsx.xlsx,"ATR 1. Point Township Dr, south of Ridge Rd",Point Township Dr,WB,2026-04-22,03:30:00,03:45:00,> 960,0,,
input_xlsx.xlsx,"ATR 1. Point Township Dr, south of Ridge Rd",Point Township Dr,WB,2026-04-22,03:45:00,04:00:00,0 to 72,0,,
input_xlsx.xlsx,"ATR 1. Point Township Dr, south of Ridge Rd",Point Township Dr,WB,2026-04-22,03:45:00,04:00:00,>72 to 120,0,,
input_xlsx.xlsx,"ATR 1. Point Township Dr, south of Ridge Rd",Point Township Dr,WB,2026-04-22,03:45:00,04:00:00,>120 to 180,7,,
input_xlsx.xlsx,"ATR 1. Point Township Dr, south of Ridge Rd",Point Township Dr,WB,2026-04-22,03:45:00,04:00:00,>180 to 240,1,,
input_xlsx.xlsx,"ATR 1. Point Township Dr, south of Ridge Rd",Point Township Dr,WB,2026-04-22,03:45:00,04:00:00,>240 to 300,0,,
input_xlsx.xlsx,"ATR 1. Point Township Dr, south of Ridge Rd",Point Township Dr,WB,2026-04-22,03:45:00,04:00:00,>300 to 360,0,,
input_xlsx.xlsx,"ATR 1. Point Township Dr, south of Ridge Rd",Point Township Dr,WB,2026-04-22,03:45:00,04:00:00,>360 to 480,0,,
input_xlsx.xlsx,"ATR 1. Point Township Dr, south of Ridge Rd",Point Township Dr,WB,2026-04-22,03:45:00,04:00:00,>480 to 600,0,,
input_xlsx.xlsx,"ATR 1. Point Township Dr, south of Ridge Rd",Point Township Dr,WB,2026-04-22,03:45:00,04:00:00,>600 to 720,0,,
input_xlsx.xlsx,"ATR 1. Point Township Dr, south of Ridge Rd",Point Township Dr,WB,2026-04-22,03:45:00,04:00:00,>720 to 840,1,,
input_xlsx.xlsx,"ATR 1. Point Township Dr, south of Ridge Rd",Point Township Dr,WB,2026-04-22,03:45:00,04:00:00,>840 to 960,0,,
input_xlsx.xlsx,"ATR 1. Point Township Dr, south of Ridge Rd",Point Township Dr,WB,2026-04-22,03:45:00,04:00:00,> 960,0,,
input_xlsx.xlsx,"ATR 1. Point Township Dr, south of Ridge Rd",Point Township Dr,WB,2026-04-22,04:00:00,04:15:00,0 to 72,0,,
input_xlsx.xlsx,"ATR 1. Point Township Dr, south of Ridge Rd",Point Township Dr,WB,2026-04-22,04:00:00,04:15:00,>72 to 120,1,,
input_xlsx.xlsx,"ATR 1. Point Township Dr, south of Ridge Rd",Point Township Dr,WB,2026-04-22,04:00:00,04:15:00,>120 to 180,9,,
input_xlsx.xlsx,"ATR 1. Point Township Dr, south of Ridge Rd",Point Township Dr,WB,2026-04-22,04:00:00,04:15:00,>180 to 240,4,,
input_xlsx.xlsx,"ATR 1. Point Township Dr, south of Ridge Rd",Point Township Dr,WB,2026-04-22,04:00:00,04:15:00,>240 to 300,0,,
input_xlsx.xlsx,"ATR 1. Point Township Dr, south of Ridge Rd",Point Township Dr,WB,2026-04-22,04:00:00,04:15:00,>300 to 360,0,,
input_xlsx.xlsx,"ATR 1. Point Township Dr, south of Ridge Rd",Point Township Dr,WB,2026-04-22,04:00:00,04:15:00,>360 to 480,0,,
input_xlsx.xlsx,"ATR 1. Point Township Dr, south of Ridge Rd",Point Township Dr,WB,2026-04-22,04:00:00,04:15:00,>480 to 600,0,,
input_xlsx.xlsx,"ATR 1. Point Township Dr, south of Ridge Rd",Point Township Dr,WB,2026-04-22,04:00:00,04:15:00,>600 to 720,0,,
input_xlsx.xlsx,"ATR 1. Point Township Dr, south of Ridge Rd",Point Township Dr,WB,2026-04-22,04:00:00,04:15:00,>720 to 840,0,,
input_xlsx.xlsx,"ATR 1. Point Township Dr, south of Ridge Rd",Point Township Dr,WB,2026-04-22,04:00:00,04:15:00,>840 to 960,2,,
input_xlsx.xlsx,"ATR 1. Point Township Dr, south of Ridge Rd",Point Township Dr,WB,2026-04-22,04:00:00,04:15:00,> 960,0,,
input_xlsx.xlsx,"ATR 1. Point Township Dr, south of Ridge Rd",Point Township Dr,WB,2026-04-22,04:15:00,04:30:00,0 to 72,0,,
input_xlsx.xlsx,"ATR 1. Point Township Dr, south of Ridge Rd",Point Township Dr,WB,2026-04-22,04:15:00,04:30:00,>72 to 120,0,,
input_xlsx.xlsx,"ATR 1. Point Township Dr, south of Ridge Rd",Point Township Dr,WB,2026-04-22,04:15:00,04:30:00,>120 to 180,2,,
input_xlsx.xlsx,"ATR 1. Point Township Dr, south of Ridge Rd",Point Township Dr,WB,2026-04-22,04:15:00,04:30:00,>180 to 240,3,,
input_xlsx.xlsx,"ATR 1. Point Township Dr, south of Ridge Rd",Point Township Dr,WB,2026-04-22,04:15:00,04:30:00,>240 to 300,0,,
input_xlsx.xlsx,"ATR 1. Point Township Dr, south of Ridge Rd",Point Township Dr,WB,2026-04-22,04:15:00,04:30:00,>300 to 360,1,,
input_xlsx.xlsx,"ATR 1. Point Township Dr, south of Ridge Rd",Point Township Dr,WB,2026-04-22,04:15:00,04:30:00,>360 to 480,2,,
input_xlsx.xlsx,"ATR 1. Point Township Dr, south of Ridge Rd",Point Township Dr,WB,2026-04-22,04:15:00,04:30:00,>480 to 600,0,,
input_xlsx.xlsx,"ATR 1. Point Township Dr, south of Ridge Rd",Point Township Dr,WB,2026-04-22,04:15:00,04:30:00,>600 to 720,0,,
input_xlsx.xlsx,"ATR 1. Point Township Dr, south of Ridge Rd",Point Township Dr,WB,2026-04-22,04:15:00,04:30:00,>720 to 840,0,,
input_xlsx.xlsx,"ATR 1. Point Township Dr, south of Ridge Rd",Point Township Dr,WB,2026-04-22,04:15:00,04:30:00,>840 to 960,0,,
input_xlsx.xlsx,"ATR 1. Point Township Dr, south of Ridge Rd",Point Township Dr,WB,2026-04-22,04:15:00,04:30:00,> 960,0,,
input_xlsx.xlsx,"ATR 1. Point Township Dr, south of Ridge Rd",Point Township Dr,WB,2026-04-22,04:30:00,04:45:00,0 to 72,0,,
input_xlsx.xlsx,"ATR 1. Point Township Dr, south of Ridge Rd",Point Township Dr,WB,2026-04-22,04:30:00,04:45:00,>72 to 120,0,,
input_xlsx.xlsx,"ATR 1. Point Township Dr, south of Ridge Rd",Point Township Dr,WB,2026-04-22,04:30:00,04:45:00,>120 to 180,3,,
input_xlsx.xlsx,"ATR 1. Point Township Dr, south of Ridge Rd",Point Township Dr,WB,2026-04-22,04:30:00,04:45:00,>180 to 240,5,,
input_xlsx.xlsx,"ATR 1. Point Township Dr, south of Ridge Rd",Point Township Dr,WB,2026-04-22,04:30:00,04:45:00,>240 to 300,0,,
input_xlsx.xlsx,"ATR 1. Point Township Dr, south of Ridge Rd",Point Township Dr,WB,2026-04-22,04:30:00,04:45:00,>300 to 360,1,,
input_xlsx.xlsx,"ATR 1. Point Township Dr, south of Ridge Rd",Point Township Dr,WB,2026-04-22,04:30:00,04:45:00,>360 to 480,0,,
input_xlsx.xlsx,"ATR 1. Point Township Dr, south of Ridge Rd",Point Township Dr,WB,2026-04-22,04:30:00,04:45:00,>480 to 600,1,,
input_xlsx.xlsx,"ATR 1. Point Township Dr, south of Ridge Rd",Point Township Dr,WB,2026-04-22,04:30:00,04:45:00,>600 to 720,1,,
input_xlsx.xlsx,"ATR 1. Point Township Dr, south of Ridge Rd",Point Township Dr,WB,2026-04-22,04:30:00,04:45:00,>720 to 840,1,,
input_xlsx.xlsx,"ATR 1. Point Township Dr, south of Ridge Rd",Point Township Dr,WB,2026-04-22,04:30:00,04:45:00,>840 to 960,0,,
input_xlsx.xlsx,"ATR 1. Point Township Dr, south of Ridge Rd",Point Township Dr,WB,2026-04-22,04:30:00,04:45:00,> 960,0,,
input_xlsx.xlsx,"ATR 1. Point Township Dr, south of Ridge Rd",Point Township Dr,WB,2026-04-22,04:45:00,05:00:00,0 to 72,0,,
input_xlsx.xlsx,"ATR 1. Point Township Dr, south of Ridge Rd",Point Township Dr,WB,2026-04-22,04:45:00,05:00:00,>72 to 120,0,,
input_xlsx.xlsx,"ATR 1. Point Township Dr, south of Ridge Rd",Point Township Dr,WB,2026-04-22,04:45:00,05:00:00,>120 to 180,6,,
input_xlsx.xlsx,"ATR 1. Point Township Dr, south of Ridge Rd",Point Township Dr,WB,2026-04-22,04:45:00,05:00:00,>180 to 240,3,,
input_xlsx.xlsx,"ATR 1. Point Township Dr, south of Ridge Rd",Point Township Dr,WB,2026-04-22,04:45:00,05:00:00,>240 to 300,1,,
input_xlsx.xlsx,"ATR 1. Point Township Dr, south of Ridge Rd",Point Township Dr,WB,2026-04-22,04:45:00,05:00:00,>300 to 360,0,,
input_xlsx.xlsx,"ATR 1. Point Township Dr, south of Ridge Rd",Point Township Dr,WB,2026-04-22,04:45:00,05:00:00,>360 to 480,0,,
input_xlsx.xlsx,"ATR 1. Point Township Dr, south of Ridge Rd",Point Township Dr,WB,2026-04-22,04:45:00,05:00:00,>480 to 600,0,,
input_xlsx.xlsx,"ATR 1. Point Township Dr, south of Ridge Rd",Point Township Dr,WB,2026-04-22,04:45:00,05:00:00,>600 to 720,1,,
input_xlsx.xlsx,"ATR 1. Point Township Dr, south of Ridge Rd",Point Township Dr,WB,2026-04-22,04:45:00,05:00:00,>720 to 840,0,,
input_xlsx.xlsx,"ATR 1. Point Township Dr, south of Ridge Rd",Point Township Dr,WB,2026-04-22,04:45:00,05:00:00,>840 to 960,1,,
input_xlsx.xlsx,"ATR 1. Point Township Dr, south of Ridge Rd",Point Township Dr,WB,2026-04-22,04:45:00,05:00:00,> 960,0,,
input_xlsx.xlsx,"ATR 1. Point Township Dr, south of Ridge Rd",Point Township Dr,WB,2026-04-22,05:00:00,05:15:00,0 to 72,0,,
input_xlsx.xlsx,"ATR 1. Point Township Dr, south of Ridge Rd",Point Township Dr,WB,2026-04-22,05:00:00,05:15:00,>72 to 120,0,,
input_xlsx.xlsx,"ATR 1. Point Township Dr, south of Ridge Rd",Point Township Dr,WB,2026-04-22,05:00:00,05:15:00,>120 to 180,8,,
input_xlsx.xlsx,"ATR 1. Point Township Dr, south of Ridge Rd",Point Township Dr,WB,2026-04-22,05:00:00,05:15:00,>180 to 240,6,,
input_xlsx.xlsx,"ATR 1. Point Township Dr, south of Ridge Rd",Point Township Dr,WB,2026-04-22,05:00:00,05:15:00,>240 to 300,0,,
input_xlsx.xlsx,"ATR 1. Point Township Dr, south of Ridge Rd",Point Township Dr,WB,2026-04-22,05:00:00,05:15:00,>300 to 360,0,,
input_xlsx.xlsx,"ATR 1. Point Township Dr, south of Ridge Rd",Point Township Dr,WB,2026-04-22,05:00:00,05:15:00,>360 to 480,1,,
input_xlsx.xlsx,"ATR 1. Point Township Dr, south of Ridge Rd",Point Township Dr,WB,2026-04-22,05:00:00,05:15:00,>480 to 600,1,,
input_xlsx.xlsx,"ATR 1. Point Township Dr, south of Ridge Rd",Point Township Dr,WB,2026-04-22,05:00:00,05:15:00,>600 to 720,0,,
input_xlsx.xlsx,"ATR 1. Point Township Dr, south of Ridge Rd",Point Township Dr,WB,2026-04-22,05:00:00,05:15:00,>720 to 840,1,,
input_xlsx.xlsx,"ATR 1. Point Township Dr, south of Ridge Rd",Point Township Dr,WB,2026-04-22,05:00:00,05:15:00,>840 to 960,0,,
input_xlsx.xlsx,"ATR 1. Point Township Dr, south of Ridge Rd",Point Township Dr,WB,2026-04-22,05:00:00,05:15:00,> 960,0,,
input_xlsx.xlsx,"ATR 1. Point Township Dr, south of Ridge Rd",Point Township Dr,WB,2026-04-22,05:15:00,05:30:00,0 to 72,0,,
input_xlsx.xlsx,"ATR 1. Point Township Dr, south of Ridge Rd",Point Township Dr,WB,2026-04-22,05:15:00,05:30:00,>72 to 120,0,,
input_xlsx.xlsx,"ATR 1. Point Township Dr, south of Ridge Rd",Point Township Dr,WB,2026-04-22,05:15:00,05:30:00,>120 to 180,14,,
input_xlsx.xlsx,"ATR 1. Point Township Dr, south of Ridge Rd",Point Township Dr,WB,2026-04-22,05:15:00,05:30:00,>180 to 240,8,,
input_xlsx.xlsx,"ATR 1. Point Township Dr, south of Ridge Rd",Point Township Dr,WB,2026-04-22,05:15:00,05:30:00,>240 to 300,1,,
input_xlsx.xlsx,"ATR 1. Point Township Dr, south of Ridge Rd",Point Township Dr,WB,2026-04-22,05:15:00,05:30:00,>300 to 360,0,,
input_xlsx.xlsx,"ATR 1. Point Township Dr, south of Ridge Rd",Point Township Dr,WB,2026-04-22,05:15:00,05:30:00,>360 to 480,3,,
input_xlsx.xlsx,"ATR 1. Point Township Dr, south of Ridge Rd",Point Township Dr,WB,2026-04-22,05:15:00,05:30:00,>480 to 600,0,,
input_xlsx.xlsx,"ATR 1. Point Township Dr, south of Ridge Rd",Point Township Dr,WB,2026-04-22,05:15:00,05:30:00,>600 to 720,0,,
input_xlsx.xlsx,"ATR 1. Point Township Dr, south of Ridge Rd",Point Township Dr,WB,2026-04-22,05:15:00,05:30:00,>720 to 840,1,,
input_xlsx.xlsx,"ATR 1. Point Township Dr, south of Ridge Rd",Point Township Dr,WB,2026-04-22,05:15:00,05:30:00,>840 to 960,0,,
input_xlsx.xlsx,"ATR 1. Point Township Dr, south of Ridge Rd",Point Township Dr,WB,2026-04-22,05:15:00,05:30:00,> 960,0,,
input_xlsx.xlsx,"ATR 1. Point Township Dr, south of Ridge Rd",Point Township Dr,WB,2026-04-22,05:30:00,05:45:00,0 to 72,0,,
input_xlsx.xlsx,"ATR 1. Point Township Dr, south of Ridge Rd",Point Township Dr,WB,2026-04-22,05:30:00,05:45:00,>72 to 120,0,,
input_xlsx.xlsx,"ATR 1. Point Township Dr, south of Ridge Rd",Point Township Dr,WB,2026-04-22,05:30:00,05:45:00,>120 to 180,17,,
input_xlsx.xlsx,"ATR 1. Point Township Dr, south of Ridge Rd",Point Township Dr,WB,2026-04-22,05:30:00,05:45:00,>180 to 240,10,,
input_xlsx.xlsx,"ATR 1. Point Township Dr, south of Ridge Rd",Point Township Dr,WB,2026-04-22,05:30:00,05:45:00,>240 to 300,1,,
input_xlsx.xlsx,"ATR 1. Point Township Dr, south of Ridge Rd",Point Township Dr,WB,2026-04-22,05:30:00,05:45:00,>300 to 360,0,,
input_xlsx.xlsx,"ATR 1. Point Township Dr, south of Ridge Rd",Point Township Dr,WB,2026-04-22,05:30:00,05:45:00,>360 to 480,0,,
input_xlsx.xlsx,"ATR 1. Point Township Dr, south of Ridge Rd",Point Township Dr,WB,2026-04-22,05:30:00,05:45:00,>480 to 600,0,,
input_xlsx.xlsx,"ATR 1. Point Township Dr, south of Ridge Rd",Point Township Dr,WB,2026-04-22,05:30:00,05:45:00,>600 to 720,1,,
input_xlsx.xlsx,"ATR 1. Point Township Dr, south of Ridge Rd",Point Township Dr,WB,2026-04-22,05:30:00,05:45:00,>720 to 840,1,,
input_xlsx.xlsx,"ATR 1. Point Township Dr, south of Ridge Rd",Point Township Dr,WB,2026-04-22,05:30:00,05:45:00,>840 to 960,0,,
input_xlsx.xlsx,"ATR 1. Point Township Dr, south of Ridge Rd",Point Township Dr,WB,2026-04-22,05:30:00,05:45:00,> 960,0,,
input_xlsx.xlsx,"ATR 1. Point Township Dr, south of Ridge Rd",Point Township Dr,WB,2026-04-22,05:45:00,06:00:00,0 to 72,0,,
input_xlsx.xlsx,"ATR 1. Point Township Dr, south of Ridge Rd",Point Township Dr,WB,2026-04-22,05:45:00,06:00:00,>72 to 120,0,,
input_xlsx.xlsx,"ATR 1. Point Township Dr, south of Ridge Rd",Point Township Dr,WB,2026-04-22,05:45:00,06:00:00,>120 to 180,26,,
input_xlsx.xlsx,"ATR 1. Point Township Dr, south of Ridge Rd",Point Township Dr,WB,2026-04-22,05:45:00,06:00:00,>180 to 240,11,,
input_xlsx.xlsx,"ATR 1. Point Township Dr, south of Ridge Rd",Point Township Dr,WB,2026-04-22,05:45:00,06:00:00,>240 to 300,2,,
input_xlsx.xlsx,"ATR 1. Point Township Dr, south of Ridge Rd",Point Township Dr,WB,2026-04-22,05:45:00,06:00:00,>300 to 360,1,,
input_xlsx.xlsx,"ATR 1. Point Township Dr, south of Ridge Rd",Point Township Dr,WB,2026-04-22,05:45:00,06:00:00,>360 to 480,0,,
input_xlsx.xlsx,"ATR 1. Point Township Dr, south of Ridge Rd",Point Township Dr,WB,2026-04-22,05:45:00,06:00:00,>480 to 600,0,,
input_xlsx.xlsx,"ATR 1. Point Township Dr, south of Ridge Rd",Point Township Dr,WB,2026-04-22,05:45:00,06:00:00,>600 to 720,0,,
input_xlsx.xlsx,"ATR 1. Point Township Dr, south of Ridge Rd",Point Township Dr,WB,2026-04-22,05:45:00,06:00:00,>720 to 840,2,,
input_xlsx.xlsx,"ATR 1. Point Township Dr, south of Ridge Rd",Point Township Dr,WB,2026-04-22,05:45:00,06:00:00,>840 to 960,2,,
input_xlsx.xlsx,"ATR 1. Point Township Dr, south of Ridge Rd",Point Township Dr,WB,2026-04-22,05:45:00,06:00:00,> 960,0,,
input_xlsx.xlsx,"ATR 1. Point Township Dr, south of Ridge Rd",Point Township Dr,WB,2026-04-22,06:00:00,06:15:00,0 to 72,0,,
input_xlsx.xlsx,"ATR 1. Point Township Dr, south of Ridge Rd",Point Township Dr,WB,2026-04-22,06:00:00,06:15:00,>72 to 120,0,,
input_xlsx.xlsx,"ATR 1. Point Township Dr, south of Ridge Rd",Point Township Dr,WB,2026-04-22,06:00:00,06:15:00,>120 to 180,19,,
input_xlsx.xlsx,"ATR 1. Point Township Dr, south of Ridge Rd",Point Township Dr,WB,2026-04-22,06:00:00,06:15:00,>180 to 240,5,,
input_xlsx.xlsx,"ATR 1. Point Township Dr, south of Ridge Rd",Point Township Dr,WB,2026-04-22,06:00:00,06:15:00,>240 to 300,4,,
input_xlsx.xlsx,"ATR 1. Point Township Dr, south of Ridge Rd",Point Township Dr,WB,2026-04-22,06:00:00,06:15:00,>300 to 360,3,,
input_xlsx.xlsx,"ATR 1. Point Township Dr, south of Ridge Rd",Point Township Dr,WB,2026-04-22,06:00:00,06:15:00,>360 to 480,1,,
input_xlsx.xlsx,"ATR 1. Point Township Dr, south of Ridge Rd",Point Township Dr,WB,2026-04-22,06:00:00,06:15:00,>480 to 600,0,,
input_xlsx.xlsx,"ATR 1. Point Township Dr, south of Ridge Rd",Point Township Dr,WB,2026-04-22,06:00:00,06:15:00,>600 to 720,1,,
input_xlsx.xlsx,"ATR 1. Point Township Dr, south of Ridge Rd",Point Township Dr,WB,2026-04-22,06:00:00,06:15:00,>720 to 840,2,,
input_xlsx.xlsx,"ATR 1. Point Township Dr, south of Ridge Rd",Point Township Dr,WB,2026-04-22,06:00:00,06:15:00,>840 to 960,1,,
input_xlsx.xlsx,"ATR 1. Point Township Dr, south of Ridge Rd",Point Township Dr,WB,2026-04-22,06:00:00,06:15:00,> 960,0,,
input_xlsx.xlsx,"ATR 1. Point Township Dr, south of Ridge Rd",Point Township Dr,WB,2026-04-22,06:15:00,06:30:00,0 to 72,0,,
input_xlsx.xlsx,"ATR 1. Point Township Dr, south of Ridge Rd",Point Township Dr,WB,2026-04-22,06:15:00,06:30:00,>72 to 120,0,,
input_xlsx.xlsx,"ATR 1. Point Township Dr, south of Ridge Rd",Point Township Dr,WB,2026-04-22,06:15:00,06:30:00,>120 to 180,21,,
input_xlsx.xlsx,"ATR 1. Point Township Dr, south of Ridge Rd",Point Township Dr,WB,2026-04-22,06:15:00,06:30:00,>180 to 240,14,,
input_xlsx.xlsx,"ATR 1. Point Township Dr, south of Ridge Rd",Point Township Dr,WB,2026-04-22,06:15:00,06:30:00,>240 to 300,3,,
input_xlsx.xlsx,"ATR 1. Point Township Dr, south of Ridge Rd",Point Township Dr,WB,2026-04-22,06:15:00,06:30:00,>300 to 360,0,,
input_xlsx.xlsx,"ATR 1. Point Township Dr, south of Ridge Rd",Point Township Dr,WB,2026-04-22,06:15:00,06:30:00,>360 to 480,5,,
input_xlsx.xlsx,"ATR 1. Point Township Dr, south of Ridge Rd",Point Township Dr,WB,2026-04-22,06:15:00,06:30:00,>480 to 600,0,,
input_xlsx.xlsx,"ATR 1. Point Township Dr, south of Ridge Rd",Point Township Dr,WB,2026-04-22,06:15:00,06:30:00,>600 to 720,1,,
input_xlsx.xlsx,"ATR 1. Point Township Dr, south of Ridge Rd",Point Township Dr,WB,2026-04-22,06:15:00,06:30:00,>720 to 840,0,,
input_xlsx.xlsx,"ATR 1. Point Township Dr, south of Ridge Rd",Point Township Dr,WB,2026-04-22,06:15:00,06:30:00,>840 to 960,0,,
input_xlsx.xlsx,"ATR 1. Point Township Dr, south of Ridge Rd",Point Township Dr,WB,2026-04-22,06:15:00,06:30:00,> 960,0,,
input_xlsx.xlsx,"ATR 1. Point Township Dr, south of Ridge Rd",Point Township Dr,WB,2026-04-22,06:30:00,06:45:00,0 to 72,0,,
input_xlsx.xlsx,"ATR 1. Point Township Dr, south of Ridge Rd",Point Township Dr,WB,2026-04-22,06:30:00,06:45:00,>72 to 120,0,,
input_xlsx.xlsx,"ATR 1. Point Township Dr, south of Ridge Rd",Point Township Dr,WB,2026-04-22,06:30:00,06:45:00,>120 to 180,43,,
input_xlsx.xlsx,"ATR 1. Point Township Dr, south of Ridge Rd",Point Township Dr,WB,2026-04-22,06:30:00,06:45:00,>180 to 240,15,,
input_xlsx.xlsx,"ATR 1. Point Township Dr, south of Ridge Rd",Point Township Dr,WB,2026-04-22,06:30:00,06:45:00,>240 to 300,0,,
input_xlsx.xlsx,"ATR 1. Point Township Dr, south of Ridge Rd",Point Township Dr,WB,2026-04-22,06:30:00,06:45:00,>300 to 360,3,,
input_xlsx.xlsx,"ATR 1. Point Township Dr, south of Ridge Rd",Point Township Dr,WB,2026-04-22,06:30:00,06:45:00,>360 to 480,1,,
input_xlsx.xlsx,"ATR 1. Point Township Dr, south of Ridge Rd",Point Township Dr,WB,2026-04-22,06:30:00,06:45:00,>480 to 600,1,,
input_xlsx.xlsx,"ATR 1. Point Township Dr, south of Ridge Rd",Point Township Dr,WB,2026-04-22,06:30:00,06:45:00,>600 to 720,1,,
input_xlsx.xlsx,"ATR 1. Point Township Dr, south of Ridge Rd",Point Township Dr,WB,2026-04-22,06:30:00,06:45:00,>720 to 840,2,,
input_xlsx.xlsx,"ATR 1. Point Township Dr, south of Ridge Rd",Point Township Dr,WB,2026-04-22,06:30:00,06:45:00,>840 to 960,0,,
input_xlsx.xlsx,"ATR 1. Point Township Dr, south of Ridge Rd",Point Township Dr,WB,2026-04-22,06:30:00,06:45:00,> 960,0,,
input_xlsx.xlsx,"ATR 1. Point Township Dr, south of Ridge Rd",Point Township Dr,WB,2026-04-22,06:45:00,07:00:00,0 to 72,0,,
input_xlsx.xlsx,"ATR 1. Point Township Dr, south of Ridge Rd",Point Township Dr,WB,2026-04-22,06:45:00,07:00:00,>72 to 120,0,,
input_xlsx.xlsx,"ATR 1. Point Township Dr, south of Ridge Rd",Point Township Dr,WB,2026-04-22,06:45:00,07:00:00,>120 to 180,27,,
input_xlsx.xlsx,"ATR 1. Point Township Dr, south of Ridge Rd",Point Township Dr,WB,2026-04-22,06:45:00,07:00:00,>180 to 240,11,,
input_xlsx.xlsx,"ATR 1. Point Township Dr, south of Ridge Rd",Point Township Dr,WB,2026-04-22,06:45:00,07:00:00,>240 to 300,3,,
input_xlsx.xlsx,"ATR 1. Point Township Dr, south of Ridge Rd",Point Township Dr,WB,2026-04-22,06:45:00,07:00:00,>300 to 360,2,,
input_xlsx.xlsx,"ATR 1. Point Township Dr, south of Ridge Rd",Point Township Dr,WB,2026-04-22,06:45:00,07:00:00,>360 to 480,3,,
input_xlsx.xlsx,"ATR 1. Point Township Dr, south of Ridge Rd",Point Township Dr,WB,2026-04-22,06:45:00,07:00:00,>480 to 600,1,,
input_xlsx.xlsx,"ATR 1. Point Township Dr, south of Ridge Rd",Point Township Dr,WB,2026-04-22,06:45:00,07:00:00,>600 to 720,0,,
input_xlsx.xlsx,"ATR 1. Point Township Dr, south of Ridge Rd",Point Township Dr,WB,2026-04-22,06:45:00,07:00:00,>720 to 840,3,,
input_xlsx.xlsx,"ATR 1. Point Township Dr, south of Ridge Rd",Point Township Dr,WB,2026-04-22,06:45:00,07:00:00,>840 to 960,1,,
input_xlsx.xlsx,"ATR 1. Point Township Dr, south of Ridge Rd",Point Township Dr,WB,2026-04-22,06:45:00,07:00:00,> 960,0,,
input_xlsx.xlsx,"ATR 1. Point Township Dr, south of Ridge Rd",Point Township Dr,WB,2026-04-22,07:00:00,07:15:00,0 to 72,0,,
input_xlsx.xlsx,"ATR 1. Point Township Dr, south of Ridge Rd",Point Township Dr,WB,2026-04-22,07:00:00,07:15:00,>72 to 120,0,,
input_xlsx.xlsx,"ATR 1. Point Township Dr, south of Ridge Rd",Point Township Dr,WB,2026-04-22,07:00:00,07:15:00,>120 to 180,47,,
input_xlsx.xlsx,"ATR 1. Point Township Dr, south of Ridge Rd",Point Township Dr,WB,2026-04-22,07:00:00,07:15:00,>180 to 240,20,,
input_xlsx.xlsx,"ATR 1. Point Township Dr, south of Ridge Rd",Point Township Dr,WB,2026-04-22,07:00:00,07:15:00,>240 to 300,3,,
input_xlsx.xlsx,"ATR 1. Point Township Dr, south of Ridge Rd",Point Township Dr,WB,2026-04-22,07:00:00,07:15:00,>300 to 360,2,,
input_xlsx.xlsx,"ATR 1. Point Township Dr, south of Ridge Rd",Point Township Dr,WB,2026-04-22,07:00:00,07:15:00,>360 to 480,1,,
input_xlsx.xlsx,"ATR 1. Point Township Dr, south of Ridge Rd",Point Township Dr,WB,2026-04-22,07:00:00,07:15:00,>480 to 600,0,,
input_xlsx.xlsx,"ATR 1. Point Township Dr, south of Ridge Rd",Point Township Dr,WB,2026-04-22,07:00:00,07:15:00,>600 to 720,0,,
input_xlsx.xlsx,"ATR 1. Point Township Dr, south of Ridge Rd",Point Township Dr,WB,2026-04-22,07:00:00,07:15:00,>720 to 840,2,,
input_xlsx.xlsx,"ATR 1. Point Township Dr, south of Ridge Rd",Point Township Dr,WB,2026-04-22,07:00:00,07:15:00,>840 to 960,0,,
input_xlsx.xlsx,"ATR 1. Point Township Dr, south of Ridge Rd",Point Township Dr,WB,2026-04-22,07:00:00,07:15:00,> 960,0,,
input_xlsx.xlsx,"ATR 1. Point Township Dr, south of Ridge Rd",Point Township Dr,WB,2026-04-22,07:15:00,07:30:00,0 to 72,0,,
input_xlsx.xlsx,"ATR 1. Point Township Dr, south of Ridge Rd",Point Township Dr,WB,2026-04-22,07:15:00,07:30:00,>72 to 120,0,,
input_xlsx.xlsx,"ATR 1. Point Township Dr, south of Ridge Rd",Point Township Dr,WB,2026-04-22,07:15:00,07:30:00,>120 to 180,56,,
input_xlsx.xlsx,"ATR 1. Point Township Dr, south of Ridge Rd",Point Township Dr,WB,2026-04-22,07:15:00,07:30:00,>180 to 240,14,,
input_xlsx.xlsx,"ATR 1. Point Township Dr, south of Ridge Rd",Point Township Dr,WB,2026-04-22,07:15:00,07:30:00,>240 to 300,1,,
input_xlsx.xlsx,"ATR 1. Point Township Dr, south of Ridge Rd",Point Township Dr,WB,2026-04-22,07:15:00,07:30:00,>300 to 360,0,,
input_xlsx.xlsx,"ATR 1. Point Township Dr, south of Ridge Rd",Point Township Dr,WB,2026-04-22,07:15:00,07:30:00,>360 to 480,3,,
input_xlsx.xlsx,"ATR 1. Point Township Dr, south of Ridge Rd",Point Township Dr,WB,2026-04-22,07:15:00,07:30:00,>480 to 600,0,,
input_xlsx.xlsx,"ATR 1. Point Township Dr, south of Ridge Rd",Point Township Dr,WB,2026-04-22,07:15:00,07:30:00,>600 to 720,0,,
input_xlsx.xlsx,"ATR 1. Point Township Dr, south of Ridge Rd",Point Township Dr,WB,2026-04-22,07:15:00,07:30:00,>720 to 840,0,,
input_xlsx.xlsx,"ATR 1. Point Township Dr, south of Ridge Rd",Point Township Dr,WB,2026-04-22,07:15:00,07:30:00,>840 to 960,0,,
input_xlsx.xlsx,"ATR 1. Point Township Dr, south of Ridge Rd",Point Township Dr,WB,2026-04-22,07:15:00,07:30:00,> 960,0,,
input_xlsx.xlsx,"ATR 1. Point Township Dr, south of Ridge Rd",Point Township Dr,WB,2026-04-22,07:30:00,07:45:00,0 to 72,0,,
input_xlsx.xlsx,"ATR 1. Point Township Dr, south of Ridge Rd",Point Township Dr,WB,2026-04-22,07:30:00,07:45:00,>72 to 120,0,,
input_xlsx.xlsx,"ATR 1. Point Township Dr, south of Ridge Rd",Point Township Dr,WB,2026-04-22,07:30:00,07:45:00,>120 to 180,88,,
input_xlsx.xlsx,"ATR 1. Point Township Dr, south of Ridge Rd",Point Township Dr,WB,2026-04-22,07:30:00,07:45:00,>180 to 240,20,,
input_xlsx.xlsx,"ATR 1. Point Township Dr, south of Ridge Rd",Point Township Dr,WB,2026-04-22,07:30:00,07:45:00,>240 to 300,2,,
input_xlsx.xlsx,"ATR 1. Point Township Dr, south of Ridge Rd",Point Township Dr,WB,2026-04-22,07:30:00,07:45:00,>300 to 360,3,,
input_xlsx.xlsx,"ATR 1. Point Township Dr, south of Ridge Rd",Point Township Dr,WB,2026-04-22,07:30:00,07:45:00,>360 to 480,2,,
input_xlsx.xlsx,"ATR 1. Point Township Dr, south of Ridge Rd",Point Township Dr,WB,2026-04-22,07:30:00,07:45:00,>480 to 600,0,,
input_xlsx.xlsx,"ATR 1. Point Township Dr, south of Ridge Rd",Point Township Dr,WB,2026-04-22,07:30:00,07:45:00,>600 to 720,1,,
input_xlsx.xlsx,"ATR 1. Point Township Dr, south of Ridge Rd",Point Township Dr,WB,2026-04-22,07:30:00,07:45:00,>720 to 840,1,,
input_xlsx.xlsx,"ATR 1. Point Township Dr, south of Ridge Rd",Point Township Dr,WB,2026-04-22,07:30:00,07:45:00,>840 to 960,0,,
input_xlsx.xlsx,"ATR 1. Point Township Dr, south of Ridge Rd",Point Township Dr,WB,2026-04-22,07:30:00,07:45:00,> 960,0,,
input_xlsx.xlsx,"ATR 1. Point Township Dr, south of Ridge Rd",Point Township Dr,WB,2026-04-22,07:45:00,08:00:00,0 to 72,0,,
input_xlsx.xlsx,"ATR 1. Point Township Dr, south of Ridge Rd",Point Township Dr,WB,2026-04-22,07:45:00,08:00:00,>72 to 120,0,,
input_xlsx.xlsx,"ATR 1. Point Township Dr, south of Ridge Rd",Point Township Dr,WB,2026-04-22,07:45:00,08:00:00,>120 to 180,61,,
input_xlsx.xlsx,"ATR 1. Point Township Dr, south of Ridge Rd",Point Township Dr,WB,2026-04-22,07:45:00,08:00:00,>180 to 240,25,,
input_xlsx.xlsx,"ATR 1. Point Township Dr, south of Ridge Rd",Point Township Dr,WB,2026-04-22,07:45:00,08:00:00,>240 to 300,3,,
input_xlsx.xlsx,"ATR 1. Point Township Dr, south of Ridge Rd",Point Township Dr,WB,2026-04-22,07:45:00,08:00:00,>300 to 360,2,,
input_xlsx.xlsx,"ATR 1. Point Township Dr, south of Ridge Rd",Point Township Dr,WB,2026-04-22,07:45:00,08:00:00,>360 to 480,4,,
input_xlsx.xlsx,"ATR 1. Point Township Dr, south of Ridge Rd",Point Township Dr,WB,2026-04-22,07:45:00,08:00:00,>480 to 600,0,,
input_xlsx.xlsx,"ATR 1. Point Township Dr, south of Ridge Rd",Point Township Dr,WB,2026-04-22,07:45:00,08:00:00,>600 to 720,1,,
input_xlsx.xlsx,"ATR 1. Point Township Dr, south of Ridge Rd",Point Township Dr,WB,2026-04-22,07:45:00,08:00:00,>720 to 840,0,,
input_xlsx.xlsx,"ATR 1. Point Township Dr, south of Ridge Rd",Point Township Dr,WB,2026-04-22,07:45:00,08:00:00,>840 to 960,0,,
input_xlsx.xlsx,"ATR 1. Point Township Dr, south of Ridge Rd",Point Township Dr,WB,2026-04-22,07:45:00,08:00:00,> 960,0,,
input_xlsx.xlsx,"ATR 1. Point Township Dr, south of Ridge Rd",Point Township Dr,WB,2026-04-22,08:00:00,08:15:00,0 to 72,0,,
input_xlsx.xlsx,"ATR 1. Point Township Dr, south of Ridge Rd",Point Township Dr,WB,2026-04-22,08:00:00,08:15:00,>72 to 120,0,,
input_xlsx.xlsx,"ATR 1. Point Township Dr, south of Ridge Rd",Point Township Dr,WB,2026-04-22,08:00:00,08:15:00,>120 to 180,56,,
input_xlsx.xlsx,"ATR 1. Point Township Dr, south of Ridge Rd",Point Township Dr,WB,2026-04-22,08:00:00,08:15:00,>180 to 240,17,,
input_xlsx.xlsx,"ATR 1. Point Township Dr, south of Ridge Rd",Point Township Dr,WB,2026-04-22,08:00:00,08:15:00,>240 to 300,4,,
input_xlsx.xlsx,"ATR 1. Point Township Dr, south of Ridge Rd",Point Township Dr,WB,2026-04-22,08:00:00,08:15:00,>300 to 360,1,,
input_xlsx.xlsx,"ATR 1. Point Township Dr, south of Ridge Rd",Point Township Dr,WB,2026-04-22,08:00:00,08:15:00,>360 to 480,2,,
input_xlsx.xlsx,"ATR 1. Point Township Dr, south of Ridge Rd",Point Township Dr,WB,2026-04-22,08:00:00,08:15:00,>480 to 600,1,,
input_xlsx.xlsx,"ATR 1. Point Township Dr, south of Ridge Rd",Point Township Dr,WB,2026-04-22,08:00:00,08:15:00,>600 to 720,2,,
input_xlsx.xlsx,"ATR 1. Point Township Dr, south of Ridge Rd",Point Township Dr,WB,2026-04-22,08:00:00,08:15:00,>720 to 840,0,,
input_xlsx.xlsx,"ATR 1. Point Township Dr, south of Ridge Rd",Point Township Dr,WB,2026-04-22,08:00:00,08:15:00,>840 to 960,0,,
input_xlsx.xlsx,"ATR 1. Point Township Dr, south of Ridge Rd",Point Township Dr,WB,2026-04-22,08:00:00,08:15:00,> 960,0,,
input_xlsx.xlsx,"ATR 1. Point Township Dr, south of Ridge Rd",Point Township Dr,WB,2026-04-22,08:15:00,08:30:00,0 to 72,0,,
input_xlsx.xlsx,"ATR 1. Point Township Dr, south of Ridge Rd",Point Township Dr,WB,2026-04-22,08:15:00,08:30:00,>72 to 120,0,,
input_xlsx.xlsx,"ATR 1. Point Township Dr, south of Ridge Rd",Point Township Dr,WB,2026-04-22,08:15:00,08:30:00,>120 to 180,52,,
input_xlsx.xlsx,"ATR 1. Point Township Dr, south of Ridge Rd",Point Township Dr,WB,2026-04-22,08:15:00,08:30:00,>180 to 240,18,,
input_xlsx.xlsx,"ATR 1. Point Township Dr, south of Ridge Rd",Point Township Dr,WB,2026-04-22,08:15:00,08:30:00,>240 to 300,8,,
input_xlsx.xlsx,"ATR 1. Point Township Dr, south of Ridge Rd",Point Township Dr,WB,2026-04-22,08:15:00,08:30:00,>300 to 360,4,,
input_xlsx.xlsx,"ATR 1. Point Township Dr, south of Ridge Rd",Point Township Dr,WB,2026-04-22,08:15:00,08:30:00,>360 to 480,3,,
input_xlsx.xlsx,"ATR 1. Point Township Dr, south of Ridge Rd",Point Township Dr,WB,2026-04-22,08:15:00,08:30:00,>480 to 600,1,,
input_xlsx.xlsx,"ATR 1. Point Township Dr, south of Ridge Rd",Point Township Dr,WB,2026-04-22,08:15:00,08:30:00,>600 to 720,2,,
input_xlsx.xlsx,"ATR 1. Point Township Dr, south of Ridge Rd",Point Township Dr,WB,2026-04-22,08:15:00,08:30:00,>720 to 840,1,,
input_xlsx.xlsx,"ATR 1. Point Township Dr, south of Ridge Rd",Point Township Dr,WB,2026-04-22,08:15:00,08:30:00,>840 to 960,2,,
input_xlsx.xlsx,"ATR 1. Point Township Dr, south of Ridge Rd",Point Township Dr,WB,2026-04-22,08:15:00,08:30:00,> 960,0,,
input_xlsx.xlsx,"ATR 1. Point Township Dr, south of Ridge Rd",Point Township Dr,WB,2026-04-22,08:30:00,08:45:00,0 to 72,0,,
input_xlsx.xlsx,"ATR 1. Point Township Dr, south of Ridge Rd",Point Township Dr,WB,2026-04-22,08:30:00,08:45:00,>72 to 120,0,,
input_xlsx.xlsx,"ATR 1. Point Township Dr, south of Ridge Rd",Point Township Dr,WB,2026-04-22,08:30:00,08:45:00,>120 to 180,54,,
input_xlsx.xlsx,"ATR 1. Point Township Dr, south of Ridge Rd",Point Township Dr,WB,2026-04-22,08:30:00,08:45:00,>180 to 240,22,,
input_xlsx.xlsx,"ATR 1. Point Township Dr, south of Ridge Rd",Point Township Dr,WB,2026-04-22,08:30:00,08:45:00,>240 to 300,6,,
input_xlsx.xlsx,"ATR 1. Point Township Dr, south of Ridge Rd",Point Township Dr,WB,2026-04-22,08:30:00,08:45:00,>300 to 360,3,,
input_xlsx.xlsx,"ATR 1. Point Township Dr, south of Ridge Rd",Point Township Dr,WB,2026-04-22,08:30:00,08:45:00,>360 to 480,2,,
input_xlsx.xlsx,"ATR 1. Point Township Dr, south of Ridge Rd",Point Township Dr,WB,2026-04-22,08:30:00,08:45:00,>480 to 600,2,,
input_xlsx.xlsx,"ATR 1. Point Township Dr, south of Ridge Rd",Point Township Dr,WB,2026-04-22,08:30:00,08:45:00,>600 to 720,3,,
input_xlsx.xlsx,"ATR 1. Point Township Dr, south of Ridge Rd",Point Township Dr,WB,2026-04-22,08:30:00,08:45:00,>720 to 840,3,,
input_xlsx.xlsx,"ATR 1. Point Township Dr, south of Ridge Rd",Point Township Dr,WB,2026-04-22,08:30:00,08:45:00,>840 to 960,0,,
input_xlsx.xlsx,"ATR 1. Point Township Dr, south of Ridge Rd",Point Township Dr,WB,2026-04-22,08:30:00,08:45:00,> 960,0,,
input_xlsx.xlsx,"ATR 1. Point Township Dr, south of Ridge Rd",Point Township Dr,WB,2026-04-22,08:45:00,09:00:00,0 to 72,0,,
input_xlsx.xlsx,"ATR 1. Point Township Dr, south of Ridge Rd",Point Township Dr,WB,2026-04-22,08:45:00,09:00:00,>72 to 120,0,,
input_xlsx.xlsx,"ATR 1. Point Township Dr, south of Ridge Rd",Point Township Dr,WB,2026-04-22,08:45:00,09:00:00,>120 to 180,51,,
input_xlsx.xlsx,"ATR 1. Point Township Dr, south of Ridge Rd",Point Township Dr,WB,2026-04-22,08:45:00,09:00:00,>180 to 240,20,,
input_xlsx.xlsx,"ATR 1. Point Township Dr, south of Ridge Rd",Point Township Dr,WB,2026-04-22,08:45:00,09:00:00,>240 to 300,5,,
input_xlsx.xlsx,"ATR 1. Point Township Dr, south of Ridge Rd",Point Township Dr,WB,2026-04-22,08:45:00,09:00:00,>300 to 360,1,,
input_xlsx.xlsx,"ATR 1. Point Township Dr, south of Ridge Rd",Point Township Dr,WB,2026-04-22,08:45:00,09:00:00,>360 to 480,1,,
input_xlsx.xlsx,"ATR 1. Point Township Dr, south of Ridge Rd",Point Township Dr,WB,2026-04-22,08:45:00,09:00:00,>480 to 600,1,,
input_xlsx.xlsx,"ATR 1. Point Township Dr, south of Ridge Rd",Point Township Dr,WB,2026-04-22,08:45:00,09:00:00,>600 to 720,2,,
input_xlsx.xlsx,"ATR 1. Point Township Dr, south of Ridge Rd",Point Township Dr,WB,2026-04-22,08:45:00,09:00:00,>720 to 840,2,,
input_xlsx.xlsx,"ATR 1. Point Township Dr, south of Ridge Rd",Point Township Dr,WB,2026-04-22,08:45:00,09:00:00,>840 to 960,1,,
input_xlsx.xlsx,"ATR 1. Point Township Dr, south of Ridge Rd",Point Township Dr,WB,2026-04-22,08:45:00,09:00:00,> 960,0,,
input_xlsx.xlsx,"ATR 1. Point Township Dr, south of Ridge Rd",Point Township Dr,WB,2026-04-22,09:00:00,09:15:00,0 to 72,0,,
input_xlsx.xlsx,"ATR 1. Point Township Dr, south of Ridge Rd",Point Township Dr,WB,2026-04-22,09:00:00,09:15:00,>72 to 120,0,,
input_xlsx.xlsx,"ATR 1. Point Township Dr, south of Ridge Rd",Point Township Dr,WB,2026-04-22,09:00:00,09:15:00,>120 to 180,41,,
input_xlsx.xlsx,"ATR 1. Point Township Dr, south of Ridge Rd",Point Township Dr,WB,2026-04-22,09:00:00,09:15:00,>180 to 240,15,,
input_xlsx.xlsx,"ATR 1. Point Township Dr, south of Ridge Rd",Point Township Dr,WB,2026-04-22,09:00:00,09:15:00,>240 to 300,3,,
input_xlsx.xlsx,"ATR 1. Point Township Dr, south of Ridge Rd",Point Township Dr,WB,2026-04-22,09:00:00,09:15:00,>300 to 360,1,,
input_xlsx.xlsx,"ATR 1. Point Township Dr, south of Ridge Rd",Point Township Dr,WB,2026-04-22,09:00:00,09:15:00,>360 to 480,4,,
input_xlsx.xlsx,"ATR 1. Point Township Dr, south of Ridge Rd",Point Township Dr,WB,2026-04-22,09:00:00,09:15:00,>480 to 600,0,,
input_xlsx.xlsx,"ATR 1. Point Township Dr, south of Ridge Rd",Point Township Dr,WB,2026-04-22,09:00:00,09:15:00,>600 to 720,0,,
input_xlsx.xlsx,"ATR 1. Point Township Dr, south of Ridge Rd",Point Township Dr,WB,2026-04-22,09:00:00,09:15:00,>720 to 840,1,,
input_xlsx.xlsx,"ATR 1. Point Township Dr, south of Ridge Rd",Point Township Dr,WB,2026-04-22,09:00:00,09:15:00,>840 to 960,0,,
input_xlsx.xlsx,"ATR 1. Point Township Dr, south of Ridge Rd",Point Township Dr,WB,2026-04-22,09:00:00,09:15:00,> 960,0,,
input_xlsx.xlsx,"ATR 1. Point Township Dr, south of Ridge Rd",Point Township Dr,WB,2026-04-22,09:15:00,09:30:00,0 to 72,0,,
input_xlsx.xlsx,"ATR 1. Point Township Dr, south of Ridge Rd",Point Township Dr,WB,2026-04-22,09:15:00,09:30:00,>72 to 120,0,,
input_xlsx.xlsx,"ATR 1. Point Township Dr, south of Ridge Rd",Point Township Dr,WB,2026-04-22,09:15:00,09:30:00,>120 to 180,48,,
input_xlsx.xlsx,"ATR 1. Point Township Dr, south of Ridge Rd",Point Township Dr,WB,2026-04-22,09:15:00,09:30:00,>180 to 240,14,,
input_xlsx.xlsx,"ATR 1. Point Township Dr, south of Ridge Rd",Point Township Dr,WB,2026-04-22,09:15:00,09:30:00,>240 to 300,2,,
input_xlsx.xlsx,"ATR 1. Point Township Dr, south of Ridge Rd",Point Township Dr,WB,2026-04-22,09:15:00,09:30:00,>300 to 360,2,,
input_xlsx.xlsx,"ATR 1. Point Township Dr, south of Ridge Rd",Point Township Dr,WB,2026-04-22,09:15:00,09:30:00,>360 to 480,5,,
input_xlsx.xlsx,"ATR 1. Point Township Dr, south of Ridge Rd",Point Township Dr,WB,2026-04-22,09:15:00,09:30:00,>480 to 600,1,,
input_xlsx.xlsx,"ATR 1. Point Township Dr, south of Ridge Rd",Point Township Dr,WB,2026-04-22,09:15:00,09:30:00,>600 to 720,1,,
input_xlsx.xlsx,"ATR 1. Point Township Dr, south of Ridge Rd",Point Township Dr,WB,2026-04-22,09:15:00,09:30:00,>720 to 840,1,,
input_xlsx.xlsx,"ATR 1. Point Township Dr, south of Ridge Rd",Point Township Dr,WB,2026-04-22,09:15:00,09:30:00,>840 to 960,2,,
input_xlsx.xlsx,"ATR 1. Point Township Dr, south of Ridge Rd",Point Township Dr,WB,2026-04-22,09:15:00,09:30:00,> 960,0,,
input_xlsx.xlsx,"ATR 1. Point Township Dr, south of Ridge Rd",Point Township Dr,WB,2026-04-22,09:30:00,09:45:00,0 to 72,0,,
input_xlsx.xlsx,"ATR 1. Point Township Dr, south of Ridge Rd",Point Township Dr,WB,2026-04-22,09:30:00,09:45:00,>72 to 120,1,,
input_xlsx.xlsx,"ATR 1. Point Township Dr, south of Ridge Rd",Point Township Dr,WB,2026-04-22,09:30:00,09:45:00,>120 to 180,38,,
input_xlsx.xlsx,"ATR 1. Point Township Dr, south of Ridge Rd",Point Township Dr,WB,2026-04-22,09:30:00,09:45:00,>180 to 240,15,,
input_xlsx.xlsx,"ATR 1. Point Township Dr, south of Ridge Rd",Point Township Dr,WB,2026-04-22,09:30:00,09:45:00,>240 to 300,4,,
input_xlsx.xlsx,"ATR 1. Point Township Dr, south of Ridge Rd",Point Township Dr,WB,2026-04-22,09:30:00,09:45:00,>300 to 360,1,,
input_xlsx.xlsx,"ATR 1. Point Township Dr, south of Ridge Rd",Point Township Dr,WB,2026-04-22,09:30:00,09:45:00,>360 to 480,2,,
input_xlsx.xlsx,"ATR 1. Point Township Dr, south of Ridge Rd",Point Township Dr,WB,2026-04-22,09:30:00,09:45:00,>480 to 600,1,,
input_xlsx.xlsx,"ATR 1. Point Township Dr, south of Ridge Rd",Point Township Dr,WB,2026-04-22,09:30:00,09:45:00,>600 to 720,2,,
input_xlsx.xlsx,"ATR 1. Point Township Dr, south of Ridge Rd",Point Township Dr,WB,2026-04-22,09:30:00,09:45:00,>720 to 840,0,,
input_xlsx.xlsx,"ATR 1. Point Township Dr, south of Ridge Rd",Point Township Dr,WB,2026-04-22,09:30:00,09:45:00,>840 to 960,0,,
input_xlsx.xlsx,"ATR 1. Point Township Dr, south of Ridge Rd",Point Township Dr,WB,2026-04-22,09:30:00,09:45:00,> 960,0,,
input_xlsx.xlsx,"ATR 1. Point Township Dr, south of Ridge Rd",Point Township Dr,WB,2026-04-22,09:45:00,10:00:00,0 to 72,0,,
input_xlsx.xlsx,"ATR 1. Point Township Dr, south of Ridge Rd",Point Township Dr,WB,2026-04-22,09:45:00,10:00:00,>72 to 120,1,,
input_xlsx.xlsx,"ATR 1. Point Township Dr, south of Ridge Rd",Point Township Dr,WB,2026-04-22,09:45:00,10:00:00,>120 to 180,57,,
input_xlsx.xlsx,"ATR 1. Point Township Dr, south of Ridge Rd",Point Township Dr,WB,2026-04-22,09:45:00,10:00:00,>180 to 240,18,,
input_xlsx.xlsx,"ATR 1. Point Township Dr, south of Ridge Rd",Point Township Dr,WB,2026-04-22,09:45:00,10:00:00,>240 to 300,2,,
input_xlsx.xlsx,"ATR 1. Point Township Dr, south of Ridge Rd",Point Township Dr,WB,2026-04-22,09:45:00,10:00:00,>300 to 360,3,,
input_xlsx.xlsx,"ATR 1. Point Township Dr, south of Ridge Rd",Point Township Dr,WB,2026-04-22,09:45:00,10:00:00,>360 to 480,3,,
input_xlsx.xlsx,"ATR 1. Point Township Dr, south of Ridge Rd",Point Township Dr,WB,2026-04-22,09:45:00,10:00:00,>480 to 600,0,,
input_xlsx.xlsx,"ATR 1. Point Township Dr, south of Ridge Rd",Point Township Dr,WB,2026-04-22,09:45:00,10:00:00,>600 to 720,3,,
input_xlsx.xlsx,"ATR 1. Point Township Dr, south of Ridge Rd",Point Township Dr,WB,2026-04-22,09:45:00,10:00:00,>720 to 840,2,,
input_xlsx.xlsx,"ATR 1. Point Township Dr, south of Ridge Rd",Point Township Dr,WB,2026-04-22,09:45:00,10:00:00,>840 to 960,2,,
input_xlsx.xlsx,"ATR 1. Point Township Dr, south of Ridge Rd",Point Township Dr,WB,2026-04-22,09:45:00,10:00:00,> 960,0,,
input_xlsx.xlsx,"ATR 1. Point Township Dr, south of Ridge Rd",Point Township Dr,WB,2026-04-22,10:00:00,10:15:00,0 to 72,0,,
input_xlsx.xlsx,"ATR 1. Point Township Dr, south of Ridge Rd",Point Township Dr,WB,2026-04-22,10:00:00,10:15:00,>72 to 120,0,,
input_xlsx.xlsx,"ATR 1. Point Township Dr, south of Ridge Rd",Point Township Dr,WB,2026-04-22,10:00:00,10:15:00,>120 to 180,43,,
input_xlsx.xlsx,"ATR 1. Point Township Dr, south of Ridge Rd",Point Township Dr,WB,2026-04-22,10:00:00,10:15:00,>180 to 240,14,,
input_xlsx.xlsx,"ATR 1. Point Township Dr, south of Ridge Rd",Point Township Dr,WB,2026-04-22,10:00:00,10:15:00,>240 to 300,4,,
input_xlsx.xlsx,"ATR 1. Point Township Dr, south of Ridge Rd",Point Township Dr,WB,2026-04-22,10:00:00,10:15:00,>300 to 360,3,,
input_xlsx.xlsx,"ATR 1. Point Township Dr, south of Ridge Rd",Point Township Dr,WB,2026-04-22,10:00:00,10:15:00,>360 to 480,2,,
input_xlsx.xlsx,"ATR 1. Point Township Dr, south of Ridge Rd",Point Township Dr,WB,2026-04-22,10:00:00,10:15:00,>480 to 600,1,,
input_xlsx.xlsx,"ATR 1. Point Township Dr, south of Ridge Rd",Point Township Dr,WB,2026-04-22,10:00:00,10:15:00,>600 to 720,2,,
input_xlsx.xlsx,"ATR 1. Point Township Dr, south of Ridge Rd",Point Township Dr,WB,2026-04-22,10:00:00,10:15:00,>720 to 840,4,,
input_xlsx.xlsx,"ATR 1. Point Township Dr, south of Ridge Rd",Point Township Dr,WB,2026-04-22,10:00:00,10:15:00,>840 to 960,1,,
input_xlsx.xlsx,"ATR 1. Point Township Dr, south of Ridge Rd",Point Township Dr,WB,2026-04-22,10:00:00,10:15:00,> 960,0,,
input_xlsx.xlsx,"ATR 1. Point Township Dr, south of Ridge Rd",Point Township Dr,WB,2026-04-22,10:15:00,10:30:00,0 to 72,0,,
input_xlsx.xlsx,"ATR 1. Point Township Dr, south of Ridge Rd",Point Township Dr,WB,2026-04-22,10:15:00,10:30:00,>72 to 120,0,,
input_xlsx.xlsx,"ATR 1. Point Township Dr, south of Ridge Rd",Point Township Dr,WB,2026-04-22,10:15:00,10:30:00,>120 to 180,51,,
input_xlsx.xlsx,"ATR 1. Point Township Dr, south of Ridge Rd",Point Township Dr,WB,2026-04-22,10:15:00,10:30:00,>180 to 240,17,,
input_xlsx.xlsx,"ATR 1. Point Township Dr, south of Ridge Rd",Point Township Dr,WB,2026-04-22,10:15:00,10:30:00,>240 to 300,3,,
input_xlsx.xlsx,"ATR 1. Point Township Dr, south of Ridge Rd",Point Township Dr,WB,2026-04-22,10:15:00,10:30:00,>300 to 360,2,,
input_xlsx.xlsx,"ATR 1. Point Township Dr, south of Ridge Rd",Point Township Dr,WB,2026-04-22,10:15:00,10:30:00,>360 to 480,5,,
input_xlsx.xlsx,"ATR 1. Point Township Dr, south of Ridge Rd",Point Township Dr,WB,2026-04-22,10:15:00,10:30:00,>480 to 600,2,,
input_xlsx.xlsx,"ATR 1. Point Township Dr, south of Ridge Rd",Point Township Dr,WB,2026-04-22,10:15:00,10:30:00,>600 to 720,2,,
input_xlsx.xlsx,"ATR 1. Point Township Dr, south of Ridge Rd",Point Township Dr,WB,2026-04-22,10:15:00,10:30:00,>720 to 840,0,,
input_xlsx.xlsx,"ATR 1. Point Township Dr, south of Ridge Rd",Point Township Dr,WB,2026-04-22,10:15:00,10:30:00,>840 to 960,1,,
input_xlsx.xlsx,"ATR 1. Point Township Dr, south of Ridge Rd",Point Township Dr,WB,2026-04-22,10:15:00,10:30:00,> 960,0,,
input_xlsx.xlsx,"ATR 1. Point Township Dr, south of Ridge Rd",Point Township Dr,WB,2026-04-22,10:30:00,10:45:00,0 to 72,1,,
input_xlsx.xlsx,"ATR 1. Point Township Dr, south of Ridge Rd",Point Township Dr,WB,2026-04-22,10:30:00,10:45:00,>72 to 120,1,,
input_xlsx.xlsx,"ATR 1. Point Township Dr, south of Ridge Rd",Point Township Dr,WB,2026-04-22,10:30:00,10:45:00,>120 to 180,61,,
input_xlsx.xlsx,"ATR 1. Point Township Dr, south of Ridge Rd",Point Township Dr,WB,2026-04-22,10:30:00,10:45:00,>180 to 240,20,,
input_xlsx.xlsx,"ATR 1. Point Township Dr, south of Ridge Rd",Point Township Dr,WB,2026-04-22,10:30:00,10:45:00,>240 to 300,5,,
input_xlsx.xlsx,"ATR 1. Point Township Dr, south of Ridge Rd",Point Township Dr,WB,2026-04-22,10:30:00,10:45:00,>300 to 360,1,,
input_xlsx.xlsx,"ATR 1. Point Township Dr, south of Ridge Rd",Point Township Dr,WB,2026-04-22,10:30:00,10:45:00,>360 to 480,3,,
input_xlsx.xlsx,"ATR 1. Point Township Dr, south of Ridge Rd",Point Township Dr,WB,2026-04-22,10:30:00,10:45:00,>480 to 600,1,,
input_xlsx.xlsx,"ATR 1. Point Township Dr, south of Ridge Rd",Point Township Dr,WB,2026-04-22,10:30:00,10:45:00,>600 to 720,1,,
input_xlsx.xlsx,"ATR 1. Point Township Dr, south of Ridge Rd",Point Township Dr,WB,2026-04-22,10:30:00,10:45:00,>720 to 840,1,,
input_xlsx.xlsx,"ATR 1. Point Township Dr, south of Ridge Rd",Point Township Dr,WB,2026-04-22,10:30:00,10:45:00,>840 to 960,2,,
input_xlsx.xlsx,"ATR 1. Point Township Dr, south of Ridge Rd",Point Township Dr,WB,2026-04-22,10:30:00,10:45:00,> 960,0,,
input_xlsx.xlsx,"ATR 1. Point Township Dr, south of Ridge Rd",Point Township Dr,WB,2026-04-22,10:45:00,11:00:00,0 to 72,0,,
input_xlsx.xlsx,"ATR 1. Point Township Dr, south of Ridge Rd",Point Township Dr,WB,2026-04-22,10:45:00,11:00:00,>72 to 120,0,,
input_xlsx.xlsx,"ATR 1. Point Township Dr, south of Ridge Rd",Point Township Dr,WB,2026-04-22,10:45:00,11:00:00,>120 to 180,57,,
input_xlsx.xlsx,"ATR 1. Point Township Dr, south of Ridge Rd",Point Township Dr,WB,2026-04-22,10:45:00,11:00:00,>180 to 240,15,,
input_xlsx.xlsx,"ATR 1. Point Township Dr, south of Ridge Rd",Point Township Dr,WB,2026-04-22,10:45:00,11:00:00,>240 to 300,4,,
input_xlsx.xlsx,"ATR 1. Point Township Dr, south of Ridge Rd",Point Township Dr,WB,2026-04-22,10:45:00,11:00:00,>300 to 360,2,,
input_xlsx.xlsx,"ATR 1. Point Township Dr, south of Ridge Rd",Point Township Dr,WB,2026-04-22,10:45:00,11:00:00,>360 to 480,4,,
input_xlsx.xlsx,"ATR 1. Point Township Dr, south of Ridge Rd",Point Township Dr,WB,2026-04-22,10:45:00,11:00:00,>480 to 600,0,,
input_xlsx.xlsx,"ATR 1. Point Township Dr, south of Ridge Rd",Point Township Dr,WB,2026-04-22,10:45:00,11:00:00,>600 to 720,1,,
input_xlsx.xlsx,"ATR 1. Point Township Dr, south of Ridge Rd",Point Township Dr,WB,2026-04-22,10:45:00,11:00:00,>720 to 840,2,,
input_xlsx.xlsx,"ATR 1. Point Township Dr, south of Ridge Rd",Point Township Dr,WB,2026-04-22,10:45:00,11:00:00,>840 to 960,3,,
input_xlsx.xlsx,"ATR 1. Point Township Dr, south of Ridge Rd",Point Township Dr,WB,2026-04-22,10:45:00,11:00:00,> 960,0,,
input_xlsx.xlsx,"ATR 1. Point Township Dr, south of Ridge Rd",Point Township Dr,WB,2026-04-22,11:00:00,11:15:00,0 to 72,0,,
input_xlsx.xlsx,"ATR 1. Point Township Dr, south of Ridge Rd",Point Township Dr,WB,2026-04-22,11:00:00,11:15:00,>72 to 120,0,,
input_xlsx.xlsx,"ATR 1. Point Township Dr, south of Ridge Rd",Point Township Dr,WB,2026-04-22,11:00:00,11:15:00,>120 to 180,53,,
input_xlsx.xlsx,"ATR 1. Point Township Dr, south of Ridge Rd",Point Township Dr,WB,2026-04-22,11:00:00,11:15:00,>180 to 240,19,,
input_xlsx.xlsx,"ATR 1. Point Township Dr, south of Ridge Rd",Point Township Dr,WB,2026-04-22,11:00:00,11:15:00,>240 to 300,1,,
input_xlsx.xlsx,"ATR 1. Point Township Dr, south of Ridge Rd",Point Township Dr,WB,2026-04-22,11:00:00,11:15:00,>300 to 360,2,,
input_xlsx.xlsx,"ATR 1. Point Township Dr, south of Ridge Rd",Point Township Dr,WB,2026-04-22,11:00:00,11:15:00,>360 to 480,5,,
input_xlsx.xlsx,"ATR 1. Point Township Dr, south of Ridge Rd",Point Township Dr,WB,2026-04-22,11:00:00,11:15:00,>480 to 600,3,,
input_xlsx.xlsx,"ATR 1. Point Township Dr, south of Ridge Rd",Point Township Dr,WB,2026-04-22,11:00:00,11:15:00,>600 to 720,1,,
input_xlsx.xlsx,"ATR 1. Point Township Dr, south of Ridge Rd",Point Township Dr,WB,2026-04-22,11:00:00,11:15:00,>720 to 840,2,,
input_xlsx.xlsx,"ATR 1. Point Township Dr, south of Ridge Rd",Point Township Dr,WB,2026-04-22,11:00:00,11:15:00,>840 to 960,0,,
input_xlsx.xlsx,"ATR 1. Point Township Dr, south of Ridge Rd",Point Township Dr,WB,2026-04-22,11:00:00,11:15:00,> 960,0,,
input_xlsx.xlsx,"ATR 1. Point Township Dr, south of Ridge Rd",Point Township Dr,WB,2026-04-22,11:15:00,11:30:00,0 to 72,0,,
input_xlsx.xlsx,"ATR 1. Point Township Dr, south of Ridge Rd",Point Township Dr,WB,2026-04-22,11:15:00,11:30:00,>72 to 120,0,,
input_xlsx.xlsx,"ATR 1. Point Township Dr, south of Ridge Rd",Point Township Dr,WB,2026-04-22,11:15:00,11:30:00,>120 to 180,48,,
input_xlsx.xlsx,"ATR 1. Point Township Dr, south of Ridge Rd",Point Township Dr,WB,2026-04-22,11:15:00,11:30:00,>180 to 240,18,,
input_xlsx.xlsx,"ATR 1. Point Township Dr, south of Ridge Rd",Point Township Dr,WB,2026-04-22,11:15:00,11:30:00,>240 to 300,3,,
input_xlsx.xlsx,"ATR 1. Point Township Dr, south of Ridge Rd",Point Township Dr,WB,2026-04-22,11:15:00,11:30:00,>300 to 360,3,,
input_xlsx.xlsx,"ATR 1. Point Township Dr, south of Ridge Rd",Point Township Dr,WB,2026-04-22,11:15:00,11:30:00,>360 to 480,6,,
input_xlsx.xlsx,"ATR 1. Point Township Dr, south of Ridge Rd",Point Township Dr,WB,2026-04-22,11:15:00,11:30:00,>480 to 600,1,,
input_xlsx.xlsx,"ATR 1. Point Township Dr, south of Ridge Rd",Point Township Dr,WB,2026-04-22,11:15:00,11:30:00,>600 to 720,1,,
input_xlsx.xlsx,"ATR 1. Point Township Dr, south of Ridge Rd",Point Township Dr,WB,2026-04-22,11:15:00,11:30:00,>720 to 840,2,,
input_xlsx.xlsx,"ATR 1. Point Township Dr, south of Ridge Rd",Point Township Dr,WB,2026-04-22,11:15:00,11:30:00,>840 to 960,0,,
input_xlsx.xlsx,"ATR 1. Point Township Dr, south of Ridge Rd",Point Township Dr,WB,2026-04-22,11:15:00,11:30:00,> 960,0,,
input_xlsx.xlsx,"ATR 1. Point Township Dr, south of Ridge Rd",Point Township Dr,WB,2026-04-22,11:30:00,11:45:00,0 to 72,0,,
input_xlsx.xlsx,"ATR 1. Point Township Dr, south of Ridge Rd",Point Township Dr,WB,2026-04-22,11:30:00,11:45:00,>72 to 120,0,,
input_xlsx.xlsx,"ATR 1. Point Township Dr, south of Ridge Rd",Point Township Dr,WB,2026-04-22,11:30:00,11:45:00,>120 to 180,60,,
input_xlsx.xlsx,"ATR 1. Point Township Dr, south of Ridge Rd",Point Township Dr,WB,2026-04-22,11:30:00,11:45:00,>180 to 240,23,,
input_xlsx.xlsx,"ATR 1. Point Township Dr, south of Ridge Rd",Point Township Dr,WB,2026-04-22,11:30:00,11:45:00,>240 to 300,7,,
input_xlsx.xlsx,"ATR 1. Point Township Dr, south of Ridge Rd",Point Township Dr,WB,2026-04-22,11:30:00,11:45:00,>300 to 360,0,,
input_xlsx.xlsx,"ATR 1. Point Township Dr, south of Ridge Rd",Point Township Dr,WB,2026-04-22,11:30:00,11:45:00,>360 to 480,1,,
input_xlsx.xlsx,"ATR 1. Point Township Dr, south of Ridge Rd",Point Township Dr,WB,2026-04-22,11:30:00,11:45:00,>480 to 600,1,,
input_xlsx.xlsx,"ATR 1. Point Township Dr, south of Ridge Rd",Point Township Dr,WB,2026-04-22,11:30:00,11:45:00,>600 to 720,2,,
input_xlsx.xlsx,"ATR 1. Point Township Dr, south of Ridge Rd",Point Township Dr,WB,2026-04-22,11:30:00,11:45:00,>720 to 840,0,,
input_xlsx.xlsx,"ATR 1. Point Township Dr, south of Ridge Rd",Point Township Dr,WB,2026-04-22,11:30:00,11:45:00,>840 to 960,0,,
input_xlsx.xlsx,"ATR 1. Point Township Dr, south of Ridge Rd",Point Township Dr,WB,2026-04-22,11:30:00,11:45:00,> 960,0,,
input_xlsx.xlsx,"ATR 1. Point Township Dr, south of Ridge Rd",Point Township Dr,WB,2026-04-22,11:45:00,12:00:00,0 to 72,0,,
input_xlsx.xlsx,"ATR 1. Point Township Dr, south of Ridge Rd",Point Township Dr,WB,2026-04-22,11:45:00,12:00:00,>72 to 120,0,,
input_xlsx.xlsx,"ATR 1. Point Township Dr, south of Ridge Rd",Point Township Dr,WB,2026-04-22,11:45:00,12:00:00,>120 to 180,52,,
input_xlsx.xlsx,"ATR 1. Point Township Dr, south of Ridge Rd",Point Township Dr,WB,2026-04-22,11:45:00,12:00:00,>180 to 240,23,,
input_xlsx.xlsx,"ATR 1. Point Township Dr, south of Ridge Rd",Point Township Dr,WB,2026-04-22,11:45:00,12:00:00,>240 to 300,1,,
input_xlsx.xlsx,"ATR 1. Point Township Dr, south of Ridge Rd",Point Township Dr,WB,2026-04-22,11:45:00,12:00:00,>300 to 360,1,,
input_xlsx.xlsx,"ATR 1. Point Township Dr, south of Ridge Rd",Point Township Dr,WB,2026-04-22,11:45:00,12:00:00,>360 to 480,3,,
input_xlsx.xlsx,"ATR 1. Point Township Dr, south of Ridge Rd",Point Township Dr,WB,2026-04-22,11:45:00,12:00:00,>480 to 600,2,,
input_xlsx.xlsx,"ATR 1. Point Township Dr, south of Ridge Rd",Point Township Dr,WB,2026-04-22,11:45:00,12:00:00,>600 to 720,1,,
input_xlsx.xlsx,"ATR 1. Point Township Dr, south of Ridge Rd",Point Township Dr,WB,2026-04-22,11:45:00,12:00:00,>720 to 840,0,,
input_xlsx.xlsx,"ATR 1. Point Township Dr, south of Ridge Rd",Point Township Dr,WB,2026-04-22,11:45:00,12:00:00,>840 to 960,0,,
input_xlsx.xlsx,"ATR 1. Point Township Dr, south of Ridge Rd",Point Township Dr,WB,2026-04-22,11:45:00,12:00:00,> 960,0,,
input_xlsx.xlsx,"ATR 1. Point Township Dr, south of Ridge Rd",Point Township Dr,WB,2026-04-22,12:00:00,12:15:00,0 to 72,1,,
input_xlsx.xlsx,"ATR 1. Point Township Dr, south of Ridge Rd",Point Township Dr,WB,2026-04-22,12:00:00,12:15:00,>72 to 120,2,,
input_xlsx.xlsx,"ATR 1. Point Township Dr, south of Ridge Rd",Point Township Dr,WB,2026-04-22,12:00:00,12:15:00,>120 to 180,41,,
input_xlsx.xlsx,"ATR 1. Point Township Dr, south of Ridge Rd",Point Township Dr,WB,2026-04-22,12:00:00,12:15:00,>180 to 240,24,,
input_xlsx.xlsx,"ATR 1. Point Township Dr, south of Ridge Rd",Point Township Dr,WB,2026-04-22,12:00:00,12:15:00,>240 to 300,1,,
input_xlsx.xlsx,"ATR 1. Point Township Dr, south of Ridge Rd",Point Township Dr,WB,2026-04-22,12:00:00,12:15:00,>300 to 360,3,,
input_xlsx.xlsx,"ATR 1. Point Township Dr, south of Ridge Rd",Point Township Dr,WB,2026-04-22,12:00:00,12:15:00,>360 to 480,3,,
input_xlsx.xlsx,"ATR 1. Point Township Dr, south of Ridge Rd",Point Township Dr,WB,2026-04-22,12:00:00,12:15:00,>480 to 600,2,,
input_xlsx.xlsx,"ATR 1. Point Township Dr, south of Ridge Rd",Point Township Dr,WB,2026-04-22,12:00:00,12:15:00,>600 to 720,2,,
input_xlsx.xlsx,"ATR 1. Point Township Dr, south of Ridge Rd",Point Township Dr,WB,2026-04-22,12:00:00,12:15:00,>720 to 840,1,,
input_xlsx.xlsx,"ATR 1. Point Township Dr, south of Ridge Rd",Point Township Dr,WB,2026-04-22,12:00:00,12:15:00,>840 to 960,1,,
input_xlsx.xlsx,"ATR 1. Point Township Dr, south of Ridge Rd",Point Township Dr,WB,2026-04-22,12:00:00,12:15:00,> 960,0,,
input_xlsx.xlsx,"ATR 1. Point Township Dr, south of Ridge Rd",Point Township Dr,WB,2026-04-22,12:15:00,12:30:00,0 to 72,0,,
input_xlsx.xlsx,"ATR 1. Point Township Dr, south of Ridge Rd",Point Township Dr,WB,2026-04-22,12:15:00,12:30:00,>72 to 120,0,,
input_xlsx.xlsx,"ATR 1. Point Township Dr, south of Ridge Rd",Point Township Dr,WB,2026-04-22,12:15:00,12:30:00,>120 to 180,46,,
input_xlsx.xlsx,"ATR 1. Point Township Dr, south of Ridge Rd",Point Township Dr,WB,2026-04-22,12:15:00,12:30:00,>180 to 240,25,,
input_xlsx.xlsx,"ATR 1. Point Township Dr, south of Ridge Rd",Point Township Dr,WB,2026-04-22,12:15:00,12:30:00,>240 to 300,3,,
input_xlsx.xlsx,"ATR 1. Point Township Dr, south of Ridge Rd",Point Township Dr,WB,2026-04-22,12:15:00,12:30:00,>300 to 360,4,,
input_xlsx.xlsx,"ATR 1. Point Township Dr, south of Ridge Rd",Point Township Dr,WB,2026-04-22,12:15:00,12:30:00,>360 to 480,3,,
input_xlsx.xlsx,"ATR 1. Point Township Dr, south of Ridge Rd",Point Township Dr,WB,2026-04-22,12:15:00,12:30:00,>480 to 600,0,,
input_xlsx.xlsx,"ATR 1. Point Township Dr, south of Ridge Rd",Point Township Dr,WB,2026-04-22,12:15:00,12:30:00,>600 to 720,3,,
input_xlsx.xlsx,"ATR 1. Point Township Dr, south of Ridge Rd",Point Township Dr,WB,2026-04-22,12:15:00,12:30:00,>720 to 840,2,,
input_xlsx.xlsx,"ATR 1. Point Township Dr, south of Ridge Rd",Point Township Dr,WB,2026-04-22,12:15:00,12:30:00,>840 to 960,1,,
input_xlsx.xlsx,"ATR 1. Point Township Dr, south of Ridge Rd",Point Township Dr,WB,2026-04-22,12:15:00,12:30:00,> 960,0,,
input_xlsx.xlsx,"ATR 1. Point Township Dr, south of Ridge Rd",Point Township Dr,WB,2026-04-22,12:30:00,12:45:00,0 to 72,0,,
input_xlsx.xlsx,"ATR 1. Point Township Dr, south of Ridge Rd",Point Township Dr,WB,2026-04-22,12:30:00,12:45:00,>72 to 120,0,,
input_xlsx.xlsx,"ATR 1. Point Township Dr, south of Ridge Rd",Point Township Dr,WB,2026-04-22,12:30:00,12:45:00,>120 to 180,50,,
input_xlsx.xlsx,"ATR 1. Point Township Dr, south of Ridge Rd",Point Township Dr,WB,2026-04-22,12:30:00,12:45:00,>180 to 240,21,,
input_xlsx.xlsx,"ATR 1. Point Township Dr, south of Ridge Rd",Point Township Dr,WB,2026-04-22,12:30:00,12:45:00,>240 to 300,8,,
input_xlsx.xlsx,"ATR 1. Point Township Dr, south of Ridge Rd",Point Township Dr,WB,2026-04-22,12:30:00,12:45:00,>300 to 360,3,,
input_xlsx.xlsx,"ATR 1. Point Township Dr, south of Ridge Rd",Point Township Dr,WB,2026-04-22,12:30:00,12:45:00,>360 to 480,0,,
input_xlsx.xlsx,"ATR 1. Point Township Dr, south of Ridge Rd",Point Township Dr,WB,2026-04-22,12:30:00,12:45:00,>480 to 600,0,,
input_xlsx.xlsx,"ATR 1. Point Township Dr, south of Ridge Rd",Point Township Dr,WB,2026-04-22,12:30:00,12:45:00,>600 to 720,2,,
input_xlsx.xlsx,"ATR 1. Point Township Dr, south of Ridge Rd",Point Township Dr,WB,2026-04-22,12:30:00,12:45:00,>720 to 840,2,,
input_xlsx.xlsx,"ATR 1. Point Township Dr, south of Ridge Rd",Point Township Dr,WB,2026-04-22,12:30:00,12:45:00,>840 to 960,1,,
input_xlsx.xlsx,"ATR 1. Point Township Dr, south of Ridge Rd",Point Township Dr,WB,2026-04-22,12:30:00,12:45:00,> 960,0,,
input_xlsx.xlsx,"ATR 1. Point Township Dr, south of Ridge Rd",Point Township Dr,WB,2026-04-22,12:45:00,13:00:00,0 to 72,0,,
input_xlsx.xlsx,"ATR 1. Point Township Dr, south of Ridge Rd",Point Township Dr,WB,2026-04-22,12:45:00,13:00:00,>72 to 120,0,,
input_xlsx.xlsx,"ATR 1. Point Township Dr, south of Ridge Rd",Point Township Dr,WB,2026-04-22,12:45:00,13:00:00,>120 to 180,62,,
input_xlsx.xlsx,"ATR 1. Point Township Dr, south of Ridge Rd",Point Township Dr,WB,2026-04-22,12:45:00,13:00:00,>180 to 240,14,,
input_xlsx.xlsx,"ATR 1. Point Township Dr, south of Ridge Rd",Point Township Dr,WB,2026-04-22,12:45:00,13:00:00,>240 to 300,8,,
input_xlsx.xlsx,"ATR 1. Point Township Dr, south of Ridge Rd",Point Township Dr,WB,2026-04-22,12:45:00,13:00:00,>300 to 360,5,,
input_xlsx.xlsx,"ATR 1. Point Township Dr, south of Ridge Rd",Point Township Dr,WB,2026-04-22,12:45:00,13:00:00,>360 to 480,2,,
input_xlsx.xlsx,"ATR 1. Point Township Dr, south of Ridge Rd",Point Township Dr,WB,2026-04-22,12:45:00,13:00:00,>480 to 600,0,,
input_xlsx.xlsx,"ATR 1. Point Township Dr, south of Ridge Rd",Point Township Dr,WB,2026-04-22,12:45:00,13:00:00,>600 to 720,1,,
input_xlsx.xlsx,"ATR 1. Point Township Dr, south of Ridge Rd",Point Township Dr,WB,2026-04-22,12:45:00,13:00:00,>720 to 840,1,,
input_xlsx.xlsx,"ATR 1. Point Township Dr, south of Ridge Rd",Point Township Dr,WB,2026-04-22,12:45:00,13:00:00,>840 to 960,1,,
input_xlsx.xlsx,"ATR 1. Point Township Dr, south of Ridge Rd",Point Township Dr,WB,2026-04-22,12:45:00,13:00:00,> 960,0,,
input_xlsx.xlsx,"ATR 1. Point Township Dr, south of Ridge Rd",Point Township Dr,WB,2026-04-22,13:00:00,13:15:00,0 to 72,0,,
input_xlsx.xlsx,"ATR 1. Point Township Dr, south of Ridge Rd",Point Township Dr,WB,2026-04-22,13:00:00,13:15:00,>72 to 120,0,,
input_xlsx.xlsx,"ATR 1. Point Township Dr, south of Ridge Rd",Point Township Dr,WB,2026-04-22,13:00:00,13:15:00,>120 to 180,50,,
input_xlsx.xlsx,"ATR 1. Point Township Dr, south of Ridge Rd",Point Township Dr,WB,2026-04-22,13:00:00,13:15:00,>180 to 240,24,,
input_xlsx.xlsx,"ATR 1. Point Township Dr, south of Ridge Rd",Point Township Dr,WB,2026-04-22,13:00:00,13:15:00,>240 to 300,3,,
input_xlsx.xlsx,"ATR 1. Point Township Dr, south of Ridge Rd",Point Township Dr,WB,2026-04-22,13:00:00,13:15:00,>300 to 360,2,,
input_xlsx.xlsx,"ATR 1. Point Township Dr, south of Ridge Rd",Point Township Dr,WB,2026-04-22,13:00:00,13:15:00,>360 to 480,2,,
input_xlsx.xlsx,"ATR 1. Point Township Dr, south of Ridge Rd",Point Township Dr,WB,2026-04-22,13:00:00,13:15:00,>480 to 600,0,,
input_xlsx.xlsx,"ATR 1. Point Township Dr, south of Ridge Rd",Point Township Dr,WB,2026-04-22,13:00:00,13:15:00,>600 to 720,3,,
input_xlsx.xlsx,"ATR 1. Point Township Dr, south of Ridge Rd",Point Township Dr,WB,2026-04-22,13:00:00,13:15:00,>720 to 840,0,,
input_xlsx.xlsx,"ATR 1. Point Township Dr, south of Ridge Rd",Point Township Dr,WB,2026-04-22,13:00:00,13:15:00,>840 to 960,0,,
input_xlsx.xlsx,"ATR 1. Point Township Dr, south of Ridge Rd",Point Township Dr,WB,2026-04-22,13:00:00,13:15:00,> 960,0,,
input_xlsx.xlsx,"ATR 1. Point Township Dr, south of Ridge Rd",Point Township Dr,WB,2026-04-22,13:15:00,13:30:00,0 to 72,0,,
input_xlsx.xlsx,"ATR 1. Point Township Dr, south of Ridge Rd",Point Township Dr,WB,2026-04-22,13:15:00,13:30:00,>72 to 120,0,,
input_xlsx.xlsx,"ATR 1. Point Township Dr, south of Ridge Rd",Point Township Dr,WB,2026-04-22,13:15:00,13:30:00,>120 to 180,65,,
input_xlsx.xlsx,"ATR 1. Point Township Dr, south of Ridge Rd",Point Township Dr,WB,2026-04-22,13:15:00,13:30:00,>180 to 240,20,,
input_xlsx.xlsx,"ATR 1. Point Township Dr, south of Ridge Rd",Point Township Dr,WB,2026-04-22,13:15:00,13:30:00,>240 to 300,7,,
input_xlsx.xlsx,"ATR 1. Point Township Dr, south of Ridge Rd",Point Township Dr,WB,2026-04-22,13:15:00,13:30:00,>300 to 360,2,,
input_xlsx.xlsx,"ATR 1. Point Township Dr, south of Ridge Rd",Point Township Dr,WB,2026-04-22,13:15:00,13:30:00,>360 to 480,0,,
input_xlsx.xlsx,"ATR 1. Point Township Dr, south of Ridge Rd",Point Township Dr,WB,2026-04-22,13:15:00,13:30:00,>480 to 600,0,,
input_xlsx.xlsx,"ATR 1. Point Township Dr, south of Ridge Rd",Point Township Dr,WB,2026-04-22,13:15:00,13:30:00,>600 to 720,1,,
input_xlsx.xlsx,"ATR 1. Point Township Dr, south of Ridge Rd",Point Township Dr,WB,2026-04-22,13:15:00,13:30:00,>720 to 840,1,,
input_xlsx.xlsx,"ATR 1. Point Township Dr, south of Ridge Rd",Point Township Dr,WB,2026-04-22,13:15:00,13:30:00,>840 to 960,2,,
input_xlsx.xlsx,"ATR 1. Point Township Dr, south of Ridge Rd",Point Township Dr,WB,2026-04-22,13:15:00,13:30:00,> 960,0,,
input_xlsx.xlsx,"ATR 1. Point Township Dr, south of Ridge Rd",Point Township Dr,WB,2026-04-22,13:30:00,13:45:00,0 to 72,0,,
input_xlsx.xlsx,"ATR 1. Point Township Dr, south of Ridge Rd",Point Township Dr,WB,2026-04-22,13:30:00,13:45:00,>72 to 120,2,,
input_xlsx.xlsx,"ATR 1. Point Township Dr, south of Ridge Rd",Point Township Dr,WB,2026-04-22,13:30:00,13:45:00,>120 to 180,56,,
input_xlsx.xlsx,"ATR 1. Point Township Dr, south of Ridge Rd",Point Township Dr,WB,2026-04-22,13:30:00,13:45:00,>180 to 240,27,,
input_xlsx.xlsx,"ATR 1. Point Township Dr, south of Ridge Rd",Point Township Dr,WB,2026-04-22,13:30:00,13:45:00,>240 to 300,3,,
input_xlsx.xlsx,"ATR 1. Point Township Dr, south of Ridge Rd",Point Township Dr,WB,2026-04-22,13:30:00,13:45:00,>300 to 360,4,,
input_xlsx.xlsx,"ATR 1. Point Township Dr, south of Ridge Rd",Point Township Dr,WB,2026-04-22,13:30:00,13:45:00,>360 to 480,0,,
input_xlsx.xlsx,"ATR 1. Point Township Dr, south of Ridge Rd",Point Township Dr,WB,2026-04-22,13:30:00,13:45:00,>480 to 600,0,,
input_xlsx.xlsx,"ATR 1. Point Township Dr, south of Ridge Rd",Point Township Dr,WB,2026-04-22,13:30:00,13:45:00,>600 to 720,1,,
input_xlsx.xlsx,"ATR 1. Point Township Dr, south of Ridge Rd",Point Township Dr,WB,2026-04-22,13:30:00,13:45:00,>720 to 840,2,,
input_xlsx.xlsx,"ATR 1. Point Township Dr, south of Ridge Rd",Point Township Dr,WB,2026-04-22,13:30:00,13:45:00,>840 to 960,1,,
input_xlsx.xlsx,"ATR 1. Point Township Dr, south of Ridge Rd",Point Township Dr,WB,2026-04-22,13:30:00,13:45:00,> 960,0,,
input_xlsx.xlsx,"ATR 1. Point Township Dr, south of Ridge Rd",Point Township Dr,WB,2026-04-22,13:45:00,14:00:00,0 to 72,0,,
input_xlsx.xlsx,"ATR 1. Point Township Dr, south of Ridge Rd",Point Township Dr,WB,2026-04-22,13:45:00,14:00:00,>72 to 120,0,,
input_xlsx.xlsx,"ATR 1. Point Township Dr, south of Ridge Rd",Point Township Dr,WB,2026-04-22,13:45:00,14:00:00,>120 to 180,58,,
input_xlsx.xlsx,"ATR 1. Point Township Dr, south of Ridge Rd",Point Township Dr,WB,2026-04-22,13:45:00,14:00:00,>180 to 240,21,,
input_xlsx.xlsx,"ATR 1. Point Township Dr, south of Ridge Rd",Point Township Dr,WB,2026-04-22,13:45:00,14:00:00,>240 to 300,3,,
input_xlsx.xlsx,"ATR 1. Point Township Dr, south of Ridge Rd",Point Township Dr,WB,2026-04-22,13:45:00,14:00:00,>300 to 360,3,,
input_xlsx.xlsx,"ATR 1. Point Township Dr, south of Ridge Rd",Point Township Dr,WB,2026-04-22,13:45:00,14:00:00,>360 to 480,3,,
input_xlsx.xlsx,"ATR 1. Point Township Dr, south of Ridge Rd",Point Township Dr,WB,2026-04-22,13:45:00,14:00:00,>480 to 600,1,,
input_xlsx.xlsx,"ATR 1. Point Township Dr, south of Ridge Rd",Point Township Dr,WB,2026-04-22,13:45:00,14:00:00,>600 to 720,3,,
input_xlsx.xlsx,"ATR 1. Point Township Dr, south of Ridge Rd",Point Township Dr,WB,2026-04-22,13:45:00,14:00:00,>720 to 840,0,,
input_xlsx.xlsx,"ATR 1. Point Township Dr, south of Ridge Rd",Point Township Dr,WB,2026-04-22,13:45:00,14:00:00,>840 to 960,1,,
input_xlsx.xlsx,"ATR 1. Point Township Dr, south of Ridge Rd",Point Township Dr,WB,2026-04-22,13:45:00,14:00:00,> 960,0,,
input_xlsx.xlsx,"ATR 1. Point Township Dr, south of Ridge Rd",Point Township Dr,WB,2026-04-22,14:00:00,14:15:00,0 to 72,0,,
input_xlsx.xlsx,"ATR 1. Point Township Dr, south of Ridge Rd",Point Township Dr,WB,2026-04-22,14:00:00,14:15:00,>72 to 120,0,,
input_xlsx.xlsx,"ATR 1. Point Township Dr, south of Ridge Rd",Point Township Dr,WB,2026-04-22,14:00:00,14:15:00,>120 to 180,69,,
input_xlsx.xlsx,"ATR 1. Point Township Dr, south of Ridge Rd",Point Township Dr,WB,2026-04-22,14:00:00,14:15:00,>180 to 240,28,,
input_xlsx.xlsx,"ATR 1. Point Township Dr, south of Ridge Rd",Point Township Dr,WB,2026-04-22,14:00:00,14:15:00,>240 to 300,6,,
input_xlsx.xlsx,"ATR 1. Point Township Dr, south of Ridge Rd",Point Township Dr,WB,2026-04-22,14:00:00,14:15:00,>300 to 360,2,,
input_xlsx.xlsx,"ATR 1. Point Township Dr, south of Ridge Rd",Point Township Dr,WB,2026-04-22,14:00:00,14:15:00,>360 to 480,6,,
input_xlsx.xlsx,"ATR 1. Point Township Dr, south of Ridge Rd",Point Township Dr,WB,2026-04-22,14:00:00,14:15:00,>480 to 600,1,,
input_xlsx.xlsx,"ATR 1. Point Township Dr, south of Ridge Rd",Point Township Dr,WB,2026-04-22,14:00:00,14:15:00,>600 to 720,2,,
input_xlsx.xlsx,"ATR 1. Point Township Dr, south of Ridge Rd",Point Township Dr,WB,2026-04-22,14:00:00,14:15:00,>720 to 840,0,,
input_xlsx.xlsx,"ATR 1. Point Township Dr, south of Ridge Rd",Point Township Dr,WB,2026-04-22,14:00:00,14:15:00,>840 to 960,1,,
input_xlsx.xlsx,"ATR 1. Point Township Dr, south of Ridge Rd",Point Township Dr,WB,2026-04-22,14:00:00,14:15:00,> 960,0,,
input_xlsx.xlsx,"ATR 1. Point Township Dr, south of Ridge Rd",Point Township Dr,WB,2026-04-22,14:15:00,14:30:00,0 to 72,0,,
input_xlsx.xlsx,"ATR 1. Point Township Dr, south of Ridge Rd",Point Township Dr,WB,2026-04-22,14:15:00,14:30:00,>72 to 120,2,,
input_xlsx.xlsx,"ATR 1. Point Township Dr, south of Ridge Rd",Point Township Dr,WB,2026-04-22,14:15:00,14:30:00,>120 to 180,78,,
input_xlsx.xlsx,"ATR 1. Point Township Dr, south of Ridge Rd",Point Township Dr,WB,2026-04-22,14:15:00,14:30:00,>180 to 240,19,,
input_xlsx.xlsx,"ATR 1. Point Township Dr, south of Ridge Rd",Point Township Dr,WB,2026-04-22,14:15:00,14:30:00,>240 to 300,6,,
input_xlsx.xlsx,"ATR 1. Point Township Dr, south of Ridge Rd",Point Township Dr,WB,2026-04-22,14:15:00,14:30:00,>300 to 360,2,,
input_xlsx.xlsx,"ATR 1. Point Township Dr, south of Ridge Rd",Point Township Dr,WB,2026-04-22,14:15:00,14:30:00,>360 to 480,0,,
input_xlsx.xlsx,"ATR 1. Point Township Dr, south of Ridge Rd",Point Township Dr,WB,2026-04-22,14:15:00,14:30:00,>480 to 600,1,,
input_xlsx.xlsx,"ATR 1. Point Township Dr, south of Ridge Rd",Point Township Dr,WB,2026-04-22,14:15:00,14:30:00,>600 to 720,0,,
input_xlsx.xlsx,"ATR 1. Point Township Dr, south of Ridge Rd",Point Township Dr,WB,2026-04-22,14:15:00,14:30:00,>720 to 840,0,,
input_xlsx.xlsx,"ATR 1. Point Township Dr, south of Ridge Rd",Point Township Dr,WB,2026-04-22,14:15:00,14:30:00,>840 to 960,1,,
input_xlsx.xlsx,"ATR 1. Point Township Dr, south of Ridge Rd",Point Township Dr,WB,2026-04-22,14:15:00,14:30:00,> 960,0,,
input_xlsx.xlsx,"ATR 1. Point Township Dr, south of Ridge Rd",Point Township Dr,WB,2026-04-22,14:30:00,14:45:00,0 to 72,0,,
input_xlsx.xlsx,"ATR 1. Point Township Dr, south of Ridge Rd",Point Township Dr,WB,2026-04-22,14:30:00,14:45:00,>72 to 120,0,,
input_xlsx.xlsx,"ATR 1. Point Township Dr, south of Ridge Rd",Point Township Dr,WB,2026-04-22,14:30:00,14:45:00,>120 to 180,78,,
input_xlsx.xlsx,"ATR 1. Point Township Dr, south of Ridge Rd",Point Township Dr,WB,2026-04-22,14:30:00,14:45:00,>180 to 240,22,,
input_xlsx.xlsx,"ATR 1. Point Township Dr, south of Ridge Rd",Point Township Dr,WB,2026-04-22,14:30:00,14:45:00,>240 to 300,3,,
input_xlsx.xlsx,"ATR 1. Point Township Dr, south of Ridge Rd",Point Township Dr,WB,2026-04-22,14:30:00,14:45:00,>300 to 360,3,,
input_xlsx.xlsx,"ATR 1. Point Township Dr, south of Ridge Rd",Point Township Dr,WB,2026-04-22,14:30:00,14:45:00,>360 to 480,2,,
input_xlsx.xlsx,"ATR 1. Point Township Dr, south of Ridge Rd",Point Township Dr,WB,2026-04-22,14:30:00,14:45:00,>480 to 600,0,,
input_xlsx.xlsx,"ATR 1. Point Township Dr, south of Ridge Rd",Point Township Dr,WB,2026-04-22,14:30:00,14:45:00,>600 to 720,3,,
input_xlsx.xlsx,"ATR 1. Point Township Dr, south of Ridge Rd",Point Township Dr,WB,2026-04-22,14:30:00,14:45:00,>720 to 840,0,,
input_xlsx.xlsx,"ATR 1. Point Township Dr, south of Ridge Rd",Point Township Dr,WB,2026-04-22,14:30:00,14:45:00,>840 to 960,4,,
input_xlsx.xlsx,"ATR 1. Point Township Dr, south of Ridge Rd",Point Township Dr,WB,2026-04-22,14:30:00,14:45:00,> 960,0,,
input_xlsx.xlsx,"ATR 1. Point Township Dr, south of Ridge Rd",Point Township Dr,WB,2026-04-22,14:45:00,15:00:00,0 to 72,0,,
input_xlsx.xlsx,"ATR 1. Point Township Dr, south of Ridge Rd",Point Township Dr,WB,2026-04-22,14:45:00,15:00:00,>72 to 120,0,,
input_xlsx.xlsx,"ATR 1. Point Township Dr, south of Ridge Rd",Point Township Dr,WB,2026-04-22,14:45:00,15:00:00,>120 to 180,61,,
input_xlsx.xlsx,"ATR 1. Point Township Dr, south of Ridge Rd",Point Township Dr,WB,2026-04-22,14:45:00,15:00:00,>180 to 240,22,,
input_xlsx.xlsx,"ATR 1. Point Township Dr, south of Ridge Rd",Point Township Dr,WB,2026-04-22,14:45:00,15:00:00,>240 to 300,1,,
input_xlsx.xlsx,"ATR 1. Point Township Dr, south of Ridge Rd",Point Township Dr,WB,2026-04-22,14:45:00,15:00:00,>300 to 360,1,,
input_xlsx.xlsx,"ATR 1. Point Township Dr, south of Ridge Rd",Point Township Dr,WB,2026-04-22,14:45:00,15:00:00,>360 to 480,2,,
input_xlsx.xlsx,"ATR 1. Point Township Dr, south of Ridge Rd",Point Township Dr,WB,2026-04-22,14:45:00,15:00:00,>480 to 600,0,,
input_xlsx.xlsx,"ATR 1. Point Township Dr, south of Ridge Rd",Point Township Dr,WB,2026-04-22,14:45:00,15:00:00,>600 to 720,2,,
input_xlsx.xlsx,"ATR 1. Point Township Dr, south of Ridge Rd",Point Township Dr,WB,2026-04-22,14:45:00,15:00:00,>720 to 840,1,,
input_xlsx.xlsx,"ATR 1. Point Township Dr, south of Ridge Rd",Point Township Dr,WB,2026-04-22,14:45:00,15:00:00,>840 to 960,1,,
input_xlsx.xlsx,"ATR 1. Point Township Dr, south of Ridge Rd",Point Township Dr,WB,2026-04-22,14:45:00,15:00:00,> 960,0,,
input_xlsx.xlsx,"ATR 1. Point Township Dr, south of Ridge Rd",Point Township Dr,WB,2026-04-22,15:00:00,15:15:00,0 to 72,0,,
input_xlsx.xlsx,"ATR 1. Point Township Dr, south of Ridge Rd",Point Township Dr,WB,2026-04-22,15:00:00,15:15:00,>72 to 120,0,,
input_xlsx.xlsx,"ATR 1. Point Township Dr, south of Ridge Rd",Point Township Dr,WB,2026-04-22,15:00:00,15:15:00,>120 to 180,73,,
input_xlsx.xlsx,"ATR 1. Point Township Dr, south of Ridge Rd",Point Township Dr,WB,2026-04-22,15:00:00,15:15:00,>180 to 240,31,,
input_xlsx.xlsx,"ATR 1. Point Township Dr, south of Ridge Rd",Point Township Dr,WB,2026-04-22,15:00:00,15:15:00,>240 to 300,6,,
input_xlsx.xlsx,"ATR 1. Point Township Dr, south of Ridge Rd",Point Township Dr,WB,2026-04-22,15:00:00,15:15:00,>300 to 360,3,,
input_xlsx.xlsx,"ATR 1. Point Township Dr, south of Ridge Rd",Point Township Dr,WB,2026-04-22,15:00:00,15:15:00,>360 to 480,1,,
input_xlsx.xlsx,"ATR 1. Point Township Dr, south of Ridge Rd",Point Township Dr,WB,2026-04-22,15:00:00,15:15:00,>480 to 600,0,,
input_xlsx.xlsx,"ATR 1. Point Township Dr, south of Ridge Rd",Point Township Dr,WB,2026-04-22,15:00:00,15:15:00,>600 to 720,1,,
input_xlsx.xlsx,"ATR 1. Point Township Dr, south of Ridge Rd",Point Township Dr,WB,2026-04-22,15:00:00,15:15:00,>720 to 840,0,,
input_xlsx.xlsx,"ATR 1. Point Township Dr, south of Ridge Rd",Point Township Dr,WB,2026-04-22,15:00:00,15:15:00,>840 to 960,0,,
input_xlsx.xlsx,"ATR 1. Point Township Dr, south of Ridge Rd",Point Township Dr,WB,2026-04-22,15:00:00,15:15:00,> 960,0,,
input_xlsx.xlsx,"ATR 1. Point Township Dr, south of Ridge Rd",Point Township Dr,WB,2026-04-22,15:15:00,15:30:00,0 to 72,0,,
input_xlsx.xlsx,"ATR 1. Point Township Dr, south of Ridge Rd",Point Township Dr,WB,2026-04-22,15:15:00,15:30:00,>72 to 120,0,,
input_xlsx.xlsx,"ATR 1. Point Township Dr, south of Ridge Rd",Point Township Dr,WB,2026-04-22,15:15:00,15:30:00,>120 to 180,93,,
input_xlsx.xlsx,"ATR 1. Point Township Dr, south of Ridge Rd",Point Township Dr,WB,2026-04-22,15:15:00,15:30:00,>180 to 240,26,,
input_xlsx.xlsx,"ATR 1. Point Township Dr, south of Ridge Rd",Point Township Dr,WB,2026-04-22,15:15:00,15:30:00,>240 to 300,3,,
input_xlsx.xlsx,"ATR 1. Point Township Dr, south of Ridge Rd",Point Township Dr,WB,2026-04-22,15:15:00,15:30:00,>300 to 360,0,,
input_xlsx.xlsx,"ATR 1. Point Township Dr, south of Ridge Rd",Point Township Dr,WB,2026-04-22,15:15:00,15:30:00,>360 to 480,5,,
input_xlsx.xlsx,"ATR 1. Point Township Dr, south of Ridge Rd",Point Township Dr,WB,2026-04-22,15:15:00,15:30:00,>480 to 600,0,,
input_xlsx.xlsx,"ATR 1. Point Township Dr, south of Ridge Rd",Point Township Dr,WB,2026-04-22,15:15:00,15:30:00,>600 to 720,0,,
input_xlsx.xlsx,"ATR 1. Point Township Dr, south of Ridge Rd",Point Township Dr,WB,2026-04-22,15:15:00,15:30:00,>720 to 840,2,,
input_xlsx.xlsx,"ATR 1. Point Township Dr, south of Ridge Rd",Point Township Dr,WB,2026-04-22,15:15:00,15:30:00,>840 to 960,1,,
input_xlsx.xlsx,"ATR 1. Point Township Dr, south of Ridge Rd",Point Township Dr,WB,2026-04-22,15:15:00,15:30:00,> 960,0,,
input_xlsx.xlsx,"ATR 1. Point Township Dr, south of Ridge Rd",Point Township Dr,WB,2026-04-22,15:30:00,15:45:00,0 to 72,0,,
input_xlsx.xlsx,"ATR 1. Point Township Dr, south of Ridge Rd",Point Township Dr,WB,2026-04-22,15:30:00,15:45:00,>72 to 120,0,,
input_xlsx.xlsx,"ATR 1. Point Township Dr, south of Ridge Rd",Point Township Dr,WB,2026-04-22,15:30:00,15:45:00,>120 to 180,99,,
input_xlsx.xlsx,"ATR 1. Point Township Dr, south of Ridge Rd",Point Township Dr,WB,2026-04-22,15:30:00,15:45:00,>180 to 240,42,,
input_xlsx.xlsx,"ATR 1. Point Township Dr, south of Ridge Rd",Point Township Dr,WB,2026-04-22,15:30:00,15:45:00,>240 to 300,6,,
input_xlsx.xlsx,"ATR 1. Point Township Dr, south of Ridge Rd",Point Township Dr,WB,2026-04-22,15:30:00,15:45:00,>300 to 360,1,,
input_xlsx.xlsx,"ATR 1. Point Township Dr, south of Ridge Rd",Point Township Dr,WB,2026-04-22,15:30:00,15:45:00,>360 to 480,4,,
input_xlsx.xlsx,"ATR 1. Point Township Dr, south of Ridge Rd",Point Township Dr,WB,2026-04-22,15:30:00,15:45:00,>480 to 600,1,,
input_xlsx.xlsx,"ATR 1. Point Township Dr, south of Ridge Rd",Point Township Dr,WB,2026-04-22,15:30:00,15:45:00,>600 to 720,0,,
input_xlsx.xlsx,"ATR 1. Point Township Dr, south of Ridge Rd",Point Township Dr,WB,2026-04-22,15:30:00,15:45:00,>720 to 840,1,,
input_xlsx.xlsx,"ATR 1. Point Township Dr, south of Ridge Rd",Point Township Dr,WB,2026-04-22,15:30:00,15:45:00,>840 to 960,1,,
input_xlsx.xlsx,"ATR 1. Point Township Dr, south of Ridge Rd",Point Township Dr,WB,2026-04-22,15:30:00,15:45:00,> 960,0,,
input_xlsx.xlsx,"ATR 1. Point Township Dr, south of Ridge Rd",Point Township Dr,WB,2026-04-22,15:45:00,16:00:00,0 to 72,1,,
input_xlsx.xlsx,"ATR 1. Point Township Dr, south of Ridge Rd",Point Township Dr,WB,2026-04-22,15:45:00,16:00:00,>72 to 120,0,,
input_xlsx.xlsx,"ATR 1. Point Township Dr, south of Ridge Rd",Point Township Dr,WB,2026-04-22,15:45:00,16:00:00,>120 to 180,111,,
input_xlsx.xlsx,"ATR 1. Point Township Dr, south of Ridge Rd",Point Township Dr,WB,2026-04-22,15:45:00,16:00:00,>180 to 240,31,,
input_xlsx.xlsx,"ATR 1. Point Township Dr, south of Ridge Rd",Point Township Dr,WB,2026-04-22,15:45:00,16:00:00,>240 to 300,6,,
input_xlsx.xlsx,"ATR 1. Point Township Dr, south of Ridge Rd",Point Township Dr,WB,2026-04-22,15:45:00,16:00:00,>300 to 360,2,,
input_xlsx.xlsx,"ATR 1. Point Township Dr, south of Ridge Rd",Point Township Dr,WB,2026-04-22,15:45:00,16:00:00,>360 to 480,5,,
input_xlsx.xlsx,"ATR 1. Point Township Dr, south of Ridge Rd",Point Township Dr,WB,2026-04-22,15:45:00,16:00:00,>480 to 600,0,,
input_xlsx.xlsx,"ATR 1. Point Township Dr, south of Ridge Rd",Point Township Dr,WB,2026-04-22,15:45:00,16:00:00,>600 to 720,1,,
input_xlsx.xlsx,"ATR 1. Point Township Dr, south of Ridge Rd",Point Township Dr,WB,2026-04-22,15:45:00,16:00:00,>720 to 840,2,,
input_xlsx.xlsx,"ATR 1. Point Township Dr, south of Ridge Rd",Point Township Dr,WB,2026-04-22,15:45:00,16:00:00,>840 to 960,1,,
input_xlsx.xlsx,"ATR 1. Point Township Dr, south of Ridge Rd",Point Township Dr,WB,2026-04-22,15:45:00,16:00:00,> 960,0,,
input_xlsx.xlsx,"ATR 1. Point Township Dr, south of Ridge Rd",Point Township Dr,WB,2026-04-22,16:00:00,16:15:00,0 to 72,1,,
input_xlsx.xlsx,"ATR 1. Point Township Dr, south of Ridge Rd",Point Township Dr,WB,2026-04-22,16:00:00,16:15:00,>72 to 120,1,,
input_xlsx.xlsx,"ATR 1. Point Township Dr, south of Ridge Rd",Point Township Dr,WB,2026-04-22,16:00:00,16:15:00,>120 to 180,96,,
input_xlsx.xlsx,"ATR 1. Point Township Dr, south of Ridge Rd",Point Township Dr,WB,2026-04-22,16:00:00,16:15:00,>180 to 240,29,,
input_xlsx.xlsx,"ATR 1. Point Township Dr, south of Ridge Rd",Point Township Dr,WB,2026-04-22,16:00:00,16:15:00,>240 to 300,0,,
input_xlsx.xlsx,"ATR 1. Point Township Dr, south of Ridge Rd",Point Township Dr,WB,2026-04-22,16:00:00,16:15:00,>300 to 360,1,,
input_xlsx.xlsx,"ATR 1. Point Township Dr, south of Ridge Rd",Point Township Dr,WB,2026-04-22,16:00:00,16:15:00,>360 to 480,1,,
input_xlsx.xlsx,"ATR 1. Point Township Dr, south of Ridge Rd",Point Township Dr,WB,2026-04-22,16:00:00,16:15:00,>480 to 600,0,,
input_xlsx.xlsx,"ATR 1. Point Township Dr, south of Ridge Rd",Point Township Dr,WB,2026-04-22,16:00:00,16:15:00,>600 to 720,2,,
input_xlsx.xlsx,"ATR 1. Point Township Dr, south of Ridge Rd",Point Township Dr,WB,2026-04-22,16:00:00,16:15:00,>720 to 840,0,,
input_xlsx.xlsx,"ATR 1. Point Township Dr, south of Ridge Rd",Point Township Dr,WB,2026-04-22,16:00:00,16:15:00,>840 to 960,2,,
input_xlsx.xlsx,"ATR 1. Point Township Dr, south of Ridge Rd",Point Township Dr,WB,2026-04-22,16:00:00,16:15:00,> 960,0,,
input_xlsx.xlsx,"ATR 1. Point Township Dr, south of Ridge Rd",Point Township Dr,WB,2026-04-22,16:15:00,16:30:00,0 to 72,0,,
input_xlsx.xlsx,"ATR 1. Point Township Dr, south of Ridge Rd",Point Township Dr,WB,2026-04-22,16:15:00,16:30:00,>72 to 120,0,,
input_xlsx.xlsx,"ATR 1. Point Township Dr, south of Ridge Rd",Point Township Dr,WB,2026-04-22,16:15:00,16:30:00,>120 to 180,101,,
input_xlsx.xlsx,"ATR 1. Point Township Dr, south of Ridge Rd",Point Township Dr,WB,2026-04-22,16:15:00,16:30:00,>180 to 240,32,,
input_xlsx.xlsx,"ATR 1. Point Township Dr, south of Ridge Rd",Point Township Dr,WB,2026-04-22,16:15:00,16:30:00,>240 to 300,5,,
input_xlsx.xlsx,"ATR 1. Point Township Dr, south of Ridge Rd",Point Township Dr,WB,2026-04-22,16:15:00,16:30:00,>300 to 360,1,,
input_xlsx.xlsx,"ATR 1. Point Township Dr, south of Ridge Rd",Point Township Dr,WB,2026-04-22,16:15:00,16:30:00,>360 to 480,1,,
input_xlsx.xlsx,"ATR 1. Point Township Dr, south of Ridge Rd",Point Township Dr,WB,2026-04-22,16:15:00,16:30:00,>480 to 600,1,,
input_xlsx.xlsx,"ATR 1. Point Township Dr, south of Ridge Rd",Point Township Dr,WB,2026-04-22,16:15:00,16:30:00,>600 to 720,1,,
input_xlsx.xlsx,"ATR 1. Point Township Dr, south of Ridge Rd",Point Township Dr,WB,2026-04-22,16:15:00,16:30:00,>720 to 840,1,,
input_xlsx.xlsx,"ATR 1. Point Township Dr, south of Ridge Rd",Point Township Dr,WB,2026-04-22,16:15:00,16:30:00,>840 to 960,0,,
input_xlsx.xlsx,"ATR 1. Point Township Dr, south of Ridge Rd",Point Township Dr,WB,2026-04-22,16:15:00,16:30:00,> 960,0,,
input_xlsx.xlsx,"ATR 1. Point Township Dr, south of Ridge Rd",Point Township Dr,WB,2026-04-22,16:30:00,16:45:00,0 to 72,0,,
input_xlsx.xlsx,"ATR 1. Point Township Dr, south of Ridge Rd",Point Township Dr,WB,2026-04-22,16:30:00,16:45:00,>72 to 120,0,,
input_xlsx.xlsx,"ATR 1. Point Township Dr, south of Ridge Rd",Point Township Dr,WB,2026-04-22,16:30:00,16:45:00,>120 to 180,102,,
input_xlsx.xlsx,"ATR 1. Point Township Dr, south of Ridge Rd",Point Township Dr,WB,2026-04-22,16:30:00,16:45:00,>180 to 240,34,,
input_xlsx.xlsx,"ATR 1. Point Township Dr, south of Ridge Rd",Point Township Dr,WB,2026-04-22,16:30:00,16:45:00,>240 to 300,4,,
input_xlsx.xlsx,"ATR 1. Point Township Dr, south of Ridge Rd",Point Township Dr,WB,2026-04-22,16:30:00,16:45:00,>300 to 360,4,,
input_xlsx.xlsx,"ATR 1. Point Township Dr, south of Ridge Rd",Point Township Dr,WB,2026-04-22,16:30:00,16:45:00,>360 to 480,2,,
input_xlsx.xlsx,"ATR 1. Point Township Dr, south of Ridge Rd",Point Township Dr,WB,2026-04-22,16:30:00,16:45:00,>480 to 600,1,,
input_xlsx.xlsx,"ATR 1. Point Township Dr, south of Ridge Rd",Point Township Dr,WB,2026-04-22,16:30:00,16:45:00,>600 to 720,2,,
input_xlsx.xlsx,"ATR 1. Point Township Dr, south of Ridge Rd",Point Township Dr,WB,2026-04-22,16:30:00,16:45:00,>720 to 840,0,,
input_xlsx.xlsx,"ATR 1. Point Township Dr, south of Ridge Rd",Point Township Dr,WB,2026-04-22,16:30:00,16:45:00,>840 to 960,1,,
input_xlsx.xlsx,"ATR 1. Point Township Dr, south of Ridge Rd",Point Township Dr,WB,2026-04-22,16:30:00,16:45:00,> 960,0,,
input_xlsx.xlsx,"ATR 1. Point Township Dr, south of Ridge Rd",Point Township Dr,WB,2026-04-22,16:45:00,17:00:00,0 to 72,0,,
input_xlsx.xlsx,"ATR 1. Point Township Dr, south of Ridge Rd",Point Township Dr,WB,2026-04-22,16:45:00,17:00:00,>72 to 120,0,,
input_xlsx.xlsx,"ATR 1. Point Township Dr, south of Ridge Rd",Point Township Dr,WB,2026-04-22,16:45:00,17:00:00,>120 to 180,108,,
input_xlsx.xlsx,"ATR 1. Point Township Dr, south of Ridge Rd",Point Township Dr,WB,2026-04-22,16:45:00,17:00:00,>180 to 240,16,,
input_xlsx.xlsx,"ATR 1. Point Township Dr, south of Ridge Rd",Point Township Dr,WB,2026-04-22,16:45:00,17:00:00,>240 to 300,5,,
input_xlsx.xlsx,"ATR 1. Point Township Dr, south of Ridge Rd",Point Township Dr,WB,2026-04-22,16:45:00,17:00:00,>300 to 360,2,,
input_xlsx.xlsx,"ATR 1. Point Township Dr, south of Ridge Rd",Point Township Dr,WB,2026-04-22,16:45:00,17:00:00,>360 to 480,2,,
input_xlsx.xlsx,"ATR 1. Point Township Dr, south of Ridge Rd",Point Township Dr,WB,2026-04-22,16:45:00,17:00:00,>480 to 600,0,,
input_xlsx.xlsx,"ATR 1. Point Township Dr, south of Ridge Rd",Point Township Dr,WB,2026-04-22,16:45:00,17:00:00,>600 to 720,0,,
input_xlsx.xlsx,"ATR 1. Point Township Dr, south of Ridge Rd",Point Township Dr,WB,2026-04-22,16:45:00,17:00:00,>720 to 840,1,,
input_xlsx.xlsx,"ATR 1. Point Township Dr, south of Ridge Rd",Point Township Dr,WB,2026-04-22,16:45:00,17:00:00,>840 to 960,1,,
input_xlsx.xlsx,"ATR 1. Point Township Dr, south of Ridge Rd",Point Township Dr,WB,2026-04-22,16:45:00,17:00:00,> 960,0,,
input_xlsx.xlsx,"ATR 1. Point Township Dr, south of Ridge Rd",Point Township Dr,WB,2026-04-22,17:00:00,17:15:00,0 to 72,0,,
input_xlsx.xlsx,"ATR 1. Point Township Dr, south of Ridge Rd",Point Township Dr,WB,2026-04-22,17:00:00,17:15:00,>72 to 120,1,,
input_xlsx.xlsx,"ATR 1. Point Township Dr, south of Ridge Rd",Point Township Dr,WB,2026-04-22,17:00:00,17:15:00,>120 to 180,79,,
input_xlsx.xlsx,"ATR 1. Point Township Dr, south of Ridge Rd",Point Township Dr,WB,2026-04-22,17:00:00,17:15:00,>180 to 240,27,,
input_xlsx.xlsx,"ATR 1. Point Township Dr, south of Ridge Rd",Point Township Dr,WB,2026-04-22,17:00:00,17:15:00,>240 to 300,3,,
input_xlsx.xlsx,"ATR 1. Point Township Dr, south of Ridge Rd",Point Township Dr,WB,2026-04-22,17:00:00,17:15:00,>300 to 360,3,,
input_xlsx.xlsx,"ATR 1. Point Township Dr, south of Ridge Rd",Point Township Dr,WB,2026-04-22,17:00:00,17:15:00,>360 to 480,1,,
input_xlsx.xlsx,"ATR 1. Point Township Dr, south of Ridge Rd",Point Township Dr,WB,2026-04-22,17:00:00,17:15:00,>480 to 600,0,,
input_xlsx.xlsx,"ATR 1. Point Township Dr, south of Ridge Rd",Point Township Dr,WB,2026-04-22,17:00:00,17:15:00,>600 to 720,2,,
input_xlsx.xlsx,"ATR 1. Point Township Dr, south of Ridge Rd",Point Township Dr,WB,2026-04-22,17:00:00,17:15:00,>720 to 840,2,,
input_xlsx.xlsx,"ATR 1. Point Township Dr, south of Ridge Rd",Point Township Dr,WB,2026-04-22,17:00:00,17:15:00,>840 to 960,1,,
input_xlsx.xlsx,"ATR 1. Point Township Dr, south of Ridge Rd",Point Township Dr,WB,2026-04-22,17:00:00,17:15:00,> 960,0,,
input_xlsx.xlsx,"ATR 1. Point Township Dr, south of Ridge Rd",Point Township Dr,WB,2026-04-22,17:15:00,17:30:00,0 to 72,1,,
input_xlsx.xlsx,"ATR 1. Point Township Dr, south of Ridge Rd",Point Township Dr,WB,2026-04-22,17:15:00,17:30:00,>72 to 120,0,,
input_xlsx.xlsx,"ATR 1. Point Township Dr, south of Ridge Rd",Point Township Dr,WB,2026-04-22,17:15:00,17:30:00,>120 to 180,85,,
input_xlsx.xlsx,"ATR 1. Point Township Dr, south of Ridge Rd",Point Township Dr,WB,2026-04-22,17:15:00,17:30:00,>180 to 240,29,,
input_xlsx.xlsx,"ATR 1. Point Township Dr, south of Ridge Rd",Point Township Dr,WB,2026-04-22,17:15:00,17:30:00,>240 to 300,3,,
input_xlsx.xlsx,"ATR 1. Point Township Dr, south of Ridge Rd",Point Township Dr,WB,2026-04-22,17:15:00,17:30:00,>300 to 360,2,,
input_xlsx.xlsx,"ATR 1. Point Township Dr, south of Ridge Rd",Point Township Dr,WB,2026-04-22,17:15:00,17:30:00,>360 to 480,0,,
input_xlsx.xlsx,"ATR 1. Point Township Dr, south of Ridge Rd",Point Township Dr,WB,2026-04-22,17:15:00,17:30:00,>480 to 600,0,,
input_xlsx.xlsx,"ATR 1. Point Township Dr, south of Ridge Rd",Point Township Dr,WB,2026-04-22,17:15:00,17:30:00,>600 to 720,0,,
input_xlsx.xlsx,"ATR 1. Point Township Dr, south of Ridge Rd",Point Township Dr,WB,2026-04-22,17:15:00,17:30:00,>720 to 840,0,,
input_xlsx.xlsx,"ATR 1. Point Township Dr, south of Ridge Rd",Point Township Dr,WB,2026-04-22,17:15:00,17:30:00,>840 to 960,0,,
input_xlsx.xlsx,"ATR 1. Point Township Dr, south of Ridge Rd",Point Township Dr,WB,2026-04-22,17:15:00,17:30:00,> 960,0,,
input_xlsx.xlsx,"ATR 1. Point Township Dr, south of Ridge Rd",Point Township Dr,WB,2026-04-22,17:30:00,17:45:00,0 to 72,0,,
input_xlsx.xlsx,"ATR 1. Point Township Dr, south of Ridge Rd",Point Township Dr,WB,2026-04-22,17:30:00,17:45:00,>72 to 120,0,,
input_xlsx.xlsx,"ATR 1. Point Township Dr, south of Ridge Rd",Point Township Dr,WB,2026-04-22,17:30:00,17:45:00,>120 to 180,53,,
input_xlsx.xlsx,"ATR 1. Point Township Dr, south of Ridge Rd",Point Township Dr,WB,2026-04-22,17:30:00,17:45:00,>180 to 240,21,,
input_xlsx.xlsx,"ATR 1. Point Township Dr, south of Ridge Rd",Point Township Dr,WB,2026-04-22,17:30:00,17:45:00,>240 to 300,5,,
input_xlsx.xlsx,"ATR 1. Point Township Dr, south of Ridge Rd",Point Township Dr,WB,2026-04-22,17:30:00,17:45:00,>300 to 360,1,,
input_xlsx.xlsx,"ATR 1. Point Township Dr, south of Ridge Rd",Point Township Dr,WB,2026-04-22,17:30:00,17:45:00,>360 to 480,0,,
input_xlsx.xlsx,"ATR 1. Point Township Dr, south of Ridge Rd",Point Township Dr,WB,2026-04-22,17:30:00,17:45:00,>480 to 600,0,,
input_xlsx.xlsx,"ATR 1. Point Township Dr, south of Ridge Rd",Point Township Dr,WB,2026-04-22,17:30:00,17:45:00,>600 to 720,3,,
input_xlsx.xlsx,"ATR 1. Point Township Dr, south of Ridge Rd",Point Township Dr,WB,2026-04-22,17:30:00,17:45:00,>720 to 840,2,,
input_xlsx.xlsx,"ATR 1. Point Township Dr, south of Ridge Rd",Point Township Dr,WB,2026-04-22,17:30:00,17:45:00,>840 to 960,0,,
input_xlsx.xlsx,"ATR 1. Point Township Dr, south of Ridge Rd",Point Township Dr,WB,2026-04-22,17:30:00,17:45:00,> 960,0,,
input_xlsx.xlsx,"ATR 1. Point Township Dr, south of Ridge Rd",Point Township Dr,WB,2026-04-22,17:45:00,18:00:00,0 to 72,0,,
input_xlsx.xlsx,"ATR 1. Point Township Dr, south of Ridge Rd",Point Township Dr,WB,2026-04-22,17:45:00,18:00:00,>72 to 120,0,,
input_xlsx.xlsx,"ATR 1. Point Township Dr, south of Ridge Rd",Point Township Dr,WB,2026-04-22,17:45:00,18:00:00,>120 to 180,57,,
input_xlsx.xlsx,"ATR 1. Point Township Dr, south of Ridge Rd",Point Township Dr,WB,2026-04-22,17:45:00,18:00:00,>180 to 240,19,,
input_xlsx.xlsx,"ATR 1. Point Township Dr, south of Ridge Rd",Point Township Dr,WB,2026-04-22,17:45:00,18:00:00,>240 to 300,1,,
input_xlsx.xlsx,"ATR 1. Point Township Dr, south of Ridge Rd",Point Township Dr,WB,2026-04-22,17:45:00,18:00:00,>300 to 360,0,,
input_xlsx.xlsx,"ATR 1. Point Township Dr, south of Ridge Rd",Point Township Dr,WB,2026-04-22,17:45:00,18:00:00,>360 to 480,2,,
input_xlsx.xlsx,"ATR 1. Point Township Dr, south of Ridge Rd",Point Township Dr,WB,2026-04-22,17:45:00,18:00:00,>480 to 600,0,,
input_xlsx.xlsx,"ATR 1. Point Township Dr, south of Ridge Rd",Point Township Dr,WB,2026-04-22,17:45:00,18:00:00,>600 to 720,1,,
input_xlsx.xlsx,"ATR 1. Point Township Dr, south of Ridge Rd",Point Township Dr,WB,2026-04-22,17:45:00,18:00:00,>720 to 840,1,,
input_xlsx.xlsx,"ATR 1. Point Township Dr, south of Ridge Rd",Point Township Dr,WB,2026-04-22,17:45:00,18:00:00,>840 to 960,1,,
input_xlsx.xlsx,"ATR 1. Point Township Dr, south of Ridge Rd",Point Township Dr,WB,2026-04-22,17:45:00,18:00:00,> 960,0,,
input_xlsx.xlsx,"ATR 1. Point Township Dr, south of Ridge Rd",Point Township Dr,WB,2026-04-22,18:00:00,18:15:00,0 to 72,0,,
input_xlsx.xlsx,"ATR 1. Point Township Dr, south of Ridge Rd",Point Township Dr,WB,2026-04-22,18:00:00,18:15:00,>72 to 120,0,,
input_xlsx.xlsx,"ATR 1. Point Township Dr, south of Ridge Rd",Point Township Dr,WB,2026-04-22,18:00:00,18:15:00,>120 to 180,39,,
input_xlsx.xlsx,"ATR 1. Point Township Dr, south of Ridge Rd",Point Township Dr,WB,2026-04-22,18:00:00,18:15:00,>180 to 240,13,,
input_xlsx.xlsx,"ATR 1. Point Township Dr, south of Ridge Rd",Point Township Dr,WB,2026-04-22,18:00:00,18:15:00,>240 to 300,1,,
input_xlsx.xlsx,"ATR 1. Point Township Dr, south of Ridge Rd",Point Township Dr,WB,2026-04-22,18:00:00,18:15:00,>300 to 360,2,,
input_xlsx.xlsx,"ATR 1. Point Township Dr, south of Ridge Rd",Point Township Dr,WB,2026-04-22,18:00:00,18:15:00,>360 to 480,0,,
input_xlsx.xlsx,"ATR 1. Point Township Dr, south of Ridge Rd",Point Township Dr,WB,2026-04-22,18:00:00,18:15:00,>480 to 600,2,,
input_xlsx.xlsx,"ATR 1. Point Township Dr, south of Ridge Rd",Point Township Dr,WB,2026-04-22,18:00:00,18:15:00,>600 to 720,0,,
input_xlsx.xlsx,"ATR 1. Point Township Dr, south of Ridge Rd",Point Township Dr,WB,2026-04-22,18:00:00,18:15:00,>720 to 840,0,,
input_xlsx.xlsx,"ATR 1. Point Township Dr, south of Ridge Rd",Point Township Dr,WB,2026-04-22,18:00:00,18:15:00,>840 to 960,0,,
input_xlsx.xlsx,"ATR 1. Point Township Dr, south of Ridge Rd",Point Township Dr,WB,2026-04-22,18:00:00,18:15:00,> 960,0,,
input_xlsx.xlsx,"ATR 1. Point Township Dr, south of Ridge Rd",Point Township Dr,WB,2026-04-22,18:15:00,18:30:00,0 to 72,0,,
input_xlsx.xlsx,"ATR 1. Point Township Dr, south of Ridge Rd",Point Township Dr,WB,2026-04-22,18:15:00,18:30:00,>72 to 120,0,,
input_xlsx.xlsx,"ATR 1. Point Township Dr, south of Ridge Rd",Point Township Dr,WB,2026-04-22,18:15:00,18:30:00,>120 to 180,56,,
input_xlsx.xlsx,"ATR 1. Point Township Dr, south of Ridge Rd",Point Township Dr,WB,2026-04-22,18:15:00,18:30:00,>180 to 240,18,,
input_xlsx.xlsx,"ATR 1. Point Township Dr, south of Ridge Rd",Point Township Dr,WB,2026-04-22,18:15:00,18:30:00,>240 to 300,5,,
input_xlsx.xlsx,"ATR 1. Point Township Dr, south of Ridge Rd",Point Township Dr,WB,2026-04-22,18:15:00,18:30:00,>300 to 360,1,,
input_xlsx.xlsx,"ATR 1. Point Township Dr, south of Ridge Rd",Point Township Dr,WB,2026-04-22,18:15:00,18:30:00,>360 to 480,1,,
input_xlsx.xlsx,"ATR 1. Point Township Dr, south of Ridge Rd",Point Township Dr,WB,2026-04-22,18:15:00,18:30:00,>480 to 600,0,,
input_xlsx.xlsx,"ATR 1. Point Township Dr, south of Ridge Rd",Point Township Dr,WB,2026-04-22,18:15:00,18:30:00,>600 to 720,0,,
input_xlsx.xlsx,"ATR 1. Point Township Dr, south of Ridge Rd",Point Township Dr,WB,2026-04-22,18:15:00,18:30:00,>720 to 840,0,,
input_xlsx.xlsx,"ATR 1. Point Township Dr, south of Ridge Rd",Point Township Dr,WB,2026-04-22,18:15:00,18:30:00,>840 to 960,1,,
input_xlsx.xlsx,"ATR 1. Point Township Dr, south of Ridge Rd",Point Township Dr,WB,2026-04-22,18:15:00,18:30:00,> 960,0,,
input_xlsx.xlsx,"ATR 1. Point Township Dr, south of Ridge Rd",Point Township Dr,WB,2026-04-22,18:30:00,18:45:00,0 to 72,0,,
input_xlsx.xlsx,"ATR 1. Point Township Dr, south of Ridge Rd",Point Township Dr,WB,2026-04-22,18:30:00,18:45:00,>72 to 120,0,,
input_xlsx.xlsx,"ATR 1. Point Township Dr, south of Ridge Rd",Point Township Dr,WB,2026-04-22,18:30:00,18:45:00,>120 to 180,42,,
input_xlsx.xlsx,"ATR 1. Point Township Dr, south of Ridge Rd",Point Township Dr,WB,2026-04-22,18:30:00,18:45:00,>180 to 240,12,,
input_xlsx.xlsx,"ATR 1. Point Township Dr, south of Ridge Rd",Point Township Dr,WB,2026-04-22,18:30:00,18:45:00,>240 to 300,2,,
input_xlsx.xlsx,"ATR 1. Point Township Dr, south of Ridge Rd",Point Township Dr,WB,2026-04-22,18:30:00,18:45:00,>300 to 360,1,,
input_xlsx.xlsx,"ATR 1. Point Township Dr, south of Ridge Rd",Point Township Dr,WB,2026-04-22,18:30:00,18:45:00,>360 to 480,2,,
input_xlsx.xlsx,"ATR 1. Point Township Dr, south of Ridge Rd",Point Township Dr,WB,2026-04-22,18:30:00,18:45:00,>480 to 600,0,,
input_xlsx.xlsx,"ATR 1. Point Township Dr, south of Ridge Rd",Point Township Dr,WB,2026-04-22,18:30:00,18:45:00,>600 to 720,1,,
input_xlsx.xlsx,"ATR 1. Point Township Dr, south of Ridge Rd",Point Township Dr,WB,2026-04-22,18:30:00,18:45:00,>720 to 840,0,,
input_xlsx.xlsx,"ATR 1. Point Township Dr, south of Ridge Rd",Point Township Dr,WB,2026-04-22,18:30:00,18:45:00,>840 to 960,0,,
input_xlsx.xlsx,"ATR 1. Point Township Dr, south of Ridge Rd",Point Township Dr,WB,2026-04-22,18:30:00,18:45:00,> 960,0,,
input_xlsx.xlsx,"ATR 1. Point Township Dr, south of Ridge Rd",Point Township Dr,WB,2026-04-22,18:45:00,19:00:00,0 to 72,0,,
input_xlsx.xlsx,"ATR 1. Point Township Dr, south of Ridge Rd",Point Township Dr,WB,2026-04-22,18:45:00,19:00:00,>72 to 120,0,,
input_xlsx.xlsx,"ATR 1. Point Township Dr, south of Ridge Rd",Point Township Dr,WB,2026-04-22,18:45:00,19:00:00,>120 to 180,47,,
input_xlsx.xlsx,"ATR 1. Point Township Dr, south of Ridge Rd",Point Township Dr,WB,2026-04-22,18:45:00,19:00:00,>180 to 240,11,,
input_xlsx.xlsx,"ATR 1. Point Township Dr, south of Ridge Rd",Point Township Dr,WB,2026-04-22,18:45:00,19:00:00,>240 to 300,1,,
input_xlsx.xlsx,"ATR 1. Point Township Dr, south of Ridge Rd",Point Township Dr,WB,2026-04-22,18:45:00,19:00:00,>300 to 360,1,,
input_xlsx.xlsx,"ATR 1. Point Township Dr, south of Ridge Rd",Point Township Dr,WB,2026-04-22,18:45:00,19:00:00,>360 to 480,0,,
input_xlsx.xlsx,"ATR 1. Point Township Dr, south of Ridge Rd",Point Township Dr,WB,2026-04-22,18:45:00,19:00:00,>480 to 600,1,,
input_xlsx.xlsx,"ATR 1. Point Township Dr, south of Ridge Rd",Point Township Dr,WB,2026-04-22,18:45:00,19:00:00,>600 to 720,0,,
input_xlsx.xlsx,"ATR 1. Point Township Dr, south of Ridge Rd",Point Township Dr,WB,2026-04-22,18:45:00,19:00:00,>720 to 840,0,,
input_xlsx.xlsx,"ATR 1. Point Township Dr, south of Ridge Rd",Point Township Dr,WB,2026-04-22,18:45:00,19:00:00,>840 to 960,0,,
input_xlsx.xlsx,"ATR 1. Point Township Dr, south of Ridge Rd",Point Township Dr,WB,2026-04-22,18:45:00,19:00:00,> 960,0,,
input_xlsx.xlsx,"ATR 1. Point Township Dr, south of Ridge Rd",Point Township Dr,WB,2026-04-22,19:00:00,19:15:00,0 to 72,0,,
input_xlsx.xlsx,"ATR 1. Point Township Dr, south of Ridge Rd",Point Township Dr,WB,2026-04-22,19:00:00,19:15:00,>72 to 120,0,,
input_xlsx.xlsx,"ATR 1. Point Township Dr, south of Ridge Rd",Point Township Dr,WB,2026-04-22,19:00:00,19:15:00,>120 to 180,27,,
input_xlsx.xlsx,"ATR 1. Point Township Dr, south of Ridge Rd",Point Township Dr,WB,2026-04-22,19:00:00,19:15:00,>180 to 240,9,,
input_xlsx.xlsx,"ATR 1. Point Township Dr, south of Ridge Rd",Point Township Dr,WB,2026-04-22,19:00:00,19:15:00,>240 to 300,2,,
input_xlsx.xlsx,"ATR 1. Point Township Dr, south of Ridge Rd",Point Township Dr,WB,2026-04-22,19:00:00,19:15:00,>300 to 360,1,,
input_xlsx.xlsx,"ATR 1. Point Township Dr, south of Ridge Rd",Point Township Dr,WB,2026-04-22,19:00:00,19:15:00,>360 to 480,0,,
input_xlsx.xlsx,"ATR 1. Point Township Dr, south of Ridge Rd",Point Township Dr,WB,2026-04-22,19:00:00,19:15:00,>480 to 600,0,,
input_xlsx.xlsx,"ATR 1. Point Township Dr, south of Ridge Rd",Point Township Dr,WB,2026-04-22,19:00:00,19:15:00,>600 to 720,0,,
input_xlsx.xlsx,"ATR 1. Point Township Dr, south of Ridge Rd",Point Township Dr,WB,2026-04-22,19:00:00,19:15:00,>720 to 840,2,,
input_xlsx.xlsx,"ATR 1. Point Township Dr, south of Ridge Rd",Point Township Dr,WB,2026-04-22,19:00:00,19:15:00,>840 to 960,0,,
input_xlsx.xlsx,"ATR 1. Point Township Dr, south of Ridge Rd",Point Township Dr,WB,2026-04-22,19:00:00,19:15:00,> 960,0,,
input_xlsx.xlsx,"ATR 1. Point Township Dr, south of Ridge Rd",Point Township Dr,WB,2026-04-22,19:15:00,19:30:00,0 to 72,1,,
input_xlsx.xlsx,"ATR 1. Point Township Dr, south of Ridge Rd",Point Township Dr,WB,2026-04-22,19:15:00,19:30:00,>72 to 120,0,,
input_xlsx.xlsx,"ATR 1. Point Township Dr, south of Ridge Rd",Point Township Dr,WB,2026-04-22,19:15:00,19:30:00,>120 to 180,34,,
input_xlsx.xlsx,"ATR 1. Point Township Dr, south of Ridge Rd",Point Township Dr,WB,2026-04-22,19:15:00,19:30:00,>180 to 240,9,,
input_xlsx.xlsx,"ATR 1. Point Township Dr, south of Ridge Rd",Point Township Dr,WB,2026-04-22,19:15:00,19:30:00,>240 to 300,3,,
input_xlsx.xlsx,"ATR 1. Point Township Dr, south of Ridge Rd",Point Township Dr,WB,2026-04-22,19:15:00,19:30:00,>300 to 360,1,,
input_xlsx.xlsx,"ATR 1. Point Township Dr, south of Ridge Rd",Point Township Dr,WB,2026-04-22,19:15:00,19:30:00,>360 to 480,0,,
input_xlsx.xlsx,"ATR 1. Point Township Dr, south of Ridge Rd",Point Township Dr,WB,2026-04-22,19:15:00,19:30:00,>480 to 600,0,,
input_xlsx.xlsx,"ATR 1. Point Township Dr, south of Ridge Rd",Point Township Dr,WB,2026-04-22,19:15:00,19:30:00,>600 to 720,0,,
input_xlsx.xlsx,"ATR 1. Point Township Dr, south of Ridge Rd",Point Township Dr,WB,2026-04-22,19:15:00,19:30:00,>720 to 840,0,,
input_xlsx.xlsx,"ATR 1. Point Township Dr, south of Ridge Rd",Point Township Dr,WB,2026-04-22,19:15:00,19:30:00,>840 to 960,0,,
input_xlsx.xlsx,"ATR 1. Point Township Dr, south of Ridge Rd",Point Township Dr,WB,2026-04-22,19:15:00,19:30:00,> 960,0,,
input_xlsx.xlsx,"ATR 1. Point Township Dr, south of Ridge Rd",Point Township Dr,WB,2026-04-22,19:30:00,19:45:00,0 to 72,0,,
input_xlsx.xlsx,"ATR 1. Point Township Dr, south of Ridge Rd",Point Township Dr,WB,2026-04-22,19:30:00,19:45:00,>72 to 120,0,,
input_xlsx.xlsx,"ATR 1. Point Township Dr, south of Ridge Rd",Point Township Dr,WB,2026-04-22,19:30:00,19:45:00,>120 to 180,41,,
input_xlsx.xlsx,"ATR 1. Point Township Dr, south of Ridge Rd",Point Township Dr,WB,2026-04-22,19:30:00,19:45:00,>180 to 240,15,,
input_xlsx.xlsx,"ATR 1. Point Township Dr, south of Ridge Rd",Point Township Dr,WB,2026-04-22,19:30:00,19:45:00,>240 to 300,1,,
input_xlsx.xlsx,"ATR 1. Point Township Dr, south of Ridge Rd",Point Township Dr,WB,2026-04-22,19:30:00,19:45:00,>300 to 360,0,,
input_xlsx.xlsx,"ATR 1. Point Township Dr, south of Ridge Rd",Point Township Dr,WB,2026-04-22,19:30:00,19:45:00,>360 to 480,1,,
input_xlsx.xlsx,"ATR 1. Point Township Dr, south of Ridge Rd",Point Township Dr,WB,2026-04-22,19:30:00,19:45:00,>480 to 600,1,,
input_xlsx.xlsx,"ATR 1. Point Township Dr, south of Ridge Rd",Point Township Dr,WB,2026-04-22,19:30:00,19:45:00,>600 to 720,1,,
input_xlsx.xlsx,"ATR 1. Point Township Dr, south of Ridge Rd",Point Township Dr,WB,2026-04-22,19:30:00,19:45:00,>720 to 840,0,,
input_xlsx.xlsx,"ATR 1. Point Township Dr, south of Ridge Rd",Point Township Dr,WB,2026-04-22,19:30:00,19:45:00,>840 to 960,0,,
input_xlsx.xlsx,"ATR 1. Point Township Dr, south of Ridge Rd",Point Township Dr,WB,2026-04-22,19:30:00,19:45:00,> 960,0,,
input_xlsx.xlsx,"ATR 1. Point Township Dr, south of Ridge Rd",Point Township Dr,WB,2026-04-22,19:45:00,20:00:00,0 to 72,0,,
input_xlsx.xlsx,"ATR 1. Point Township Dr, south of Ridge Rd",Point Township Dr,WB,2026-04-22,19:45:00,20:00:00,>72 to 120,1,,
input_xlsx.xlsx,"ATR 1. Point Township Dr, south of Ridge Rd",Point Township Dr,WB,2026-04-22,19:45:00,20:00:00,>120 to 180,54,,
input_xlsx.xlsx,"ATR 1. Point Township Dr, south of Ridge Rd",Point Township Dr,WB,2026-04-22,19:45:00,20:00:00,>180 to 240,7,,
input_xlsx.xlsx,"ATR 1. Point Township Dr, south of Ridge Rd",Point Township Dr,WB,2026-04-22,19:45:00,20:00:00,>240 to 300,0,,
input_xlsx.xlsx,"ATR 1. Point Township Dr, south of Ridge Rd",Point Township Dr,WB,2026-04-22,19:45:00,20:00:00,>300 to 360,2,,
input_xlsx.xlsx,"ATR 1. Point Township Dr, south of Ridge Rd",Point Township Dr,WB,2026-04-22,19:45:00,20:00:00,>360 to 480,0,,
input_xlsx.xlsx,"ATR 1. Point Township Dr, south of Ridge Rd",Point Township Dr,WB,2026-04-22,19:45:00,20:00:00,>480 to 600,0,,
input_xlsx.xlsx,"ATR 1. Point Township Dr, south of Ridge Rd",Point Township Dr,WB,2026-04-22,19:45:00,20:00:00,>600 to 720,1,,
input_xlsx.xlsx,"ATR 1. Point Township Dr, south of Ridge Rd",Point Township Dr,WB,2026-04-22,19:45:00,20:00:00,>720 to 840,0,,
input_xlsx.xlsx,"ATR 1. Point Township Dr, south of Ridge Rd",Point Township Dr,WB,2026-04-22,19:45:00,20:00:00,>840 to 960,0,,
input_xlsx.xlsx,"ATR 1. Point Township Dr, south of Ridge Rd",Point Township Dr,WB,2026-04-22,19:45:00,20:00:00,> 960,0,,
input_xlsx.xlsx,"ATR 1. Point Township Dr, south of Ridge Rd",Point Township Dr,WB,2026-04-22,20:00:00,20:15:00,0 to 72,0,,
input_xlsx.xlsx,"ATR 1. Point Township Dr, south of Ridge Rd",Point Township Dr,WB,2026-04-22,20:00:00,20:15:00,>72 to 120,0,,
input_xlsx.xlsx,"ATR 1. Point Township Dr, south of Ridge Rd",Point Township Dr,WB,2026-04-22,20:00:00,20:15:00,>120 to 180,35,,
input_xlsx.xlsx,"ATR 1. Point Township Dr, south of Ridge Rd",Point Township Dr,WB,2026-04-22,20:00:00,20:15:00,>180 to 240,3,,
input_xlsx.xlsx,"ATR 1. Point Township Dr, south of Ridge Rd",Point Township Dr,WB,2026-04-22,20:00:00,20:15:00,>240 to 300,1,,
input_xlsx.xlsx,"ATR 1. Point Township Dr, south of Ridge Rd",Point Township Dr,WB,2026-04-22,20:00:00,20:15:00,>300 to 360,1,,
input_xlsx.xlsx,"ATR 1. Point Township Dr, south of Ridge Rd",Point Township Dr,WB,2026-04-22,20:00:00,20:15:00,>360 to 480,1,,
input_xlsx.xlsx,"ATR 1. Point Township Dr, south of Ridge Rd",Point Township Dr,WB,2026-04-22,20:00:00,20:15:00,>480 to 600,0,,
input_xlsx.xlsx,"ATR 1. Point Township Dr, south of Ridge Rd",Point Township Dr,WB,2026-04-22,20:00:00,20:15:00,>600 to 720,0,,
input_xlsx.xlsx,"ATR 1. Point Township Dr, south of Ridge Rd",Point Township Dr,WB,2026-04-22,20:00:00,20:15:00,>720 to 840,0,,
input_xlsx.xlsx,"ATR 1. Point Township Dr, south of Ridge Rd",Point Township Dr,WB,2026-04-22,20:00:00,20:15:00,>840 to 960,0,,
input_xlsx.xlsx,"ATR 1. Point Township Dr, south of Ridge Rd",Point Township Dr,WB,2026-04-22,20:00:00,20:15:00,> 960,0,,
input_xlsx.xlsx,"ATR 1. Point Township Dr, south of Ridge Rd",Point Township Dr,WB,2026-04-22,20:15:00,20:30:00,0 to 72,0,,
input_xlsx.xlsx,"ATR 1. Point Township Dr, south of Ridge Rd",Point Township Dr,WB,2026-04-22,20:15:00,20:30:00,>72 to 120,0,,
input_xlsx.xlsx,"ATR 1. Point Township Dr, south of Ridge Rd",Point Township Dr,WB,2026-04-22,20:15:00,20:30:00,>120 to 180,31,,
input_xlsx.xlsx,"ATR 1. Point Township Dr, south of Ridge Rd",Point Township Dr,WB,2026-04-22,20:15:00,20:30:00,>180 to 240,11,,
input_xlsx.xlsx,"ATR 1. Point Township Dr, south of Ridge Rd",Point Township Dr,WB,2026-04-22,20:15:00,20:30:00,>240 to 300,2,,
input_xlsx.xlsx,"ATR 1. Point Township Dr, south of Ridge Rd",Point Township Dr,WB,2026-04-22,20:15:00,20:30:00,>300 to 360,0,,
input_xlsx.xlsx,"ATR 1. Point Township Dr, south of Ridge Rd",Point Township Dr,WB,2026-04-22,20:15:00,20:30:00,>360 to 480,0,,
input_xlsx.xlsx,"ATR 1. Point Township Dr, south of Ridge Rd",Point Township Dr,WB,2026-04-22,20:15:00,20:30:00,>480 to 600,0,,
input_xlsx.xlsx,"ATR 1. Point Township Dr, south of Ridge Rd",Point Township Dr,WB,2026-04-22,20:15:00,20:30:00,>600 to 720,1,,
input_xlsx.xlsx,"ATR 1. Point Township Dr, south of Ridge Rd",Point Township Dr,WB,2026-04-22,20:15:00,20:30:00,>720 to 840,0,,
input_xlsx.xlsx,"ATR 1. Point Township Dr, south of Ridge Rd",Point Township Dr,WB,2026-04-22,20:15:00,20:30:00,>840 to 960,0,,
input_xlsx.xlsx,"ATR 1. Point Township Dr, south of Ridge Rd",Point Township Dr,WB,2026-04-22,20:15:00,20:30:00,> 960,0,,
input_xlsx.xlsx,"ATR 1. Point Township Dr, south of Ridge Rd",Point Township Dr,WB,2026-04-22,20:30:00,20:45:00,0 to 72,0,,
input_xlsx.xlsx,"ATR 1. Point Township Dr, south of Ridge Rd",Point Township Dr,WB,2026-04-22,20:30:00,20:45:00,>72 to 120,0,,
input_xlsx.xlsx,"ATR 1. Point Township Dr, south of Ridge Rd",Point Township Dr,WB,2026-04-22,20:30:00,20:45:00,>120 to 180,22,,
input_xlsx.xlsx,"ATR 1. Point Township Dr, south of Ridge Rd",Point Township Dr,WB,2026-04-22,20:30:00,20:45:00,>180 to 240,4,,
input_xlsx.xlsx,"ATR 1. Point Township Dr, south of Ridge Rd",Point Township Dr,WB,2026-04-22,20:30:00,20:45:00,>240 to 300,0,,
input_xlsx.xlsx,"ATR 1. Point Township Dr, south of Ridge Rd",Point Township Dr,WB,2026-04-22,20:30:00,20:45:00,>300 to 360,1,,
input_xlsx.xlsx,"ATR 1. Point Township Dr, south of Ridge Rd",Point Township Dr,WB,2026-04-22,20:30:00,20:45:00,>360 to 480,1,,
input_xlsx.xlsx,"ATR 1. Point Township Dr, south of Ridge Rd",Point Township Dr,WB,2026-04-22,20:30:00,20:45:00,>480 to 600,0,,
input_xlsx.xlsx,"ATR 1. Point Township Dr, south of Ridge Rd",Point Township Dr,WB,2026-04-22,20:30:00,20:45:00,>600 to 720,0,,
input_xlsx.xlsx,"ATR 1. Point Township Dr, south of Ridge Rd",Point Township Dr,WB,2026-04-22,20:30:00,20:45:00,>720 to 840,1,,
input_xlsx.xlsx,"ATR 1. Point Township Dr, south of Ridge Rd",Point Township Dr,WB,2026-04-22,20:30:00,20:45:00,>840 to 960,0,,
input_xlsx.xlsx,"ATR 1. Point Township Dr, south of Ridge Rd",Point Township Dr,WB,2026-04-22,20:30:00,20:45:00,> 960,0,,
input_xlsx.xlsx,"ATR 1. Point Township Dr, south of Ridge Rd",Point Township Dr,WB,2026-04-22,20:45:00,21:00:00,0 to 72,0,,
input_xlsx.xlsx,"ATR 1. Point Township Dr, south of Ridge Rd",Point Township Dr,WB,2026-04-22,20:45:00,21:00:00,>72 to 120,0,,
input_xlsx.xlsx,"ATR 1. Point Township Dr, south of Ridge Rd",Point Township Dr,WB,2026-04-22,20:45:00,21:00:00,>120 to 180,25,,
input_xlsx.xlsx,"ATR 1. Point Township Dr, south of Ridge Rd",Point Township Dr,WB,2026-04-22,20:45:00,21:00:00,>180 to 240,1,,
input_xlsx.xlsx,"ATR 1. Point Township Dr, south of Ridge Rd",Point Township Dr,WB,2026-04-22,20:45:00,21:00:00,>240 to 300,0,,
input_xlsx.xlsx,"ATR 1. Point Township Dr, south of Ridge Rd",Point Township Dr,WB,2026-04-22,20:45:00,21:00:00,>300 to 360,0,,
input_xlsx.xlsx,"ATR 1. Point Township Dr, south of Ridge Rd",Point Township Dr,WB,2026-04-22,20:45:00,21:00:00,>360 to 480,0,,
input_xlsx.xlsx,"ATR 1. Point Township Dr, south of Ridge Rd",Point Township Dr,WB,2026-04-22,20:45:00,21:00:00,>480 to 600,0,,
input_xlsx.xlsx,"ATR 1. Point Township Dr, south of Ridge Rd",Point Township Dr,WB,2026-04-22,20:45:00,21:00:00,>600 to 720,1,,
input_xlsx.xlsx,"ATR 1. Point Township Dr, south of Ridge Rd",Point Township Dr,WB,2026-04-22,20:45:00,21:00:00,>720 to 840,1,,
input_xlsx.xlsx,"ATR 1. Point Township Dr, south of Ridge Rd",Point Township Dr,WB,2026-04-22,20:45:00,21:00:00,>840 to 960,0,,
input_xlsx.xlsx,"ATR 1. Point Township Dr, south of Ridge Rd",Point Township Dr,WB,2026-04-22,20:45:00,21:00:00,> 960,0,,
input_xlsx.xlsx,"ATR 1. Point Township Dr, south of Ridge Rd",Point Township Dr,WB,2026-04-22,21:00:00,21:15:00,0 to 72,0,,
input_xlsx.xlsx,"ATR 1. Point Township Dr, south of Ridge Rd",Point Township Dr,WB,2026-04-22,21:00:00,21:15:00,>72 to 120,0,,
input_xlsx.xlsx,"ATR 1. Point Township Dr, south of Ridge Rd",Point Township Dr,WB,2026-04-22,21:00:00,21:15:00,>120 to 180,23,,
input_xlsx.xlsx,"ATR 1. Point Township Dr, south of Ridge Rd",Point Township Dr,WB,2026-04-22,21:00:00,21:15:00,>180 to 240,10,,
input_xlsx.xlsx,"ATR 1. Point Township Dr, south of Ridge Rd",Point Township Dr,WB,2026-04-22,21:00:00,21:15:00,>240 to 300,0,,
input_xlsx.xlsx,"ATR 1. Point Township Dr, south of Ridge Rd",Point Township Dr,WB,2026-04-22,21:00:00,21:15:00,>300 to 360,0,,
input_xlsx.xlsx,"ATR 1. Point Township Dr, south of Ridge Rd",Point Township Dr,WB,2026-04-22,21:00:00,21:15:00,>360 to 480,0,,
input_xlsx.xlsx,"ATR 1. Point Township Dr, south of Ridge Rd",Point Township Dr,WB,2026-04-22,21:00:00,21:15:00,>480 to 600,0,,
input_xlsx.xlsx,"ATR 1. Point Township Dr, south of Ridge Rd",Point Township Dr,WB,2026-04-22,21:00:00,21:15:00,>600 to 720,1,,
input_xlsx.xlsx,"ATR 1. Point Township Dr, south of Ridge Rd",Point Township Dr,WB,2026-04-22,21:00:00,21:15:00,>720 to 840,0,,
input_xlsx.xlsx,"ATR 1. Point Township Dr, south of Ridge Rd",Point Township Dr,WB,2026-04-22,21:00:00,21:15:00,>840 to 960,1,,
input_xlsx.xlsx,"ATR 1. Point Township Dr, south of Ridge Rd",Point Township Dr,WB,2026-04-22,21:00:00,21:15:00,> 960,0,,
input_xlsx.xlsx,"ATR 1. Point Township Dr, south of Ridge Rd",Point Township Dr,WB,2026-04-22,21:15:00,21:30:00,0 to 72,0,,
input_xlsx.xlsx,"ATR 1. Point Township Dr, south of Ridge Rd",Point Township Dr,WB,2026-04-22,21:15:00,21:30:00,>72 to 120,0,,
input_xlsx.xlsx,"ATR 1. Point Township Dr, south of Ridge Rd",Point Township Dr,WB,2026-04-22,21:15:00,21:30:00,>120 to 180,24,,
input_xlsx.xlsx,"ATR 1. Point Township Dr, south of Ridge Rd",Point Township Dr,WB,2026-04-22,21:15:00,21:30:00,>180 to 240,8,,
input_xlsx.xlsx,"ATR 1. Point Township Dr, south of Ridge Rd",Point Township Dr,WB,2026-04-22,21:15:00,21:30:00,>240 to 300,1,,
input_xlsx.xlsx,"ATR 1. Point Township Dr, south of Ridge Rd",Point Township Dr,WB,2026-04-22,21:15:00,21:30:00,>300 to 360,0,,
input_xlsx.xlsx,"ATR 1. Point Township Dr, south of Ridge Rd",Point Township Dr,WB,2026-04-22,21:15:00,21:30:00,>360 to 480,0,,
input_xlsx.xlsx,"ATR 1. Point Township Dr, south of Ridge Rd",Point Township Dr,WB,2026-04-22,21:15:00,21:30:00,>480 to 600,0,,
input_xlsx.xlsx,"ATR 1. Point Township Dr, south of Ridge Rd",Point Township Dr,WB,2026-04-22,21:15:00,21:30:00,>600 to 720,1,,
input_xlsx.xlsx,"ATR 1. Point Township Dr, south of Ridge Rd",Point Township Dr,WB,2026-04-22,21:15:00,21:30:00,>720 to 840,0,,
input_xlsx.xlsx,"ATR 1. Point Township Dr, south of Ridge Rd",Point Township Dr,WB,2026-04-22,21:15:00,21:30:00,>840 to 960,1,,
input_xlsx.xlsx,"ATR 1. Point Township Dr, south of Ridge Rd",Point Township Dr,WB,2026-04-22,21:15:00,21:30:00,> 960,0,,
input_xlsx.xlsx,"ATR 1. Point Township Dr, south of Ridge Rd",Point Township Dr,WB,2026-04-22,21:30:00,21:45:00,0 to 72,1,,
input_xlsx.xlsx,"ATR 1. Point Township Dr, south of Ridge Rd",Point Township Dr,WB,2026-04-22,21:30:00,21:45:00,>72 to 120,0,,
input_xlsx.xlsx,"ATR 1. Point Township Dr, south of Ridge Rd",Point Township Dr,WB,2026-04-22,21:30:00,21:45:00,>120 to 180,19,,
input_xlsx.xlsx,"ATR 1. Point Township Dr, south of Ridge Rd",Point Township Dr,WB,2026-04-22,21:30:00,21:45:00,>180 to 240,9,,
input_xlsx.xlsx,"ATR 1. Point Township Dr, south of Ridge Rd",Point Township Dr,WB,2026-04-22,21:30:00,21:45:00,>240 to 300,3,,
input_xlsx.xlsx,"ATR 1. Point Township Dr, south of Ridge Rd",Point Township Dr,WB,2026-04-22,21:30:00,21:45:00,>300 to 360,0,,
input_xlsx.xlsx,"ATR 1. Point Township Dr, south of Ridge Rd",Point Township Dr,WB,2026-04-22,21:30:00,21:45:00,>360 to 480,0,,
input_xlsx.xlsx,"ATR 1. Point Township Dr, south of Ridge Rd",Point Township Dr,WB,2026-04-22,21:30:00,21:45:00,>480 to 600,0,,
input_xlsx.xlsx,"ATR 1. Point Township Dr, south of Ridge Rd",Point Township Dr,WB,2026-04-22,21:30:00,21:45:00,>600 to 720,1,,
input_xlsx.xlsx,"ATR 1. Point Township Dr, south of Ridge Rd",Point Township Dr,WB,2026-04-22,21:30:00,21:45:00,>720 to 840,0,,
input_xlsx.xlsx,"ATR 1. Point Township Dr, south of Ridge Rd",Point Township Dr,WB,2026-04-22,21:30:00,21:45:00,>840 to 960,1,,
input_xlsx.xlsx,"ATR 1. Point Township Dr, south of Ridge Rd",Point Township Dr,WB,2026-04-22,21:30:00,21:45:00,> 960,0,,
input_xlsx.xlsx,"ATR 1. Point Township Dr, south of Ridge Rd",Point Township Dr,WB,2026-04-22,21:45:00,22:00:00,0 to 72,0,,
input_xlsx.xlsx,"ATR 1. Point Township Dr, south of Ridge Rd",Point Township Dr,WB,2026-04-22,21:45:00,22:00:00,>72 to 120,0,,
input_xlsx.xlsx,"ATR 1. Point Township Dr, south of Ridge Rd",Point Township Dr,WB,2026-04-22,21:45:00,22:00:00,>120 to 180,20,,
input_xlsx.xlsx,"ATR 1. Point Township Dr, south of Ridge Rd",Point Township Dr,WB,2026-04-22,21:45:00,22:00:00,>180 to 240,3,,
input_xlsx.xlsx,"ATR 1. Point Township Dr, south of Ridge Rd",Point Township Dr,WB,2026-04-22,21:45:00,22:00:00,>240 to 300,0,,
input_xlsx.xlsx,"ATR 1. Point Township Dr, south of Ridge Rd",Point Township Dr,WB,2026-04-22,21:45:00,22:00:00,>300 to 360,0,,
input_xlsx.xlsx,"ATR 1. Point Township Dr, south of Ridge Rd",Point Township Dr,WB,2026-04-22,21:45:00,22:00:00,>360 to 480,1,,
input_xlsx.xlsx,"ATR 1. Point Township Dr, south of Ridge Rd",Point Township Dr,WB,2026-04-22,21:45:00,22:00:00,>480 to 600,0,,
input_xlsx.xlsx,"ATR 1. Point Township Dr, south of Ridge Rd",Point Township Dr,WB,2026-04-22,21:45:00,22:00:00,>600 to 720,0,,
input_xlsx.xlsx,"ATR 1. Point Township Dr, south of Ridge Rd",Point Township Dr,WB,2026-04-22,21:45:00,22:00:00,>720 to 840,0,,
input_xlsx.xlsx,"ATR 1. Point Township Dr, south of Ridge Rd",Point Township Dr,WB,2026-04-22,21:45:00,22:00:00,>840 to 960,0,,
input_xlsx.xlsx,"ATR 1. Point Township Dr, south of Ridge Rd",Point Township Dr,WB,2026-04-22,21:45:00,22:00:00,> 960,0,,
input_xlsx.xlsx,"ATR 1. Point Township Dr, south of Ridge Rd",Point Township Dr,WB,2026-04-22,22:00:00,22:15:00,0 to 72,0,,
input_xlsx.xlsx,"ATR 1. Point Township Dr, south of Ridge Rd",Point Township Dr,WB,2026-04-22,22:00:00,22:15:00,>72 to 120,1,,
input_xlsx.xlsx,"ATR 1. Point Township Dr, south of Ridge Rd",Point Township Dr,WB,2026-04-22,22:00:00,22:15:00,>120 to 180,7,,
input_xlsx.xlsx,"ATR 1. Point Township Dr, south of Ridge Rd",Point Township Dr,WB,2026-04-22,22:00:00,22:15:00,>180 to 240,0,,
input_xlsx.xlsx,"ATR 1. Point Township Dr, south of Ridge Rd",Point Township Dr,WB,2026-04-22,22:00:00,22:15:00,>240 to 300,0,,
input_xlsx.xlsx,"ATR 1. Point Township Dr, south of Ridge Rd",Point Township Dr,WB,2026-04-22,22:00:00,22:15:00,>300 to 360,0,,
input_xlsx.xlsx,"ATR 1. Point Township Dr, south of Ridge Rd",Point Township Dr,WB,2026-04-22,22:00:00,22:15:00,>360 to 480,0,,
input_xlsx.xlsx,"ATR 1. Point Township Dr, south of Ridge Rd",Point Township Dr,WB,2026-04-22,22:00:00,22:15:00,>480 to 600,0,,
input_xlsx.xlsx,"ATR 1. Point Township Dr, south of Ridge Rd",Point Township Dr,WB,2026-04-22,22:00:00,22:15:00,>600 to 720,2,,
input_xlsx.xlsx,"ATR 1. Point Township Dr, south of Ridge Rd",Point Township Dr,WB,2026-04-22,22:00:00,22:15:00,>720 to 840,0,,
input_xlsx.xlsx,"ATR 1. Point Township Dr, south of Ridge Rd",Point Township Dr,WB,2026-04-22,22:00:00,22:15:00,>840 to 960,0,,
input_xlsx.xlsx,"ATR 1. Point Township Dr, south of Ridge Rd",Point Township Dr,WB,2026-04-22,22:00:00,22:15:00,> 960,0,,
input_xlsx.xlsx,"ATR 1. Point Township Dr, south of Ridge Rd",Point Township Dr,WB,2026-04-22,22:15:00,22:30:00,0 to 72,0,,
input_xlsx.xlsx,"ATR 1. Point Township Dr, south of Ridge Rd",Point Township Dr,WB,2026-04-22,22:15:00,22:30:00,>72 to 120,0,,
input_xlsx.xlsx,"ATR 1. Point Township Dr, south of Ridge Rd",Point Township Dr,WB,2026-04-22,22:15:00,22:30:00,>120 to 180,7,,
input_xlsx.xlsx,"ATR 1. Point Township Dr, south of Ridge Rd",Point Township Dr,WB,2026-04-22,22:15:00,22:30:00,>180 to 240,2,,
input_xlsx.xlsx,"ATR 1. Point Township Dr, south of Ridge Rd",Point Township Dr,WB,2026-04-22,22:15:00,22:30:00,>240 to 300,0,,
input_xlsx.xlsx,"ATR 1. Point Township Dr, south of Ridge Rd",Point Township Dr,WB,2026-04-22,22:15:00,22:30:00,>300 to 360,0,,
input_xlsx.xlsx,"ATR 1. Point Township Dr, south of Ridge Rd",Point Township Dr,WB,2026-04-22,22:15:00,22:30:00,>360 to 480,0,,
input_xlsx.xlsx,"ATR 1. Point Township Dr, south of Ridge Rd",Point Township Dr,WB,2026-04-22,22:15:00,22:30:00,>480 to 600,0,,
input_xlsx.xlsx,"ATR 1. Point Township Dr, south of Ridge Rd",Point Township Dr,WB,2026-04-22,22:15:00,22:30:00,>600 to 720,0,,
input_xlsx.xlsx,"ATR 1. Point Township Dr, south of Ridge Rd",Point Township Dr,WB,2026-04-22,22:15:00,22:30:00,>720 to 840,0,,
input_xlsx.xlsx,"ATR 1. Point Township Dr, south of Ridge Rd",Point Township Dr,WB,2026-04-22,22:15:00,22:30:00,>840 to 960,0,,
input_xlsx.xlsx,"ATR 1. Point Township Dr, south of Ridge Rd",Point Township Dr,WB,2026-04-22,22:15:00,22:30:00,> 960,0,,
input_xlsx.xlsx,"ATR 1. Point Township Dr, south of Ridge Rd",Point Township Dr,WB,2026-04-22,22:30:00,22:45:00,0 to 72,1,,
input_xlsx.xlsx,"ATR 1. Point Township Dr, south of Ridge Rd",Point Township Dr,WB,2026-04-22,22:30:00,22:45:00,>72 to 120,0,,
input_xlsx.xlsx,"ATR 1. Point Township Dr, south of Ridge Rd",Point Township Dr,WB,2026-04-22,22:30:00,22:45:00,>120 to 180,10,,
input_xlsx.xlsx,"ATR 1. Point Township Dr, south of Ridge Rd",Point Township Dr,WB,2026-04-22,22:30:00,22:45:00,>180 to 240,4,,
input_xlsx.xlsx,"ATR 1. Point Township Dr, south of Ridge Rd",Point Township Dr,WB,2026-04-22,22:30:00,22:45:00,>240 to 300,0,,
input_xlsx.xlsx,"ATR 1. Point Township Dr, south of Ridge Rd",Point Township Dr,WB,2026-04-22,22:30:00,22:45:00,>300 to 360,1,,
input_xlsx.xlsx,"ATR 1. Point Township Dr, south of Ridge Rd",Point Township Dr,WB,2026-04-22,22:30:00,22:45:00,>360 to 480,0,,
input_xlsx.xlsx,"ATR 1. Point Township Dr, south of Ridge Rd",Point Township Dr,WB,2026-04-22,22:30:00,22:45:00,>480 to 600,0,,
input_xlsx.xlsx,"ATR 1. Point Township Dr, south of Ridge Rd",Point Township Dr,WB,2026-04-22,22:30:00,22:45:00,>600 to 720,0,,
input_xlsx.xlsx,"ATR 1. Point Township Dr, south of Ridge Rd",Point Township Dr,WB,2026-04-22,22:30:00,22:45:00,>720 to 840,0,,
input_xlsx.xlsx,"ATR 1. Point Township Dr, south of Ridge Rd",Point Township Dr,WB,2026-04-22,22:30:00,22:45:00,>840 to 960,0,,
input_xlsx.xlsx,"ATR 1. Point Township Dr, south of Ridge Rd",Point Township Dr,WB,2026-04-22,22:30:00,22:45:00,> 960,0,,
input_xlsx.xlsx,"ATR 1. Point Township Dr, south of Ridge Rd",Point Township Dr,WB,2026-04-22,22:45:00,23:00:00,0 to 72,0,,
input_xlsx.xlsx,"ATR 1. Point Township Dr, south of Ridge Rd",Point Township Dr,WB,2026-04-22,22:45:00,23:00:00,>72 to 120,0,,
input_xlsx.xlsx,"ATR 1. Point Township Dr, south of Ridge Rd",Point Township Dr,WB,2026-04-22,22:45:00,23:00:00,>120 to 180,2,,
input_xlsx.xlsx,"ATR 1. Point Township Dr, south of Ridge Rd",Point Township Dr,WB,2026-04-22,22:45:00,23:00:00,>180 to 240,0,,
input_xlsx.xlsx,"ATR 1. Point Township Dr, south of Ridge Rd",Point Township Dr,WB,2026-04-22,22:45:00,23:00:00,>240 to 300,0,,
input_xlsx.xlsx,"ATR 1. Point Township Dr, south of Ridge Rd",Point Township Dr,WB,2026-04-22,22:45:00,23:00:00,>300 to 360,0,,
input_xlsx.xlsx,"ATR 1. Point Township Dr, south of Ridge Rd",Point Township Dr,WB,2026-04-22,22:45:00,23:00:00,>360 to 480,0,,
input_xlsx.xlsx,"ATR 1. Point Township Dr, south of Ridge Rd",Point Township Dr,WB,2026-04-22,22:45:00,23:00:00,>480 to 600,1,,
input_xlsx.xlsx,"ATR 1. Point Township Dr, south of Ridge Rd",Point Township Dr,WB,2026-04-22,22:45:00,23:00:00,>600 to 720,0,,
input_xlsx.xlsx,"ATR 1. Point Township Dr, south of Ridge Rd",Point Township Dr,WB,2026-04-22,22:45:00,23:00:00,>720 to 840,0,,
input_xlsx.xlsx,"ATR 1. Point Township Dr, south of Ridge Rd",Point Township Dr,WB,2026-04-22,22:45:00,23:00:00,>840 to 960,0,,
input_xlsx.xlsx,"ATR 1. Point Township Dr, south of Ridge Rd",Point Township Dr,WB,2026-04-22,22:45:00,23:00:00,> 960,0,,
input_xlsx.xlsx,"ATR 1. Point Township Dr, south of Ridge Rd",Point Township Dr,WB,2026-04-22,23:00:00,23:15:00,0 to 72,0,,
input_xlsx.xlsx,"ATR 1. Point Township Dr, south of Ridge Rd",Point Township Dr,WB,2026-04-22,23:00:00,23:15:00,>72 to 120,0,,
input_xlsx.xlsx,"ATR 1. Point Township Dr, south of Ridge Rd",Point Township Dr,WB,2026-04-22,23:00:00,23:15:00,>120 to 180,3,,
input_xlsx.xlsx,"ATR 1. Point Township Dr, south of Ridge Rd",Point Township Dr,WB,2026-04-22,23:00:00,23:15:00,>180 to 240,1,,
input_xlsx.xlsx,"ATR 1. Point Township Dr, south of Ridge Rd",Point Township Dr,WB,2026-04-22,23:00:00,23:15:00,>240 to 300,0,,
input_xlsx.xlsx,"ATR 1. Point Township Dr, south of Ridge Rd",Point Township Dr,WB,2026-04-22,23:00:00,23:15:00,>300 to 360,0,,
input_xlsx.xlsx,"ATR 1. Point Township Dr, south of Ridge Rd",Point Township Dr,WB,2026-04-22,23:00:00,23:15:00,>360 to 480,0,,
input_xlsx.xlsx,"ATR 1. Point Township Dr, south of Ridge Rd",Point Township Dr,WB,2026-04-22,23:00:00,23:15:00,>480 to 600,0,,
input_xlsx.xlsx,"ATR 1. Point Township Dr, south of Ridge Rd",Point Township Dr,WB,2026-04-22,23:00:00,23:15:00,>600 to 720,0,,
input_xlsx.xlsx,"ATR 1. Point Township Dr, south of Ridge Rd",Point Township Dr,WB,2026-04-22,23:00:00,23:15:00,>720 to 840,0,,
input_xlsx.xlsx,"ATR 1. Point Township Dr, south of Ridge Rd",Point Township Dr,WB,2026-04-22,23:00:00,23:15:00,>840 to 960,0,,
input_xlsx.xlsx,"ATR 1. Point Township Dr, south of Ridge Rd",Point Township Dr,WB,2026-04-22,23:00:00,23:15:00,> 960,0,,
input_xlsx.xlsx,"ATR 1. Point Township Dr, south of Ridge Rd",Point Township Dr,WB,2026-04-22,23:15:00,23:30:00,0 to 72,0,,
input_xlsx.xlsx,"ATR 1. Point Township Dr, south of Ridge Rd",Point Township Dr,WB,2026-04-22,23:15:00,23:30:00,>72 to 120,0,,
input_xlsx.xlsx,"ATR 1. Point Township Dr, south of Ridge Rd",Point Township Dr,WB,2026-04-22,23:15:00,23:30:00,>120 to 180,18,,
input_xlsx.xlsx,"ATR 1. Point Township Dr, south of Ridge Rd",Point Township Dr,WB,2026-04-22,23:15:00,23:30:00,>180 to 240,3,,
input_xlsx.xlsx,"ATR 1. Point Township Dr, south of Ridge Rd",Point Township Dr,WB,2026-04-22,23:15:00,23:30:00,>240 to 300,0,,
input_xlsx.xlsx,"ATR 1. Point Township Dr, south of Ridge Rd",Point Township Dr,WB,2026-04-22,23:15:00,23:30:00,>300 to 360,0,,
input_xlsx.xlsx,"ATR 1. Point Township Dr, south of Ridge Rd",Point Township Dr,WB,2026-04-22,23:15:00,23:30:00,>360 to 480,0,,
input_xlsx.xlsx,"ATR 1. Point Township Dr, south of Ridge Rd",Point Township Dr,WB,2026-04-22,23:15:00,23:30:00,>480 to 600,0,,
input_xlsx.xlsx,"ATR 1. Point Township Dr, south of Ridge Rd",Point Township Dr,WB,2026-04-22,23:15:00,23:30:00,>600 to 720,1,,
input_xlsx.xlsx,"ATR 1. Point Township Dr, south of Ridge Rd",Point Township Dr,WB,2026-04-22,23:15:00,23:30:00,>720 to 840,0,,
input_xlsx.xlsx,"ATR 1. Point Township Dr, south of Ridge Rd",Point Township Dr,WB,2026-04-22,23:15:00,23:30:00,>840 to 960,0,,
input_xlsx.xlsx,"ATR 1. Point Township Dr, south of Ridge Rd",Point Township Dr,WB,2026-04-22,23:15:00,23:30:00,> 960,0,,
input_xlsx.xlsx,"ATR 1. Point Township Dr, south of Ridge Rd",Point Township Dr,WB,2026-04-22,23:30:00,23:45:00,0 to 72,0,,
input_xlsx.xlsx,"ATR 1. Point Township Dr, south of Ridge Rd",Point Township Dr,WB,2026-04-22,23:30:00,23:45:00,>72 to 120,0,,
input_xlsx.xlsx,"ATR 1. Point Township Dr, south of Ridge Rd",Point Township Dr,WB,2026-04-22,23:30:00,23:45:00,>120 to 180,16,,
input_xlsx.xlsx,"ATR 1. Point Township Dr, south of Ridge Rd",Point Township Dr,WB,2026-04-22,23:30:00,23:45:00,>180 to 240,3,,
input_xlsx.xlsx,"ATR 1. Point Township Dr, south of Ridge Rd",Point Township Dr,WB,2026-04-22,23:30:00,23:45:00,>240 to 300,0,,
input_xlsx.xlsx,"ATR 1. Point Township Dr, south of Ridge Rd",Point Township Dr,WB,2026-04-22,23:30:00,23:45:00,>300 to 360,0,,
input_xlsx.xlsx,"ATR 1. Point Township Dr, south of Ridge Rd",Point Township Dr,WB,2026-04-22,23:30:00,23:45:00,>360 to 480,0,,
input_xlsx.xlsx,"ATR 1. Point Township Dr, south of Ridge Rd",Point Township Dr,WB,2026-04-22,23:30:00,23:45:00,>480 to 600,0,,
input_xlsx.xlsx,"ATR 1. Point Township Dr, south of Ridge Rd",Point Township Dr,WB,2026-04-22,23:30:00,23:45:00,>600 to 720,2,,
input_xlsx.xlsx,"ATR 1. Point Township Dr, south of Ridge Rd",Point Township Dr,WB,2026-04-22,23:30:00,23:45:00,>720 to 840,0,,
input_xlsx.xlsx,"ATR 1. Point Township Dr, south of Ridge Rd",Point Township Dr,WB,2026-04-22,23:30:00,23:45:00,>840 to 960,0,,
input_xlsx.xlsx,"ATR 1. Point Township Dr, south of Ridge Rd",Point Township Dr,WB,2026-04-22,23:30:00,23:45:00,> 960,0,,
input_xlsx.xlsx,"ATR 1. Point Township Dr, south of Ridge Rd",Point Township Dr,WB,2026-04-22,23:45:00,00:00:00,0 to 72,0,,
input_xlsx.xlsx,"ATR 1. Point Township Dr, south of Ridge Rd",Point Township Dr,WB,2026-04-22,23:45:00,00:00:00,>72 to 120,0,,
input_xlsx.xlsx,"ATR 1. Point Township Dr, south of Ridge Rd",Point Township Dr,WB,2026-04-22,23:45:00,00:00:00,>120 to 180,18,,
input_xlsx.xlsx,"ATR 1. Point Township Dr, south of Ridge Rd",Point Township Dr,WB,2026-04-22,23:45:00,00:00:00,>180 to 240,0,,
input_xlsx.xlsx,"ATR 1. Point Township Dr, south of Ridge Rd",Point Township Dr,WB,2026-04-22,23:45:00,00:00:00,>240 to 300,0,,
input_xlsx.xlsx,"ATR 1. Point Township Dr, south of Ridge Rd",Point Township Dr,WB,2026-04-22,23:45:00,00:00:00,>300 to 360,0,,
input_xlsx.xlsx,"ATR 1. Point Township Dr, south of Ridge Rd",Point Township Dr,WB,2026-04-22,23:45:00,00:00:00,>360 to 480,1,,
input_xlsx.xlsx,"ATR 1. Point Township Dr, south of Ridge Rd",Point Township Dr,WB,2026-04-22,23:45:00,00:00:00,>480 to 600,0,,
input_xlsx.xlsx,"ATR 1. Point Township Dr, south of Ridge Rd",Point Township Dr,WB,2026-04-22,23:45:00,00:00:00,>600 to 720,0,,
input_xlsx.xlsx,"ATR 1. Point Township Dr, south of Ridge Rd",Point Township Dr,WB,2026-04-22,23:45:00,00:00:00,>720 to 840,0,,
input_xlsx.xlsx,"ATR 1. Point Township Dr, south of Ridge Rd",Point Township Dr,WB,2026-04-22,23:45:00,00:00:00,>840 to 960,0,,
input_xlsx.xlsx,"ATR 1. Point Township Dr, south of Ridge Rd",Point Township Dr,WB,2026-04-22,23:45:00,00:00:00,> 960,0,,
input_xlsx.xlsx,"ATR 1. Point Township Dr, south of Ridge Rd",Point Township Dr,WB,2026-04-23,00:00:00,00:15:00,0 to 72,0,,
input_xlsx.xlsx,"ATR 1. Point Township Dr, south of Ridge Rd",Point Township Dr,WB,2026-04-23,00:00:00,00:15:00,>72 to 120,0,,
input_xlsx.xlsx,"ATR 1. Point Township Dr, south of Ridge Rd",Point Township Dr,WB,2026-04-23,00:00:00,00:15:00,>120 to 180,5,,
input_xlsx.xlsx,"ATR 1. Point Township Dr, south of Ridge Rd",Point Township Dr,WB,2026-04-23,00:00:00,00:15:00,>180 to 240,1,,
input_xlsx.xlsx,"ATR 1. Point Township Dr, south of Ridge Rd",Point Township Dr,WB,2026-04-23,00:00:00,00:15:00,>240 to 300,0,,
input_xlsx.xlsx,"ATR 1. Point Township Dr, south of Ridge Rd",Point Township Dr,WB,2026-04-23,00:00:00,00:15:00,>300 to 360,0,,
input_xlsx.xlsx,"ATR 1. Point Township Dr, south of Ridge Rd",Point Township Dr,WB,2026-04-23,00:00:00,00:15:00,>360 to 480,1,,
input_xlsx.xlsx,"ATR 1. Point Township Dr, south of Ridge Rd",Point Township Dr,WB,2026-04-23,00:00:00,00:15:00,>480 to 600,0,,
input_xlsx.xlsx,"ATR 1. Point Township Dr, south of Ridge Rd",Point Township Dr,WB,2026-04-23,00:00:00,00:15:00,>600 to 720,0,,
input_xlsx.xlsx,"ATR 1. Point Township Dr, south of Ridge Rd",Point Township Dr,WB,2026-04-23,00:00:00,00:15:00,>720 to 840,0,,
input_xlsx.xlsx,"ATR 1. Point Township Dr, south of Ridge Rd",Point Township Dr,WB,2026-04-23,00:00:00,00:15:00,>840 to 960,0,,
input_xlsx.xlsx,"ATR 1. Point Township Dr, south of Ridge Rd",Point Township Dr,WB,2026-04-23,00:00:00,00:15:00,> 960,0,,
input_xlsx.xlsx,"ATR 1. Point Township Dr, south of Ridge Rd",Point Township Dr,WB,2026-04-23,00:15:00,00:30:00,0 to 72,0,,
input_xlsx.xlsx,"ATR 1. Point Township Dr, south of Ridge Rd",Point Township Dr,WB,2026-04-23,00:15:00,00:30:00,>72 to 120,0,,
input_xlsx.xlsx,"ATR 1. Point Township Dr, south of Ridge Rd",Point Township Dr,WB,2026-04-23,00:15:00,00:30:00,>120 to 180,3,,
input_xlsx.xlsx,"ATR 1. Point Township Dr, south of Ridge Rd",Point Township Dr,WB,2026-04-23,00:15:00,00:30:00,>180 to 240,2,,
input_xlsx.xlsx,"ATR 1. Point Township Dr, south of Ridge Rd",Point Township Dr,WB,2026-04-23,00:15:00,00:30:00,>240 to 300,0,,
input_xlsx.xlsx,"ATR 1. Point Township Dr, south of Ridge Rd",Point Township Dr,WB,2026-04-23,00:15:00,00:30:00,>300 to 360,0,,
input_xlsx.xlsx,"ATR 1. Point Township Dr, south of Ridge Rd",Point Township Dr,WB,2026-04-23,00:15:00,00:30:00,>360 to 480,0,,
input_xlsx.xlsx,"ATR 1. Point Township Dr, south of Ridge Rd",Point Township Dr,WB,2026-04-23,00:15:00,00:30:00,>480 to 600,0,,
input_xlsx.xlsx,"ATR 1. Point Township Dr, south of Ridge Rd",Point Township Dr,WB,2026-04-23,00:15:00,00:30:00,>600 to 720,0,,
input_xlsx.xlsx,"ATR 1. Point Township Dr, south of Ridge Rd",Point Township Dr,WB,2026-04-23,00:15:00,00:30:00,>720 to 840,1,,
input_xlsx.xlsx,"ATR 1. Point Township Dr, south of Ridge Rd",Point Township Dr,WB,2026-04-23,00:15:00,00:30:00,>840 to 960,0,,
input_xlsx.xlsx,"ATR 1. Point Township Dr, south of Ridge Rd",Point Township Dr,WB,2026-04-23,00:15:00,00:30:00,> 960,0,,
input_xlsx.xlsx,"ATR 1. Point Township Dr, south of Ridge Rd",Point Township Dr,WB,2026-04-23,00:30:00,00:45:00,0 to 72,0,,
input_xlsx.xlsx,"ATR 1. Point Township Dr, south of Ridge Rd",Point Township Dr,WB,2026-04-23,00:30:00,00:45:00,>72 to 120,0,,
input_xlsx.xlsx,"ATR 1. Point Township Dr, south of Ridge Rd",Point Township Dr,WB,2026-04-23,00:30:00,00:45:00,>120 to 180,3,,
input_xlsx.xlsx,"ATR 1. Point Township Dr, south of Ridge Rd",Point Township Dr,WB,2026-04-23,00:30:00,00:45:00,>180 to 240,1,,
input_xlsx.xlsx,"ATR 1. Point Township Dr, south of Ridge Rd",Point Township Dr,WB,2026-04-23,00:30:00,00:45:00,>240 to 300,0,,
input_xlsx.xlsx,"ATR 1. Point Township Dr, south of Ridge Rd",Point Township Dr,WB,2026-04-23,00:30:00,00:45:00,>300 to 360,0,,
input_xlsx.xlsx,"ATR 1. Point Township Dr, south of Ridge Rd",Point Township Dr,WB,2026-04-23,00:30:00,00:45:00,>360 to 480,0,,
input_xlsx.xlsx,"ATR 1. Point Township Dr, south of Ridge Rd",Point Township Dr,WB,2026-04-23,00:30:00,00:45:00,>480 to 600,0,,
input_xlsx.xlsx,"ATR 1. Point Township Dr, south of Ridge Rd",Point Township Dr,WB,2026-04-23,00:30:00,00:45:00,>600 to 720,0,,
input_xlsx.xlsx,"ATR 1. Point Township Dr, south of Ridge Rd",Point Township Dr,WB,2026-04-23,00:30:00,00:45:00,>720 to 840,0,,
input_xlsx.xlsx,"ATR 1. Point Township Dr, south of Ridge Rd",Point Township Dr,WB,2026-04-23,00:30:00,00:45:00,>840 to 960,0,,
input_xlsx.xlsx,"ATR 1. Point Township Dr, south of Ridge Rd",Point Township Dr,WB,2026-04-23,00:30:00,00:45:00,> 960,0,,
input_xlsx.xlsx,"ATR 1. Point Township Dr, south of Ridge Rd",Point Township Dr,WB,2026-04-23,00:45:00,01:00:00,0 to 72,0,,
input_xlsx.xlsx,"ATR 1. Point Township Dr, south of Ridge Rd",Point Township Dr,WB,2026-04-23,00:45:00,01:00:00,>72 to 120,0,,
input_xlsx.xlsx,"ATR 1. Point Township Dr, south of Ridge Rd",Point Township Dr,WB,2026-04-23,00:45:00,01:00:00,>120 to 180,1,,
input_xlsx.xlsx,"ATR 1. Point Township Dr, south of Ridge Rd",Point Township Dr,WB,2026-04-23,00:45:00,01:00:00,>180 to 240,1,,
input_xlsx.xlsx,"ATR 1. Point Township Dr, south of Ridge Rd",Point Township Dr,WB,2026-04-23,00:45:00,01:00:00,>240 to 300,0,,
input_xlsx.xlsx,"ATR 1. Point Township Dr, south of Ridge Rd",Point Township Dr,WB,2026-04-23,00:45:00,01:00:00,>300 to 360,0,,
input_xlsx.xlsx,"ATR 1. Point Township Dr, south of Ridge Rd",Point Township Dr,WB,2026-04-23,00:45:00,01:00:00,>360 to 480,1,,
input_xlsx.xlsx,"ATR 1. Point Township Dr, south of Ridge Rd",Point Township Dr,WB,2026-04-23,00:45:00,01:00:00,>480 to 600,0,,
input_xlsx.xlsx,"ATR 1. Point Township Dr, south of Ridge Rd",Point Township Dr,WB,2026-04-23,00:45:00,01:00:00,>600 to 720,1,,
input_xlsx.xlsx,"ATR 1. Point Township Dr, south of Ridge Rd",Point Township Dr,WB,2026-04-23,00:45:00,01:00:00,>720 to 840,0,,
input_xlsx.xlsx,"ATR 1. Point Township Dr, south of Ridge Rd",Point Township Dr,WB,2026-04-23,00:45:00,01:00:00,>840 to 960,0,,
input_xlsx.xlsx,"ATR 1. Point Township Dr, south of Ridge Rd",Point Township Dr,WB,2026-04-23,00:45:00,01:00:00,> 960,0,,
input_xlsx.xlsx,"ATR 1. Point Township Dr, south of Ridge Rd",Point Township Dr,WB,2026-04-23,01:00:00,01:15:00,0 to 72,0,,
input_xlsx.xlsx,"ATR 1. Point Township Dr, south of Ridge Rd",Point Township Dr,WB,2026-04-23,01:00:00,01:15:00,>72 to 120,0,,
input_xlsx.xlsx,"ATR 1. Point Township Dr, south of Ridge Rd",Point Township Dr,WB,2026-04-23,01:00:00,01:15:00,>120 to 180,2,,
input_xlsx.xlsx,"ATR 1. Point Township Dr, south of Ridge Rd",Point Township Dr,WB,2026-04-23,01:00:00,01:15:00,>180 to 240,0,,
input_xlsx.xlsx,"ATR 1. Point Township Dr, south of Ridge Rd",Point Township Dr,WB,2026-04-23,01:00:00,01:15:00,>240 to 300,0,,
input_xlsx.xlsx,"ATR 1. Point Township Dr, south of Ridge Rd",Point Township Dr,WB,2026-04-23,01:00:00,01:15:00,>300 to 360,0,,
input_xlsx.xlsx,"ATR 1. Point Township Dr, south of Ridge Rd",Point Township Dr,WB,2026-04-23,01:00:00,01:15:00,>360 to 480,0,,
input_xlsx.xlsx,"ATR 1. Point Township Dr, south of Ridge Rd",Point Township Dr,WB,2026-04-23,01:00:00,01:15:00,>480 to 600,1,,
input_xlsx.xlsx,"ATR 1. Point Township Dr, south of Ridge Rd",Point Township Dr,WB,2026-04-23,01:00:00,01:15:00,>600 to 720,0,,
input_xlsx.xlsx,"ATR 1. Point Township Dr, south of Ridge Rd",Point Township Dr,WB,2026-04-23,01:00:00,01:15:00,>720 to 840,1,,
input_xlsx.xlsx,"ATR 1. Point Township Dr, south of Ridge Rd",Point Township Dr,WB,2026-04-23,01:00:00,01:15:00,>840 to 960,0,,
input_xlsx.xlsx,"ATR 1. Point Township Dr, south of Ridge Rd",Point Township Dr,WB,2026-04-23,01:00:00,01:15:00,> 960,0,,
input_xlsx.xlsx,"ATR 1. Point Township Dr, south of Ridge Rd",Point Township Dr,WB,2026-04-23,01:15:00,01:30:00,0 to 72,0,,
input_xlsx.xlsx,"ATR 1. Point Township Dr, south of Ridge Rd",Point Township Dr,WB,2026-04-23,01:15:00,01:30:00,>72 to 120,0,,
input_xlsx.xlsx,"ATR 1. Point Township Dr, south of Ridge Rd",Point Township Dr,WB,2026-04-23,01:15:00,01:30:00,>120 to 180,4,,
input_xlsx.xlsx,"ATR 1. Point Township Dr, south of Ridge Rd",Point Township Dr,WB,2026-04-23,01:15:00,01:30:00,>180 to 240,0,,
input_xlsx.xlsx,"ATR 1. Point Township Dr, south of Ridge Rd",Point Township Dr,WB,2026-04-23,01:15:00,01:30:00,>240 to 300,1,,
input_xlsx.xlsx,"ATR 1. Point Township Dr, south of Ridge Rd",Point Township Dr,WB,2026-04-23,01:15:00,01:30:00,>300 to 360,0,,
input_xlsx.xlsx,"ATR 1. Point Township Dr, south of Ridge Rd",Point Township Dr,WB,2026-04-23,01:15:00,01:30:00,>360 to 480,0,,
input_xlsx.xlsx,"ATR 1. Point Township Dr, south of Ridge Rd",Point Township Dr,WB,2026-04-23,01:15:00,01:30:00,>480 to 600,0,,
input_xlsx.xlsx,"ATR 1. Point Township Dr, south of Ridge Rd",Point Township Dr,WB,2026-04-23,01:15:00,01:30:00,>600 to 720,0,,
input_xlsx.xlsx,"ATR 1. Point Township Dr, south of Ridge Rd",Point Township Dr,WB,2026-04-23,01:15:00,01:30:00,>720 to 840,0,,
input_xlsx.xlsx,"ATR 1. Point Township Dr, south of Ridge Rd",Point Township Dr,WB,2026-04-23,01:15:00,01:30:00,>840 to 960,0,,
input_xlsx.xlsx,"ATR 1. Point Township Dr, south of Ridge Rd",Point Township Dr,WB,2026-04-23,01:15:00,01:30:00,> 960,0,,
input_xlsx.xlsx,"ATR 1. Point Township Dr, south of Ridge Rd",Point Township Dr,WB,2026-04-23,01:30:00,01:45:00,0 to 72,0,,
input_xlsx.xlsx,"ATR 1. Point Township Dr, south of Ridge Rd",Point Township Dr,WB,2026-04-23,01:30:00,01:45:00,>72 to 120,0,,
input_xlsx.xlsx,"ATR 1. Point Township Dr, south of Ridge Rd",Point Township Dr,WB,2026-04-23,01:30:00,01:45:00,>120 to 180,0,,
input_xlsx.xlsx,"ATR 1. Point Township Dr, south of Ridge Rd",Point Township Dr,WB,2026-04-23,01:30:00,01:45:00,>180 to 240,0,,
input_xlsx.xlsx,"ATR 1. Point Township Dr, south of Ridge Rd",Point Township Dr,WB,2026-04-23,01:30:00,01:45:00,>240 to 300,0,,
input_xlsx.xlsx,"ATR 1. Point Township Dr, south of Ridge Rd",Point Township Dr,WB,2026-04-23,01:30:00,01:45:00,>300 to 360,0,,
input_xlsx.xlsx,"ATR 1. Point Township Dr, south of Ridge Rd",Point Township Dr,WB,2026-04-23,01:30:00,01:45:00,>360 to 480,0,,
input_xlsx.xlsx,"ATR 1. Point Township Dr, south of Ridge Rd",Point Township Dr,WB,2026-04-23,01:30:00,01:45:00,>480 to 600,0,,
input_xlsx.xlsx,"ATR 1. Point Township Dr, south of Ridge Rd",Point Township Dr,WB,2026-04-23,01:30:00,01:45:00,>600 to 720,0,,
input_xlsx.xlsx,"ATR 1. Point Township Dr, south of Ridge Rd",Point Township Dr,WB,2026-04-23,01:30:00,01:45:00,>720 to 840,0,,
input_xlsx.xlsx,"ATR 1. Point Township Dr, south of Ridge Rd",Point Township Dr,WB,2026-04-23,01:30:00,01:45:00,>840 to 960,0,,
input_xlsx.xlsx,"ATR 1. Point Township Dr, south of Ridge Rd",Point Township Dr,WB,2026-04-23,01:30:00,01:45:00,> 960,0,,
input_xlsx.xlsx,"ATR 1. Point Township Dr, south of Ridge Rd",Point Township Dr,WB,2026-04-23,01:45:00,02:00:00,0 to 72,0,,
input_xlsx.xlsx,"ATR 1. Point Township Dr, south of Ridge Rd",Point Township Dr,WB,2026-04-23,01:45:00,02:00:00,>72 to 120,0,,
input_xlsx.xlsx,"ATR 1. Point Township Dr, south of Ridge Rd",Point Township Dr,WB,2026-04-23,01:45:00,02:00:00,>120 to 180,3,,
input_xlsx.xlsx,"ATR 1. Point Township Dr, south of Ridge Rd",Point Township Dr,WB,2026-04-23,01:45:00,02:00:00,>180 to 240,0,,
input_xlsx.xlsx,"ATR 1. Point Township Dr, south of Ridge Rd",Point Township Dr,WB,2026-04-23,01:45:00,02:00:00,>240 to 300,2,,
input_xlsx.xlsx,"ATR 1. Point Township Dr, south of Ridge Rd",Point Township Dr,WB,2026-04-23,01:45:00,02:00:00,>300 to 360,1,,
input_xlsx.xlsx,"ATR 1. Point Township Dr, south of Ridge Rd",Point Township Dr,WB,2026-04-23,01:45:00,02:00:00,>360 to 480,0,,
input_xlsx.xlsx,"ATR 1. Point Township Dr, south of Ridge Rd",Point Township Dr,WB,2026-04-23,01:45:00,02:00:00,>480 to 600,0,,
input_xlsx.xlsx,"ATR 1. Point Township Dr, south of Ridge Rd",Point Township Dr,WB,2026-04-23,01:45:00,02:00:00,>600 to 720,0,,
input_xlsx.xlsx,"ATR 1. Point Township Dr, south of Ridge Rd",Point Township Dr,WB,2026-04-23,01:45:00,02:00:00,>720 to 840,0,,
input_xlsx.xlsx,"ATR 1. Point Township Dr, south of Ridge Rd",Point Township Dr,WB,2026-04-23,01:45:00,02:00:00,>840 to 960,2,,
input_xlsx.xlsx,"ATR 1. Point Township Dr, south of Ridge Rd",Point Township Dr,WB,2026-04-23,01:45:00,02:00:00,> 960,0,,
input_xlsx.xlsx,"ATR 1. Point Township Dr, south of Ridge Rd",Point Township Dr,WB,2026-04-23,02:00:00,02:15:00,0 to 72,0,,
input_xlsx.xlsx,"ATR 1. Point Township Dr, south of Ridge Rd",Point Township Dr,WB,2026-04-23,02:00:00,02:15:00,>72 to 120,0,,
input_xlsx.xlsx,"ATR 1. Point Township Dr, south of Ridge Rd",Point Township Dr,WB,2026-04-23,02:00:00,02:15:00,>120 to 180,0,,
input_xlsx.xlsx,"ATR 1. Point Township Dr, south of Ridge Rd",Point Township Dr,WB,2026-04-23,02:00:00,02:15:00,>180 to 240,0,,
input_xlsx.xlsx,"ATR 1. Point Township Dr, south of Ridge Rd",Point Township Dr,WB,2026-04-23,02:00:00,02:15:00,>240 to 300,0,,
input_xlsx.xlsx,"ATR 1. Point Township Dr, south of Ridge Rd",Point Township Dr,WB,2026-04-23,02:00:00,02:15:00,>300 to 360,0,,
input_xlsx.xlsx,"ATR 1. Point Township Dr, south of Ridge Rd",Point Township Dr,WB,2026-04-23,02:00:00,02:15:00,>360 to 480,0,,
input_xlsx.xlsx,"ATR 1. Point Township Dr, south of Ridge Rd",Point Township Dr,WB,2026-04-23,02:00:00,02:15:00,>480 to 600,0,,
input_xlsx.xlsx,"ATR 1. Point Township Dr, south of Ridge Rd",Point Township Dr,WB,2026-04-23,02:00:00,02:15:00,>600 to 720,0,,
input_xlsx.xlsx,"ATR 1. Point Township Dr, south of Ridge Rd",Point Township Dr,WB,2026-04-23,02:00:00,02:15:00,>720 to 840,0,,
input_xlsx.xlsx,"ATR 1. Point Township Dr, south of Ridge Rd",Point Township Dr,WB,2026-04-23,02:00:00,02:15:00,>840 to 960,1,,
input_xlsx.xlsx,"ATR 1. Point Township Dr, south of Ridge Rd",Point Township Dr,WB,2026-04-23,02:00:00,02:15:00,> 960,0,,
input_xlsx.xlsx,"ATR 1. Point Township Dr, south of Ridge Rd",Point Township Dr,WB,2026-04-23,02:15:00,02:30:00,0 to 72,0,,
input_xlsx.xlsx,"ATR 1. Point Township Dr, south of Ridge Rd",Point Township Dr,WB,2026-04-23,02:15:00,02:30:00,>72 to 120,0,,
input_xlsx.xlsx,"ATR 1. Point Township Dr, south of Ridge Rd",Point Township Dr,WB,2026-04-23,02:15:00,02:30:00,>120 to 180,2,,
input_xlsx.xlsx,"ATR 1. Point Township Dr, south of Ridge Rd",Point Township Dr,WB,2026-04-23,02:15:00,02:30:00,>180 to 240,0,,
input_xlsx.xlsx,"ATR 1. Point Township Dr, south of Ridge Rd",Point Township Dr,WB,2026-04-23,02:15:00,02:30:00,>240 to 300,0,,
input_xlsx.xlsx,"ATR 1. Point Township Dr, south of Ridge Rd",Point Township Dr,WB,2026-04-23,02:15:00,02:30:00,>300 to 360,0,,
input_xlsx.xlsx,"ATR 1. Point Township Dr, south of Ridge Rd",Point Township Dr,WB,2026-04-23,02:15:00,02:30:00,>360 to 480,0,,
input_xlsx.xlsx,"ATR 1. Point Township Dr, south of Ridge Rd",Point Township Dr,WB,2026-04-23,02:15:00,02:30:00,>480 to 600,0,,
input_xlsx.xlsx,"ATR 1. Point Township Dr, south of Ridge Rd",Point Township Dr,WB,2026-04-23,02:15:00,02:30:00,>600 to 720,0,,
input_xlsx.xlsx,"ATR 1. Point Township Dr, south of Ridge Rd",Point Township Dr,WB,2026-04-23,02:15:00,02:30:00,>720 to 840,1,,
input_xlsx.xlsx,"ATR 1. Point Township Dr, south of Ridge Rd",Point Township Dr,WB,2026-04-23,02:15:00,02:30:00,>840 to 960,0,,
input_xlsx.xlsx,"ATR 1. Point Township Dr, south of Ridge Rd",Point Township Dr,WB,2026-04-23,02:15:00,02:30:00,> 960,0,,
input_xlsx.xlsx,"ATR 1. Point Township Dr, south of Ridge Rd",Point Township Dr,WB,2026-04-23,02:30:00,02:45:00,0 to 72,0,,
input_xlsx.xlsx,"ATR 1. Point Township Dr, south of Ridge Rd",Point Township Dr,WB,2026-04-23,02:30:00,02:45:00,>72 to 120,0,,
input_xlsx.xlsx,"ATR 1. Point Township Dr, south of Ridge Rd",Point Township Dr,WB,2026-04-23,02:30:00,02:45:00,>120 to 180,3,,
input_xlsx.xlsx,"ATR 1. Point Township Dr, south of Ridge Rd",Point Township Dr,WB,2026-04-23,02:30:00,02:45:00,>180 to 240,1,,
input_xlsx.xlsx,"ATR 1. Point Township Dr, south of Ridge Rd",Point Township Dr,WB,2026-04-23,02:30:00,02:45:00,>240 to 300,0,,
input_xlsx.xlsx,"ATR 1. Point Township Dr, south of Ridge Rd",Point Township Dr,WB,2026-04-23,02:30:00,02:45:00,>300 to 360,0,,
input_xlsx.xlsx,"ATR 1. Point Township Dr, south of Ridge Rd",Point Township Dr,WB,2026-04-23,02:30:00,02:45:00,>360 to 480,0,,
input_xlsx.xlsx,"ATR 1. Point Township Dr, south of Ridge Rd",Point Township Dr,WB,2026-04-23,02:30:00,02:45:00,>480 to 600,0,,
input_xlsx.xlsx,"ATR 1. Point Township Dr, south of Ridge Rd",Point Township Dr,WB,2026-04-23,02:30:00,02:45:00,>600 to 720,0,,
input_xlsx.xlsx,"ATR 1. Point Township Dr, south of Ridge Rd",Point Township Dr,WB,2026-04-23,02:30:00,02:45:00,>720 to 840,2,,
input_xlsx.xlsx,"ATR 1. Point Township Dr, south of Ridge Rd",Point Township Dr,WB,2026-04-23,02:30:00,02:45:00,>840 to 960,0,,
input_xlsx.xlsx,"ATR 1. Point Township Dr, south of Ridge Rd",Point Township Dr,WB,2026-04-23,02:30:00,02:45:00,> 960,0,,
input_xlsx.xlsx,"ATR 1. Point Township Dr, south of Ridge Rd",Point Township Dr,WB,2026-04-23,02:45:00,03:00:00,0 to 72,0,,
input_xlsx.xlsx,"ATR 1. Point Township Dr, south of Ridge Rd",Point Township Dr,WB,2026-04-23,02:45:00,03:00:00,>72 to 120,0,,
input_xlsx.xlsx,"ATR 1. Point Township Dr, south of Ridge Rd",Point Township Dr,WB,2026-04-23,02:45:00,03:00:00,>120 to 180,1,,
input_xlsx.xlsx,"ATR 1. Point Township Dr, south of Ridge Rd",Point Township Dr,WB,2026-04-23,02:45:00,03:00:00,>180 to 240,2,,
input_xlsx.xlsx,"ATR 1. Point Township Dr, south of Ridge Rd",Point Township Dr,WB,2026-04-23,02:45:00,03:00:00,>240 to 300,0,,
input_xlsx.xlsx,"ATR 1. Point Township Dr, south of Ridge Rd",Point Township Dr,WB,2026-04-23,02:45:00,03:00:00,>300 to 360,0,,
input_xlsx.xlsx,"ATR 1. Point Township Dr, south of Ridge Rd",Point Township Dr,WB,2026-04-23,02:45:00,03:00:00,>360 to 480,1,,
input_xlsx.xlsx,"ATR 1. Point Township Dr, south of Ridge Rd",Point Township Dr,WB,2026-04-23,02:45:00,03:00:00,>480 to 600,0,,
input_xlsx.xlsx,"ATR 1. Point Township Dr, south of Ridge Rd",Point Township Dr,WB,2026-04-23,02:45:00,03:00:00,>600 to 720,0,,
input_xlsx.xlsx,"ATR 1. Point Township Dr, south of Ridge Rd",Point Township Dr,WB,2026-04-23,02:45:00,03:00:00,>720 to 840,0,,
input_xlsx.xlsx,"ATR 1. Point Township Dr, south of Ridge Rd",Point Township Dr,WB,2026-04-23,02:45:00,03:00:00,>840 to 960,0,,
input_xlsx.xlsx,"ATR 1. Point Township Dr, south of Ridge Rd",Point Township Dr,WB,2026-04-23,02:45:00,03:00:00,> 960,0,,
input_xlsx.xlsx,"ATR 1. Point Township Dr, south of Ridge Rd",Point Township Dr,WB,2026-04-23,03:00:00,03:15:00,0 to 72,0,,
input_xlsx.xlsx,"ATR 1. Point Township Dr, south of Ridge Rd",Point Township Dr,WB,2026-04-23,03:00:00,03:15:00,>72 to 120,0,,
input_xlsx.xlsx,"ATR 1. Point Township Dr, south of Ridge Rd",Point Township Dr,WB,2026-04-23,03:00:00,03:15:00,>120 to 180,1,,
input_xlsx.xlsx,"ATR 1. Point Township Dr, south of Ridge Rd",Point Township Dr,WB,2026-04-23,03:00:00,03:15:00,>180 to 240,3,,
input_xlsx.xlsx,"ATR 1. Point Township Dr, south of Ridge Rd",Point Township Dr,WB,2026-04-23,03:00:00,03:15:00,>240 to 300,0,,
input_xlsx.xlsx,"ATR 1. Point Township Dr, south of Ridge Rd",Point Township Dr,WB,2026-04-23,03:00:00,03:15:00,>300 to 360,0,,
input_xlsx.xlsx,"ATR 1. Point Township Dr, south of Ridge Rd",Point Township Dr,WB,2026-04-23,03:00:00,03:15:00,>360 to 480,0,,
input_xlsx.xlsx,"ATR 1. Point Township Dr, south of Ridge Rd",Point Township Dr,WB,2026-04-23,03:00:00,03:15:00,>480 to 600,0,,
input_xlsx.xlsx,"ATR 1. Point Township Dr, south of Ridge Rd",Point Township Dr,WB,2026-04-23,03:00:00,03:15:00,>600 to 720,0,,
input_xlsx.xlsx,"ATR 1. Point Township Dr, south of Ridge Rd",Point Township Dr,WB,2026-04-23,03:00:00,03:15:00,>720 to 840,0,,
input_xlsx.xlsx,"ATR 1. Point Township Dr, south of Ridge Rd",Point Township Dr,WB,2026-04-23,03:00:00,03:15:00,>840 to 960,0,,
input_xlsx.xlsx,"ATR 1. Point Township Dr, south of Ridge Rd",Point Township Dr,WB,2026-04-23,03:00:00,03:15:00,> 960,0,,
input_xlsx.xlsx,"ATR 1. Point Township Dr, south of Ridge Rd",Point Township Dr,WB,2026-04-23,03:15:00,03:30:00,0 to 72,0,,
input_xlsx.xlsx,"ATR 1. Point Township Dr, south of Ridge Rd",Point Township Dr,WB,2026-04-23,03:15:00,03:30:00,>72 to 120,0,,
input_xlsx.xlsx,"ATR 1. Point Township Dr, south of Ridge Rd",Point Township Dr,WB,2026-04-23,03:15:00,03:30:00,>120 to 180,3,,
input_xlsx.xlsx,"ATR 1. Point Township Dr, south of Ridge Rd",Point Township Dr,WB,2026-04-23,03:15:00,03:30:00,>180 to 240,2,,
input_xlsx.xlsx,"ATR 1. Point Township Dr, south of Ridge Rd",Point Township Dr,WB,2026-04-23,03:15:00,03:30:00,>240 to 300,1,,
input_xlsx.xlsx,"ATR 1. Point Township Dr, south of Ridge Rd",Point Township Dr,WB,2026-04-23,03:15:00,03:30:00,>300 to 360,1,,
input_xlsx.xlsx,"ATR 1. Point Township Dr, south of Ridge Rd",Point Township Dr,WB,2026-04-23,03:15:00,03:30:00,>360 to 480,1,,
input_xlsx.xlsx,"ATR 1. Point Township Dr, south of Ridge Rd",Point Township Dr,WB,2026-04-23,03:15:00,03:30:00,>480 to 600,1,,
input_xlsx.xlsx,"ATR 1. Point Township Dr, south of Ridge Rd",Point Township Dr,WB,2026-04-23,03:15:00,03:30:00,>600 to 720,1,,
input_xlsx.xlsx,"ATR 1. Point Township Dr, south of Ridge Rd",Point Township Dr,WB,2026-04-23,03:15:00,03:30:00,>720 to 840,0,,
input_xlsx.xlsx,"ATR 1. Point Township Dr, south of Ridge Rd",Point Township Dr,WB,2026-04-23,03:15:00,03:30:00,>840 to 960,0,,
input_xlsx.xlsx,"ATR 1. Point Township Dr, south of Ridge Rd",Point Township Dr,WB,2026-04-23,03:15:00,03:30:00,> 960,0,,
input_xlsx.xlsx,"ATR 1. Point Township Dr, south of Ridge Rd",Point Township Dr,WB,2026-04-23,03:30:00,03:45:00,0 to 72,0,,
input_xlsx.xlsx,"ATR 1. Point Township Dr, south of Ridge Rd",Point Township Dr,WB,2026-04-23,03:30:00,03:45:00,>72 to 120,0,,
input_xlsx.xlsx,"ATR 1. Point Township Dr, south of Ridge Rd",Point Township Dr,WB,2026-04-23,03:30:00,03:45:00,>120 to 180,3,,
input_xlsx.xlsx,"ATR 1. Point Township Dr, south of Ridge Rd",Point Township Dr,WB,2026-04-23,03:30:00,03:45:00,>180 to 240,1,,
input_xlsx.xlsx,"ATR 1. Point Township Dr, south of Ridge Rd",Point Township Dr,WB,2026-04-23,03:30:00,03:45:00,>240 to 300,0,,
input_xlsx.xlsx,"ATR 1. Point Township Dr, south of Ridge Rd",Point Township Dr,WB,2026-04-23,03:30:00,03:45:00,>300 to 360,0,,
input_xlsx.xlsx,"ATR 1. Point Township Dr, south of Ridge Rd",Point Township Dr,WB,2026-04-23,03:30:00,03:45:00,>360 to 480,0,,
input_xlsx.xlsx,"ATR 1. Point Township Dr, south of Ridge Rd",Point Township Dr,WB,2026-04-23,03:30:00,03:45:00,>480 to 600,0,,
input_xlsx.xlsx,"ATR 1. Point Township Dr, south of Ridge Rd",Point Township Dr,WB,2026-04-23,03:30:00,03:45:00,>600 to 720,0,,
input_xlsx.xlsx,"ATR 1. Point Township Dr, south of Ridge Rd",Point Township Dr,WB,2026-04-23,03:30:00,03:45:00,>720 to 840,1,,
input_xlsx.xlsx,"ATR 1. Point Township Dr, south of Ridge Rd",Point Township Dr,WB,2026-04-23,03:30:00,03:45:00,>840 to 960,1,,
input_xlsx.xlsx,"ATR 1. Point Township Dr, south of Ridge Rd",Point Township Dr,WB,2026-04-23,03:30:00,03:45:00,> 960,0,,
input_xlsx.xlsx,"ATR 1. Point Township Dr, south of Ridge Rd",Point Township Dr,WB,2026-04-23,03:45:00,04:00:00,0 to 72,0,,
input_xlsx.xlsx,"ATR 1. Point Township Dr, south of Ridge Rd",Point Township Dr,WB,2026-04-23,03:45:00,04:00:00,>72 to 120,0,,
input_xlsx.xlsx,"ATR 1. Point Township Dr, south of Ridge Rd",Point Township Dr,WB,2026-04-23,03:45:00,04:00:00,>120 to 180,3,,
input_xlsx.xlsx,"ATR 1. Point Township Dr, south of Ridge Rd",Point Township Dr,WB,2026-04-23,03:45:00,04:00:00,>180 to 240,3,,
input_xlsx.xlsx,"ATR 1. Point Township Dr, south of Ridge Rd",Point Township Dr,WB,2026-04-23,03:45:00,04:00:00,>240 to 300,1,,
input_xlsx.xlsx,"ATR 1. Point Township Dr, south of Ridge Rd",Point Township Dr,WB,2026-04-23,03:45:00,04:00:00,>300 to 360,0,,
input_xlsx.xlsx,"ATR 1. Point Township Dr, south of Ridge Rd",Point Township Dr,WB,2026-04-23,03:45:00,04:00:00,>360 to 480,0,,
input_xlsx.xlsx,"ATR 1. Point Township Dr, south of Ridge Rd",Point Township Dr,WB,2026-04-23,03:45:00,04:00:00,>480 to 600,0,,
input_xlsx.xlsx,"ATR 1. Point Township Dr, south of Ridge Rd",Point Township Dr,WB,2026-04-23,03:45:00,04:00:00,>600 to 720,1,,
input_xlsx.xlsx,"ATR 1. Point Township Dr, south of Ridge Rd",Point Township Dr,WB,2026-04-23,03:45:00,04:00:00,>720 to 840,1,,
input_xlsx.xlsx,"ATR 1. Point Township Dr, south of Ridge Rd",Point Township Dr,WB,2026-04-23,03:45:00,04:00:00,>840 to 960,0,,
input_xlsx.xlsx,"ATR 1. Point Township Dr, south of Ridge Rd",Point Township Dr,WB,2026-04-23,03:45:00,04:00:00,> 960,0,,
input_xlsx.xlsx,"ATR 1. Point Township Dr, south of Ridge Rd",Point Township Dr,WB,2026-04-23,04:00:00,04:15:00,0 to 72,0,,
input_xlsx.xlsx,"ATR 1. Point Township Dr, south of Ridge Rd",Point Township Dr,WB,2026-04-23,04:00:00,04:15:00,>72 to 120,0,,
input_xlsx.xlsx,"ATR 1. Point Township Dr, south of Ridge Rd",Point Township Dr,WB,2026-04-23,04:00:00,04:15:00,>120 to 180,3,,
input_xlsx.xlsx,"ATR 1. Point Township Dr, south of Ridge Rd",Point Township Dr,WB,2026-04-23,04:00:00,04:15:00,>180 to 240,3,,
input_xlsx.xlsx,"ATR 1. Point Township Dr, south of Ridge Rd",Point Township Dr,WB,2026-04-23,04:00:00,04:15:00,>240 to 300,0,,
input_xlsx.xlsx,"ATR 1. Point Township Dr, south of Ridge Rd",Point Township Dr,WB,2026-04-23,04:00:00,04:15:00,>300 to 360,0,,
input_xlsx.xlsx,"ATR 1. Point Township Dr, south of Ridge Rd",Point Township Dr,WB,2026-04-23,04:00:00,04:15:00,>360 to 480,0,,
input_xlsx.xlsx,"ATR 1. Point Township Dr, south of Ridge Rd",Point Township Dr,WB,2026-04-23,04:00:00,04:15:00,>480 to 600,0,,
input_xlsx.xlsx,"ATR 1. Point Township Dr, south of Ridge Rd",Point Township Dr,WB,2026-04-23,04:00:00,04:15:00,>600 to 720,0,,
input_xlsx.xlsx,"ATR 1. Point Township Dr, south of Ridge Rd",Point Township Dr,WB,2026-04-23,04:00:00,04:15:00,>720 to 840,1,,
input_xlsx.xlsx,"ATR 1. Point Township Dr, south of Ridge Rd",Point Township Dr,WB,2026-04-23,04:00:00,04:15:00,>840 to 960,1,,
input_xlsx.xlsx,"ATR 1. Point Township Dr, south of Ridge Rd",Point Township Dr,WB,2026-04-23,04:00:00,04:15:00,> 960,0,,
input_xlsx.xlsx,"ATR 1. Point Township Dr, south of Ridge Rd",Point Township Dr,WB,2026-04-23,04:15:00,04:30:00,0 to 72,0,,
input_xlsx.xlsx,"ATR 1. Point Township Dr, south of Ridge Rd",Point Township Dr,WB,2026-04-23,04:15:00,04:30:00,>72 to 120,0,,
input_xlsx.xlsx,"ATR 1. Point Township Dr, south of Ridge Rd",Point Township Dr,WB,2026-04-23,04:15:00,04:30:00,>120 to 180,4,,
input_xlsx.xlsx,"ATR 1. Point Township Dr, south of Ridge Rd",Point Township Dr,WB,2026-04-23,04:15:00,04:30:00,>180 to 240,3,,
input_xlsx.xlsx,"ATR 1. Point Township Dr, south of Ridge Rd",Point Township Dr,WB,2026-04-23,04:15:00,04:30:00,>240 to 300,0,,
input_xlsx.xlsx,"ATR 1. Point Township Dr, south of Ridge Rd",Point Township Dr,WB,2026-04-23,04:15:00,04:30:00,>300 to 360,0,,
input_xlsx.xlsx,"ATR 1. Point Township Dr, south of Ridge Rd",Point Township Dr,WB,2026-04-23,04:15:00,04:30:00,>360 to 480,1,,
input_xlsx.xlsx,"ATR 1. Point Township Dr, south of Ridge Rd",Point Township Dr,WB,2026-04-23,04:15:00,04:30:00,>480 to 600,0,,
input_xlsx.xlsx,"ATR 1. Point Township Dr, south of Ridge Rd",Point Township Dr,WB,2026-04-23,04:15:00,04:30:00,>600 to 720,0,,
input_xlsx.xlsx,"ATR 1. Point Township Dr, south of Ridge Rd",Point Township Dr,WB,2026-04-23,04:15:00,04:30:00,>720 to 840,2,,
input_xlsx.xlsx,"ATR 1. Point Township Dr, south of Ridge Rd",Point Township Dr,WB,2026-04-23,04:15:00,04:30:00,>840 to 960,1,,
input_xlsx.xlsx,"ATR 1. Point Township Dr, south of Ridge Rd",Point Township Dr,WB,2026-04-23,04:15:00,04:30:00,> 960,0,,
input_xlsx.xlsx,"ATR 1. Point Township Dr, south of Ridge Rd",Point Township Dr,WB,2026-04-23,04:30:00,04:45:00,0 to 72,0,,
input_xlsx.xlsx,"ATR 1. Point Township Dr, south of Ridge Rd",Point Township Dr,WB,2026-04-23,04:30:00,04:45:00,>72 to 120,0,,
input_xlsx.xlsx,"ATR 1. Point Township Dr, south of Ridge Rd",Point Township Dr,WB,2026-04-23,04:30:00,04:45:00,>120 to 180,2,,
input_xlsx.xlsx,"ATR 1. Point Township Dr, south of Ridge Rd",Point Township Dr,WB,2026-04-23,04:30:00,04:45:00,>180 to 240,6,,
input_xlsx.xlsx,"ATR 1. Point Township Dr, south of Ridge Rd",Point Township Dr,WB,2026-04-23,04:30:00,04:45:00,>240 to 300,0,,
input_xlsx.xlsx,"ATR 1. Point Township Dr, south of Ridge Rd",Point Township Dr,WB,2026-04-23,04:30:00,04:45:00,>300 to 360,1,,
input_xlsx.xlsx,"ATR 1. Point Township Dr, south of Ridge Rd",Point Township Dr,WB,2026-04-23,04:30:00,04:45:00,>360 to 480,1,,
input_xlsx.xlsx,"ATR 1. Point Township Dr, south of Ridge Rd",Point Township Dr,WB,2026-04-23,04:30:00,04:45:00,>480 to 600,0,,
input_xlsx.xlsx,"ATR 1. Point Township Dr, south of Ridge Rd",Point Township Dr,WB,2026-04-23,04:30:00,04:45:00,>600 to 720,0,,
input_xlsx.xlsx,"ATR 1. Point Township Dr, south of Ridge Rd",Point Township Dr,WB,2026-04-23,04:30:00,04:45:00,>720 to 840,0,,
input_xlsx.xlsx,"ATR 1. Point Township Dr, south of Ridge Rd",Point Township Dr,WB,2026-04-23,04:30:00,04:45:00,>840 to 960,0,,
input_xlsx.xlsx,"ATR 1. Point Township Dr, south of Ridge Rd",Point Township Dr,WB,2026-04-23,04:30:00,04:45:00,> 960,0,,
input_xlsx.xlsx,"ATR 1. Point Township Dr, south of Ridge Rd",Point Township Dr,WB,2026-04-23,04:45:00,05:00:00,0 to 72,0,,
input_xlsx.xlsx,"ATR 1. Point Township Dr, south of Ridge Rd",Point Township Dr,WB,2026-04-23,04:45:00,05:00:00,>72 to 120,0,,
input_xlsx.xlsx,"ATR 1. Point Township Dr, south of Ridge Rd",Point Township Dr,WB,2026-04-23,04:45:00,05:00:00,>120 to 180,7,,
input_xlsx.xlsx,"ATR 1. Point Township Dr, south of Ridge Rd",Point Township Dr,WB,2026-04-23,04:45:00,05:00:00,>180 to 240,5,,
input_xlsx.xlsx,"ATR 1. Point Township Dr, south of Ridge Rd",Point Township Dr,WB,2026-04-23,04:45:00,05:00:00,>240 to 300,0,,
input_xlsx.xlsx,"ATR 1. Point Township Dr, south of Ridge Rd",Point Township Dr,WB,2026-04-23,04:45:00,05:00:00,>300 to 360,0,,
input_xlsx.xlsx,"ATR 1. Point Township Dr, south of Ridge Rd",Point Township Dr,WB,2026-04-23,04:45:00,05:00:00,>360 to 480,0,,
input_xlsx.xlsx,"ATR 1. Point Township Dr, south of Ridge Rd",Point Township Dr,WB,2026-04-23,04:45:00,05:00:00,>480 to 600,0,,
input_xlsx.xlsx,"ATR 1. Point Township Dr, south of Ridge Rd",Point Township Dr,WB,2026-04-23,04:45:00,05:00:00,>600 to 720,0,,
input_xlsx.xlsx,"ATR 1. Point Township Dr, south of Ridge Rd",Point Township Dr,WB,2026-04-23,04:45:00,05:00:00,>720 to 840,0,,
input_xlsx.xlsx,"ATR 1. Point Township Dr, south of Ridge Rd",Point Township Dr,WB,2026-04-23,04:45:00,05:00:00,>840 to 960,0,,
input_xlsx.xlsx,"ATR 1. Point Township Dr, south of Ridge Rd",Point Township Dr,WB,2026-04-23,04:45:00,05:00:00,> 960,0,,
input_xlsx.xlsx,"ATR 1. Point Township Dr, south of Ridge Rd",Point Township Dr,WB,2026-04-23,05:00:00,05:15:00,0 to 72,0,,
input_xlsx.xlsx,"ATR 1. Point Township Dr, south of Ridge Rd",Point Township Dr,WB,2026-04-23,05:00:00,05:15:00,>72 to 120,0,,
input_xlsx.xlsx,"ATR 1. Point Township Dr, south of Ridge Rd",Point Township Dr,WB,2026-04-23,05:00:00,05:15:00,>120 to 180,5,,
input_xlsx.xlsx,"ATR 1. Point Township Dr, south of Ridge Rd",Point Township Dr,WB,2026-04-23,05:00:00,05:15:00,>180 to 240,7,,
input_xlsx.xlsx,"ATR 1. Point Township Dr, south of Ridge Rd",Point Township Dr,WB,2026-04-23,05:00:00,05:15:00,>240 to 300,0,,
input_xlsx.xlsx,"ATR 1. Point Township Dr, south of Ridge Rd",Point Township Dr,WB,2026-04-23,05:00:00,05:15:00,>300 to 360,0,,
input_xlsx.xlsx,"ATR 1. Point Township Dr, south of Ridge Rd",Point Township Dr,WB,2026-04-23,05:00:00,05:15:00,>360 to 480,0,,
input_xlsx.xlsx,"ATR 1. Point Township Dr, south of Ridge Rd",Point Township Dr,WB,2026-04-23,05:00:00,05:15:00,>480 to 600,0,,
input_xlsx.xlsx,"ATR 1. Point Township Dr, south of Ridge Rd",Point Township Dr,WB,2026-04-23,05:00:00,05:15:00,>600 to 720,0,,
input_xlsx.xlsx,"ATR 1. Point Township Dr, south of Ridge Rd",Point Township Dr,WB,2026-04-23,05:00:00,05:15:00,>720 to 840,0,,
input_xlsx.xlsx,"ATR 1. Point Township Dr, south of Ridge Rd",Point Township Dr,WB,2026-04-23,05:00:00,05:15:00,>840 to 960,0,,
input_xlsx.xlsx,"ATR 1. Point Township Dr, south of Ridge Rd",Point Township Dr,WB,2026-04-23,05:00:00,05:15:00,> 960,0,,
input_xlsx.xlsx,"ATR 1. Point Township Dr, south of Ridge Rd",Point Township Dr,WB,2026-04-23,05:15:00,05:30:00,0 to 72,0,,
input_xlsx.xlsx,"ATR 1. Point Township Dr, south of Ridge Rd",Point Township Dr,WB,2026-04-23,05:15:00,05:30:00,>72 to 120,0,,
input_xlsx.xlsx,"ATR 1. Point Township Dr, south of Ridge Rd",Point Township Dr,WB,2026-04-23,05:15:00,05:30:00,>120 to 180,18,,
input_xlsx.xlsx,"ATR 1. Point Township Dr, south of Ridge Rd",Point Township Dr,WB,2026-04-23,05:15:00,05:30:00,>180 to 240,7,,
input_xlsx.xlsx,"ATR 1. Point Township Dr, south of Ridge Rd",Point Township Dr,WB,2026-04-23,05:15:00,05:30:00,>240 to 300,1,,
input_xlsx.xlsx,"ATR 1. Point Township Dr, south of Ridge Rd",Point Township Dr,WB,2026-04-23,05:15:00,05:30:00,>300 to 360,1,,
input_xlsx.xlsx,"ATR 1. Point Township Dr, south of Ridge Rd",Point Township Dr,WB,2026-04-23,05:15:00,05:30:00,>360 to 480,1,,
input_xlsx.xlsx,"ATR 1. Point Township Dr, south of Ridge Rd",Point Township Dr,WB,2026-04-23,05:15:00,05:30:00,>480 to 600,0,,
input_xlsx.xlsx,"ATR 1. Point Township Dr, south of Ridge Rd",Point Township Dr,WB,2026-04-23,05:15:00,05:30:00,>600 to 720,0,,
input_xlsx.xlsx,"ATR 1. Point Township Dr, south of Ridge Rd",Point Township Dr,WB,2026-04-23,05:15:00,05:30:00,>720 to 840,1,,
input_xlsx.xlsx,"ATR 1. Point Township Dr, south of Ridge Rd",Point Township Dr,WB,2026-04-23,05:15:00,05:30:00,>840 to 960,3,,
input_xlsx.xlsx,"ATR 1. Point Township Dr, south of Ridge Rd",Point Township Dr,WB,2026-04-23,05:15:00,05:30:00,> 960,0,,
input_xlsx.xlsx,"ATR 1. Point Township Dr, south of Ridge Rd",Point Township Dr,WB,2026-04-23,05:30:00,05:45:00,0 to 72,0,,
input_xlsx.xlsx,"ATR 1. Point Township Dr, south of Ridge Rd",Point Township Dr,WB,2026-04-23,05:30:00,05:45:00,>72 to 120,0,,
input_xlsx.xlsx,"ATR 1. Point Township Dr, south of Ridge Rd",Point Township Dr,WB,2026-04-23,05:30:00,05:45:00,>120 to 180,15,,
input_xlsx.xlsx,"ATR 1. Point Township Dr, south of Ridge Rd",Point Township Dr,WB,2026-04-23,05:30:00,05:45:00,>180 to 240,9,,
input_xlsx.xlsx,"ATR 1. Point Township Dr, south of Ridge Rd",Point Township Dr,WB,2026-04-23,05:30:00,05:45:00,>240 to 300,0,,
input_xlsx.xlsx,"ATR 1. Point Township Dr, south of Ridge Rd",Point Township Dr,WB,2026-04-23,05:30:00,05:45:00,>300 to 360,2,,
input_xlsx.xlsx,"ATR 1. Point Township Dr, south of Ridge Rd",Point Township Dr,WB,2026-04-23,05:30:00,05:45:00,>360 to 480,0,,
input_xlsx.xlsx,"ATR 1. Point Township Dr, south of Ridge Rd",Point Township Dr,WB,2026-04-23,05:30:00,05:45:00,>480 to 600,0,,
input_xlsx.xlsx,"ATR 1. Point Township Dr, south of Ridge Rd",Point Township Dr,WB,2026-04-23,05:30:00,05:45:00,>600 to 720,0,,
input_xlsx.xlsx,"ATR 1. Point Township Dr, south of Ridge Rd",Point Township Dr,WB,2026-04-23,05:30:00,05:45:00,>720 to 840,2,,
input_xlsx.xlsx,"ATR 1. Point Township Dr, south of Ridge Rd",Point Township Dr,WB,2026-04-23,05:30:00,05:45:00,>840 to 960,0,,
input_xlsx.xlsx,"ATR 1. Point Township Dr, south of Ridge Rd",Point Township Dr,WB,2026-04-23,05:30:00,05:45:00,> 960,0,,
input_xlsx.xlsx,"ATR 1. Point Township Dr, south of Ridge Rd",Point Township Dr,WB,2026-04-23,05:45:00,06:00:00,0 to 72,0,,
input_xlsx.xlsx,"ATR 1. Point Township Dr, south of Ridge Rd",Point Township Dr,WB,2026-04-23,05:45:00,06:00:00,>72 to 120,0,,
input_xlsx.xlsx,"ATR 1. Point Township Dr, south of Ridge Rd",Point Township Dr,WB,2026-04-23,05:45:00,06:00:00,>120 to 180,27,,
input_xlsx.xlsx,"ATR 1. Point Township Dr, south of Ridge Rd",Point Township Dr,WB,2026-04-23,05:45:00,06:00:00,>180 to 240,11,,
input_xlsx.xlsx,"ATR 1. Point Township Dr, south of Ridge Rd",Point Township Dr,WB,2026-04-23,05:45:00,06:00:00,>240 to 300,0,,
input_xlsx.xlsx,"ATR 1. Point Township Dr, south of Ridge Rd",Point Township Dr,WB,2026-04-23,05:45:00,06:00:00,>300 to 360,1,,
input_xlsx.xlsx,"ATR 1. Point Township Dr, south of Ridge Rd",Point Township Dr,WB,2026-04-23,05:45:00,06:00:00,>360 to 480,0,,
input_xlsx.xlsx,"ATR 1. Point Township Dr, south of Ridge Rd",Point Township Dr,WB,2026-04-23,05:45:00,06:00:00,>480 to 600,3,,
input_xlsx.xlsx,"ATR 1. Point Township Dr, south of Ridge Rd",Point Township Dr,WB,2026-04-23,05:45:00,06:00:00,>600 to 720,1,,
input_xlsx.xlsx,"ATR 1. Point Township Dr, south of Ridge Rd",Point Township Dr,WB,2026-04-23,05:45:00,06:00:00,>720 to 840,1,,
input_xlsx.xlsx,"ATR 1. Point Township Dr, south of Ridge Rd",Point Township Dr,WB,2026-04-23,05:45:00,06:00:00,>840 to 960,0,,
input_xlsx.xlsx,"ATR 1. Point Township Dr, south of Ridge Rd",Point Township Dr,WB,2026-04-23,05:45:00,06:00:00,> 960,0,,
input_xlsx.xlsx,"ATR 1. Point Township Dr, south of Ridge Rd",Point Township Dr,WB,2026-04-23,06:00:00,06:15:00,0 to 72,0,,
input_xlsx.xlsx,"ATR 1. Point Township Dr, south of Ridge Rd",Point Township Dr,WB,2026-04-23,06:00:00,06:15:00,>72 to 120,1,,
input_xlsx.xlsx,"ATR 1. Point Township Dr, south of Ridge Rd",Point Township Dr,WB,2026-04-23,06:00:00,06:15:00,>120 to 180,22,,
input_xlsx.xlsx,"ATR 1. Point Township Dr, south of Ridge Rd",Point Township Dr,WB,2026-04-23,06:00:00,06:15:00,>180 to 240,7,,
input_xlsx.xlsx,"ATR 1. Point Township Dr, south of Ridge Rd",Point Township Dr,WB,2026-04-23,06:00:00,06:15:00,>240 to 300,1,,
input_xlsx.xlsx,"ATR 1. Point Township Dr, south of Ridge Rd",Point Township Dr,WB,2026-04-23,06:00:00,06:15:00,>300 to 360,3,,
input_xlsx.xlsx,"ATR 1. Point Township Dr, south of Ridge Rd",Point Township Dr,WB,2026-04-23,06:00:00,06:15:00,>360 to 480,1,,
input_xlsx.xlsx,"ATR 1. Point Township Dr, south of Ridge Rd",Point Township Dr,WB,2026-04-23,06:00:00,06:15:00,>480 to 600,1,,
input_xlsx.xlsx,"ATR 1. Point Township Dr, south of Ridge Rd",Point Township Dr,WB,2026-04-23,06:00:00,06:15:00,>600 to 720,1,,
input_xlsx.xlsx,"ATR 1. Point Township Dr, south of Ridge Rd",Point Township Dr,WB,2026-04-23,06:00:00,06:15:00,>720 to 840,1,,
input_xlsx.xlsx,"ATR 1. Point Township Dr, south of Ridge Rd",Point Township Dr,WB,2026-04-23,06:00:00,06:15:00,>840 to 960,0,,
input_xlsx.xlsx,"ATR 1. Point Township Dr, south of Ridge Rd",Point Township Dr,WB,2026-04-23,06:00:00,06:15:00,> 960,0,,
input_xlsx.xlsx,"ATR 1. Point Township Dr, south of Ridge Rd",Point Township Dr,WB,2026-04-23,06:15:00,06:30:00,0 to 72,0,,
input_xlsx.xlsx,"ATR 1. Point Township Dr, south of Ridge Rd",Point Township Dr,WB,2026-04-23,06:15:00,06:30:00,>72 to 120,0,,
input_xlsx.xlsx,"ATR 1. Point Township Dr, south of Ridge Rd",Point Township Dr,WB,2026-04-23,06:15:00,06:30:00,>120 to 180,30,,
input_xlsx.xlsx,"ATR 1. Point Township Dr, south of Ridge Rd",Point Township Dr,WB,2026-04-23,06:15:00,06:30:00,>180 to 240,20,,
input_xlsx.xlsx,"ATR 1. Point Township Dr, south of Ridge Rd",Point Township Dr,WB,2026-04-23,06:15:00,06:30:00,>240 to 300,2,,
input_xlsx.xlsx,"ATR 1. Point Township Dr, south of Ridge Rd",Point Township Dr,WB,2026-04-23,06:15:00,06:30:00,>300 to 360,0,,
input_xlsx.xlsx,"ATR 1. Point Township Dr, south of Ridge Rd",Point Township Dr,WB,2026-04-23,06:15:00,06:30:00,>360 to 480,2,,
input_xlsx.xlsx,"ATR 1. Point Township Dr, south of Ridge Rd",Point Township Dr,WB,2026-04-23,06:15:00,06:30:00,>480 to 600,0,,
input_xlsx.xlsx,"ATR 1. Point Township Dr, south of Ridge Rd",Point Township Dr,WB,2026-04-23,06:15:00,06:30:00,>600 to 720,1,,
input_xlsx.xlsx,"ATR 1. Point Township Dr, south of Ridge Rd",Point Township Dr,WB,2026-04-23,06:15:00,06:30:00,>720 to 840,1,,
input_xlsx.xlsx,"ATR 1. Point Township Dr, south of Ridge Rd",Point Township Dr,WB,2026-04-23,06:15:00,06:30:00,>840 to 960,4,,
input_xlsx.xlsx,"ATR 1. Point Township Dr, south of Ridge Rd",Point Township Dr,WB,2026-04-23,06:15:00,06:30:00,> 960,0,,
input_xlsx.xlsx,"ATR 1. Point Township Dr, south of Ridge Rd",Point Township Dr,WB,2026-04-23,06:30:00,06:45:00,0 to 72,0,,
input_xlsx.xlsx,"ATR 1. Point Township Dr, south of Ridge Rd",Point Township Dr,WB,2026-04-23,06:30:00,06:45:00,>72 to 120,0,,
input_xlsx.xlsx,"ATR 1. Point Township Dr, south of Ridge Rd",Point Township Dr,WB,2026-04-23,06:30:00,06:45:00,>120 to 180,37,,
input_xlsx.xlsx,"ATR 1. Point Township Dr, south of Ridge Rd",Point Township Dr,WB,2026-04-23,06:30:00,06:45:00,>180 to 240,12,,
input_xlsx.xlsx,"ATR 1. Point Township Dr, south of Ridge Rd",Point Township Dr,WB,2026-04-23,06:30:00,06:45:00,>240 to 300,0,,
input_xlsx.xlsx,"ATR 1. Point Township Dr, south of Ridge Rd",Point Township Dr,WB,2026-04-23,06:30:00,06:45:00,>300 to 360,1,,
input_xlsx.xlsx,"ATR 1. Point Township Dr, south of Ridge Rd",Point Township Dr,WB,2026-04-23,06:30:00,06:45:00,>360 to 480,4,,
input_xlsx.xlsx,"ATR 1. Point Township Dr, south of Ridge Rd",Point Township Dr,WB,2026-04-23,06:30:00,06:45:00,>480 to 600,2,,
input_xlsx.xlsx,"ATR 1. Point Township Dr, south of Ridge Rd",Point Township Dr,WB,2026-04-23,06:30:00,06:45:00,>600 to 720,1,,
input_xlsx.xlsx,"ATR 1. Point Township Dr, south of Ridge Rd",Point Township Dr,WB,2026-04-23,06:30:00,06:45:00,>720 to 840,2,,
input_xlsx.xlsx,"ATR 1. Point Township Dr, south of Ridge Rd",Point Township Dr,WB,2026-04-23,06:30:00,06:45:00,>840 to 960,0,,
input_xlsx.xlsx,"ATR 1. Point Township Dr, south of Ridge Rd",Point Township Dr,WB,2026-04-23,06:30:00,06:45:00,> 960,0,,
input_xlsx.xlsx,"ATR 1. Point Township Dr, south of Ridge Rd",Point Township Dr,WB,2026-04-23,06:45:00,07:00:00,0 to 72,0,,
input_xlsx.xlsx,"ATR 1. Point Township Dr, south of Ridge Rd",Point Township Dr,WB,2026-04-23,06:45:00,07:00:00,>72 to 120,1,,
input_xlsx.xlsx,"ATR 1. Point Township Dr, south of Ridge Rd",Point Township Dr,WB,2026-04-23,06:45:00,07:00:00,>120 to 180,43,,
input_xlsx.xlsx,"ATR 1. Point Township Dr, south of Ridge Rd",Point Township Dr,WB,2026-04-23,06:45:00,07:00:00,>180 to 240,25,,
input_xlsx.xlsx,"ATR 1. Point Township Dr, south of Ridge Rd",Point Township Dr,WB,2026-04-23,06:45:00,07:00:00,>240 to 300,7,,
input_xlsx.xlsx,"ATR 1. Point Township Dr, south of Ridge Rd",Point Township Dr,WB,2026-04-23,06:45:00,07:00:00,>300 to 360,1,,
input_xlsx.xlsx,"ATR 1. Point Township Dr, south of Ridge Rd",Point Township Dr,WB,2026-04-23,06:45:00,07:00:00,>360 to 480,6,,
input_xlsx.xlsx,"ATR 1. Point Township Dr, south of Ridge Rd",Point Township Dr,WB,2026-04-23,06:45:00,07:00:00,>480 to 600,0,,
input_xlsx.xlsx,"ATR 1. Point Township Dr, south of Ridge Rd",Point Township Dr,WB,2026-04-23,06:45:00,07:00:00,>600 to 720,2,,
input_xlsx.xlsx,"ATR 1. Point Township Dr, south of Ridge Rd",Point Township Dr,WB,2026-04-23,06:45:00,07:00:00,>720 to 840,1,,
input_xlsx.xlsx,"ATR 1. Point Township Dr, south of Ridge Rd",Point Township Dr,WB,2026-04-23,06:45:00,07:00:00,>840 to 960,1,,
input_xlsx.xlsx,"ATR 1. Point Township Dr, south of Ridge Rd",Point Township Dr,WB,2026-04-23,06:45:00,07:00:00,> 960,0,,
input_xlsx.xlsx,"ATR 1. Point Township Dr, south of Ridge Rd",Point Township Dr,WB,2026-04-23,07:00:00,07:15:00,0 to 72,0,,
input_xlsx.xlsx,"ATR 1. Point Township Dr, south of Ridge Rd",Point Township Dr,WB,2026-04-23,07:00:00,07:15:00,>72 to 120,0,,
input_xlsx.xlsx,"ATR 1. Point Township Dr, south of Ridge Rd",Point Township Dr,WB,2026-04-23,07:00:00,07:15:00,>120 to 180,42,,
input_xlsx.xlsx,"ATR 1. Point Township Dr, south of Ridge Rd",Point Township Dr,WB,2026-04-23,07:00:00,07:15:00,>180 to 240,22,,
input_xlsx.xlsx,"ATR 1. Point Township Dr, south of Ridge Rd",Point Township Dr,WB,2026-04-23,07:00:00,07:15:00,>240 to 300,4,,
input_xlsx.xlsx,"ATR 1. Point Township Dr, south of Ridge Rd",Point Township Dr,WB,2026-04-23,07:00:00,07:15:00,>300 to 360,1,,
input_xlsx.xlsx,"ATR 1. Point Township Dr, south of Ridge Rd",Point Township Dr,WB,2026-04-23,07:00:00,07:15:00,>360 to 480,1,,
input_xlsx.xlsx,"ATR 1. Point Township Dr, south of Ridge Rd",Point Township Dr,WB,2026-04-23,07:00:00,07:15:00,>480 to 600,1,,
input_xlsx.xlsx,"ATR 1. Point Township Dr, south of Ridge Rd",Point Township Dr,WB,2026-04-23,07:00:00,07:15:00,>600 to 720,0,,
input_xlsx.xlsx,"ATR 1. Point Township Dr, south of Ridge Rd",Point Township Dr,WB,2026-04-23,07:00:00,07:15:00,>720 to 840,2,,
input_xlsx.xlsx,"ATR 1. Point Township Dr, south of Ridge Rd",Point Township Dr,WB,2026-04-23,07:00:00,07:15:00,>840 to 960,1,,
input_xlsx.xlsx,"ATR 1. Point Township Dr, south of Ridge Rd",Point Township Dr,WB,2026-04-23,07:00:00,07:15:00,> 960,0,,
input_xlsx.xlsx,"ATR 1. Point Township Dr, south of Ridge Rd",Point Township Dr,WB,2026-04-23,07:15:00,07:30:00,0 to 72,0,,
input_xlsx.xlsx,"ATR 1. Point Township Dr, south of Ridge Rd",Point Township Dr,WB,2026-04-23,07:15:00,07:30:00,>72 to 120,0,,
input_xlsx.xlsx,"ATR 1. Point Township Dr, south of Ridge Rd",Point Township Dr,WB,2026-04-23,07:15:00,07:30:00,>120 to 180,48,,
input_xlsx.xlsx,"ATR 1. Point Township Dr, south of Ridge Rd",Point Township Dr,WB,2026-04-23,07:15:00,07:30:00,>180 to 240,17,,
input_xlsx.xlsx,"ATR 1. Point Township Dr, south of Ridge Rd",Point Township Dr,WB,2026-04-23,07:15:00,07:30:00,>240 to 300,2,,
input_xlsx.xlsx,"ATR 1. Point Township Dr, south of Ridge Rd",Point Township Dr,WB,2026-04-23,07:15:00,07:30:00,>300 to 360,0,,
input_xlsx.xlsx,"ATR 1. Point Township Dr, south of Ridge Rd",Point Township Dr,WB,2026-04-23,07:15:00,07:30:00,>360 to 480,3,,
input_xlsx.xlsx,"ATR 1. Point Township Dr, south of Ridge Rd",Point Township Dr,WB,2026-04-23,07:15:00,07:30:00,>480 to 600,0,,
input_xlsx.xlsx,"ATR 1. Point Township Dr, south of Ridge Rd",Point Township Dr,WB,2026-04-23,07:15:00,07:30:00,>600 to 720,1,,
input_xlsx.xlsx,"ATR 1. Point Township Dr, south of Ridge Rd",Point Township Dr,WB,2026-04-23,07:15:00,07:30:00,>720 to 840,2,,
input_xlsx.xlsx,"ATR 1. Point Township Dr, south of Ridge Rd",Point Township Dr,WB,2026-04-23,07:15:00,07:30:00,>840 to 960,1,,
input_xlsx.xlsx,"ATR 1. Point Township Dr, south of Ridge Rd",Point Township Dr,WB,2026-04-23,07:15:00,07:30:00,> 960,0,,
input_xlsx.xlsx,"ATR 1. Point Township Dr, south of Ridge Rd",Point Township Dr,WB,2026-04-23,07:30:00,07:45:00,0 to 72,0,,
input_xlsx.xlsx,"ATR 1. Point Township Dr, south of Ridge Rd",Point Township Dr,WB,2026-04-23,07:30:00,07:45:00,>72 to 120,1,,
input_xlsx.xlsx,"ATR 1. Point Township Dr, south of Ridge Rd",Point Township Dr,WB,2026-04-23,07:30:00,07:45:00,>120 to 180,73,,
input_xlsx.xlsx,"ATR 1. Point Township Dr, south of Ridge Rd",Point Township Dr,WB,2026-04-23,07:30:00,07:45:00,>180 to 240,14,,
input_xlsx.xlsx,"ATR 1. Point Township Dr, south of Ridge Rd",Point Township Dr,WB,2026-04-23,07:30:00,07:45:00,>240 to 300,5,,
input_xlsx.xlsx,"ATR 1. Point Township Dr, south of Ridge Rd",Point Township Dr,WB,2026-04-23,07:30:00,07:45:00,>300 to 360,2,,
input_xlsx.xlsx,"ATR 1. Point Township Dr, south of Ridge Rd",Point Township Dr,WB,2026-04-23,07:30:00,07:45:00,>360 to 480,1,,
input_xlsx.xlsx,"ATR 1. Point Township Dr, south of Ridge Rd",Point Township Dr,WB,2026-04-23,07:30:00,07:45:00,>480 to 600,0,,
input_xlsx.xlsx,"ATR 1. Point Township Dr, south of Ridge Rd",Point Township Dr,WB,2026-04-23,07:30:00,07:45:00,>600 to 720,2,,
input_xlsx.xlsx,"ATR 1. Point Township Dr, south of Ridge Rd",Point Township Dr,WB,2026-04-23,07:30:00,07:45:00,>720 to 840,0,,
input_xlsx.xlsx,"ATR 1. Point Township Dr, south of Ridge Rd",Point Township Dr,WB,2026-04-23,07:30:00,07:45:00,>840 to 960,0,,
input_xlsx.xlsx,"ATR 1. Point Township Dr, south of Ridge Rd",Point Township Dr,WB,2026-04-23,07:30:00,07:45:00,> 960,0,,
input_xlsx.xlsx,"ATR 1. Point Township Dr, south of Ridge Rd",Point Township Dr,WB,2026-04-23,07:45:00,08:00:00,0 to 72,1,,
input_xlsx.xlsx,"ATR 1. Point Township Dr, south of Ridge Rd",Point Township Dr,WB,2026-04-23,07:45:00,08:00:00,>72 to 120,1,,
input_xlsx.xlsx,"ATR 1. Point Township Dr, south of Ridge Rd",Point Township Dr,WB,2026-04-23,07:45:00,08:00:00,>120 to 180,69,,
input_xlsx.xlsx,"ATR 1. Point Township Dr, south of Ridge Rd",Point Township Dr,WB,2026-04-23,07:45:00,08:00:00,>180 to 240,22,,
input_xlsx.xlsx,"ATR 1. Point Township Dr, south of Ridge Rd",Point Township Dr,WB,2026-04-23,07:45:00,08:00:00,>240 to 300,4,,
input_xlsx.xlsx,"ATR 1. Point Township Dr, south of Ridge Rd",Point Township Dr,WB,2026-04-23,07:45:00,08:00:00,>300 to 360,1,,
input_xlsx.xlsx,"ATR 1. Point Township Dr, south of Ridge Rd",Point Township Dr,WB,2026-04-23,07:45:00,08:00:00,>360 to 480,5,,
input_xlsx.xlsx,"ATR 1. Point Township Dr, south of Ridge Rd",Point Township Dr,WB,2026-04-23,07:45:00,08:00:00,>480 to 600,1,,
input_xlsx.xlsx,"ATR 1. Point Township Dr, south of Ridge Rd",Point Township Dr,WB,2026-04-23,07:45:00,08:00:00,>600 to 720,0,,
input_xlsx.xlsx,"ATR 1. Point Township Dr, south of Ridge Rd",Point Township Dr,WB,2026-04-23,07:45:00,08:00:00,>720 to 840,1,,
input_xlsx.xlsx,"ATR 1. Point Township Dr, south of Ridge Rd",Point Township Dr,WB,2026-04-23,07:45:00,08:00:00,>840 to 960,2,,
input_xlsx.xlsx,"ATR 1. Point Township Dr, south of Ridge Rd",Point Township Dr,WB,2026-04-23,07:45:00,08:00:00,> 960,0,,
input_xlsx.xlsx,"ATR 1. Point Township Dr, south of Ridge Rd",Point Township Dr,WB,2026-04-23,08:00:00,08:15:00,0 to 72,0,,
input_xlsx.xlsx,"ATR 1. Point Township Dr, south of Ridge Rd",Point Township Dr,WB,2026-04-23,08:00:00,08:15:00,>72 to 120,1,,
input_xlsx.xlsx,"ATR 1. Point Township Dr, south of Ridge Rd",Point Township Dr,WB,2026-04-23,08:00:00,08:15:00,>120 to 180,52,,
input_xlsx.xlsx,"ATR 1. Point Township Dr, south of Ridge Rd",Point Township Dr,WB,2026-04-23,08:00:00,08:15:00,>180 to 240,21,,
input_xlsx.xlsx,"ATR 1. Point Township Dr, south of Ridge Rd",Point Township Dr,WB,2026-04-23,08:00:00,08:15:00,>240 to 300,2,,
input_xlsx.xlsx,"ATR 1. Point Township Dr, south of Ridge Rd",Point Township Dr,WB,2026-04-23,08:00:00,08:15:00,>300 to 360,4,,
input_xlsx.xlsx,"ATR 1. Point Township Dr, south of Ridge Rd",Point Township Dr,WB,2026-04-23,08:00:00,08:15:00,>360 to 480,4,,
input_xlsx.xlsx,"ATR 1. Point Township Dr, south of Ridge Rd",Point Township Dr,WB,2026-04-23,08:00:00,08:15:00,>480 to 600,0,,
input_xlsx.xlsx,"ATR 1. Point Township Dr, south of Ridge Rd",Point Township Dr,WB,2026-04-23,08:00:00,08:15:00,>600 to 720,1,,
input_xlsx.xlsx,"ATR 1. Point Township Dr, south of Ridge Rd",Point Township Dr,WB,2026-04-23,08:00:00,08:15:00,>720 to 840,1,,
input_xlsx.xlsx,"ATR 1. Point Township Dr, south of Ridge Rd",Point Township Dr,WB,2026-04-23,08:00:00,08:15:00,>840 to 960,2,,
input_xlsx.xlsx,"ATR 1. Point Township Dr, south of Ridge Rd",Point Township Dr,WB,2026-04-23,08:00:00,08:15:00,> 960,0,,
input_xlsx.xlsx,"ATR 1. Point Township Dr, south of Ridge Rd",Point Township Dr,WB,2026-04-23,08:15:00,08:30:00,0 to 72,0,,
input_xlsx.xlsx,"ATR 1. Point Township Dr, south of Ridge Rd",Point Township Dr,WB,2026-04-23,08:15:00,08:30:00,>72 to 120,0,,
input_xlsx.xlsx,"ATR 1. Point Township Dr, south of Ridge Rd",Point Township Dr,WB,2026-04-23,08:15:00,08:30:00,>120 to 180,57,,
input_xlsx.xlsx,"ATR 1. Point Township Dr, south of Ridge Rd",Point Township Dr,WB,2026-04-23,08:15:00,08:30:00,>180 to 240,19,,
input_xlsx.xlsx,"ATR 1. Point Township Dr, south of Ridge Rd",Point Township Dr,WB,2026-04-23,08:15:00,08:30:00,>240 to 300,2,,
input_xlsx.xlsx,"ATR 1. Point Township Dr, south of Ridge Rd",Point Township Dr,WB,2026-04-23,08:15:00,08:30:00,>300 to 360,0,,
input_xlsx.xlsx,"ATR 1. Point Township Dr, south of Ridge Rd",Point Township Dr,WB,2026-04-23,08:15:00,08:30:00,>360 to 480,3,,
input_xlsx.xlsx,"ATR 1. Point Township Dr, south of Ridge Rd",Point Township Dr,WB,2026-04-23,08:15:00,08:30:00,>480 to 600,0,,
input_xlsx.xlsx,"ATR 1. Point Township Dr, south of Ridge Rd",Point Township Dr,WB,2026-04-23,08:15:00,08:30:00,>600 to 720,1,,
input_xlsx.xlsx,"ATR 1. Point Township Dr, south of Ridge Rd",Point Township Dr,WB,2026-04-23,08:15:00,08:30:00,>720 to 840,1,,
input_xlsx.xlsx,"ATR 1. Point Township Dr, south of Ridge Rd",Point Township Dr,WB,2026-04-23,08:15:00,08:30:00,>840 to 960,3,,
input_xlsx.xlsx,"ATR 1. Point Township Dr, south of Ridge Rd",Point Township Dr,WB,2026-04-23,08:15:00,08:30:00,> 960,0,,
input_xlsx.xlsx,"ATR 1. Point Township Dr, south of Ridge Rd",Point Township Dr,WB,2026-04-23,08:30:00,08:45:00,0 to 72,0,,
input_xlsx.xlsx,"ATR 1. Point Township Dr, south of Ridge Rd",Point Township Dr,WB,2026-04-23,08:30:00,08:45:00,>72 to 120,0,,
input_xlsx.xlsx,"ATR 1. Point Township Dr, south of Ridge Rd",Point Township Dr,WB,2026-04-23,08:30:00,08:45:00,>120 to 180,52,,
input_xlsx.xlsx,"ATR 1. Point Township Dr, south of Ridge Rd",Point Township Dr,WB,2026-04-23,08:30:00,08:45:00,>180 to 240,21,,
input_xlsx.xlsx,"ATR 1. Point Township Dr, south of Ridge Rd",Point Township Dr,WB,2026-04-23,08:30:00,08:45:00,>240 to 300,0,,
input_xlsx.xlsx,"ATR 1. Point Township Dr, south of Ridge Rd",Point Township Dr,WB,2026-04-23,08:30:00,08:45:00,>300 to 360,1,,
input_xlsx.xlsx,"ATR 1. Point Township Dr, south of Ridge Rd",Point Township Dr,WB,2026-04-23,08:30:00,08:45:00,>360 to 480,2,,
input_xlsx.xlsx,"ATR 1. Point Township Dr, south of Ridge Rd",Point Township Dr,WB,2026-04-23,08:30:00,08:45:00,>480 to 600,0,,
input_xlsx.xlsx,"ATR 1. Point Township Dr, south of Ridge Rd",Point Township Dr,WB,2026-04-23,08:30:00,08:45:00,>600 to 720,0,,
input_xlsx.xlsx,"ATR 1. Point Township Dr, south of Ridge Rd",Point Township Dr,WB,2026-04-23,08:30:00,08:45:00,>720 to 840,2,,
input_xlsx.xlsx,"ATR 1. Point Township Dr, south of Ridge Rd",Point Township Dr,WB,2026-04-23,08:30:00,08:45:00,>840 to 960,0,,
input_xlsx.xlsx,"ATR 1. Point Township Dr, south of Ridge Rd",Point Township Dr,WB,2026-04-23,08:30:00,08:45:00,> 960,0,,
input_xlsx.xlsx,"ATR 1. Point Township Dr, south of Ridge Rd",Point Township Dr,WB,2026-04-23,08:45:00,09:00:00,0 to 72,1,,
input_xlsx.xlsx,"ATR 1. Point Township Dr, south of Ridge Rd",Point Township Dr,WB,2026-04-23,08:45:00,09:00:00,>72 to 120,0,,
input_xlsx.xlsx,"ATR 1. Point Township Dr, south of Ridge Rd",Point Township Dr,WB,2026-04-23,08:45:00,09:00:00,>120 to 180,69,,
input_xlsx.xlsx,"ATR 1. Point Township Dr, south of Ridge Rd",Point Township Dr,WB,2026-04-23,08:45:00,09:00:00,>180 to 240,11,,
input_xlsx.xlsx,"ATR 1. Point Township Dr, south of Ridge Rd",Point Township Dr,WB,2026-04-23,08:45:00,09:00:00,>240 to 300,7,,
input_xlsx.xlsx,"ATR 1. Point Township Dr, south of Ridge Rd",Point Township Dr,WB,2026-04-23,08:45:00,09:00:00,>300 to 360,0,,
input_xlsx.xlsx,"ATR 1. Point Township Dr, south of Ridge Rd",Point Township Dr,WB,2026-04-23,08:45:00,09:00:00,>360 to 480,3,,
input_xlsx.xlsx,"ATR 1. Point Township Dr, south of Ridge Rd",Point Township Dr,WB,2026-04-23,08:45:00,09:00:00,>480 to 600,0,,
input_xlsx.xlsx,"ATR 1. Point Township Dr, south of Ridge Rd",Point Township Dr,WB,2026-04-23,08:45:00,09:00:00,>600 to 720,0,,
input_xlsx.xlsx,"ATR 1. Point Township Dr, south of Ridge Rd",Point Township Dr,WB,2026-04-23,08:45:00,09:00:00,>720 to 840,3,,
input_xlsx.xlsx,"ATR 1. Point Township Dr, south of Ridge Rd",Point Township Dr,WB,2026-04-23,08:45:00,09:00:00,>840 to 960,0,,
input_xlsx.xlsx,"ATR 1. Point Township Dr, south of Ridge Rd",Point Township Dr,WB,2026-04-23,08:45:00,09:00:00,> 960,0,,
input_xlsx.xlsx,"ATR 1. Point Township Dr, south of Ridge Rd",Point Township Dr,WB,2026-04-23,09:00:00,09:15:00,0 to 72,0,,
input_xlsx.xlsx,"ATR 1. Point Township Dr, south of Ridge Rd",Point Township Dr,WB,2026-04-23,09:00:00,09:15:00,>72 to 120,1,,
input_xlsx.xlsx,"ATR 1. Point Township Dr, south of Ridge Rd",Point Township Dr,WB,2026-04-23,09:00:00,09:15:00,>120 to 180,51,,
input_xlsx.xlsx,"ATR 1. Point Township Dr, south of Ridge Rd",Point Township Dr,WB,2026-04-23,09:00:00,09:15:00,>180 to 240,26,,
input_xlsx.xlsx,"ATR 1. Point Township Dr, south of Ridge Rd",Point Township Dr,WB,2026-04-23,09:00:00,09:15:00,>240 to 300,6,,
input_xlsx.xlsx,"ATR 1. Point Township Dr, south of Ridge Rd",Point Township Dr,WB,2026-04-23,09:00:00,09:15:00,>300 to 360,3,,
input_xlsx.xlsx,"ATR 1. Point Township Dr, south of Ridge Rd",Point Township Dr,WB,2026-04-23,09:00:00,09:15:00,>360 to 480,6,,
input_xlsx.xlsx,"ATR 1. Point Township Dr, south of Ridge Rd",Point Township Dr,WB,2026-04-23,09:00:00,09:15:00,>480 to 600,0,,
input_xlsx.xlsx,"ATR 1. Point Township Dr, south of Ridge Rd",Point Township Dr,WB,2026-04-23,09:00:00,09:15:00,>600 to 720,2,,
input_xlsx.xlsx,"ATR 1. Point Township Dr, south of Ridge Rd",Point Township Dr,WB,2026-04-23,09:00:00,09:15:00,>720 to 840,2,,
input_xlsx.xlsx,"ATR 1. Point Township Dr, south of Ridge Rd",Point Township Dr,WB,2026-04-23,09:00:00,09:15:00,>840 to 960,0,,
input_xlsx.xlsx,"ATR 1. Point Township Dr, south of Ridge Rd",Point Township Dr,WB,2026-04-23,09:00:00,09:15:00,> 960,0,,
input_xlsx.xlsx,"ATR 1. Point Township Dr, south of Ridge Rd",Point Township Dr,WB,2026-04-23,09:15:00,09:30:00,0 to 72,0,,
input_xlsx.xlsx,"ATR 1. Point Township Dr, south of Ridge Rd",Point Township Dr,WB,2026-04-23,09:15:00,09:30:00,>72 to 120,0,,
input_xlsx.xlsx,"ATR 1. Point Township Dr, south of Ridge Rd",Point Township Dr,WB,2026-04-23,09:15:00,09:30:00,>120 to 180,57,,
input_xlsx.xlsx,"ATR 1. Point Township Dr, south of Ridge Rd",Point Township Dr,WB,2026-04-23,09:15:00,09:30:00,>180 to 240,21,,
input_xlsx.xlsx,"ATR 1. Point Township Dr, south of Ridge Rd",Point Township Dr,WB,2026-04-23,09:15:00,09:30:00,>240 to 300,4,,
input_xlsx.xlsx,"ATR 1. Point Township Dr, south of Ridge Rd",Point Township Dr,WB,2026-04-23,09:15:00,09:30:00,>300 to 360,0,,
input_xlsx.xlsx,"ATR 1. Point Township Dr, south of Ridge Rd",Point Township Dr,WB,2026-04-23,09:15:00,09:30:00,>360 to 480,5,,
input_xlsx.xlsx,"ATR 1. Point Township Dr, south of Ridge Rd",Point Township Dr,WB,2026-04-23,09:15:00,09:30:00,>480 to 600,0,,
input_xlsx.xlsx,"ATR 1. Point Township Dr, south of Ridge Rd",Point Township Dr,WB,2026-04-23,09:15:00,09:30:00,>600 to 720,3,,
input_xlsx.xlsx,"ATR 1. Point Township Dr, south of Ridge Rd",Point Township Dr,WB,2026-04-23,09:15:00,09:30:00,>720 to 840,1,,
input_xlsx.xlsx,"ATR 1. Point Township Dr, south of Ridge Rd",Point Township Dr,WB,2026-04-23,09:15:00,09:30:00,>840 to 960,1,,
input_xlsx.xlsx,"ATR 1. Point Township Dr, south of Ridge Rd",Point Township Dr,WB,2026-04-23,09:15:00,09:30:00,> 960,0,,
input_xlsx.xlsx,"ATR 1. Point Township Dr, south of Ridge Rd",Point Township Dr,WB,2026-04-23,09:30:00,09:45:00,0 to 72,0,,
input_xlsx.xlsx,"ATR 1. Point Township Dr, south of Ridge Rd",Point Township Dr,WB,2026-04-23,09:30:00,09:45:00,>72 to 120,0,,
input_xlsx.xlsx,"ATR 1. Point Township Dr, south of Ridge Rd",Point Township Dr,WB,2026-04-23,09:30:00,09:45:00,>120 to 180,47,,
input_xlsx.xlsx,"ATR 1. Point Township Dr, south of Ridge Rd",Point Township Dr,WB,2026-04-23,09:30:00,09:45:00,>180 to 240,15,,
input_xlsx.xlsx,"ATR 1. Point Township Dr, south of Ridge Rd",Point Township Dr,WB,2026-04-23,09:30:00,09:45:00,>240 to 300,2,,
input_xlsx.xlsx,"ATR 1. Point Township Dr, south of Ridge Rd",Point Township Dr,WB,2026-04-23,09:30:00,09:45:00,>300 to 360,1,,
input_xlsx.xlsx,"ATR 1. Point Township Dr, south of Ridge Rd",Point Township Dr,WB,2026-04-23,09:30:00,09:45:00,>360 to 480,4,,
input_xlsx.xlsx,"ATR 1. Point Township Dr, south of Ridge Rd",Point Township Dr,WB,2026-04-23,09:30:00,09:45:00,>480 to 600,0,,
input_xlsx.xlsx,"ATR 1. Point Township Dr, south of Ridge Rd",Point Township Dr,WB,2026-04-23,09:30:00,09:45:00,>600 to 720,2,,
input_xlsx.xlsx,"ATR 1. Point Township Dr, south of Ridge Rd",Point Township Dr,WB,2026-04-23,09:30:00,09:45:00,>720 to 840,3,,
input_xlsx.xlsx,"ATR 1. Point Township Dr, south of Ridge Rd",Point Township Dr,WB,2026-04-23,09:30:00,09:45:00,>840 to 960,3,,
input_xlsx.xlsx,"ATR 1. Point Township Dr, south of Ridge Rd",Point Township Dr,WB,2026-04-23,09:30:00,09:45:00,> 960,0,,
input_xlsx.xlsx,"ATR 1. Point Township Dr, south of Ridge Rd",Point Township Dr,WB,2026-04-23,09:45:00,10:00:00,0 to 72,0,,
input_xlsx.xlsx,"ATR 1. Point Township Dr, south of Ridge Rd",Point Township Dr,WB,2026-04-23,09:45:00,10:00:00,>72 to 120,0,,
input_xlsx.xlsx,"ATR 1. Point Township Dr, south of Ridge Rd",Point Township Dr,WB,2026-04-23,09:45:00,10:00:00,>120 to 180,38,,
input_xlsx.xlsx,"ATR 1. Point Township Dr, south of Ridge Rd",Point Township Dr,WB,2026-04-23,09:45:00,10:00:00,>180 to 240,13,,
input_xlsx.xlsx,"ATR 1. Point Township Dr, south of Ridge Rd",Point Township Dr,WB,2026-04-23,09:45:00,10:00:00,>240 to 300,3,,
input_xlsx.xlsx,"ATR 1. Point Township Dr, south of Ridge Rd",Point Township Dr,WB,2026-04-23,09:45:00,10:00:00,>300 to 360,1,,
input_xlsx.xlsx,"ATR 1. Point Township Dr, south of Ridge Rd",Point Township Dr,WB,2026-04-23,09:45:00,10:00:00,>360 to 480,4,,
input_xlsx.xlsx,"ATR 1. Point Township Dr, south of Ridge Rd",Point Township Dr,WB,2026-04-23,09:45:00,10:00:00,>480 to 600,1,,
input_xlsx.xlsx,"ATR 1. Point Township Dr, south of Ridge Rd",Point Township Dr,WB,2026-04-23,09:45:00,10:00:00,>600 to 720,0,,
input_xlsx.xlsx,"ATR 1. Point Township Dr, south of Ridge Rd",Point Township Dr,WB,2026-04-23,09:45:00,10:00:00,>720 to 840,2,,
input_xlsx.xlsx,"ATR 1. Point Township Dr, south of Ridge Rd",Point Township Dr,WB,2026-04-23,09:45:00,10:00:00,>840 to 960,2,,
input_xlsx.xlsx,"ATR 1. Point Township Dr, south of Ridge Rd",Point Township Dr,WB,2026-04-23,09:45:00,10:00:00,> 960,0,,
input_xlsx.xlsx,"ATR 1. Point Township Dr, south of Ridge Rd",Point Township Dr,WB,2026-04-23,10:00:00,10:15:00,0 to 72,0,,
input_xlsx.xlsx,"ATR 1. Point Township Dr, south of Ridge Rd",Point Township Dr,WB,2026-04-23,10:00:00,10:15:00,>72 to 120,1,,
input_xlsx.xlsx,"ATR 1. Point Township Dr, south of Ridge Rd",Point Township Dr,WB,2026-04-23,10:00:00,10:15:00,>120 to 180,43,,
input_xlsx.xlsx,"ATR 1. Point Township Dr, south of Ridge Rd",Point Township Dr,WB,2026-04-23,10:00:00,10:15:00,>180 to 240,9,,
input_xlsx.xlsx,"ATR 1. Point Township Dr, south of Ridge Rd",Point Township Dr,WB,2026-04-23,10:00:00,10:15:00,>240 to 300,6,,
input_xlsx.xlsx,"ATR 1. Point Township Dr, south of Ridge Rd",Point Township Dr,WB,2026-04-23,10:00:00,10:15:00,>300 to 360,3,,
input_xlsx.xlsx,"ATR 1. Point Township Dr, south of Ridge Rd",Point Township Dr,WB,2026-04-23,10:00:00,10:15:00,>360 to 480,4,,
input_xlsx.xlsx,"ATR 1. Point Township Dr, south of Ridge Rd",Point Township Dr,WB,2026-04-23,10:00:00,10:15:00,>480 to 600,0,,
input_xlsx.xlsx,"ATR 1. Point Township Dr, south of Ridge Rd",Point Township Dr,WB,2026-04-23,10:00:00,10:15:00,>600 to 720,1,,
input_xlsx.xlsx,"ATR 1. Point Township Dr, south of Ridge Rd",Point Township Dr,WB,2026-04-23,10:00:00,10:15:00,>720 to 840,1,,
input_xlsx.xlsx,"ATR 1. Point Township Dr, south of Ridge Rd",Point Township Dr,WB,2026-04-23,10:00:00,10:15:00,>840 to 960,0,,
input_xlsx.xlsx,"ATR 1. Point Township Dr, south of Ridge Rd",Point Township Dr,WB,2026-04-23,10:00:00,10:15:00,> 960,0,,
input_xlsx.xlsx,"ATR 1. Point Township Dr, south of Ridge Rd",Point Township Dr,WB,2026-04-23,10:15:00,10:30:00,0 to 72,1,,
input_xlsx.xlsx,"ATR 1. Point Township Dr, south of Ridge Rd",Point Township Dr,WB,2026-04-23,10:15:00,10:30:00,>72 to 120,0,,
input_xlsx.xlsx,"ATR 1. Point Township Dr, south of Ridge Rd",Point Township Dr,WB,2026-04-23,10:15:00,10:30:00,>120 to 180,49,,
input_xlsx.xlsx,"ATR 1. Point Township Dr, south of Ridge Rd",Point Township Dr,WB,2026-04-23,10:15:00,10:30:00,>180 to 240,17,,
input_xlsx.xlsx,"ATR 1. Point Township Dr, south of Ridge Rd",Point Township Dr,WB,2026-04-23,10:15:00,10:30:00,>240 to 300,1,,
input_xlsx.xlsx,"ATR 1. Point Township Dr, south of Ridge Rd",Point Township Dr,WB,2026-04-23,10:15:00,10:30:00,>300 to 360,1,,
input_xlsx.xlsx,"ATR 1. Point Township Dr, south of Ridge Rd",Point Township Dr,WB,2026-04-23,10:15:00,10:30:00,>360 to 480,2,,
input_xlsx.xlsx,"ATR 1. Point Township Dr, south of Ridge Rd",Point Township Dr,WB,2026-04-23,10:15:00,10:30:00,>480 to 600,1,,
input_xlsx.xlsx,"ATR 1. Point Township Dr, south of Ridge Rd",Point Township Dr,WB,2026-04-23,10:15:00,10:30:00,>600 to 720,1,,
input_xlsx.xlsx,"ATR 1. Point Township Dr, south of Ridge Rd",Point Township Dr,WB,2026-04-23,10:15:00,10:30:00,>720 to 840,1,,
input_xlsx.xlsx,"ATR 1. Point Township Dr, south of Ridge Rd",Point Township Dr,WB,2026-04-23,10:15:00,10:30:00,>840 to 960,1,,
input_xlsx.xlsx,"ATR 1. Point Township Dr, south of Ridge Rd",Point Township Dr,WB,2026-04-23,10:15:00,10:30:00,> 960,0,,
input_xlsx.xlsx,"ATR 1. Point Township Dr, south of Ridge Rd",Point Township Dr,WB,2026-04-23,10:30:00,10:45:00,0 to 72,1,,
input_xlsx.xlsx,"ATR 1. Point Township Dr, south of Ridge Rd",Point Township Dr,WB,2026-04-23,10:30:00,10:45:00,>72 to 120,0,,
input_xlsx.xlsx,"ATR 1. Point Township Dr, south of Ridge Rd",Point Township Dr,WB,2026-04-23,10:30:00,10:45:00,>120 to 180,50,,
input_xlsx.xlsx,"ATR 1. Point Township Dr, south of Ridge Rd",Point Township Dr,WB,2026-04-23,10:30:00,10:45:00,>180 to 240,22,,
input_xlsx.xlsx,"ATR 1. Point Township Dr, south of Ridge Rd",Point Township Dr,WB,2026-04-23,10:30:00,10:45:00,>240 to 300,2,,
input_xlsx.xlsx,"ATR 1. Point Township Dr, south of Ridge Rd",Point Township Dr,WB,2026-04-23,10:30:00,10:45:00,>300 to 360,1,,
input_xlsx.xlsx,"ATR 1. Point Township Dr, south of Ridge Rd",Point Township Dr,WB,2026-04-23,10:30:00,10:45:00,>360 to 480,4,,
input_xlsx.xlsx,"ATR 1. Point Township Dr, south of Ridge Rd",Point Township Dr,WB,2026-04-23,10:30:00,10:45:00,>480 to 600,0,,
input_xlsx.xlsx,"ATR 1. Point Township Dr, south of Ridge Rd",Point Township Dr,WB,2026-04-23,10:30:00,10:45:00,>600 to 720,1,,
input_xlsx.xlsx,"ATR 1. Point Township Dr, south of Ridge Rd",Point Township Dr,WB,2026-04-23,10:30:00,10:45:00,>720 to 840,4,,
input_xlsx.xlsx,"ATR 1. Point Township Dr, south of Ridge Rd",Point Township Dr,WB,2026-04-23,10:30:00,10:45:00,>840 to 960,1,,
input_xlsx.xlsx,"ATR 1. Point Township Dr, south of Ridge Rd",Point Township Dr,WB,2026-04-23,10:30:00,10:45:00,> 960,0,,
input_xlsx.xlsx,"ATR 1. Point Township Dr, south of Ridge Rd",Point Township Dr,WB,2026-04-23,10:45:00,11:00:00,0 to 72,0,,
input_xlsx.xlsx,"ATR 1. Point Township Dr, south of Ridge Rd",Point Township Dr,WB,2026-04-23,10:45:00,11:00:00,>72 to 120,1,,
input_xlsx.xlsx,"ATR 1. Point Township Dr, south of Ridge Rd",Point Township Dr,WB,2026-04-23,10:45:00,11:00:00,>120 to 180,61,,
input_xlsx.xlsx,"ATR 1. Point Township Dr, south of Ridge Rd",Point Township Dr,WB,2026-04-23,10:45:00,11:00:00,>180 to 240,16,,
input_xlsx.xlsx,"ATR 1. Point Township Dr, south of Ridge Rd",Point Township Dr,WB,2026-04-23,10:45:00,11:00:00,>240 to 300,9,,
input_xlsx.xlsx,"ATR 1. Point Township Dr, south of Ridge Rd",Point Township Dr,WB,2026-04-23,10:45:00,11:00:00,>300 to 360,3,,
input_xlsx.xlsx,"ATR 1. Point Township Dr, south of Ridge Rd",Point Township Dr,WB,2026-04-23,10:45:00,11:00:00,>360 to 480,2,,
input_xlsx.xlsx,"ATR 1. Point Township Dr, south of Ridge Rd",Point Township Dr,WB,2026-04-23,10:45:00,11:00:00,>480 to 600,1,,
input_xlsx.xlsx,"ATR 1. Point Township Dr, south of Ridge Rd",Point Township Dr,WB,2026-04-23,10:45:00,11:00:00,>600 to 720,1,,
input_xlsx.xlsx,"ATR 1. Point Township Dr, south of Ridge Rd",Point Township Dr,WB,2026-04-23,10:45:00,11:00:00,>720 to 840,2,,
input_xlsx.xlsx,"ATR 1. Point Township Dr, south of Ridge Rd",Point Township Dr,WB,2026-04-23,10:45:00,11:00:00,>840 to 960,0,,
input_xlsx.xlsx,"ATR 1. Point Township Dr, south of Ridge Rd",Point Township Dr,WB,2026-04-23,10:45:00,11:00:00,> 960,0,,
input_xlsx.xlsx,"ATR 1. Point Township Dr, south of Ridge Rd",Point Township Dr,WB,2026-04-23,11:00:00,11:15:00,0 to 72,0,,
input_xlsx.xlsx,"ATR 1. Point Township Dr, south of Ridge Rd",Point Township Dr,WB,2026-04-23,11:00:00,11:15:00,>72 to 120,0,,
input_xlsx.xlsx,"ATR 1. Point Township Dr, south of Ridge Rd",Point Township Dr,WB,2026-04-23,11:00:00,11:15:00,>120 to 180,45,,
input_xlsx.xlsx,"ATR 1. Point Township Dr, south of Ridge Rd",Point Township Dr,WB,2026-04-23,11:00:00,11:15:00,>180 to 240,14,,
input_xlsx.xlsx,"ATR 1. Point Township Dr, south of Ridge Rd",Point Township Dr,WB,2026-04-23,11:00:00,11:15:00,>240 to 300,3,,
input_xlsx.xlsx,"ATR 1. Point Township Dr, south of Ridge Rd",Point Township Dr,WB,2026-04-23,11:00:00,11:15:00,>300 to 360,0,,
input_xlsx.xlsx,"ATR 1. Point Township Dr, south of Ridge Rd",Point Township Dr,WB,2026-04-23,11:00:00,11:15:00,>360 to 480,3,,
input_xlsx.xlsx,"ATR 1. Point Township Dr, south of Ridge Rd",Point Township Dr,WB,2026-04-23,11:00:00,11:15:00,>480 to 600,3,,
input_xlsx.xlsx,"ATR 1. Point Township Dr, south of Ridge Rd",Point Township Dr,WB,2026-04-23,11:00:00,11:15:00,>600 to 720,1,,
input_xlsx.xlsx,"ATR 1. Point Township Dr, south of Ridge Rd",Point Township Dr,WB,2026-04-23,11:00:00,11:15:00,>720 to 840,1,,
input_xlsx.xlsx,"ATR 1. Point Township Dr, south of Ridge Rd",Point Township Dr,WB,2026-04-23,11:00:00,11:15:00,>840 to 960,1,,
input_xlsx.xlsx,"ATR 1. Point Township Dr, south of Ridge Rd",Point Township Dr,WB,2026-04-23,11:00:00,11:15:00,> 960,0,,
input_xlsx.xlsx,"ATR 1. Point Township Dr, south of Ridge Rd",Point Township Dr,WB,2026-04-23,11:15:00,11:30:00,0 to 72,0,,
input_xlsx.xlsx,"ATR 1. Point Township Dr, south of Ridge Rd",Point Township Dr,WB,2026-04-23,11:15:00,11:30:00,>72 to 120,2,,
input_xlsx.xlsx,"ATR 1. Point Township Dr, south of Ridge Rd",Point Township Dr,WB,2026-04-23,11:15:00,11:30:00,>120 to 180,62,,
input_xlsx.xlsx,"ATR 1. Point Township Dr, south of Ridge Rd",Point Township Dr,WB,2026-04-23,11:15:00,11:30:00,>180 to 240,30,,
input_xlsx.xlsx,"ATR 1. Point Township Dr, south of Ridge Rd",Point Township Dr,WB,2026-04-23,11:15:00,11:30:00,>240 to 300,5,,
input_xlsx.xlsx,"ATR 1. Point Township Dr, south of Ridge Rd",Point Township Dr,WB,2026-04-23,11:15:00,11:30:00,>300 to 360,2,,
input_xlsx.xlsx,"ATR 1. Point Township Dr, south of Ridge Rd",Point Township Dr,WB,2026-04-23,11:15:00,11:30:00,>360 to 480,1,,
input_xlsx.xlsx,"ATR 1. Point Township Dr, south of Ridge Rd",Point Township Dr,WB,2026-04-23,11:15:00,11:30:00,>480 to 600,3,,
input_xlsx.xlsx,"ATR 1. Point Township Dr, south of Ridge Rd",Point Township Dr,WB,2026-04-23,11:15:00,11:30:00,>600 to 720,1,,
input_xlsx.xlsx,"ATR 1. Point Township Dr, south of Ridge Rd",Point Township Dr,WB,2026-04-23,11:15:00,11:30:00,>720 to 840,1,,
input_xlsx.xlsx,"ATR 1. Point Township Dr, south of Ridge Rd",Point Township Dr,WB,2026-04-23,11:15:00,11:30:00,>840 to 960,6,,
input_xlsx.xlsx,"ATR 1. Point Township Dr, south of Ridge Rd",Point Township Dr,WB,2026-04-23,11:15:00,11:30:00,> 960,0,,
input_xlsx.xlsx,"ATR 1. Point Township Dr, south of Ridge Rd",Point Township Dr,WB,2026-04-23,11:30:00,11:45:00,0 to 72,0,,
input_xlsx.xlsx,"ATR 1. Point Township Dr, south of Ridge Rd",Point Township Dr,WB,2026-04-23,11:30:00,11:45:00,>72 to 120,1,,
input_xlsx.xlsx,"ATR 1. Point Township Dr, south of Ridge Rd",Point Township Dr,WB,2026-04-23,11:30:00,11:45:00,>120 to 180,48,,
input_xlsx.xlsx,"ATR 1. Point Township Dr, south of Ridge Rd",Point Township Dr,WB,2026-04-23,11:30:00,11:45:00,>180 to 240,12,,
input_xlsx.xlsx,"ATR 1. Point Township Dr, south of Ridge Rd",Point Township Dr,WB,2026-04-23,11:30:00,11:45:00,>240 to 300,4,,
input_xlsx.xlsx,"ATR 1. Point Township Dr, south of Ridge Rd",Point Township Dr,WB,2026-04-23,11:30:00,11:45:00,>300 to 360,1,,
input_xlsx.xlsx,"ATR 1. Point Township Dr, south of Ridge Rd",Point Township Dr,WB,2026-04-23,11:30:00,11:45:00,>360 to 480,3,,
input_xlsx.xlsx,"ATR 1. Point Township Dr, south of Ridge Rd",Point Township Dr,WB,2026-04-23,11:30:00,11:45:00,>480 to 600,1,,
input_xlsx.xlsx,"ATR 1. Point Township Dr, south of Ridge Rd",Point Township Dr,WB,2026-04-23,11:30:00,11:45:00,>600 to 720,1,,
input_xlsx.xlsx,"ATR 1. Point Township Dr, south of Ridge Rd",Point Township Dr,WB,2026-04-23,11:30:00,11:45:00,>720 to 840,1,,
input_xlsx.xlsx,"ATR 1. Point Township Dr, south of Ridge Rd",Point Township Dr,WB,2026-04-23,11:30:00,11:45:00,>840 to 960,1,,
input_xlsx.xlsx,"ATR 1. Point Township Dr, south of Ridge Rd",Point Township Dr,WB,2026-04-23,11:30:00,11:45:00,> 960,0,,
input_xlsx.xlsx,"ATR 1. Point Township Dr, south of Ridge Rd",Point Township Dr,WB,2026-04-23,11:45:00,12:00:00,0 to 72,0,,
input_xlsx.xlsx,"ATR 1. Point Township Dr, south of Ridge Rd",Point Township Dr,WB,2026-04-23,11:45:00,12:00:00,>72 to 120,0,,
input_xlsx.xlsx,"ATR 1. Point Township Dr, south of Ridge Rd",Point Township Dr,WB,2026-04-23,11:45:00,12:00:00,>120 to 180,65,,
input_xlsx.xlsx,"ATR 1. Point Township Dr, south of Ridge Rd",Point Township Dr,WB,2026-04-23,11:45:00,12:00:00,>180 to 240,15,,
input_xlsx.xlsx,"ATR 1. Point Township Dr, south of Ridge Rd",Point Township Dr,WB,2026-04-23,11:45:00,12:00:00,>240 to 300,6,,
input_xlsx.xlsx,"ATR 1. Point Township Dr, south of Ridge Rd",Point Township Dr,WB,2026-04-23,11:45:00,12:00:00,>300 to 360,1,,
input_xlsx.xlsx,"ATR 1. Point Township Dr, south of Ridge Rd",Point Township Dr,WB,2026-04-23,11:45:00,12:00:00,>360 to 480,1,,
input_xlsx.xlsx,"ATR 1. Point Township Dr, south of Ridge Rd",Point Township Dr,WB,2026-04-23,11:45:00,12:00:00,>480 to 600,0,,
input_xlsx.xlsx,"ATR 1. Point Township Dr, south of Ridge Rd",Point Township Dr,WB,2026-04-23,11:45:00,12:00:00,>600 to 720,0,,
input_xlsx.xlsx,"ATR 1. Point Township Dr, south of Ridge Rd",Point Township Dr,WB,2026-04-23,11:45:00,12:00:00,>720 to 840,4,,
input_xlsx.xlsx,"ATR 1. Point Township Dr, south of Ridge Rd",Point Township Dr,WB,2026-04-23,11:45:00,12:00:00,>840 to 960,2,,
input_xlsx.xlsx,"ATR 1. Point Township Dr, south of Ridge Rd",Point Township Dr,WB,2026-04-23,11:45:00,12:00:00,> 960,0,,
input_xlsx.xlsx,"ATR 1. Point Township Dr, south of Ridge Rd",Point Township Dr,WB,2026-04-23,12:00:00,12:15:00,0 to 72,1,,
input_xlsx.xlsx,"ATR 1. Point Township Dr, south of Ridge Rd",Point Township Dr,WB,2026-04-23,12:00:00,12:15:00,>72 to 120,0,,
input_xlsx.xlsx,"ATR 1. Point Township Dr, south of Ridge Rd",Point Township Dr,WB,2026-04-23,12:00:00,12:15:00,>120 to 180,51,,
input_xlsx.xlsx,"ATR 1. Point Township Dr, south of Ridge Rd",Point Township Dr,WB,2026-04-23,12:00:00,12:15:00,>180 to 240,25,,
input_xlsx.xlsx,"ATR 1. Point Township Dr, south of Ridge Rd",Point Township Dr,WB,2026-04-23,12:00:00,12:15:00,>240 to 300,3,,
input_xlsx.xlsx,"ATR 1. Point Township Dr, south of Ridge Rd",Point Township Dr,WB,2026-04-23,12:00:00,12:15:00,>300 to 360,1,,
input_xlsx.xlsx,"ATR 1. Point Township Dr, south of Ridge Rd",Point Township Dr,WB,2026-04-23,12:00:00,12:15:00,>360 to 480,2,,
input_xlsx.xlsx,"ATR 1. Point Township Dr, south of Ridge Rd",Point Township Dr,WB,2026-04-23,12:00:00,12:15:00,>480 to 600,0,,
input_xlsx.xlsx,"ATR 1. Point Township Dr, south of Ridge Rd",Point Township Dr,WB,2026-04-23,12:00:00,12:15:00,>600 to 720,1,,
input_xlsx.xlsx,"ATR 1. Point Township Dr, south of Ridge Rd",Point Township Dr,WB,2026-04-23,12:00:00,12:15:00,>720 to 840,1,,
input_xlsx.xlsx,"ATR 1. Point Township Dr, south of Ridge Rd",Point Township Dr,WB,2026-04-23,12:00:00,12:15:00,>840 to 960,0,,
input_xlsx.xlsx,"ATR 1. Point Township Dr, south of Ridge Rd",Point Township Dr,WB,2026-04-23,12:00:00,12:15:00,> 960,0,,
input_xlsx.xlsx,"ATR 1. Point Township Dr, south of Ridge Rd",Point Township Dr,WB,2026-04-23,12:15:00,12:30:00,0 to 72,2,,
input_xlsx.xlsx,"ATR 1. Point Township Dr, south of Ridge Rd",Point Township Dr,WB,2026-04-23,12:15:00,12:30:00,>72 to 120,0,,
input_xlsx.xlsx,"ATR 1. Point Township Dr, south of Ridge Rd",Point Township Dr,WB,2026-04-23,12:15:00,12:30:00,>120 to 180,62,,
input_xlsx.xlsx,"ATR 1. Point Township Dr, south of Ridge Rd",Point Township Dr,WB,2026-04-23,12:15:00,12:30:00,>180 to 240,20,,
input_xlsx.xlsx,"ATR 1. Point Township Dr, south of Ridge Rd",Point Township Dr,WB,2026-04-23,12:15:00,12:30:00,>240 to 300,8,,
input_xlsx.xlsx,"ATR 1. Point Township Dr, south of Ridge Rd",Point Township Dr,WB,2026-04-23,12:15:00,12:30:00,>300 to 360,3,,
input_xlsx.xlsx,"ATR 1. Point Township Dr, south of Ridge Rd",Point Township Dr,WB,2026-04-23,12:15:00,12:30:00,>360 to 480,1,,
input_xlsx.xlsx,"ATR 1. Point Township Dr, south of Ridge Rd",Point Township Dr,WB,2026-04-23,12:15:00,12:30:00,>480 to 600,1,,
input_xlsx.xlsx,"ATR 1. Point Township Dr, south of Ridge Rd",Point Township Dr,WB,2026-04-23,12:15:00,12:30:00,>600 to 720,2,,
input_xlsx.xlsx,"ATR 1. Point Township Dr, south of Ridge Rd",Point Township Dr,WB,2026-04-23,12:15:00,12:30:00,>720 to 840,1,,
input_xlsx.xlsx,"ATR 1. Point Township Dr, south of Ridge Rd",Point Township Dr,WB,2026-04-23,12:15:00,12:30:00,>840 to 960,1,,
input_xlsx.xlsx,"ATR 1. Point Township Dr, south of Ridge Rd",Point Township Dr,WB,2026-04-23,12:15:00,12:30:00,> 960,0,,
input_xlsx.xlsx,"ATR 1. Point Township Dr, south of Ridge Rd",Point Township Dr,WB,2026-04-23,12:30:00,12:45:00,0 to 72,0,,
input_xlsx.xlsx,"ATR 1. Point Township Dr, south of Ridge Rd",Point Township Dr,WB,2026-04-23,12:30:00,12:45:00,>72 to 120,1,,
input_xlsx.xlsx,"ATR 1. Point Township Dr, south of Ridge Rd",Point Township Dr,WB,2026-04-23,12:30:00,12:45:00,>120 to 180,53,,
input_xlsx.xlsx,"ATR 1. Point Township Dr, south of Ridge Rd",Point Township Dr,WB,2026-04-23,12:30:00,12:45:00,>180 to 240,14,,
input_xlsx.xlsx,"ATR 1. Point Township Dr, south of Ridge Rd",Point Township Dr,WB,2026-04-23,12:30:00,12:45:00,>240 to 300,4,,
input_xlsx.xlsx,"ATR 1. Point Township Dr, south of Ridge Rd",Point Township Dr,WB,2026-04-23,12:30:00,12:45:00,>300 to 360,2,,
input_xlsx.xlsx,"ATR 1. Point Township Dr, south of Ridge Rd",Point Township Dr,WB,2026-04-23,12:30:00,12:45:00,>360 to 480,1,,
input_xlsx.xlsx,"ATR 1. Point Township Dr, south of Ridge Rd",Point Township Dr,WB,2026-04-23,12:30:00,12:45:00,>480 to 600,0,,
input_xlsx.xlsx,"ATR 1. Point Township Dr, south of Ridge Rd",Point Township Dr,WB,2026-04-23,12:30:00,12:45:00,>600 to 720,1,,
input_xlsx.xlsx,"ATR 1. Point Township Dr, south of Ridge Rd",Point Township Dr,WB,2026-04-23,12:30:00,12:45:00,>720 to 840,1,,
input_xlsx.xlsx,"ATR 1. Point Township Dr, south of Ridge Rd",Point Township Dr,WB,2026-04-23,12:30:00,12:45:00,>840 to 960,1,,
input_xlsx.xlsx,"ATR 1. Point Township Dr, south of Ridge Rd",Point Township Dr,WB,2026-04-23,12:30:00,12:45:00,> 960,0,,
input_xlsx.xlsx,"ATR 1. Point Township Dr, south of Ridge Rd",Point Township Dr,WB,2026-04-23,12:45:00,13:00:00,0 to 72,0,,
input_xlsx.xlsx,"ATR 1. Point Township Dr, south of Ridge Rd",Point Township Dr,WB,2026-04-23,12:45:00,13:00:00,>72 to 120,1,,
input_xlsx.xlsx,"ATR 1. Point Township Dr, south of Ridge Rd",Point Township Dr,WB,2026-04-23,12:45:00,13:00:00,>120 to 180,48,,
input_xlsx.xlsx,"ATR 1. Point Township Dr, south of Ridge Rd",Point Township Dr,WB,2026-04-23,12:45:00,13:00:00,>180 to 240,20,,
input_xlsx.xlsx,"ATR 1. Point Township Dr, south of Ridge Rd",Point Township Dr,WB,2026-04-23,12:45:00,13:00:00,>240 to 300,2,,
input_xlsx.xlsx,"ATR 1. Point Township Dr, south of Ridge Rd",Point Township Dr,WB,2026-04-23,12:45:00,13:00:00,>300 to 360,4,,
input_xlsx.xlsx,"ATR 1. Point Township Dr, south of Ridge Rd",Point Township Dr,WB,2026-04-23,12:45:00,13:00:00,>360 to 480,1,,
input_xlsx.xlsx,"ATR 1. Point Township Dr, south of Ridge Rd",Point Township Dr,WB,2026-04-23,12:45:00,13:00:00,>480 to 600,1,,
input_xlsx.xlsx,"ATR 1. Point Township Dr, south of Ridge Rd",Point Township Dr,WB,2026-04-23,12:45:00,13:00:00,>600 to 720,2,,
input_xlsx.xlsx,"ATR 1. Point Township Dr, south of Ridge Rd",Point Township Dr,WB,2026-04-23,12:45:00,13:00:00,>720 to 840,1,,
input_xlsx.xlsx,"ATR 1. Point Township Dr, south of Ridge Rd",Point Township Dr,WB,2026-04-23,12:45:00,13:00:00,>840 to 960,1,,
input_xlsx.xlsx,"ATR 1. Point Township Dr, south of Ridge Rd",Point Township Dr,WB,2026-04-23,12:45:00,13:00:00,> 960,0,,
input_xlsx.xlsx,"ATR 1. Point Township Dr, south of Ridge Rd",Point Township Dr,WB,2026-04-23,13:00:00,13:15:00,0 to 72,0,,
input_xlsx.xlsx,"ATR 1. Point Township Dr, south of Ridge Rd",Point Township Dr,WB,2026-04-23,13:00:00,13:15:00,>72 to 120,0,,
input_xlsx.xlsx,"ATR 1. Point Township Dr, south of Ridge Rd",Point Township Dr,WB,2026-04-23,13:00:00,13:15:00,>120 to 180,48,,
input_xlsx.xlsx,"ATR 1. Point Township Dr, south of Ridge Rd",Point Township Dr,WB,2026-04-23,13:00:00,13:15:00,>180 to 240,15,,
input_xlsx.xlsx,"ATR 1. Point Township Dr, south of Ridge Rd",Point Township Dr,WB,2026-04-23,13:00:00,13:15:00,>240 to 300,2,,
input_xlsx.xlsx,"ATR 1. Point Township Dr, south of Ridge Rd",Point Township Dr,WB,2026-04-23,13:00:00,13:15:00,>300 to 360,1,,
input_xlsx.xlsx,"ATR 1. Point Township Dr, south of Ridge Rd",Point Township Dr,WB,2026-04-23,13:00:00,13:15:00,>360 to 480,2,,
input_xlsx.xlsx,"ATR 1. Point Township Dr, south of Ridge Rd",Point Township Dr,WB,2026-04-23,13:00:00,13:15:00,>480 to 600,2,,
input_xlsx.xlsx,"ATR 1. Point Township Dr, south of Ridge Rd",Point Township Dr,WB,2026-04-23,13:00:00,13:15:00,>600 to 720,2,,
input_xlsx.xlsx,"ATR 1. Point Township Dr, south of Ridge Rd",Point Township Dr,WB,2026-04-23,13:00:00,13:15:00,>720 to 840,2,,
input_xlsx.xlsx,"ATR 1. Point Township Dr, south of Ridge Rd",Point Township Dr,WB,2026-04-23,13:00:00,13:15:00,>840 to 960,0,,
input_xlsx.xlsx,"ATR 1. Point Township Dr, south of Ridge Rd",Point Township Dr,WB,2026-04-23,13:00:00,13:15:00,> 960,0,,
input_xlsx.xlsx,"ATR 1. Point Township Dr, south of Ridge Rd",Point Township Dr,WB,2026-04-23,13:15:00,13:30:00,0 to 72,0,,
input_xlsx.xlsx,"ATR 1. Point Township Dr, south of Ridge Rd",Point Township Dr,WB,2026-04-23,13:15:00,13:30:00,>72 to 120,1,,
input_xlsx.xlsx,"ATR 1. Point Township Dr, south of Ridge Rd",Point Township Dr,WB,2026-04-23,13:15:00,13:30:00,>120 to 180,46,,
input_xlsx.xlsx,"ATR 1. Point Township Dr, south of Ridge Rd",Point Township Dr,WB,2026-04-23,13:15:00,13:30:00,>180 to 240,19,,
input_xlsx.xlsx,"ATR 1. Point Township Dr, south of Ridge Rd",Point Township Dr,WB,2026-04-23,13:15:00,13:30:00,>240 to 300,4,,
input_xlsx.xlsx,"ATR 1. Point Township Dr, south of Ridge Rd",Point Township Dr,WB,2026-04-23,13:15:00,13:30:00,>300 to 360,2,,
input_xlsx.xlsx,"ATR 1. Point Township Dr, south of Ridge Rd",Point Township Dr,WB,2026-04-23,13:15:00,13:30:00,>360 to 480,6,,
input_xlsx.xlsx,"ATR 1. Point Township Dr, south of Ridge Rd",Point Township Dr,WB,2026-04-23,13:15:00,13:30:00,>480 to 600,1,,
input_xlsx.xlsx,"ATR 1. Point Township Dr, south of Ridge Rd",Point Township Dr,WB,2026-04-23,13:15:00,13:30:00,>600 to 720,1,,
input_xlsx.xlsx,"ATR 1. Point Township Dr, south of Ridge Rd",Point Township Dr,WB,2026-04-23,13:15:00,13:30:00,>720 to 840,2,,
input_xlsx.xlsx,"ATR 1. Point Township Dr, south of Ridge Rd",Point Township Dr,WB,2026-04-23,13:15:00,13:30:00,>840 to 960,0,,
input_xlsx.xlsx,"ATR 1. Point Township Dr, south of Ridge Rd",Point Township Dr,WB,2026-04-23,13:15:00,13:30:00,> 960,0,,
input_xlsx.xlsx,"ATR 1. Point Township Dr, south of Ridge Rd",Point Township Dr,WB,2026-04-23,13:30:00,13:45:00,0 to 72,0,,
input_xlsx.xlsx,"ATR 1. Point Township Dr, south of Ridge Rd",Point Township Dr,WB,2026-04-23,13:30:00,13:45:00,>72 to 120,0,,
input_xlsx.xlsx,"ATR 1. Point Township Dr, south of Ridge Rd",Point Township Dr,WB,2026-04-23,13:30:00,13:45:00,>120 to 180,64,,
input_xlsx.xlsx,"ATR 1. Point Township Dr, south of Ridge Rd",Point Township Dr,WB,2026-04-23,13:30:00,13:45:00,>180 to 240,23,,
input_xlsx.xlsx,"ATR 1. Point Township Dr, south of Ridge Rd",Point Township Dr,WB,2026-04-23,13:30:00,13:45:00,>240 to 300,3,,
input_xlsx.xlsx,"ATR 1. Point Township Dr, south of Ridge Rd",Point Township Dr,WB,2026-04-23,13:30:00,13:45:00,>300 to 360,2,,
input_xlsx.xlsx,"ATR 1. Point Township Dr, south of Ridge Rd",Point Township Dr,WB,2026-04-23,13:30:00,13:45:00,>360 to 480,1,,
input_xlsx.xlsx,"ATR 1. Point Township Dr, south of Ridge Rd",Point Township Dr,WB,2026-04-23,13:30:00,13:45:00,>480 to 600,0,,
input_xlsx.xlsx,"ATR 1. Point Township Dr, south of Ridge Rd",Point Township Dr,WB,2026-04-23,13:30:00,13:45:00,>600 to 720,0,,
input_xlsx.xlsx,"ATR 1. Point Township Dr, south of Ridge Rd",Point Township Dr,WB,2026-04-23,13:30:00,13:45:00,>720 to 840,2,,
input_xlsx.xlsx,"ATR 1. Point Township Dr, south of Ridge Rd",Point Township Dr,WB,2026-04-23,13:30:00,13:45:00,>840 to 960,0,,
input_xlsx.xlsx,"ATR 1. Point Township Dr, south of Ridge Rd",Point Township Dr,WB,2026-04-23,13:30:00,13:45:00,> 960,0,,
input_xlsx.xlsx,"ATR 1. Point Township Dr, south of Ridge Rd",Point Township Dr,WB,2026-04-23,13:45:00,14:00:00,0 to 72,0,,
input_xlsx.xlsx,"ATR 1. Point Township Dr, south of Ridge Rd",Point Township Dr,WB,2026-04-23,13:45:00,14:00:00,>72 to 120,0,,
input_xlsx.xlsx,"ATR 1. Point Township Dr, south of Ridge Rd",Point Township Dr,WB,2026-04-23,13:45:00,14:00:00,>120 to 180,59,,
input_xlsx.xlsx,"ATR 1. Point Township Dr, south of Ridge Rd",Point Township Dr,WB,2026-04-23,13:45:00,14:00:00,>180 to 240,18,,
input_xlsx.xlsx,"ATR 1. Point Township Dr, south of Ridge Rd",Point Township Dr,WB,2026-04-23,13:45:00,14:00:00,>240 to 300,1,,
input_xlsx.xlsx,"ATR 1. Point Township Dr, south of Ridge Rd",Point Township Dr,WB,2026-04-23,13:45:00,14:00:00,>300 to 360,1,,
input_xlsx.xlsx,"ATR 1. Point Township Dr, south of Ridge Rd",Point Township Dr,WB,2026-04-23,13:45:00,14:00:00,>360 to 480,1,,
input_xlsx.xlsx,"ATR 1. Point Township Dr, south of Ridge Rd",Point Township Dr,WB,2026-04-23,13:45:00,14:00:00,>480 to 600,3,,
input_xlsx.xlsx,"ATR 1. Point Township Dr, south of Ridge Rd",Point Township Dr,WB,2026-04-23,13:45:00,14:00:00,>600 to 720,3,,
input_xlsx.xlsx,"ATR 1. Point Township Dr, south of Ridge Rd",Point Township Dr,WB,2026-04-23,13:45:00,14:00:00,>720 to 840,1,,
input_xlsx.xlsx,"ATR 1. Point Township Dr, south of Ridge Rd",Point Township Dr,WB,2026-04-23,13:45:00,14:00:00,>840 to 960,0,,
input_xlsx.xlsx,"ATR 1. Point Township Dr, south of Ridge Rd",Point Township Dr,WB,2026-04-23,13:45:00,14:00:00,> 960,0,,
input_xlsx.xlsx,"ATR 1. Point Township Dr, south of Ridge Rd",Point Township Dr,WB,2026-04-23,14:00:00,14:15:00,0 to 72,2,,
input_xlsx.xlsx,"ATR 1. Point Township Dr, south of Ridge Rd",Point Township Dr,WB,2026-04-23,14:00:00,14:15:00,>72 to 120,0,,
input_xlsx.xlsx,"ATR 1. Point Township Dr, south of Ridge Rd",Point Township Dr,WB,2026-04-23,14:00:00,14:15:00,>120 to 180,80,,
input_xlsx.xlsx,"ATR 1. Point Township Dr, south of Ridge Rd",Point Township Dr,WB,2026-04-23,14:00:00,14:15:00,>180 to 240,9,,
input_xlsx.xlsx,"ATR 1. Point Township Dr, south of Ridge Rd",Point Township Dr,WB,2026-04-23,14:00:00,14:15:00,>240 to 300,4,,
input_xlsx.xlsx,"ATR 1. Point Township Dr, south of Ridge Rd",Point Township Dr,WB,2026-04-23,14:00:00,14:15:00,>300 to 360,3,,
input_xlsx.xlsx,"ATR 1. Point Township Dr, south of Ridge Rd",Point Township Dr,WB,2026-04-23,14:00:00,14:15:00,>360 to 480,2,,
input_xlsx.xlsx,"ATR 1. Point Township Dr, south of Ridge Rd",Point Township Dr,WB,2026-04-23,14:00:00,14:15:00,>480 to 600,0,,
input_xlsx.xlsx,"ATR 1. Point Township Dr, south of Ridge Rd",Point Township Dr,WB,2026-04-23,14:00:00,14:15:00,>600 to 720,2,,
input_xlsx.xlsx,"ATR 1. Point Township Dr, south of Ridge Rd",Point Township Dr,WB,2026-04-23,14:00:00,14:15:00,>720 to 840,2,,
input_xlsx.xlsx,"ATR 1. Point Township Dr, south of Ridge Rd",Point Township Dr,WB,2026-04-23,14:00:00,14:15:00,>840 to 960,0,,
input_xlsx.xlsx,"ATR 1. Point Township Dr, south of Ridge Rd",Point Township Dr,WB,2026-04-23,14:00:00,14:15:00,> 960,0,,
input_xlsx.xlsx,"ATR 1. Point Township Dr, south of Ridge Rd",Point Township Dr,WB,2026-04-23,14:15:00,14:30:00,0 to 72,0,,
input_xlsx.xlsx,"ATR 1. Point Township Dr, south of Ridge Rd",Point Township Dr,WB,2026-04-23,14:15:00,14:30:00,>72 to 120,0,,
input_xlsx.xlsx,"ATR 1. Point Township Dr, south of Ridge Rd",Point Township Dr,WB,2026-04-23,14:15:00,14:30:00,>120 to 180,78,,
input_xlsx.xlsx,"ATR 1. Point Township Dr, south of Ridge Rd",Point Township Dr,WB,2026-04-23,14:15:00,14:30:00,>180 to 240,18,,
input_xlsx.xlsx,"ATR 1. Point Township Dr, south of Ridge Rd",Point Township Dr,WB,2026-04-23,14:15:00,14:30:00,>240 to 300,4,,
input_xlsx.xlsx,"ATR 1. Point Township Dr, south of Ridge Rd",Point Township Dr,WB,2026-04-23,14:15:00,14:30:00,>300 to 360,2,,
input_xlsx.xlsx,"ATR 1. Point Township Dr, south of Ridge Rd",Point Township Dr,WB,2026-04-23,14:15:00,14:30:00,>360 to 480,2,,
input_xlsx.xlsx,"ATR 1. Point Township Dr, south of Ridge Rd",Point Township Dr,WB,2026-04-23,14:15:00,14:30:00,>480 to 600,0,,
input_xlsx.xlsx,"ATR 1. Point Township Dr, south of Ridge Rd",Point Township Dr,WB,2026-04-23,14:15:00,14:30:00,>600 to 720,1,,
input_xlsx.xlsx,"ATR 1. Point Township Dr, south of Ridge Rd",Point Township Dr,WB,2026-04-23,14:15:00,14:30:00,>720 to 840,0,,
input_xlsx.xlsx,"ATR 1. Point Township Dr, south of Ridge Rd",Point Township Dr,WB,2026-04-23,14:15:00,14:30:00,>840 to 960,0,,
input_xlsx.xlsx,"ATR 1. Point Township Dr, south of Ridge Rd",Point Township Dr,WB,2026-04-23,14:15:00,14:30:00,> 960,0,,
input_xlsx.xlsx,"ATR 1. Point Township Dr, south of Ridge Rd",Point Township Dr,WB,2026-04-23,14:30:00,14:45:00,0 to 72,1,,
input_xlsx.xlsx,"ATR 1. Point Township Dr, south of Ridge Rd",Point Township Dr,WB,2026-04-23,14:30:00,14:45:00,>72 to 120,0,,
input_xlsx.xlsx,"ATR 1. Point Township Dr, south of Ridge Rd",Point Township Dr,WB,2026-04-23,14:30:00,14:45:00,>120 to 180,69,,
input_xlsx.xlsx,"ATR 1. Point Township Dr, south of Ridge Rd",Point Township Dr,WB,2026-04-23,14:30:00,14:45:00,>180 to 240,23,,
input_xlsx.xlsx,"ATR 1. Point Township Dr, south of Ridge Rd",Point Township Dr,WB,2026-04-23,14:30:00,14:45:00,>240 to 300,3,,
input_xlsx.xlsx,"ATR 1. Point Township Dr, south of Ridge Rd",Point Township Dr,WB,2026-04-23,14:30:00,14:45:00,>300 to 360,0,,
input_xlsx.xlsx,"ATR 1. Point Township Dr, south of Ridge Rd",Point Township Dr,WB,2026-04-23,14:30:00,14:45:00,>360 to 480,3,,
input_xlsx.xlsx,"ATR 1. Point Township Dr, south of Ridge Rd",Point Township Dr,WB,2026-04-23,14:30:00,14:45:00,>480 to 600,0,,
input_xlsx.xlsx,"ATR 1. Point Township Dr, south of Ridge Rd",Point Township Dr,WB,2026-04-23,14:30:00,14:45:00,>600 to 720,0,,
input_xlsx.xlsx,"ATR 1. Point Township Dr, south of Ridge Rd",Point Township Dr,WB,2026-04-23,14:30:00,14:45:00,>720 to 840,1,,
input_xlsx.xlsx,"ATR 1. Point Township Dr, south of Ridge Rd",Point Township Dr,WB,2026-04-23,14:30:00,14:45:00,>840 to 960,0,,
input_xlsx.xlsx,"ATR 1. Point Township Dr, south of Ridge Rd",Point Township Dr,WB,2026-04-23,14:30:00,14:45:00,> 960,0,,
input_xlsx.xlsx,"ATR 1. Point Township Dr, south of Ridge Rd",Point Township Dr,WB,2026-04-23,14:45:00,15:00:00,0 to 72,0,,
input_xlsx.xlsx,"ATR 1. Point Township Dr, south of Ridge Rd",Point Township Dr,WB,2026-04-23,14:45:00,15:00:00,>72 to 120,0,,
input_xlsx.xlsx,"ATR 1. Point Township Dr, south of Ridge Rd",Point Township Dr,WB,2026-04-23,14:45:00,15:00:00,>120 to 180,61,,
input_xlsx.xlsx,"ATR 1. Point Township Dr, south of Ridge Rd",Point Township Dr,WB,2026-04-23,14:45:00,15:00:00,>180 to 240,23,,
input_xlsx.xlsx,"ATR 1. Point Township Dr, south of Ridge Rd",Point Township Dr,WB,2026-04-23,14:45:00,15:00:00,>240 to 300,4,,
input_xlsx.xlsx,"ATR 1. Point Township Dr, south of Ridge Rd",Point Township Dr,WB,2026-04-23,14:45:00,15:00:00,>300 to 360,2,,
input_xlsx.xlsx,"ATR 1. Point Township Dr, south of Ridge Rd",Point Township Dr,WB,2026-04-23,14:45:00,15:00:00,>360 to 480,3,,
input_xlsx.xlsx,"ATR 1. Point Township Dr, south of Ridge Rd",Point Township Dr,WB,2026-04-23,14:45:00,15:00:00,>480 to 600,1,,
input_xlsx.xlsx,"ATR 1. Point Township Dr, south of Ridge Rd",Point Township Dr,WB,2026-04-23,14:45:00,15:00:00,>600 to 720,2,,
input_xlsx.xlsx,"ATR 1. Point Township Dr, south of Ridge Rd",Point Township Dr,WB,2026-04-23,14:45:00,15:00:00,>720 to 840,0,,
input_xlsx.xlsx,"ATR 1. Point Township Dr, south of Ridge Rd",Point Township Dr,WB,2026-04-23,14:45:00,15:00:00,>840 to 960,1,,
input_xlsx.xlsx,"ATR 1. Point Township Dr, south of Ridge Rd",Point Township Dr,WB,2026-04-23,14:45:00,15:00:00,> 960,0,,
input_xlsx.xlsx,"ATR 1. Point Township Dr, south of Ridge Rd",Point Township Dr,WB,2026-04-23,15:00:00,15:15:00,0 to 72,0,,
input_xlsx.xlsx,"ATR 1. Point Township Dr, south of Ridge Rd",Point Township Dr,WB,2026-04-23,15:00:00,15:15:00,>72 to 120,0,,
input_xlsx.xlsx,"ATR 1. Point Township Dr, south of Ridge Rd",Point Township Dr,WB,2026-04-23,15:00:00,15:15:00,>120 to 180,82,,
input_xlsx.xlsx,"ATR 1. Point Township Dr, south of Ridge Rd",Point Township Dr,WB,2026-04-23,15:00:00,15:15:00,>180 to 240,28,,
input_xlsx.xlsx,"ATR 1. Point Township Dr, south of Ridge Rd",Point Township Dr,WB,2026-04-23,15:00:00,15:15:00,>240 to 300,6,,
input_xlsx.xlsx,"ATR 1. Point Township Dr, south of Ridge Rd",Point Township Dr,WB,2026-04-23,15:00:00,15:15:00,>300 to 360,2,,
input_xlsx.xlsx,"ATR 1. Point Township Dr, south of Ridge Rd",Point Township Dr,WB,2026-04-23,15:00:00,15:15:00,>360 to 480,3,,
input_xlsx.xlsx,"ATR 1. Point Township Dr, south of Ridge Rd",Point Township Dr,WB,2026-04-23,15:00:00,15:15:00,>480 to 600,1,,
input_xlsx.xlsx,"ATR 1. Point Township Dr, south of Ridge Rd",Point Township Dr,WB,2026-04-23,15:00:00,15:15:00,>600 to 720,1,,
input_xlsx.xlsx,"ATR 1. Point Township Dr, south of Ridge Rd",Point Township Dr,WB,2026-04-23,15:00:00,15:15:00,>720 to 840,0,,
input_xlsx.xlsx,"ATR 1. Point Township Dr, south of Ridge Rd",Point Township Dr,WB,2026-04-23,15:00:00,15:15:00,>840 to 960,3,,
input_xlsx.xlsx,"ATR 1. Point Township Dr, south of Ridge Rd",Point Township Dr,WB,2026-04-23,15:00:00,15:15:00,> 960,0,,
input_xlsx.xlsx,"ATR 1. Point Township Dr, south of Ridge Rd",Point Township Dr,WB,2026-04-23,15:15:00,15:30:00,0 to 72,0,,
input_xlsx.xlsx,"ATR 1. Point Township Dr, south of Ridge Rd",Point Township Dr,WB,2026-04-23,15:15:00,15:30:00,>72 to 120,1,,
input_xlsx.xlsx,"ATR 1. Point Township Dr, south of Ridge Rd",Point Township Dr,WB,2026-04-23,15:15:00,15:30:00,>120 to 180,76,,
input_xlsx.xlsx,"ATR 1. Point Township Dr, south of Ridge Rd",Point Township Dr,WB,2026-04-23,15:15:00,15:30:00,>180 to 240,26,,
input_xlsx.xlsx,"ATR 1. Point Township Dr, south of Ridge Rd",Point Township Dr,WB,2026-04-23,15:15:00,15:30:00,>240 to 300,5,,
input_xlsx.xlsx,"ATR 1. Point Township Dr, south of Ridge Rd",Point Township Dr,WB,2026-04-23,15:15:00,15:30:00,>300 to 360,2,,
input_xlsx.xlsx,"ATR 1. Point Township Dr, south of Ridge Rd",Point Township Dr,WB,2026-04-23,15:15:00,15:30:00,>360 to 480,0,,
input_xlsx.xlsx,"ATR 1. Point Township Dr, south of Ridge Rd",Point Township Dr,WB,2026-04-23,15:15:00,15:30:00,>480 to 600,2,,
input_xlsx.xlsx,"ATR 1. Point Township Dr, south of Ridge Rd",Point Township Dr,WB,2026-04-23,15:15:00,15:30:00,>600 to 720,1,,
input_xlsx.xlsx,"ATR 1. Point Township Dr, south of Ridge Rd",Point Township Dr,WB,2026-04-23,15:15:00,15:30:00,>720 to 840,0,,
input_xlsx.xlsx,"ATR 1. Point Township Dr, south of Ridge Rd",Point Township Dr,WB,2026-04-23,15:15:00,15:30:00,>840 to 960,1,,
input_xlsx.xlsx,"ATR 1. Point Township Dr, south of Ridge Rd",Point Township Dr,WB,2026-04-23,15:15:00,15:30:00,> 960,0,,
input_xlsx.xlsx,"ATR 1. Point Township Dr, south of Ridge Rd",Point Township Dr,WB,2026-04-23,15:30:00,15:45:00,0 to 72,0,,
input_xlsx.xlsx,"ATR 1. Point Township Dr, south of Ridge Rd",Point Township Dr,WB,2026-04-23,15:30:00,15:45:00,>72 to 120,1,,
input_xlsx.xlsx,"ATR 1. Point Township Dr, south of Ridge Rd",Point Township Dr,WB,2026-04-23,15:30:00,15:45:00,>120 to 180,82,,
input_xlsx.xlsx,"ATR 1. Point Township Dr, south of Ridge Rd",Point Township Dr,WB,2026-04-23,15:30:00,15:45:00,>180 to 240,23,,
input_xlsx.xlsx,"ATR 1. Point Township Dr, south of Ridge Rd",Point Township Dr,WB,2026-04-23,15:30:00,15:45:00,>240 to 300,5,,
input_xlsx.xlsx,"ATR 1. Point Township Dr, south of Ridge Rd",Point Township Dr,WB,2026-04-23,15:30:00,15:45:00,>300 to 360,1,,
input_xlsx.xlsx,"ATR 1. Point Township Dr, south of Ridge Rd",Point Township Dr,WB,2026-04-23,15:30:00,15:45:00,>360 to 480,4,,
input_xlsx.xlsx,"ATR 1. Point Township Dr, south of Ridge Rd",Point Township Dr,WB,2026-04-23,15:30:00,15:45:00,>480 to 600,1,,
input_xlsx.xlsx,"ATR 1. Point Township Dr, south of Ridge Rd",Point Township Dr,WB,2026-04-23,15:30:00,15:45:00,>600 to 720,2,,
input_xlsx.xlsx,"ATR 1. Point Township Dr, south of Ridge Rd",Point Township Dr,WB,2026-04-23,15:30:00,15:45:00,>720 to 840,1,,
input_xlsx.xlsx,"ATR 1. Point Township Dr, south of Ridge Rd",Point Township Dr,WB,2026-04-23,15:30:00,15:45:00,>840 to 960,0,,
input_xlsx.xlsx,"ATR 1. Point Township Dr, south of Ridge Rd",Point Township Dr,WB,2026-04-23,15:30:00,15:45:00,> 960,0,,
input_xlsx.xlsx,"ATR 1. Point Township Dr, south of Ridge Rd",Point Township Dr,WB,2026-04-23,15:45:00,16:00:00,0 to 72,0,,
input_xlsx.xlsx,"ATR 1. Point Township Dr, south of Ridge Rd",Point Township Dr,WB,2026-04-23,15:45:00,16:00:00,>72 to 120,0,,
input_xlsx.xlsx,"ATR 1. Point Township Dr, south of Ridge Rd",Point Township Dr,WB,2026-04-23,15:45:00,16:00:00,>120 to 180,88,,
input_xlsx.xlsx,"ATR 1. Point Township Dr, south of Ridge Rd",Point Township Dr,WB,2026-04-23,15:45:00,16:00:00,>180 to 240,36,,
input_xlsx.xlsx,"ATR 1. Point Township Dr, south of Ridge Rd",Point Township Dr,WB,2026-04-23,15:45:00,16:00:00,>240 to 300,2,,
input_xlsx.xlsx,"ATR 1. Point Township Dr, south of Ridge Rd",Point Township Dr,WB,2026-04-23,15:45:00,16:00:00,>300 to 360,0,,
input_xlsx.xlsx,"ATR 1. Point Township Dr, south of Ridge Rd",Point Township Dr,WB,2026-04-23,15:45:00,16:00:00,>360 to 480,4,,
input_xlsx.xlsx,"ATR 1. Point Township Dr, south of Ridge Rd",Point Township Dr,WB,2026-04-23,15:45:00,16:00:00,>480 to 600,1,,
input_xlsx.xlsx,"ATR 1. Point Township Dr, south of Ridge Rd",Point Township Dr,WB,2026-04-23,15:45:00,16:00:00,>600 to 720,1,,
input_xlsx.xlsx,"ATR 1. Point Township Dr, south of Ridge Rd",Point Township Dr,WB,2026-04-23,15:45:00,16:00:00,>720 to 840,2,,
input_xlsx.xlsx,"ATR 1. Point Township Dr, south of Ridge Rd",Point Township Dr,WB,2026-04-23,15:45:00,16:00:00,>840 to 960,0,,
input_xlsx.xlsx,"ATR 1. Point Township Dr, south of Ridge Rd",Point Township Dr,WB,2026-04-23,15:45:00,16:00:00,> 960,0,,
input_xlsx.xlsx,"ATR 1. Point Township Dr, south of Ridge Rd",Point Township Dr,WB,2026-04-23,16:00:00,16:15:00,0 to 72,0,,
input_xlsx.xlsx,"ATR 1. Point Township Dr, south of Ridge Rd",Point Township Dr,WB,2026-04-23,16:00:00,16:15:00,>72 to 120,0,,
input_xlsx.xlsx,"ATR 1. Point Township Dr, south of Ridge Rd",Point Township Dr,WB,2026-04-23,16:00:00,16:15:00,>120 to 180,118,,
input_xlsx.xlsx,"ATR 1. Point Township Dr, south of Ridge Rd",Point Township Dr,WB,2026-04-23,16:00:00,16:15:00,>180 to 240,34,,
input_xlsx.xlsx,"ATR 1. Point Township Dr, south of Ridge Rd",Point Township Dr,WB,2026-04-23,16:00:00,16:15:00,>240 to 300,4,,
input_xlsx.xlsx,"ATR 1. Point Township Dr, south of Ridge Rd",Point Township Dr,WB,2026-04-23,16:00:00,16:15:00,>300 to 360,1,,
input_xlsx.xlsx,"ATR 1. Point Township Dr, south of Ridge Rd",Point Township Dr,WB,2026-04-23,16:00:00,16:15:00,>360 to 480,1,,
input_xlsx.xlsx,"ATR 1. Point Township Dr, south of Ridge Rd",Point Township Dr,WB,2026-04-23,16:00:00,16:15:00,>480 to 600,1,,
input_xlsx.xlsx,"ATR 1. Point Township Dr, south of Ridge Rd",Point Township Dr,WB,2026-04-23,16:00:00,16:15:00,>600 to 720,0,,
input_xlsx.xlsx,"ATR 1. Point Township Dr, south of Ridge Rd",Point Township Dr,WB,2026-04-23,16:00:00,16:15:00,>720 to 840,2,,
input_xlsx.xlsx,"ATR 1. Point Township Dr, south of Ridge Rd",Point Township Dr,WB,2026-04-23,16:00:00,16:15:00,>840 to 960,1,,
input_xlsx.xlsx,"ATR 1. Point Township Dr, south of Ridge Rd",Point Township Dr,WB,2026-04-23,16:00:00,16:15:00,> 960,0,,
input_xlsx.xlsx,"ATR 1. Point Township Dr, south of Ridge Rd",Point Township Dr,WB,2026-04-23,16:15:00,16:30:00,0 to 72,0,,
input_xlsx.xlsx,"ATR 1. Point Township Dr, south of Ridge Rd",Point Township Dr,WB,2026-04-23,16:15:00,16:30:00,>72 to 120,0,,
input_xlsx.xlsx,"ATR 1. Point Township Dr, south of Ridge Rd",Point Township Dr,WB,2026-04-23,16:15:00,16:30:00,>120 to 180,113,,
input_xlsx.xlsx,"ATR 1. Point Township Dr, south of Ridge Rd",Point Township Dr,WB,2026-04-23,16:15:00,16:30:00,>180 to 240,31,,
input_xlsx.xlsx,"ATR 1. Point Township Dr, south of Ridge Rd",Point Township Dr,WB,2026-04-23,16:15:00,16:30:00,>240 to 300,2,,
input_xlsx.xlsx,"ATR 1. Point Township Dr, south of Ridge Rd",Point Township Dr,WB,2026-04-23,16:15:00,16:30:00,>300 to 360,2,,
input_xlsx.xlsx,"ATR 1. Point Township Dr, south of Ridge Rd",Point Township Dr,WB,2026-04-23,16:15:00,16:30:00,>360 to 480,0,,
input_xlsx.xlsx,"ATR 1. Point Township Dr, south of Ridge Rd",Point Township Dr,WB,2026-04-23,16:15:00,16:30:00,>480 to 600,1,,
input_xlsx.xlsx,"ATR 1. Point Township Dr, south of Ridge Rd",Point Township Dr,WB,2026-04-23,16:15:00,16:30:00,>600 to 720,1,,
input_xlsx.xlsx,"ATR 1. Point Township Dr, south of Ridge Rd",Point Township Dr,WB,2026-04-23,16:15:00,16:30:00,>720 to 840,2,,
input_xlsx.xlsx,"ATR 1. Point Township Dr, south of Ridge Rd",Point Township Dr,WB,2026-04-23,16:15:00,16:30:00,>840 to 960,0,,
input_xlsx.xlsx,"ATR 1. Point Township Dr, south of Ridge Rd",Point Township Dr,WB,2026-04-23,16:15:00,16:30:00,> 960,0,,
input_xlsx.xlsx,"ATR 1. Point Township Dr, south of Ridge Rd",Point Township Dr,WB,2026-04-23,16:30:00,16:45:00,0 to 72,0,,
input_xlsx.xlsx,"ATR 1. Point Township Dr, south of Ridge Rd",Point Township Dr,WB,2026-04-23,16:30:00,16:45:00,>72 to 120,0,,
input_xlsx.xlsx,"ATR 1. Point Township Dr, south of Ridge Rd",Point Township Dr,WB,2026-04-23,16:30:00,16:45:00,>120 to 180,105,,
input_xlsx.xlsx,"ATR 1. Point Township Dr, south of Ridge Rd",Point Township Dr,WB,2026-04-23,16:30:00,16:45:00,>180 to 240,32,,
input_xlsx.xlsx,"ATR 1. Point Township Dr, south of Ridge Rd",Point Township Dr,WB,2026-04-23,16:30:00,16:45:00,>240 to 300,5,,
input_xlsx.xlsx,"ATR 1. Point Township Dr, south of Ridge Rd",Point Township Dr,WB,2026-04-23,16:30:00,16:45:00,>300 to 360,2,,
input_xlsx.xlsx,"ATR 1. Point Township Dr, south of Ridge Rd",Point Township Dr,WB,2026-04-23,16:30:00,16:45:00,>360 to 480,2,,
input_xlsx.xlsx,"ATR 1. Point Township Dr, south of Ridge Rd",Point Township Dr,WB,2026-04-23,16:30:00,16:45:00,>480 to 600,0,,
input_xlsx.xlsx,"ATR 1. Point Township Dr, south of Ridge Rd",Point Township Dr,WB,2026-04-23,16:30:00,16:45:00,>600 to 720,1,,
input_xlsx.xlsx,"ATR 1. Point Township Dr, south of Ridge Rd",Point Township Dr,WB,2026-04-23,16:30:00,16:45:00,>720 to 840,1,,
input_xlsx.xlsx,"ATR 1. Point Township Dr, south of Ridge Rd",Point Township Dr,WB,2026-04-23,16:30:00,16:45:00,>840 to 960,0,,
input_xlsx.xlsx,"ATR 1. Point Township Dr, south of Ridge Rd",Point Township Dr,WB,2026-04-23,16:30:00,16:45:00,> 960,0,,
input_xlsx.xlsx,"ATR 1. Point Township Dr, south of Ridge Rd",Point Township Dr,WB,2026-04-23,16:45:00,17:00:00,0 to 72,0,,
input_xlsx.xlsx,"ATR 1. Point Township Dr, south of Ridge Rd",Point Township Dr,WB,2026-04-23,16:45:00,17:00:00,>72 to 120,1,,
input_xlsx.xlsx,"ATR 1. Point Township Dr, south of Ridge Rd",Point Township Dr,WB,2026-04-23,16:45:00,17:00:00,>120 to 180,118,,
input_xlsx.xlsx,"ATR 1. Point Township Dr, south of Ridge Rd",Point Township Dr,WB,2026-04-23,16:45:00,17:00:00,>180 to 240,28,,
input_xlsx.xlsx,"ATR 1. Point Township Dr, south of Ridge Rd",Point Township Dr,WB,2026-04-23,16:45:00,17:00:00,>240 to 300,2,,
input_xlsx.xlsx,"ATR 1. Point Township Dr, south of Ridge Rd",Point Township Dr,WB,2026-04-23,16:45:00,17:00:00,>300 to 360,4,,
input_xlsx.xlsx,"ATR 1. Point Township Dr, south of Ridge Rd",Point Township Dr,WB,2026-04-23,16:45:00,17:00:00,>360 to 480,1,,
input_xlsx.xlsx,"ATR 1. Point Township Dr, south of Ridge Rd",Point Township Dr,WB,2026-04-23,16:45:00,17:00:00,>480 to 600,0,,
input_xlsx.xlsx,"ATR 1. Point Township Dr, south of Ridge Rd",Point Township Dr,WB,2026-04-23,16:45:00,17:00:00,>600 to 720,1,,
input_xlsx.xlsx,"ATR 1. Point Township Dr, south of Ridge Rd",Point Township Dr,WB,2026-04-23,16:45:00,17:00:00,>720 to 840,2,,
input_xlsx.xlsx,"ATR 1. Point Township Dr, south of Ridge Rd",Point Township Dr,WB,2026-04-23,16:45:00,17:00:00,>840 to 960,0,,
input_xlsx.xlsx,"ATR 1. Point Township Dr, south of Ridge Rd",Point Township Dr,WB,2026-04-23,16:45:00,17:00:00,> 960,0,,
input_xlsx.xlsx,"ATR 1. Point Township Dr, south of Ridge Rd",Point Township Dr,WB,2026-04-23,17:00:00,17:15:00,0 to 72,0,,
input_xlsx.xlsx,"ATR 1. Point Township Dr, south of Ridge Rd",Point Township Dr,WB,2026-04-23,17:00:00,17:15:00,>72 to 120,0,,
input_xlsx.xlsx,"ATR 1. Point Township Dr, south of Ridge Rd",Point Township Dr,WB,2026-04-23,17:00:00,17:15:00,>120 to 180,87,,
input_xlsx.xlsx,"ATR 1. Point Township Dr, south of Ridge Rd",Point Township Dr,WB,2026-04-23,17:00:00,17:15:00,>180 to 240,28,,
input_xlsx.xlsx,"ATR 1. Point Township Dr, south of Ridge Rd",Point Township Dr,WB,2026-04-23,17:00:00,17:15:00,>240 to 300,4,,
input_xlsx.xlsx,"ATR 1. Point Township Dr, south of Ridge Rd",Point Township Dr,WB,2026-04-23,17:00:00,17:15:00,>300 to 360,2,,
input_xlsx.xlsx,"ATR 1. Point Township Dr, south of Ridge Rd",Point Township Dr,WB,2026-04-23,17:00:00,17:15:00,>360 to 480,1,,
input_xlsx.xlsx,"ATR 1. Point Township Dr, south of Ridge Rd",Point Township Dr,WB,2026-04-23,17:00:00,17:15:00,>480 to 600,1,,
input_xlsx.xlsx,"ATR 1. Point Township Dr, south of Ridge Rd",Point Township Dr,WB,2026-04-23,17:00:00,17:15:00,>600 to 720,0,,
input_xlsx.xlsx,"ATR 1. Point Township Dr, south of Ridge Rd",Point Township Dr,WB,2026-04-23,17:00:00,17:15:00,>720 to 840,1,,
input_xlsx.xlsx,"ATR 1. Point Township Dr, south of Ridge Rd",Point Township Dr,WB,2026-04-23,17:00:00,17:15:00,>840 to 960,0,,
input_xlsx.xlsx,"ATR 1. Point Township Dr, south of Ridge Rd",Point Township Dr,WB,2026-04-23,17:00:00,17:15:00,> 960,0,,
input_xlsx.xlsx,"ATR 1. Point Township Dr, south of Ridge Rd",Point Township Dr,WB,2026-04-23,17:15:00,17:30:00,0 to 72,1,,
input_xlsx.xlsx,"ATR 1. Point Township Dr, south of Ridge Rd",Point Township Dr,WB,2026-04-23,17:15:00,17:30:00,>72 to 120,0,,
input_xlsx.xlsx,"ATR 1. Point Township Dr, south of Ridge Rd",Point Township Dr,WB,2026-04-23,17:15:00,17:30:00,>120 to 180,83,,
input_xlsx.xlsx,"ATR 1. Point Township Dr, south of Ridge Rd",Point Township Dr,WB,2026-04-23,17:15:00,17:30:00,>180 to 240,20,,
input_xlsx.xlsx,"ATR 1. Point Township Dr, south of Ridge Rd",Point Township Dr,WB,2026-04-23,17:15:00,17:30:00,>240 to 300,3,,
input_xlsx.xlsx,"ATR 1. Point Township Dr, south of Ridge Rd",Point Township Dr,WB,2026-04-23,17:15:00,17:30:00,>300 to 360,0,,
input_xlsx.xlsx,"ATR 1. Point Township Dr, south of Ridge Rd",Point Township Dr,WB,2026-04-23,17:15:00,17:30:00,>360 to 480,0,,
input_xlsx.xlsx,"ATR 1. Point Township Dr, south of Ridge Rd",Point Township Dr,WB,2026-04-23,17:15:00,17:30:00,>480 to 600,2,,
input_xlsx.xlsx,"ATR 1. Point Township Dr, south of Ridge Rd",Point Township Dr,WB,2026-04-23,17:15:00,17:30:00,>600 to 720,0,,
input_xlsx.xlsx,"ATR 1. Point Township Dr, south of Ridge Rd",Point Township Dr,WB,2026-04-23,17:15:00,17:30:00,>720 to 840,1,,
input_xlsx.xlsx,"ATR 1. Point Township Dr, south of Ridge Rd",Point Township Dr,WB,2026-04-23,17:15:00,17:30:00,>840 to 960,0,,
input_xlsx.xlsx,"ATR 1. Point Township Dr, south of Ridge Rd",Point Township Dr,WB,2026-04-23,17:15:00,17:30:00,> 960,0,,
input_xlsx.xlsx,"ATR 1. Point Township Dr, south of Ridge Rd",Point Township Dr,WB,2026-04-23,17:30:00,17:45:00,0 to 72,1,,
input_xlsx.xlsx,"ATR 1. Point Township Dr, south of Ridge Rd",Point Township Dr,WB,2026-04-23,17:30:00,17:45:00,>72 to 120,0,,
input_xlsx.xlsx,"ATR 1. Point Township Dr, south of Ridge Rd",Point Township Dr,WB,2026-04-23,17:30:00,17:45:00,>120 to 180,71,,
input_xlsx.xlsx,"ATR 1. Point Township Dr, south of Ridge Rd",Point Township Dr,WB,2026-04-23,17:30:00,17:45:00,>180 to 240,23,,
input_xlsx.xlsx,"ATR 1. Point Township Dr, south of Ridge Rd",Point Township Dr,WB,2026-04-23,17:30:00,17:45:00,>240 to 300,4,,
input_xlsx.xlsx,"ATR 1. Point Township Dr, south of Ridge Rd",Point Township Dr,WB,2026-04-23,17:30:00,17:45:00,>300 to 360,0,,
input_xlsx.xlsx,"ATR 1. Point Township Dr, south of Ridge Rd",Point Township Dr,WB,2026-04-23,17:30:00,17:45:00,>360 to 480,3,,
input_xlsx.xlsx,"ATR 1. Point Township Dr, south of Ridge Rd",Point Township Dr,WB,2026-04-23,17:30:00,17:45:00,>480 to 600,2,,
input_xlsx.xlsx,"ATR 1. Point Township Dr, south of Ridge Rd",Point Township Dr,WB,2026-04-23,17:30:00,17:45:00,>600 to 720,1,,
input_xlsx.xlsx,"ATR 1. Point Township Dr, south of Ridge Rd",Point Township Dr,WB,2026-04-23,17:30:00,17:45:00,>720 to 840,0,,
input_xlsx.xlsx,"ATR 1. Point Township Dr, south of Ridge Rd",Point Township Dr,WB,2026-04-23,17:30:00,17:45:00,>840 to 960,0,,
input_xlsx.xlsx,"ATR 1. Point Township Dr, south of Ridge Rd",Point Township Dr,WB,2026-04-23,17:30:00,17:45:00,> 960,0,,
input_xlsx.xlsx,"ATR 1. Point Township Dr, south of Ridge Rd",Point Township Dr,WB,2026-04-23,17:45:00,18:00:00,0 to 72,0,,
input_xlsx.xlsx,"ATR 1. Point Township Dr, south of Ridge Rd",Point Township Dr,WB,2026-04-23,17:45:00,18:00:00,>72 to 120,0,,
input_xlsx.xlsx,"ATR 1. Point Township Dr, south of Ridge Rd",Point Township Dr,WB,2026-04-23,17:45:00,18:00:00,>120 to 180,71,,
input_xlsx.xlsx,"ATR 1. Point Township Dr, south of Ridge Rd",Point Township Dr,WB,2026-04-23,17:45:00,18:00:00,>180 to 240,23,,
input_xlsx.xlsx,"ATR 1. Point Township Dr, south of Ridge Rd",Point Township Dr,WB,2026-04-23,17:45:00,18:00:00,>240 to 300,4,,
input_xlsx.xlsx,"ATR 1. Point Township Dr, south of Ridge Rd",Point Township Dr,WB,2026-04-23,17:45:00,18:00:00,>300 to 360,0,,
input_xlsx.xlsx,"ATR 1. Point Township Dr, south of Ridge Rd",Point Township Dr,WB,2026-04-23,17:45:00,18:00:00,>360 to 480,4,,
input_xlsx.xlsx,"ATR 1. Point Township Dr, south of Ridge Rd",Point Township Dr,WB,2026-04-23,17:45:00,18:00:00,>480 to 600,1,,
input_xlsx.xlsx,"ATR 1. Point Township Dr, south of Ridge Rd",Point Township Dr,WB,2026-04-23,17:45:00,18:00:00,>600 to 720,0,,
input_xlsx.xlsx,"ATR 1. Point Township Dr, south of Ridge Rd",Point Township Dr,WB,2026-04-23,17:45:00,18:00:00,>720 to 840,2,,
input_xlsx.xlsx,"ATR 1. Point Township Dr, south of Ridge Rd",Point Township Dr,WB,2026-04-23,17:45:00,18:00:00,>840 to 960,1,,
input_xlsx.xlsx,"ATR 1. Point Township Dr, south of Ridge Rd",Point Township Dr,WB,2026-04-23,17:45:00,18:00:00,> 960,0,,
input_xlsx.xlsx,"ATR 1. Point Township Dr, south of Ridge Rd",Point Township Dr,WB,2026-04-23,18:00:00,18:15:00,0 to 72,0,,
input_xlsx.xlsx,"ATR 1. Point Township Dr, south of Ridge Rd",Point Township Dr,WB,2026-04-23,18:00:00,18:15:00,>72 to 120,0,,
input_xlsx.xlsx,"ATR 1. Point Township Dr, south of Ridge Rd",Point Township Dr,WB,2026-04-23,18:00:00,18:15:00,>120 to 180,52,,
input_xlsx.xlsx,"ATR 1. Point Township Dr, south of Ridge Rd",Point Township Dr,WB,2026-04-23,18:00:00,18:15:00,>180 to 240,21,,
input_xlsx.xlsx,"ATR 1. Point Township Dr, south of Ridge Rd",Point Township Dr,WB,2026-04-23,18:00:00,18:15:00,>240 to 300,3,,
input_xlsx.xlsx,"ATR 1. Point Township Dr, south of Ridge Rd",Point Township Dr,WB,2026-04-23,18:00:00,18:15:00,>300 to 360,4,,
input_xlsx.xlsx,"ATR 1. Point Township Dr, south of Ridge Rd",Point Township Dr,WB,2026-04-23,18:00:00,18:15:00,>360 to 480,2,,
input_xlsx.xlsx,"ATR 1. Point Township Dr, south of Ridge Rd",Point Township Dr,WB,2026-04-23,18:00:00,18:15:00,>480 to 600,2,,
input_xlsx.xlsx,"ATR 1. Point Township Dr, south of Ridge Rd",Point Township Dr,WB,2026-04-23,18:00:00,18:15:00,>600 to 720,0,,
input_xlsx.xlsx,"ATR 1. Point Township Dr, south of Ridge Rd",Point Township Dr,WB,2026-04-23,18:00:00,18:15:00,>720 to 840,1,,
input_xlsx.xlsx,"ATR 1. Point Township Dr, south of Ridge Rd",Point Township Dr,WB,2026-04-23,18:00:00,18:15:00,>840 to 960,2,,
input_xlsx.xlsx,"ATR 1. Point Township Dr, south of Ridge Rd",Point Township Dr,WB,2026-04-23,18:00:00,18:15:00,> 960,0,,
input_xlsx.xlsx,"ATR 1. Point Township Dr, south of Ridge Rd",Point Township Dr,WB,2026-04-23,18:15:00,18:30:00,0 to 72,0,,
input_xlsx.xlsx,"ATR 1. Point Township Dr, south of Ridge Rd",Point Township Dr,WB,2026-04-23,18:15:00,18:30:00,>72 to 120,0,,
input_xlsx.xlsx,"ATR 1. Point Township Dr, south of Ridge Rd",Point Township Dr,WB,2026-04-23,18:15:00,18:30:00,>120 to 180,48,,
input_xlsx.xlsx,"ATR 1. Point Township Dr, south of Ridge Rd",Point Township Dr,WB,2026-04-23,18:15:00,18:30:00,>180 to 240,17,,
input_xlsx.xlsx,"ATR 1. Point Township Dr, south of Ridge Rd",Point Township Dr,WB,2026-04-23,18:15:00,18:30:00,>240 to 300,1,,
input_xlsx.xlsx,"ATR 1. Point Township Dr, south of Ridge Rd",Point Township Dr,WB,2026-04-23,18:15:00,18:30:00,>300 to 360,2,,
input_xlsx.xlsx,"ATR 1. Point Township Dr, south of Ridge Rd",Point Township Dr,WB,2026-04-23,18:15:00,18:30:00,>360 to 480,0,,
input_xlsx.xlsx,"ATR 1. Point Township Dr, south of Ridge Rd",Point Township Dr,WB,2026-04-23,18:15:00,18:30:00,>480 to 600,0,,
input_xlsx.xlsx,"ATR 1. Point Township Dr, south of Ridge Rd",Point Township Dr,WB,2026-04-23,18:15:00,18:30:00,>600 to 720,3,,
input_xlsx.xlsx,"ATR 1. Point Township Dr, south of Ridge Rd",Point Township Dr,WB,2026-04-23,18:15:00,18:30:00,>720 to 840,0,,
input_xlsx.xlsx,"ATR 1. Point Township Dr, south of Ridge Rd",Point Township Dr,WB,2026-04-23,18:15:00,18:30:00,>840 to 960,1,,
input_xlsx.xlsx,"ATR 1. Point Township Dr, south of Ridge Rd",Point Township Dr,WB,2026-04-23,18:15:00,18:30:00,> 960,0,,
input_xlsx.xlsx,"ATR 1. Point Township Dr, south of Ridge Rd",Point Township Dr,WB,2026-04-23,18:30:00,18:45:00,0 to 72,0,,
input_xlsx.xlsx,"ATR 1. Point Township Dr, south of Ridge Rd",Point Township Dr,WB,2026-04-23,18:30:00,18:45:00,>72 to 120,1,,
input_xlsx.xlsx,"ATR 1. Point Township Dr, south of Ridge Rd",Point Township Dr,WB,2026-04-23,18:30:00,18:45:00,>120 to 180,45,,
input_xlsx.xlsx,"ATR 1. Point Township Dr, south of Ridge Rd",Point Township Dr,WB,2026-04-23,18:30:00,18:45:00,>180 to 240,13,,
input_xlsx.xlsx,"ATR 1. Point Township Dr, south of Ridge Rd",Point Township Dr,WB,2026-04-23,18:30:00,18:45:00,>240 to 300,6,,
input_xlsx.xlsx,"ATR 1. Point Township Dr, south of Ridge Rd",Point Township Dr,WB,2026-04-23,18:30:00,18:45:00,>300 to 360,2,,
input_xlsx.xlsx,"ATR 1. Point Township Dr, south of Ridge Rd",Point Township Dr,WB,2026-04-23,18:30:00,18:45:00,>360 to 480,0,,
input_xlsx.xlsx,"ATR 1. Point Township Dr, south of Ridge Rd",Point Township Dr,WB,2026-04-23,18:30:00,18:45:00,>480 to 600,1,,
input_xlsx.xlsx,"ATR 1. Point Township Dr, south of Ridge Rd",Point Township Dr,WB,2026-04-23,18:30:00,18:45:00,>600 to 720,0,,
input_xlsx.xlsx,"ATR 1. Point Township Dr, south of Ridge Rd",Point Township Dr,WB,2026-04-23,18:30:00,18:45:00,>720 to 840,0,,
input_xlsx.xlsx,"ATR 1. Point Township Dr, south of Ridge Rd",Point Township Dr,WB,2026-04-23,18:30:00,18:45:00,>840 to 960,0,,
input_xlsx.xlsx,"ATR 1. Point Township Dr, south of Ridge Rd",Point Township Dr,WB,2026-04-23,18:30:00,18:45:00,> 960,0,,
input_xlsx.xlsx,"ATR 1. Point Township Dr, south of Ridge Rd",Point Township Dr,WB,2026-04-23,18:45:00,19:00:00,0 to 72,0,,
input_xlsx.xlsx,"ATR 1. Point Township Dr, south of Ridge Rd",Point Township Dr,WB,2026-04-23,18:45:00,19:00:00,>72 to 120,0,,
input_xlsx.xlsx,"ATR 1. Point Township Dr, south of Ridge Rd",Point Township Dr,WB,2026-04-23,18:45:00,19:00:00,>120 to 180,56,,
input_xlsx.xlsx,"ATR 1. Point Township Dr, south of Ridge Rd",Point Township Dr,WB,2026-04-23,18:45:00,19:00:00,>180 to 240,13,,
input_xlsx.xlsx,"ATR 1. Point Township Dr, south of Ridge Rd",Point Township Dr,WB,2026-04-23,18:45:00,19:00:00,>240 to 300,0,,
input_xlsx.xlsx,"ATR 1. Point Township Dr, south of Ridge Rd",Point Township Dr,WB,2026-04-23,18:45:00,19:00:00,>300 to 360,1,,
input_xlsx.xlsx,"ATR 1. Point Township Dr, south of Ridge Rd",Point Township Dr,WB,2026-04-23,18:45:00,19:00:00,>360 to 480,0,,
input_xlsx.xlsx,"ATR 1. Point Township Dr, south of Ridge Rd",Point Township Dr,WB,2026-04-23,18:45:00,19:00:00,>480 to 600,0,,
input_xlsx.xlsx,"ATR 1. Point Township Dr, south of Ridge Rd",Point Township Dr,WB,2026-04-23,18:45:00,19:00:00,>600 to 720,1,,
input_xlsx.xlsx,"ATR 1. Point Township Dr, south of Ridge Rd",Point Township Dr,WB,2026-04-23,18:45:00,19:00:00,>720 to 840,0,,
input_xlsx.xlsx,"ATR 1. Point Township Dr, south of Ridge Rd",Point Township Dr,WB,2026-04-23,18:45:00,19:00:00,>840 to 960,0,,
input_xlsx.xlsx,"ATR 1. Point Township Dr, south of Ridge Rd",Point Township Dr,WB,2026-04-23,18:45:00,19:00:00,> 960,0,,
input_xlsx.xlsx,"ATR 1. Point Township Dr, south of Ridge Rd",Point Township Dr,WB,2026-04-23,19:00:00,19:15:00,0 to 72,0,,
input_xlsx.xlsx,"ATR 1. Point Township Dr, south of Ridge Rd",Point Township Dr,WB,2026-04-23,19:00:00,19:15:00,>72 to 120,0,,
input_xlsx.xlsx,"ATR 1. Point Township Dr, south of Ridge Rd",Point Township Dr,WB,2026-04-23,19:00:00,19:15:00,>120 to 180,34,,
input_xlsx.xlsx,"ATR 1. Point Township Dr, south of Ridge Rd",Point Township Dr,WB,2026-04-23,19:00:00,19:15:00,>180 to 240,9,,
input_xlsx.xlsx,"ATR 1. Point Township Dr, south of Ridge Rd",Point Township Dr,WB,2026-04-23,19:00:00,19:15:00,>240 to 300,3,,
input_xlsx.xlsx,"ATR 1. Point Township Dr, south of Ridge Rd",Point Township Dr,WB,2026-04-23,19:00:00,19:15:00,>300 to 360,0,,
input_xlsx.xlsx,"ATR 1. Point Township Dr, south of Ridge Rd",Point Township Dr,WB,2026-04-23,19:00:00,19:15:00,>360 to 480,1,,
input_xlsx.xlsx,"ATR 1. Point Township Dr, south of Ridge Rd",Point Township Dr,WB,2026-04-23,19:00:00,19:15:00,>480 to 600,0,,
input_xlsx.xlsx,"ATR 1. Point Township Dr, south of Ridge Rd",Point Township Dr,WB,2026-04-23,19:00:00,19:15:00,>600 to 720,0,,
input_xlsx.xlsx,"ATR 1. Point Township Dr, south of Ridge Rd",Point Township Dr,WB,2026-04-23,19:00:00,19:15:00,>720 to 840,1,,
input_xlsx.xlsx,"ATR 1. Point Township Dr, south of Ridge Rd",Point Township Dr,WB,2026-04-23,19:00:00,19:15:00,>840 to 960,0,,
input_xlsx.xlsx,"ATR 1. Point Township Dr, south of Ridge Rd",Point Township Dr,WB,2026-04-23,19:00:00,19:15:00,> 960,0,,
input_xlsx.xlsx,"ATR 1. Point Township Dr, south of Ridge Rd",Point Township Dr,WB,2026-04-23,19:15:00,19:30:00,0 to 72,0,,
input_xlsx.xlsx,"ATR 1. Point Township Dr, south of Ridge Rd",Point Township Dr,WB,2026-04-23,19:15:00,19:30:00,>72 to 120,0,,
input_xlsx.xlsx,"ATR 1. Point Township Dr, south of Ridge Rd",Point Township Dr,WB,2026-04-23,19:15:00,19:30:00,>120 to 180,46,,
input_xlsx.xlsx,"ATR 1. Point Township Dr, south of Ridge Rd",Point Township Dr,WB,2026-04-23,19:15:00,19:30:00,>180 to 240,17,,
input_xlsx.xlsx,"ATR 1. Point Township Dr, south of Ridge Rd",Point Township Dr,WB,2026-04-23,19:15:00,19:30:00,>240 to 300,2,,
input_xlsx.xlsx,"ATR 1. Point Township Dr, south of Ridge Rd",Point Township Dr,WB,2026-04-23,19:15:00,19:30:00,>300 to 360,1,,
input_xlsx.xlsx,"ATR 1. Point Township Dr, south of Ridge Rd",Point Township Dr,WB,2026-04-23,19:15:00,19:30:00,>360 to 480,3,,
input_xlsx.xlsx,"ATR 1. Point Township Dr, south of Ridge Rd",Point Township Dr,WB,2026-04-23,19:15:00,19:30:00,>480 to 600,1,,
input_xlsx.xlsx,"ATR 1. Point Township Dr, south of Ridge Rd",Point Township Dr,WB,2026-04-23,19:15:00,19:30:00,>600 to 720,0,,
input_xlsx.xlsx,"ATR 1. Point Township Dr, south of Ridge Rd",Point Township Dr,WB,2026-04-23,19:15:00,19:30:00,>720 to 840,2,,
input_xlsx.xlsx,"ATR 1. Point Township Dr, south of Ridge Rd",Point Township Dr,WB,2026-04-23,19:15:00,19:30:00,>840 to 960,1,,
input_xlsx.xlsx,"ATR 1. Point Township Dr, south of Ridge Rd",Point Township Dr,WB,2026-04-23,19:15:00,19:30:00,> 960,0,,
input_xlsx.xlsx,"ATR 1. Point Township Dr, south of Ridge Rd",Point Township Dr,WB,2026-04-23,19:30:00,19:45:00,0 to 72,1,,
input_xlsx.xlsx,"ATR 1. Point Township Dr, south of Ridge Rd",Point Township Dr,WB,2026-04-23,19:30:00,19:45:00,>72 to 120,0,,
input_xlsx.xlsx,"ATR 1. Point Township Dr, south of Ridge Rd",Point Township Dr,WB,2026-04-23,19:30:00,19:45:00,>120 to 180,44,,
input_xlsx.xlsx,"ATR 1. Point Township Dr, south of Ridge Rd",Point Township Dr,WB,2026-04-23,19:30:00,19:45:00,>180 to 240,17,,
input_xlsx.xlsx,"ATR 1. Point Township Dr, south of Ridge Rd",Point Township Dr,WB,2026-04-23,19:30:00,19:45:00,>240 to 300,1,,
input_xlsx.xlsx,"ATR 1. Point Township Dr, south of Ridge Rd",Point Township Dr,WB,2026-04-23,19:30:00,19:45:00,>300 to 360,1,,
input_xlsx.xlsx,"ATR 1. Point Township Dr, south of Ridge Rd",Point Township Dr,WB,2026-04-23,19:30:00,19:45:00,>360 to 480,1,,
input_xlsx.xlsx,"ATR 1. Point Township Dr, south of Ridge Rd",Point Township Dr,WB,2026-04-23,19:30:00,19:45:00,>480 to 600,0,,
input_xlsx.xlsx,"ATR 1. Point Township Dr, south of Ridge Rd",Point Township Dr,WB,2026-04-23,19:30:00,19:45:00,>600 to 720,0,,
input_xlsx.xlsx,"ATR 1. Point Township Dr, south of Ridge Rd",Point Township Dr,WB,2026-04-23,19:30:00,19:45:00,>720 to 840,1,,
input_xlsx.xlsx,"ATR 1. Point Township Dr, south of Ridge Rd",Point Township Dr,WB,2026-04-23,19:30:00,19:45:00,>840 to 960,0,,
input_xlsx.xlsx,"ATR 1. Point Township Dr, south of Ridge Rd",Point Township Dr,WB,2026-04-23,19:30:00,19:45:00,> 960,0,,
input_xlsx.xlsx,"ATR 1. Point Township Dr, south of Ridge Rd",Point Township Dr,WB,2026-04-23,19:45:00,20:00:00,0 to 72,0,,
input_xlsx.xlsx,"ATR 1. Point Township Dr, south of Ridge Rd",Point Township Dr,WB,2026-04-23,19:45:00,20:00:00,>72 to 120,1,,
input_xlsx.xlsx,"ATR 1. Point Township Dr, south of Ridge Rd",Point Township Dr,WB,2026-04-23,19:45:00,20:00:00,>120 to 180,71,,
input_xlsx.xlsx,"ATR 1. Point Township Dr, south of Ridge Rd",Point Township Dr,WB,2026-04-23,19:45:00,20:00:00,>180 to 240,18,,
input_xlsx.xlsx,"ATR 1. Point Township Dr, south of Ridge Rd",Point Township Dr,WB,2026-04-23,19:45:00,20:00:00,>240 to 300,0,,
input_xlsx.xlsx,"ATR 1. Point Township Dr, south of Ridge Rd",Point Township Dr,WB,2026-04-23,19:45:00,20:00:00,>300 to 360,0,,
input_xlsx.xlsx,"ATR 1. Point Township Dr, south of Ridge Rd",Point Township Dr,WB,2026-04-23,19:45:00,20:00:00,>360 to 480,2,,
input_xlsx.xlsx,"ATR 1. Point Township Dr, south of Ridge Rd",Point Township Dr,WB,2026-04-23,19:45:00,20:00:00,>480 to 600,0,,
input_xlsx.xlsx,"ATR 1. Point Township Dr, south of Ridge Rd",Point Township Dr,WB,2026-04-23,19:45:00,20:00:00,>600 to 720,1,,
input_xlsx.xlsx,"ATR 1. Point Township Dr, south of Ridge Rd",Point Township Dr,WB,2026-04-23,19:45:00,20:00:00,>720 to 840,0,,
input_xlsx.xlsx,"ATR 1. Point Township Dr, south of Ridge Rd",Point Township Dr,WB,2026-04-23,19:45:00,20:00:00,>840 to 960,0,,
input_xlsx.xlsx,"ATR 1. Point Township Dr, south of Ridge Rd",Point Township Dr,WB,2026-04-23,19:45:00,20:00:00,> 960,0,,
input_xlsx.xlsx,"ATR 1. Point Township Dr, south of Ridge Rd",Point Township Dr,WB,2026-04-23,20:00:00,20:15:00,0 to 72,0,,
input_xlsx.xlsx,"ATR 1. Point Township Dr, south of Ridge Rd",Point Township Dr,WB,2026-04-23,20:00:00,20:15:00,>72 to 120,0,,
input_xlsx.xlsx,"ATR 1. Point Township Dr, south of Ridge Rd",Point Township Dr,WB,2026-04-23,20:00:00,20:15:00,>120 to 180,45,,
input_xlsx.xlsx,"ATR 1. Point Township Dr, south of Ridge Rd",Point Township Dr,WB,2026-04-23,20:00:00,20:15:00,>180 to 240,12,,
input_xlsx.xlsx,"ATR 1. Point Township Dr, south of Ridge Rd",Point Township Dr,WB,2026-04-23,20:00:00,20:15:00,>240 to 300,1,,
input_xlsx.xlsx,"ATR 1. Point Township Dr, south of Ridge Rd",Point Township Dr,WB,2026-04-23,20:00:00,20:15:00,>300 to 360,0,,
input_xlsx.xlsx,"ATR 1. Point Township Dr, south of Ridge Rd",Point Township Dr,WB,2026-04-23,20:00:00,20:15:00,>360 to 480,1,,
input_xlsx.xlsx,"ATR 1. Point Township Dr, south of Ridge Rd",Point Township Dr,WB,2026-04-23,20:00:00,20:15:00,>480 to 600,0,,
input_xlsx.xlsx,"ATR 1. Point Township Dr, south of Ridge Rd",Point Township Dr,WB,2026-04-23,20:00:00,20:15:00,>600 to 720,0,,
input_xlsx.xlsx,"ATR 1. Point Township Dr, south of Ridge Rd",Point Township Dr,WB,2026-04-23,20:00:00,20:15:00,>720 to 840,1,,
input_xlsx.xlsx,"ATR 1. Point Township Dr, south of Ridge Rd",Point Township Dr,WB,2026-04-23,20:00:00,20:15:00,>840 to 960,0,,
input_xlsx.xlsx,"ATR 1. Point Township Dr, south of Ridge Rd",Point Township Dr,WB,2026-04-23,20:00:00,20:15:00,> 960,0,,
input_xlsx.xlsx,"ATR 1. Point Township Dr, south of Ridge Rd",Point Township Dr,WB,2026-04-23,20:15:00,20:30:00,0 to 72,0,,
input_xlsx.xlsx,"ATR 1. Point Township Dr, south of Ridge Rd",Point Township Dr,WB,2026-04-23,20:15:00,20:30:00,>72 to 120,0,,
input_xlsx.xlsx,"ATR 1. Point Township Dr, south of Ridge Rd",Point Township Dr,WB,2026-04-23,20:15:00,20:30:00,>120 to 180,34,,
input_xlsx.xlsx,"ATR 1. Point Township Dr, south of Ridge Rd",Point Township Dr,WB,2026-04-23,20:15:00,20:30:00,>180 to 240,7,,
input_xlsx.xlsx,"ATR 1. Point Township Dr, south of Ridge Rd",Point Township Dr,WB,2026-04-23,20:15:00,20:30:00,>240 to 300,0,,
input_xlsx.xlsx,"ATR 1. Point Township Dr, south of Ridge Rd",Point Township Dr,WB,2026-04-23,20:15:00,20:30:00,>300 to 360,0,,
input_xlsx.xlsx,"ATR 1. Point Township Dr, south of Ridge Rd",Point Township Dr,WB,2026-04-23,20:15:00,20:30:00,>360 to 480,0,,
input_xlsx.xlsx,"ATR 1. Point Township Dr, south of Ridge Rd",Point Township Dr,WB,2026-04-23,20:15:00,20:30:00,>480 to 600,1,,
input_xlsx.xlsx,"ATR 1. Point Township Dr, south of Ridge Rd",Point Township Dr,WB,2026-04-23,20:15:00,20:30:00,>600 to 720,0,,
input_xlsx.xlsx,"ATR 1. Point Township Dr, south of Ridge Rd",Point Township Dr,WB,2026-04-23,20:15:00,20:30:00,>720 to 840,1,,
input_xlsx.xlsx,"ATR 1. Point Township Dr, south of Ridge Rd",Point Township Dr,WB,2026-04-23,20:15:00,20:30:00,>840 to 960,0,,
input_xlsx.xlsx,"ATR 1. Point Township Dr, south of Ridge Rd",Point Township Dr,WB,2026-04-23,20:15:00,20:30:00,> 960,0,,
input_xlsx.xlsx,"ATR 1. Point Township Dr, south of Ridge Rd",Point Township Dr,WB,2026-04-23,20:30:00,20:45:00,0 to 72,0,,
input_xlsx.xlsx,"ATR 1. Point Township Dr, south of Ridge Rd",Point Township Dr,WB,2026-04-23,20:30:00,20:45:00,>72 to 120,0,,
input_xlsx.xlsx,"ATR 1. Point Township Dr, south of Ridge Rd",Point Township Dr,WB,2026-04-23,20:30:00,20:45:00,>120 to 180,24,,
input_xlsx.xlsx,"ATR 1. Point Township Dr, south of Ridge Rd",Point Township Dr,WB,2026-04-23,20:30:00,20:45:00,>180 to 240,9,,
input_xlsx.xlsx,"ATR 1. Point Township Dr, south of Ridge Rd",Point Township Dr,WB,2026-04-23,20:30:00,20:45:00,>240 to 300,0,,
input_xlsx.xlsx,"ATR 1. Point Township Dr, south of Ridge Rd",Point Township Dr,WB,2026-04-23,20:30:00,20:45:00,>300 to 360,0,,
input_xlsx.xlsx,"ATR 1. Point Township Dr, south of Ridge Rd",Point Township Dr,WB,2026-04-23,20:30:00,20:45:00,>360 to 480,0,,
input_xlsx.xlsx,"ATR 1. Point Township Dr, south of Ridge Rd",Point Township Dr,WB,2026-04-23,20:30:00,20:45:00,>480 to 600,0,,
input_xlsx.xlsx,"ATR 1. Point Township Dr, south of Ridge Rd",Point Township Dr,WB,2026-04-23,20:30:00,20:45:00,>600 to 720,0,,
input_xlsx.xlsx,"ATR 1. Point Township Dr, south of Ridge Rd",Point Township Dr,WB,2026-04-23,20:30:00,20:45:00,>720 to 840,1,,
input_xlsx.xlsx,"ATR 1. Point Township Dr, south of Ridge Rd",Point Township Dr,WB,2026-04-23,20:30:00,20:45:00,>840 to 960,0,,
input_xlsx.xlsx,"ATR 1. Point Township Dr, south of Ridge Rd",Point Township Dr,WB,2026-04-23,20:30:00,20:45:00,> 960,0,,
input_xlsx.xlsx,"ATR 1. Point Township Dr, south of Ridge Rd",Point Township Dr,WB,2026-04-23,20:45:00,21:00:00,0 to 72,0,,
input_xlsx.xlsx,"ATR 1. Point Township Dr, south of Ridge Rd",Point Township Dr,WB,2026-04-23,20:45:00,21:00:00,>72 to 120,0,,
input_xlsx.xlsx,"ATR 1. Point Township Dr, south of Ridge Rd",Point Township Dr,WB,2026-04-23,20:45:00,21:00:00,>120 to 180,26,,
input_xlsx.xlsx,"ATR 1. Point Township Dr, south of Ridge Rd",Point Township Dr,WB,2026-04-23,20:45:00,21:00:00,>180 to 240,4,,
input_xlsx.xlsx,"ATR 1. Point Township Dr, south of Ridge Rd",Point Township Dr,WB,2026-04-23,20:45:00,21:00:00,>240 to 300,0,,
input_xlsx.xlsx,"ATR 1. Point Township Dr, south of Ridge Rd",Point Township Dr,WB,2026-04-23,20:45:00,21:00:00,>300 to 360,0,,
input_xlsx.xlsx,"ATR 1. Point Township Dr, south of Ridge Rd",Point Township Dr,WB,2026-04-23,20:45:00,21:00:00,>360 to 480,1,,
input_xlsx.xlsx,"ATR 1. Point Township Dr, south of Ridge Rd",Point Township Dr,WB,2026-04-23,20:45:00,21:00:00,>480 to 600,0,,
input_xlsx.xlsx,"ATR 1. Point Township Dr, south of Ridge Rd",Point Township Dr,WB,2026-04-23,20:45:00,21:00:00,>600 to 720,0,,
input_xlsx.xlsx,"ATR 1. Point Township Dr, south of Ridge Rd",Point Township Dr,WB,2026-04-23,20:45:00,21:00:00,>720 to 840,1,,
input_xlsx.xlsx,"ATR 1. Point Township Dr, south of Ridge Rd",Point Township Dr,WB,2026-04-23,20:45:00,21:00:00,>840 to 960,1,,
input_xlsx.xlsx,"ATR 1. Point Township Dr, south of Ridge Rd",Point Township Dr,WB,2026-04-23,20:45:00,21:00:00,> 960,0,,
input_xlsx.xlsx,"ATR 1. Point Township Dr, south of Ridge Rd",Point Township Dr,WB,2026-04-23,21:00:00,21:15:00,0 to 72,0,,
input_xlsx.xlsx,"ATR 1. Point Township Dr, south of Ridge Rd",Point Township Dr,WB,2026-04-23,21:00:00,21:15:00,>72 to 120,0,,
input_xlsx.xlsx,"ATR 1. Point Township Dr, south of Ridge Rd",Point Township Dr,WB,2026-04-23,21:00:00,21:15:00,>120 to 180,19,,
input_xlsx.xlsx,"ATR 1. Point Township Dr, south of Ridge Rd",Point Township Dr,WB,2026-04-23,21:00:00,21:15:00,>180 to 240,6,,
input_xlsx.xlsx,"ATR 1. Point Township Dr, south of Ridge Rd",Point Township Dr,WB,2026-04-23,21:00:00,21:15:00,>240 to 300,2,,
input_xlsx.xlsx,"ATR 1. Point Township Dr, south of Ridge Rd",Point Township Dr,WB,2026-04-23,21:00:00,21:15:00,>300 to 360,0,,
input_xlsx.xlsx,"ATR 1. Point Township Dr, south of Ridge Rd",Point Township Dr,WB,2026-04-23,21:00:00,21:15:00,>360 to 480,1,,
input_xlsx.xlsx,"ATR 1. Point Township Dr, south of Ridge Rd",Point Township Dr,WB,2026-04-23,21:00:00,21:15:00,>480 to 600,1,,
input_xlsx.xlsx,"ATR 1. Point Township Dr, south of Ridge Rd",Point Township Dr,WB,2026-04-23,21:00:00,21:15:00,>600 to 720,1,,
input_xlsx.xlsx,"ATR 1. Point Township Dr, south of Ridge Rd",Point Township Dr,WB,2026-04-23,21:00:00,21:15:00,>720 to 840,0,,
input_xlsx.xlsx,"ATR 1. Point Township Dr, south of Ridge Rd",Point Township Dr,WB,2026-04-23,21:00:00,21:15:00,>840 to 960,0,,
input_xlsx.xlsx,"ATR 1. Point Township Dr, south of Ridge Rd",Point Township Dr,WB,2026-04-23,21:00:00,21:15:00,> 960,0,,
input_xlsx.xlsx,"ATR 1. Point Township Dr, south of Ridge Rd",Point Township Dr,WB,2026-04-23,21:15:00,21:30:00,0 to 72,0,,
input_xlsx.xlsx,"ATR 1. Point Township Dr, south of Ridge Rd",Point Township Dr,WB,2026-04-23,21:15:00,21:30:00,>72 to 120,0,,
input_xlsx.xlsx,"ATR 1. Point Township Dr, south of Ridge Rd",Point Township Dr,WB,2026-04-23,21:15:00,21:30:00,>120 to 180,14,,
input_xlsx.xlsx,"ATR 1. Point Township Dr, south of Ridge Rd",Point Township Dr,WB,2026-04-23,21:15:00,21:30:00,>180 to 240,9,,
input_xlsx.xlsx,"ATR 1. Point Township Dr, south of Ridge Rd",Point Township Dr,WB,2026-04-23,21:15:00,21:30:00,>240 to 300,1,,
input_xlsx.xlsx,"ATR 1. Point Township Dr, south of Ridge Rd",Point Township Dr,WB,2026-04-23,21:15:00,21:30:00,>300 to 360,1,,
input_xlsx.xlsx,"ATR 1. Point Township Dr, south of Ridge Rd",Point Township Dr,WB,2026-04-23,21:15:00,21:30:00,>360 to 480,1,,
input_xlsx.xlsx,"ATR 1. Point Township Dr, south of Ridge Rd",Point Township Dr,WB,2026-04-23,21:15:00,21:30:00,>480 to 600,0,,
input_xlsx.xlsx,"ATR 1. Point Township Dr, south of Ridge Rd",Point Township Dr,WB,2026-04-23,21:15:00,21:30:00,>600 to 720,0,,
input_xlsx.xlsx,"ATR 1. Point Township Dr, south of Ridge Rd",Point Township Dr,WB,2026-04-23,21:15:00,21:30:00,>720 to 840,1,,
input_xlsx.xlsx,"ATR 1. Point Township Dr, south of Ridge Rd",Point Township Dr,WB,2026-04-23,21:15:00,21:30:00,>840 to 960,0,,
input_xlsx.xlsx,"ATR 1. Point Township Dr, south of Ridge Rd",Point Township Dr,WB,2026-04-23,21:15:00,21:30:00,> 960,0,,
input_xlsx.xlsx,"ATR 1. Point Township Dr, south of Ridge Rd",Point Township Dr,WB,2026-04-23,21:30:00,21:45:00,0 to 72,1,,
input_xlsx.xlsx,"ATR 1. Point Township Dr, south of Ridge Rd",Point Township Dr,WB,2026-04-23,21:30:00,21:45:00,>72 to 120,0,,
input_xlsx.xlsx,"ATR 1. Point Township Dr, south of Ridge Rd",Point Township Dr,WB,2026-04-23,21:30:00,21:45:00,>120 to 180,12,,
input_xlsx.xlsx,"ATR 1. Point Township Dr, south of Ridge Rd",Point Township Dr,WB,2026-04-23,21:30:00,21:45:00,>180 to 240,6,,
input_xlsx.xlsx,"ATR 1. Point Township Dr, south of Ridge Rd",Point Township Dr,WB,2026-04-23,21:30:00,21:45:00,>240 to 300,1,,
input_xlsx.xlsx,"ATR 1. Point Township Dr, south of Ridge Rd",Point Township Dr,WB,2026-04-23,21:30:00,21:45:00,>300 to 360,0,,
input_xlsx.xlsx,"ATR 1. Point Township Dr, south of Ridge Rd",Point Township Dr,WB,2026-04-23,21:30:00,21:45:00,>360 to 480,0,,
input_xlsx.xlsx,"ATR 1. Point Township Dr, south of Ridge Rd",Point Township Dr,WB,2026-04-23,21:30:00,21:45:00,>480 to 600,0,,
input_xlsx.xlsx,"ATR 1. Point Township Dr, south of Ridge Rd",Point Township Dr,WB,2026-04-23,21:30:00,21:45:00,>600 to 720,1,,
input_xlsx.xlsx,"ATR 1. Point Township Dr, south of Ridge Rd",Point Township Dr,WB,2026-04-23,21:30:00,21:45:00,>720 to 840,0,,
input_xlsx.xlsx,"ATR 1. Point Township Dr, south of Ridge Rd",Point Township Dr,WB,2026-04-23,21:30:00,21:45:00,>840 to 960,0,,
input_xlsx.xlsx,"ATR 1. Point Township Dr, south of Ridge Rd",Point Township Dr,WB,2026-04-23,21:30:00,21:45:00,> 960,0,,
input_xlsx.xlsx,"ATR 1. Point Township Dr, south of Ridge Rd",Point Township Dr,WB,2026-04-23,21:45:00,22:00:00,0 to 72,0,,
input_xlsx.xlsx,"ATR 1. Point Township Dr, south of Ridge Rd",Point Township Dr,WB,2026-04-23,21:45:00,22:00:00,>72 to 120,0,,
input_xlsx.xlsx,"ATR 1. Point Township Dr, south of Ridge Rd",Point Township Dr,WB,2026-04-23,21:45:00,22:00:00,>120 to 180,18,,
input_xlsx.xlsx,"ATR 1. Point Township Dr, south of Ridge Rd",Point Township Dr,WB,2026-04-23,21:45:00,22:00:00,>180 to 240,2,,
input_xlsx.xlsx,"ATR 1. Point Township Dr, south of Ridge Rd",Point Township Dr,WB,2026-04-23,21:45:00,22:00:00,>240 to 300,1,,
input_xlsx.xlsx,"ATR 1. Point Township Dr, south of Ridge Rd",Point Township Dr,WB,2026-04-23,21:45:00,22:00:00,>300 to 360,2,,
input_xlsx.xlsx,"ATR 1. Point Township Dr, south of Ridge Rd",Point Township Dr,WB,2026-04-23,21:45:00,22:00:00,>360 to 480,1,,
input_xlsx.xlsx,"ATR 1. Point Township Dr, south of Ridge Rd",Point Township Dr,WB,2026-04-23,21:45:00,22:00:00,>480 to 600,1,,
input_xlsx.xlsx,"ATR 1. Point Township Dr, south of Ridge Rd",Point Township Dr,WB,2026-04-23,21:45:00,22:00:00,>600 to 720,0,,
input_xlsx.xlsx,"ATR 1. Point Township Dr, south of Ridge Rd",Point Township Dr,WB,2026-04-23,21:45:00,22:00:00,>720 to 840,0,,
input_xlsx.xlsx,"ATR 1. Point Township Dr, south of Ridge Rd",Point Township Dr,WB,2026-04-23,21:45:00,22:00:00,>840 to 960,0,,
input_xlsx.xlsx,"ATR 1. Point Township Dr, south of Ridge Rd",Point Township Dr,WB,2026-04-23,21:45:00,22:00:00,> 960,0,,
input_xlsx.xlsx,"ATR 1. Point Township Dr, south of Ridge Rd",Point Township Dr,WB,2026-04-23,22:00:00,22:15:00,0 to 72,0,,
input_xlsx.xlsx,"ATR 1. Point Township Dr, south of Ridge Rd",Point Township Dr,WB,2026-04-23,22:00:00,22:15:00,>72 to 120,1,,
input_xlsx.xlsx,"ATR 1. Point Township Dr, south of Ridge Rd",Point Township Dr,WB,2026-04-23,22:00:00,22:15:00,>120 to 180,10,,
input_xlsx.xlsx,"ATR 1. Point Township Dr, south of Ridge Rd",Point Township Dr,WB,2026-04-23,22:00:00,22:15:00,>180 to 240,3,,
input_xlsx.xlsx,"ATR 1. Point Township Dr, south of Ridge Rd",Point Township Dr,WB,2026-04-23,22:00:00,22:15:00,>240 to 300,0,,
input_xlsx.xlsx,"ATR 1. Point Township Dr, south of Ridge Rd",Point Township Dr,WB,2026-04-23,22:00:00,22:15:00,>300 to 360,0,,
input_xlsx.xlsx,"ATR 1. Point Township Dr, south of Ridge Rd",Point Township Dr,WB,2026-04-23,22:00:00,22:15:00,>360 to 480,1,,
input_xlsx.xlsx,"ATR 1. Point Township Dr, south of Ridge Rd",Point Township Dr,WB,2026-04-23,22:00:00,22:15:00,>480 to 600,0,,
input_xlsx.xlsx,"ATR 1. Point Township Dr, south of Ridge Rd",Point Township Dr,WB,2026-04-23,22:00:00,22:15:00,>600 to 720,0,,
input_xlsx.xlsx,"ATR 1. Point Township Dr, south of Ridge Rd",Point Township Dr,WB,2026-04-23,22:00:00,22:15:00,>720 to 840,0,,
input_xlsx.xlsx,"ATR 1. Point Township Dr, south of Ridge Rd",Point Township Dr,WB,2026-04-23,22:00:00,22:15:00,>840 to 960,0,,
input_xlsx.xlsx,"ATR 1. Point Township Dr, south of Ridge Rd",Point Township Dr,WB,2026-04-23,22:00:00,22:15:00,> 960,0,,
input_xlsx.xlsx,"ATR 1. Point Township Dr, south of Ridge Rd",Point Township Dr,WB,2026-04-23,22:15:00,22:30:00,0 to 72,0,,
input_xlsx.xlsx,"ATR 1. Point Township Dr, south of Ridge Rd",Point Township Dr,WB,2026-04-23,22:15:00,22:30:00,>72 to 120,0,,
input_xlsx.xlsx,"ATR 1. Point Township Dr, south of Ridge Rd",Point Township Dr,WB,2026-04-23,22:15:00,22:30:00,>120 to 180,7,,
input_xlsx.xlsx,"ATR 1. Point Township Dr, south of Ridge Rd",Point Township Dr,WB,2026-04-23,22:15:00,22:30:00,>180 to 240,3,,
input_xlsx.xlsx,"ATR 1. Point Township Dr, south of Ridge Rd",Point Township Dr,WB,2026-04-23,22:15:00,22:30:00,>240 to 300,0,,
input_xlsx.xlsx,"ATR 1. Point Township Dr, south of Ridge Rd",Point Township Dr,WB,2026-04-23,22:15:00,22:30:00,>300 to 360,0,,
input_xlsx.xlsx,"ATR 1. Point Township Dr, south of Ridge Rd",Point Township Dr,WB,2026-04-23,22:15:00,22:30:00,>360 to 480,0,,
input_xlsx.xlsx,"ATR 1. Point Township Dr, south of Ridge Rd",Point Township Dr,WB,2026-04-23,22:15:00,22:30:00,>480 to 600,0,,
input_xlsx.xlsx,"ATR 1. Point Township Dr, south of Ridge Rd",Point Township Dr,WB,2026-04-23,22:15:00,22:30:00,>600 to 720,1,,
input_xlsx.xlsx,"ATR 1. Point Township Dr, south of Ridge Rd",Point Township Dr,WB,2026-04-23,22:15:00,22:30:00,>720 to 840,0,,
input_xlsx.xlsx,"ATR 1. Point Township Dr, south of Ridge Rd",Point Township Dr,WB,2026-04-23,22:15:00,22:30:00,>840 to 960,0,,
input_xlsx.xlsx,"ATR 1. Point Township Dr, south of Ridge Rd",Point Township Dr,WB,2026-04-23,22:15:00,22:30:00,> 960,0,,
input_xlsx.xlsx,"ATR 1. Point Township Dr, south of Ridge Rd",Point Township Dr,WB,2026-04-23,22:30:00,22:45:00,0 to 72,0,,
input_xlsx.xlsx,"ATR 1. Point Township Dr, south of Ridge Rd",Point Township Dr,WB,2026-04-23,22:30:00,22:45:00,>72 to 120,0,,
input_xlsx.xlsx,"ATR 1. Point Township Dr, south of Ridge Rd",Point Township Dr,WB,2026-04-23,22:30:00,22:45:00,>120 to 180,8,,
input_xlsx.xlsx,"ATR 1. Point Township Dr, south of Ridge Rd",Point Township Dr,WB,2026-04-23,22:30:00,22:45:00,>180 to 240,1,,
input_xlsx.xlsx,"ATR 1. Point Township Dr, south of Ridge Rd",Point Township Dr,WB,2026-04-23,22:30:00,22:45:00,>240 to 300,0,,
input_xlsx.xlsx,"ATR 1. Point Township Dr, south of Ridge Rd",Point Township Dr,WB,2026-04-23,22:30:00,22:45:00,>300 to 360,1,,
input_xlsx.xlsx,"ATR 1. Point Township Dr, south of Ridge Rd",Point Township Dr,WB,2026-04-23,22:30:00,22:45:00,>360 to 480,0,,
input_xlsx.xlsx,"ATR 1. Point Township Dr, south of Ridge Rd",Point Township Dr,WB,2026-04-23,22:30:00,22:45:00,>480 to 600,0,,
input_xlsx.xlsx,"ATR 1. Point Township Dr, south of Ridge Rd",Point Township Dr,WB,2026-04-23,22:30:00,22:45:00,>600 to 720,0,,
input_xlsx.xlsx,"ATR 1. Point Township Dr, south of Ridge Rd",Point Township Dr,WB,2026-04-23,22:30:00,22:45:00,>720 to 840,0,,
input_xlsx.xlsx,"ATR 1. Point Township Dr, south of Ridge Rd",Point Township Dr,WB,2026-04-23,22:30:00,22:45:00,>840 to 960,0,,
input_xlsx.xlsx,"ATR 1. Point Township Dr, south of Ridge Rd",Point Township Dr,WB,2026-04-23,22:30:00,22:45:00,> 960,0,,
input_xlsx.xlsx,"ATR 1. Point Township Dr, south of Ridge Rd",Point Township Dr,WB,2026-04-23,22:45:00,23:00:00,0 to 72,0,,
input_xlsx.xlsx,"ATR 1. Point Township Dr, south of Ridge Rd",Point Township Dr,WB,2026-04-23,22:45:00,23:00:00,>72 to 120,0,,
input_xlsx.xlsx,"ATR 1. Point Township Dr, south of Ridge Rd",Point Township Dr,WB,2026-04-23,22:45:00,23:00:00,>120 to 180,10,,
input_xlsx.xlsx,"ATR 1. Point Township Dr, south of Ridge Rd",Point Township Dr,WB,2026-04-23,22:45:00,23:00:00,>180 to 240,2,,
input_xlsx.xlsx,"ATR 1. Point Township Dr, south of Ridge Rd",Point Township Dr,WB,2026-04-23,22:45:00,23:00:00,>240 to 300,2,,
input_xlsx.xlsx,"ATR 1. Point Township Dr, south of Ridge Rd",Point Township Dr,WB,2026-04-23,22:45:00,23:00:00,>300 to 360,0,,
input_xlsx.xlsx,"ATR 1. Point Township Dr, south of Ridge Rd",Point Township Dr,WB,2026-04-23,22:45:00,23:00:00,>360 to 480,0,,
input_xlsx.xlsx,"ATR 1. Point Township Dr, south of Ridge Rd",Point Township Dr,WB,2026-04-23,22:45:00,23:00:00,>480 to 600,1,,
input_xlsx.xlsx,"ATR 1. Point Township Dr, south of Ridge Rd",Point Township Dr,WB,2026-04-23,22:45:00,23:00:00,>600 to 720,0,,
input_xlsx.xlsx,"ATR 1. Point Township Dr, south of Ridge Rd",Point Township Dr,WB,2026-04-23,22:45:00,23:00:00,>720 to 840,1,,
input_xlsx.xlsx,"ATR 1. Point Township Dr, south of Ridge Rd",Point Township Dr,WB,2026-04-23,22:45:00,23:00:00,>840 to 960,0,,
input_xlsx.xlsx,"ATR 1. Point Township Dr, south of Ridge Rd",Point Township Dr,WB,2026-04-23,22:45:00,23:00:00,> 960,0,,
input_xlsx.xlsx,"ATR 1. Point Township Dr, south of Ridge Rd",Point Township Dr,WB,2026-04-23,23:00:00,23:15:00,0 to 72,0,,
input_xlsx.xlsx,"ATR 1. Point Township Dr, south of Ridge Rd",Point Township Dr,WB,2026-04-23,23:00:00,23:15:00,>72 to 120,0,,
input_xlsx.xlsx,"ATR 1. Point Township Dr, south of Ridge Rd",Point Township Dr,WB,2026-04-23,23:00:00,23:15:00,>120 to 180,4,,
input_xlsx.xlsx,"ATR 1. Point Township Dr, south of Ridge Rd",Point Township Dr,WB,2026-04-23,23:00:00,23:15:00,>180 to 240,2,,
input_xlsx.xlsx,"ATR 1. Point Township Dr, south of Ridge Rd",Point Township Dr,WB,2026-04-23,23:00:00,23:15:00,>240 to 300,0,,
input_xlsx.xlsx,"ATR 1. Point Township Dr, south of Ridge Rd",Point Township Dr,WB,2026-04-23,23:00:00,23:15:00,>300 to 360,0,,
input_xlsx.xlsx,"ATR 1. Point Township Dr, south of Ridge Rd",Point Township Dr,WB,2026-04-23,23:00:00,23:15:00,>360 to 480,0,,
input_xlsx.xlsx,"ATR 1. Point Township Dr, south of Ridge Rd",Point Township Dr,WB,2026-04-23,23:00:00,23:15:00,>480 to 600,0,,
input_xlsx.xlsx,"ATR 1. Point Township Dr, south of Ridge Rd",Point Township Dr,WB,2026-04-23,23:00:00,23:15:00,>600 to 720,0,,
input_xlsx.xlsx,"ATR 1. Point Township Dr, south of Ridge Rd",Point Township Dr,WB,2026-04-23,23:00:00,23:15:00,>720 to 840,1,,
input_xlsx.xlsx,"ATR 1. Point Township Dr, south of Ridge Rd",Point Township Dr,WB,2026-04-23,23:00:00,23:15:00,>840 to 960,0,,
input_xlsx.xlsx,"ATR 1. Point Township Dr, south of Ridge Rd",Point Township Dr,WB,2026-04-23,23:00:00,23:15:00,> 960,0,,
input_xlsx.xlsx,"ATR 1. Point Township Dr, south of Ridge Rd",Point Township Dr,WB,2026-04-23,23:15:00,23:30:00,0 to 72,0,,
input_xlsx.xlsx,"ATR 1. Point Township Dr, south of Ridge Rd",Point Township Dr,WB,2026-04-23,23:15:00,23:30:00,>72 to 120,0,,
input_xlsx.xlsx,"ATR 1. Point Township Dr, south of Ridge Rd",Point Township Dr,WB,2026-04-23,23:15:00,23:30:00,>120 to 180,12,,
input_xlsx.xlsx,"ATR 1. Point Township Dr, south of Ridge Rd",Point Township Dr,WB,2026-04-23,23:15:00,23:30:00,>180 to 240,3,,
input_xlsx.xlsx,"ATR 1. Point Township Dr, south of Ridge Rd",Point Township Dr,WB,2026-04-23,23:15:00,23:30:00,>240 to 300,0,,
input_xlsx.xlsx,"ATR 1. Point Township Dr, south of Ridge Rd",Point Township Dr,WB,2026-04-23,23:15:00,23:30:00,>300 to 360,0,,
input_xlsx.xlsx,"ATR 1. Point Township Dr, south of Ridge Rd",Point Township Dr,WB,2026-04-23,23:15:00,23:30:00,>360 to 480,0,,
input_xlsx.xlsx,"ATR 1. Point Township Dr, south of Ridge Rd",Point Township Dr,WB,2026-04-23,23:15:00,23:30:00,>480 to 600,0,,
input_xlsx.xlsx,"ATR 1. Point Township Dr, south of Ridge Rd",Point Township Dr,WB,2026-04-23,23:15:00,23:30:00,>600 to 720,0,,
input_xlsx.xlsx,"ATR 1. Point Township Dr, south of Ridge Rd",Point Township Dr,WB,2026-04-23,23:15:00,23:30:00,>720 to 840,1,,
input_xlsx.xlsx,"ATR 1. Point Township Dr, south of Ridge Rd",Point Township Dr,WB,2026-04-23,23:15:00,23:30:00,>840 to 960,0,,
input_xlsx.xlsx,"ATR 1. Point Township Dr, south of Ridge Rd",Point Township Dr,WB,2026-04-23,23:15:00,23:30:00,> 960,0,,
input_xlsx.xlsx,"ATR 1. Point Township Dr, south of Ridge Rd",Point Township Dr,WB,2026-04-23,23:30:00,23:45:00,0 to 72,0,,
input_xlsx.xlsx,"ATR 1. Point Township Dr, south of Ridge Rd",Point Township Dr,WB,2026-04-23,23:30:00,23:45:00,>72 to 120,1,,
input_xlsx.xlsx,"ATR 1. Point Township Dr, south of Ridge Rd",Point Township Dr,WB,2026-04-23,23:30:00,23:45:00,>120 to 180,19,,
input_xlsx.xlsx,"ATR 1. Point Township Dr, south of Ridge Rd",Point Township Dr,WB,2026-04-23,23:30:00,23:45:00,>180 to 240,2,,
input_xlsx.xlsx,"ATR 1. Point Township Dr, south of Ridge Rd",Point Township Dr,WB,2026-04-23,23:30:00,23:45:00,>240 to 300,0,,
input_xlsx.xlsx,"ATR 1. Point Township Dr, south of Ridge Rd",Point Township Dr,WB,2026-04-23,23:30:00,23:45:00,>300 to 360,0,,
input_xlsx.xlsx,"ATR 1. Point Township Dr, south of Ridge Rd",Point Township Dr,WB,2026-04-23,23:30:00,23:45:00,>360 to 480,0,,
input_xlsx.xlsx,"ATR 1. Point Township Dr, south of Ridge Rd",Point Township Dr,WB,2026-04-23,23:30:00,23:45:00,>480 to 600,0,,
input_xlsx.xlsx,"ATR 1. Point Township Dr, south of Ridge Rd",Point Township Dr,WB,2026-04-23,23:30:00,23:45:00,>600 to 720,1,,
input_xlsx.xlsx,"ATR 1. Point Township Dr, south of Ridge Rd",Point Township Dr,WB,2026-04-23,23:30:00,23:45:00,>720 to 840,0,,
input_xlsx.xlsx,"ATR 1. Point Township Dr, south of Ridge Rd",Point Township Dr,WB,2026-04-23,23:30:00,23:45:00,>840 to 960,0,,
input_xlsx.xlsx,"ATR 1. Point Township Dr, south of Ridge Rd",Point Township Dr,WB,2026-04-23,23:30:00,23:45:00,> 960,0,,
input_xlsx.xlsx,"ATR 1. Point Township Dr, south of Ridge Rd",Point Township Dr,WB,2026-04-23,23:45:00,00:00:00,0 to 72,0,,
input_xlsx.xlsx,"ATR 1. Point Township Dr, south of Ridge Rd",Point Township Dr,WB,2026-04-23,23:45:00,00:00:00,>72 to 120,0,,
input_xlsx.xlsx,"ATR 1. Point Township Dr, south of Ridge Rd",Point Township Dr,WB,2026-04-23,23:45:00,00:00:00,>120 to 180,12,,
input_xlsx.xlsx,"ATR 1. Point Township Dr, south of Ridge Rd",Point Township Dr,WB,2026-04-23,23:45:00,00:00:00,>180 to 240,0,,
input_xlsx.xlsx,"ATR 1. Point Township Dr, south of Ridge Rd",Point Township Dr,WB,2026-04-23,23:45:00,00:00:00,>240 to 300,0,,
input_xlsx.xlsx,"ATR 1. Point Township Dr, south of Ridge Rd",Point Township Dr,WB,2026-04-23,23:45:00,00:00:00,>300 to 360,0,,
input_xlsx.xlsx,"ATR 1. Point Township Dr, south of Ridge Rd",Point Township Dr,WB,2026-04-23,23:45:00,00:00:00,>360 to 480,1,,
input_xlsx.xlsx,"ATR 1. Point Township Dr, south of Ridge Rd",Point Township Dr,WB,2026-04-23,23:45:00,00:00:00,>480 to 600,0,,
input_xlsx.xlsx,"ATR 1. Point Township Dr, south of Ridge Rd",Point Township Dr,WB,2026-04-23,23:45:00,00:00:00,>600 to 720,0,,
input_xlsx.xlsx,"ATR 1. Point Township Dr, south of Ridge Rd",Point Township Dr,WB,2026-04-23,23:45:00,00:00:00,>720 to 840,0,,
input_xlsx.xlsx,"ATR 1. Point Township Dr, south of Ridge Rd",Point Township Dr,WB,2026-04-23,23:45:00,00:00:00,>840 to 960,0,,
input_xlsx.xlsx,"ATR 1. Point Township Dr, south of Ridge Rd",Point Township Dr,WB,2026-04-23,23:45:00,00:00:00,> 960,0,,
input_xlsx.xlsx,"ATR 1. Point Township Dr, south of Ridge Rd",Point Township Dr,WB,2026-04-24,00:00:00,00:15:00,0 to 72,0,,
input_xlsx.xlsx,"ATR 1. Point Township Dr, south of Ridge Rd",Point Township Dr,WB,2026-04-24,00:00:00,00:15:00,>72 to 120,0,,
input_xlsx.xlsx,"ATR 1. Point Township Dr, south of Ridge Rd",Point Township Dr,WB,2026-04-24,00:00:00,00:15:00,>120 to 180,5,,
input_xlsx.xlsx,"ATR 1. Point Township Dr, south of Ridge Rd",Point Township Dr,WB,2026-04-24,00:00:00,00:15:00,>180 to 240,1,,
input_xlsx.xlsx,"ATR 1. Point Township Dr, south of Ridge Rd",Point Township Dr,WB,2026-04-24,00:00:00,00:15:00,>240 to 300,0,,
input_xlsx.xlsx,"ATR 1. Point Township Dr, south of Ridge Rd",Point Township Dr,WB,2026-04-24,00:00:00,00:15:00,>300 to 360,0,,
input_xlsx.xlsx,"ATR 1. Point Township Dr, south of Ridge Rd",Point Township Dr,WB,2026-04-24,00:00:00,00:15:00,>360 to 480,1,,
input_xlsx.xlsx,"ATR 1. Point Township Dr, south of Ridge Rd",Point Township Dr,WB,2026-04-24,00:00:00,00:15:00,>480 to 600,0,,
input_xlsx.xlsx,"ATR 1. Point Township Dr, south of Ridge Rd",Point Township Dr,WB,2026-04-24,00:00:00,00:15:00,>600 to 720,1,,
input_xlsx.xlsx,"ATR 1. Point Township Dr, south of Ridge Rd",Point Township Dr,WB,2026-04-24,00:00:00,00:15:00,>720 to 840,0,,
input_xlsx.xlsx,"ATR 1. Point Township Dr, south of Ridge Rd",Point Township Dr,WB,2026-04-24,00:00:00,00:15:00,>840 to 960,0,,
input_xlsx.xlsx,"ATR 1. Point Township Dr, south of Ridge Rd",Point Township Dr,WB,2026-04-24,00:00:00,00:15:00,> 960,0,,
input_xlsx.xlsx,"ATR 1. Point Township Dr, south of Ridge Rd",Point Township Dr,WB,2026-04-24,00:15:00,00:30:00,0 to 72,0,,
input_xlsx.xlsx,"ATR 1. Point Township Dr, south of Ridge Rd",Point Township Dr,WB,2026-04-24,00:15:00,00:30:00,>72 to 120,0,,
input_xlsx.xlsx,"ATR 1. Point Township Dr, south of Ridge Rd",Point Township Dr,WB,2026-04-24,00:15:00,00:30:00,>120 to 180,8,,
input_xlsx.xlsx,"ATR 1. Point Township Dr, south of Ridge Rd",Point Township Dr,WB,2026-04-24,00:15:00,00:30:00,>180 to 240,2,,
input_xlsx.xlsx,"ATR 1. Point Township Dr, south of Ridge Rd",Point Township Dr,WB,2026-04-24,00:15:00,00:30:00,>240 to 300,1,,
input_xlsx.xlsx,"ATR 1. Point Township Dr, south of Ridge Rd",Point Township Dr,WB,2026-04-24,00:15:00,00:30:00,>300 to 360,0,,
input_xlsx.xlsx,"ATR 1. Point Township Dr, south of Ridge Rd",Point Township Dr,WB,2026-04-24,00:15:00,00:30:00,>360 to 480,0,,
input_xlsx.xlsx,"ATR 1. Point Township Dr, south of Ridge Rd",Point Township Dr,WB,2026-04-24,00:15:00,00:30:00,>480 to 600,0,,
input_xlsx.xlsx,"ATR 1. Point Township Dr, south of Ridge Rd",Point Township Dr,WB,2026-04-24,00:15:00,00:30:00,>600 to 720,0,,
input_xlsx.xlsx,"ATR 1. Point Township Dr, south of Ridge Rd",Point Township Dr,WB,2026-04-24,00:15:00,00:30:00,>720 to 840,0,,
input_xlsx.xlsx,"ATR 1. Point Township Dr, south of Ridge Rd",Point Township Dr,WB,2026-04-24,00:15:00,00:30:00,>840 to 960,0,,
input_xlsx.xlsx,"ATR 1. Point Township Dr, south of Ridge Rd",Point Township Dr,WB,2026-04-24,00:15:00,00:30:00,> 960,0,,
input_xlsx.xlsx,"ATR 1. Point Township Dr, south of Ridge Rd",Point Township Dr,WB,2026-04-24,00:30:00,00:45:00,0 to 72,0,,
input_xlsx.xlsx,"ATR 1. Point Township Dr, south of Ridge Rd",Point Township Dr,WB,2026-04-24,00:30:00,00:45:00,>72 to 120,0,,
input_xlsx.xlsx,"ATR 1. Point Township Dr, south of Ridge Rd",Point Township Dr,WB,2026-04-24,00:30:00,00:45:00,>120 to 180,6,,
input_xlsx.xlsx,"ATR 1. Point Township Dr, south of Ridge Rd",Point Township Dr,WB,2026-04-24,00:30:00,00:45:00,>180 to 240,2,,
input_xlsx.xlsx,"ATR 1. Point Township Dr, south of Ridge Rd",Point Township Dr,WB,2026-04-24,00:30:00,00:45:00,>240 to 300,0,,
input_xlsx.xlsx,"ATR 1. Point Township Dr, south of Ridge Rd",Point Township Dr,WB,2026-04-24,00:30:00,00:45:00,>300 to 360,0,,
input_xlsx.xlsx,"ATR 1. Point Township Dr, south of Ridge Rd",Point Township Dr,WB,2026-04-24,00:30:00,00:45:00,>360 to 480,0,,
input_xlsx.xlsx,"ATR 1. Point Township Dr, south of Ridge Rd",Point Township Dr,WB,2026-04-24,00:30:00,00:45:00,>480 to 600,0,,
input_xlsx.xlsx,"ATR 1. Point Township Dr, south of Ridge Rd",Point Township Dr,WB,2026-04-24,00:30:00,00:45:00,>600 to 720,0,,
input_xlsx.xlsx,"ATR 1. Point Township Dr, south of Ridge Rd",Point Township Dr,WB,2026-04-24,00:30:00,00:45:00,>720 to 840,1,,
input_xlsx.xlsx,"ATR 1. Point Township Dr, south of Ridge Rd",Point Township Dr,WB,2026-04-24,00:30:00,00:45:00,>840 to 960,0,,
input_xlsx.xlsx,"ATR 1. Point Township Dr, south of Ridge Rd",Point Township Dr,WB,2026-04-24,00:30:00,00:45:00,> 960,0,,
input_xlsx.xlsx,"ATR 1. Point Township Dr, south of Ridge Rd",Point Township Dr,WB,2026-04-24,00:45:00,01:00:00,0 to 72,0,,
input_xlsx.xlsx,"ATR 1. Point Township Dr, south of Ridge Rd",Point Township Dr,WB,2026-04-24,00:45:00,01:00:00,>72 to 120,0,,
input_xlsx.xlsx,"ATR 1. Point Township Dr, south of Ridge Rd",Point Township Dr,WB,2026-04-24,00:45:00,01:00:00,>120 to 180,2,,
input_xlsx.xlsx,"ATR 1. Point Township Dr, south of Ridge Rd",Point Township Dr,WB,2026-04-24,00:45:00,01:00:00,>180 to 240,1,,
input_xlsx.xlsx,"ATR 1. Point Township Dr, south of Ridge Rd",Point Township Dr,WB,2026-04-24,00:45:00,01:00:00,>240 to 300,1,,
input_xlsx.xlsx,"ATR 1. Point Township Dr, south of Ridge Rd",Point Township Dr,WB,2026-04-24,00:45:00,01:00:00,>300 to 360,0,,
input_xlsx.xlsx,"ATR 1. Point Township Dr, south of Ridge Rd",Point Township Dr,WB,2026-04-24,00:45:00,01:00:00,>360 to 480,0,,
input_xlsx.xlsx,"ATR 1. Point Township Dr, south of Ridge Rd",Point Township Dr,WB,2026-04-24,00:45:00,01:00:00,>480 to 600,0,,
input_xlsx.xlsx,"ATR 1. Point Township Dr, south of Ridge Rd",Point Township Dr,WB,2026-04-24,00:45:00,01:00:00,>600 to 720,0,,
input_xlsx.xlsx,"ATR 1. Point Township Dr, south of Ridge Rd",Point Township Dr,WB,2026-04-24,00:45:00,01:00:00,>720 to 840,0,,
input_xlsx.xlsx,"ATR 1. Point Township Dr, south of Ridge Rd",Point Township Dr,WB,2026-04-24,00:45:00,01:00:00,>840 to 960,0,,
input_xlsx.xlsx,"ATR 1. Point Township Dr, south of Ridge Rd",Point Township Dr,WB,2026-04-24,00:45:00,01:00:00,> 960,0,,
input_xlsx.xlsx,"ATR 1. Point Township Dr, south of Ridge Rd",Point Township Dr,WB,2026-04-24,01:00:00,01:15:00,0 to 72,0,,
input_xlsx.xlsx,"ATR 1. Point Township Dr, south of Ridge Rd",Point Township Dr,WB,2026-04-24,01:00:00,01:15:00,>72 to 120,0,,
input_xlsx.xlsx,"ATR 1. Point Township Dr, south of Ridge Rd",Point Township Dr,WB,2026-04-24,01:00:00,01:15:00,>120 to 180,4,,
input_xlsx.xlsx,"ATR 1. Point Township Dr, south of Ridge Rd",Point Township Dr,WB,2026-04-24,01:00:00,01:15:00,>180 to 240,1,,
input_xlsx.xlsx,"ATR 1. Point Township Dr, south of Ridge Rd",Point Township Dr,WB,2026-04-24,01:00:00,01:15:00,>240 to 300,1,,
input_xlsx.xlsx,"ATR 1. Point Township Dr, south of Ridge Rd",Point Township Dr,WB,2026-04-24,01:00:00,01:15:00,>300 to 360,0,,
input_xlsx.xlsx,"ATR 1. Point Township Dr, south of Ridge Rd",Point Township Dr,WB,2026-04-24,01:00:00,01:15:00,>360 to 480,1,,
input_xlsx.xlsx,"ATR 1. Point Township Dr, south of Ridge Rd",Point Township Dr,WB,2026-04-24,01:00:00,01:15:00,>480 to 600,0,,
input_xlsx.xlsx,"ATR 1. Point Township Dr, south of Ridge Rd",Point Township Dr,WB,2026-04-24,01:00:00,01:15:00,>600 to 720,0,,
input_xlsx.xlsx,"ATR 1. Point Township Dr, south of Ridge Rd",Point Township Dr,WB,2026-04-24,01:00:00,01:15:00,>720 to 840,0,,
input_xlsx.xlsx,"ATR 1. Point Township Dr, south of Ridge Rd",Point Township Dr,WB,2026-04-24,01:00:00,01:15:00,>840 to 960,0,,
input_xlsx.xlsx,"ATR 1. Point Township Dr, south of Ridge Rd",Point Township Dr,WB,2026-04-24,01:00:00,01:15:00,> 960,0,,
input_xlsx.xlsx,"ATR 1. Point Township Dr, south of Ridge Rd",Point Township Dr,WB,2026-04-24,01:15:00,01:30:00,0 to 72,0,,
input_xlsx.xlsx,"ATR 1. Point Township Dr, south of Ridge Rd",Point Township Dr,WB,2026-04-24,01:15:00,01:30:00,>72 to 120,0,,
input_xlsx.xlsx,"ATR 1. Point Township Dr, south of Ridge Rd",Point Township Dr,WB,2026-04-24,01:15:00,01:30:00,>120 to 180,2,,
input_xlsx.xlsx,"ATR 1. Point Township Dr, south of Ridge Rd",Point Township Dr,WB,2026-04-24,01:15:00,01:30:00,>180 to 240,1,,
input_xlsx.xlsx,"ATR 1. Point Township Dr, south of Ridge Rd",Point Township Dr,WB,2026-04-24,01:15:00,01:30:00,>240 to 300,1,,
input_xlsx.xlsx,"ATR 1. Point Township Dr, south of Ridge Rd",Point Township Dr,WB,2026-04-24,01:15:00,01:30:00,>300 to 360,0,,
input_xlsx.xlsx,"ATR 1. Point Township Dr, south of Ridge Rd",Point Township Dr,WB,2026-04-24,01:15:00,01:30:00,>360 to 480,0,,
input_xlsx.xlsx,"ATR 1. Point Township Dr, south of Ridge Rd",Point Township Dr,WB,2026-04-24,01:15:00,01:30:00,>480 to 600,0,,
input_xlsx.xlsx,"ATR 1. Point Township Dr, south of Ridge Rd",Point Township Dr,WB,2026-04-24,01:15:00,01:30:00,>600 to 720,0,,
input_xlsx.xlsx,"ATR 1. Point Township Dr, south of Ridge Rd",Point Township Dr,WB,2026-04-24,01:15:00,01:30:00,>720 to 840,0,,
input_xlsx.xlsx,"ATR 1. Point Township Dr, south of Ridge Rd",Point Township Dr,WB,2026-04-24,01:15:00,01:30:00,>840 to 960,0,,
input_xlsx.xlsx,"ATR 1. Point Township Dr, south of Ridge Rd",Point Township Dr,WB,2026-04-24,01:15:00,01:30:00,> 960,0,,
input_xlsx.xlsx,"ATR 1. Point Township Dr, south of Ridge Rd",Point Township Dr,WB,2026-04-24,01:30:00,01:45:00,0 to 72,0,,
input_xlsx.xlsx,"ATR 1. Point Township Dr, south of Ridge Rd",Point Township Dr,WB,2026-04-24,01:30:00,01:45:00,>72 to 120,0,,
input_xlsx.xlsx,"ATR 1. Point Township Dr, south of Ridge Rd",Point Township Dr,WB,2026-04-24,01:30:00,01:45:00,>120 to 180,2,,
input_xlsx.xlsx,"ATR 1. Point Township Dr, south of Ridge Rd",Point Township Dr,WB,2026-04-24,01:30:00,01:45:00,>180 to 240,0,,
input_xlsx.xlsx,"ATR 1. Point Township Dr, south of Ridge Rd",Point Township Dr,WB,2026-04-24,01:30:00,01:45:00,>240 to 300,0,,
input_xlsx.xlsx,"ATR 1. Point Township Dr, south of Ridge Rd",Point Township Dr,WB,2026-04-24,01:30:00,01:45:00,>300 to 360,0,,
input_xlsx.xlsx,"ATR 1. Point Township Dr, south of Ridge Rd",Point Township Dr,WB,2026-04-24,01:30:00,01:45:00,>360 to 480,0,,
input_xlsx.xlsx,"ATR 1. Point Township Dr, south of Ridge Rd",Point Township Dr,WB,2026-04-24,01:30:00,01:45:00,>480 to 600,0,,
input_xlsx.xlsx,"ATR 1. Point Township Dr, south of Ridge Rd",Point Township Dr,WB,2026-04-24,01:30:00,01:45:00,>600 to 720,0,,
input_xlsx.xlsx,"ATR 1. Point Township Dr, south of Ridge Rd",Point Township Dr,WB,2026-04-24,01:30:00,01:45:00,>720 to 840,1,,
input_xlsx.xlsx,"ATR 1. Point Township Dr, south of Ridge Rd",Point Township Dr,WB,2026-04-24,01:30:00,01:45:00,>840 to 960,0,,
input_xlsx.xlsx,"ATR 1. Point Township Dr, south of Ridge Rd",Point Township Dr,WB,2026-04-24,01:30:00,01:45:00,> 960,0,,
input_xlsx.xlsx,"ATR 1. Point Township Dr, south of Ridge Rd",Point Township Dr,WB,2026-04-24,01:45:00,02:00:00,0 to 72,0,,
input_xlsx.xlsx,"ATR 1. Point Township Dr, south of Ridge Rd",Point Township Dr,WB,2026-04-24,01:45:00,02:00:00,>72 to 120,0,,
input_xlsx.xlsx,"ATR 1. Point Township Dr, south of Ridge Rd",Point Township Dr,WB,2026-04-24,01:45:00,02:00:00,>120 to 180,1,,
input_xlsx.xlsx,"ATR 1. Point Township Dr, south of Ridge Rd",Point Township Dr,WB,2026-04-24,01:45:00,02:00:00,>180 to 240,0,,
input_xlsx.xlsx,"ATR 1. Point Township Dr, south of Ridge Rd",Point Township Dr,WB,2026-04-24,01:45:00,02:00:00,>240 to 300,0,,
input_xlsx.xlsx,"ATR 1. Point Township Dr, south of Ridge Rd",Point Township Dr,WB,2026-04-24,01:45:00,02:00:00,>300 to 360,0,,
input_xlsx.xlsx,"ATR 1. Point Township Dr, south of Ridge Rd",Point Township Dr,WB,2026-04-24,01:45:00,02:00:00,>360 to 480,0,,
input_xlsx.xlsx,"ATR 1. Point Township Dr, south of Ridge Rd",Point Township Dr,WB,2026-04-24,01:45:00,02:00:00,>480 to 600,0,,
input_xlsx.xlsx,"ATR 1. Point Township Dr, south of Ridge Rd",Point Township Dr,WB,2026-04-24,01:45:00,02:00:00,>600 to 720,0,,
input_xlsx.xlsx,"ATR 1. Point Township Dr, south of Ridge Rd",Point Township Dr,WB,2026-04-24,01:45:00,02:00:00,>720 to 840,0,,
input_xlsx.xlsx,"ATR 1. Point Township Dr, south of Ridge Rd",Point Township Dr,WB,2026-04-24,01:45:00,02:00:00,>840 to 960,0,,
input_xlsx.xlsx,"ATR 1. Point Township Dr, south of Ridge Rd",Point Township Dr,WB,2026-04-24,01:45:00,02:00:00,> 960,0,,
input_xlsx.xlsx,"ATR 1. Point Township Dr, south of Ridge Rd",Point Township Dr,WB,2026-04-24,02:00:00,02:15:00,0 to 72,0,,
input_xlsx.xlsx,"ATR 1. Point Township Dr, south of Ridge Rd",Point Township Dr,WB,2026-04-24,02:00:00,02:15:00,>72 to 120,0,,
input_xlsx.xlsx,"ATR 1. Point Township Dr, south of Ridge Rd",Point Township Dr,WB,2026-04-24,02:00:00,02:15:00,>120 to 180,3,,
input_xlsx.xlsx,"ATR 1. Point Township Dr, south of Ridge Rd",Point Township Dr,WB,2026-04-24,02:00:00,02:15:00,>180 to 240,1,,
input_xlsx.xlsx,"ATR 1. Point Township Dr, south of Ridge Rd",Point Township Dr,WB,2026-04-24,02:00:00,02:15:00,>240 to 300,1,,
input_xlsx.xlsx,"ATR 1. Point Township Dr, south of Ridge Rd",Point Township Dr,WB,2026-04-24,02:00:00,02:15:00,>300 to 360,0,,
input_xlsx.xlsx,"ATR 1. Point Township Dr, south of Ridge Rd",Point Township Dr,WB,2026-04-24,02:00:00,02:15:00,>360 to 480,0,,
input_xlsx.xlsx,"ATR 1. Point Township Dr, south of Ridge Rd",Point Township Dr,WB,2026-04-24,02:00:00,02:15:00,>480 to 600,0,,
input_xlsx.xlsx,"ATR 1. Point Township Dr, south of Ridge Rd",Point Township Dr,WB,2026-04-24,02:00:00,02:15:00,>600 to 720,0,,
input_xlsx.xlsx,"ATR 1. Point Township Dr, south of Ridge Rd",Point Township Dr,WB,2026-04-24,02:00:00,02:15:00,>720 to 840,0,,
input_xlsx.xlsx,"ATR 1. Point Township Dr, south of Ridge Rd",Point Township Dr,WB,2026-04-24,02:00:00,02:15:00,>840 to 960,0,,
input_xlsx.xlsx,"ATR 1. Point Township Dr, south of Ridge Rd",Point Township Dr,WB,2026-04-24,02:00:00,02:15:00,> 960,0,,
input_xlsx.xlsx,"ATR 1. Point Township Dr, south of Ridge Rd",Point Township Dr,WB,2026-04-24,02:15:00,02:30:00,0 to 72,0,,
input_xlsx.xlsx,"ATR 1. Point Township Dr, south of Ridge Rd",Point Township Dr,WB,2026-04-24,02:15:00,02:30:00,>72 to 120,0,,
input_xlsx.xlsx,"ATR 1. Point Township Dr, south of Ridge Rd",Point Township Dr,WB,2026-04-24,02:15:00,02:30:00,>120 to 180,4,,
input_xlsx.xlsx,"ATR 1. Point Township Dr, south of Ridge Rd",Point Township Dr,WB,2026-04-24,02:15:00,02:30:00,>180 to 240,0,,
input_xlsx.xlsx,"ATR 1. Point Township Dr, south of Ridge Rd",Point Township Dr,WB,2026-04-24,02:15:00,02:30:00,>240 to 300,1,,
input_xlsx.xlsx,"ATR 1. Point Township Dr, south of Ridge Rd",Point Township Dr,WB,2026-04-24,02:15:00,02:30:00,>300 to 360,0,,
input_xlsx.xlsx,"ATR 1. Point Township Dr, south of Ridge Rd",Point Township Dr,WB,2026-04-24,02:15:00,02:30:00,>360 to 480,0,,
input_xlsx.xlsx,"ATR 1. Point Township Dr, south of Ridge Rd",Point Township Dr,WB,2026-04-24,02:15:00,02:30:00,>480 to 600,0,,
input_xlsx.xlsx,"ATR 1. Point Township Dr, south of Ridge Rd",Point Township Dr,WB,2026-04-24,02:15:00,02:30:00,>600 to 720,1,,
input_xlsx.xlsx,"ATR 1. Point Township Dr, south of Ridge Rd",Point Township Dr,WB,2026-04-24,02:15:00,02:30:00,>720 to 840,1,,
input_xlsx.xlsx,"ATR 1. Point Township Dr, south of Ridge Rd",Point Township Dr,WB,2026-04-24,02:15:00,02:30:00,>840 to 960,1,,
input_xlsx.xlsx,"ATR 1. Point Township Dr, south of Ridge Rd",Point Township Dr,WB,2026-04-24,02:15:00,02:30:00,> 960,0,,
input_xlsx.xlsx,"ATR 1. Point Township Dr, south of Ridge Rd",Point Township Dr,WB,2026-04-24,02:30:00,02:45:00,0 to 72,1,,
input_xlsx.xlsx,"ATR 1. Point Township Dr, south of Ridge Rd",Point Township Dr,WB,2026-04-24,02:30:00,02:45:00,>72 to 120,0,,
input_xlsx.xlsx,"ATR 1. Point Township Dr, south of Ridge Rd",Point Township Dr,WB,2026-04-24,02:30:00,02:45:00,>120 to 180,4,,
input_xlsx.xlsx,"ATR 1. Point Township Dr, south of Ridge Rd",Point Township Dr,WB,2026-04-24,02:30:00,02:45:00,>180 to 240,1,,
input_xlsx.xlsx,"ATR 1. Point Township Dr, south of Ridge Rd",Point Township Dr,WB,2026-04-24,02:30:00,02:45:00,>240 to 300,0,,
input_xlsx.xlsx,"ATR 1. Point Township Dr, south of Ridge Rd",Point Township Dr,WB,2026-04-24,02:30:00,02:45:00,>300 to 360,0,,
input_xlsx.xlsx,"ATR 1. Point Township Dr, south of Ridge Rd",Point Township Dr,WB,2026-04-24,02:30:00,02:45:00,>360 to 480,0,,
input_xlsx.xlsx,"ATR 1. Point Township Dr, south of Ridge Rd",Point Township Dr,WB,2026-04-24,02:30:00,02:45:00,>480 to 600,0,,
input_xlsx.xlsx,"ATR 1. Point Township Dr, south of Ridge Rd",Point Township Dr,WB,2026-04-24,02:30:00,02:45:00,>600 to 720,0,,
input_xlsx.xlsx,"ATR 1. Point Township Dr, south of Ridge Rd",Point Township Dr,WB,2026-04-24,02:30:00,02:45:00,>720 to 840,0,,
input_xlsx.xlsx,"ATR 1. Point Township Dr, south of Ridge Rd",Point Township Dr,WB,2026-04-24,02:30:00,02:45:00,>840 to 960,0,,
input_xlsx.xlsx,"ATR 1. Point Township Dr, south of Ridge Rd",Point Township Dr,WB,2026-04-24,02:30:00,02:45:00,> 960,0,,
input_xlsx.xlsx,"ATR 1. Point Township Dr, south of Ridge Rd",Point Township Dr,WB,2026-04-24,02:45:00,03:00:00,0 to 72,0,,
input_xlsx.xlsx,"ATR 1. Point Township Dr, south of Ridge Rd",Point Township Dr,WB,2026-04-24,02:45:00,03:00:00,>72 to 120,0,,
input_xlsx.xlsx,"ATR 1. Point Township Dr, south of Ridge Rd",Point Township Dr,WB,2026-04-24,02:45:00,03:00:00,>120 to 180,3,,
input_xlsx.xlsx,"ATR 1. Point Township Dr, south of Ridge Rd",Point Township Dr,WB,2026-04-24,02:45:00,03:00:00,>180 to 240,1,,
input_xlsx.xlsx,"ATR 1. Point Township Dr, south of Ridge Rd",Point Township Dr,WB,2026-04-24,02:45:00,03:00:00,>240 to 300,0,,
input_xlsx.xlsx,"ATR 1. Point Township Dr, south of Ridge Rd",Point Township Dr,WB,2026-04-24,02:45:00,03:00:00,>300 to 360,0,,
input_xlsx.xlsx,"ATR 1. Point Township Dr, south of Ridge Rd",Point Township Dr,WB,2026-04-24,02:45:00,03:00:00,>360 to 480,0,,
input_xlsx.xlsx,"ATR 1. Point Township Dr, south of Ridge Rd",Point Township Dr,WB,2026-04-24,02:45:00,03:00:00,>480 to 600,0,,
input_xlsx.xlsx,"ATR 1. Point Township Dr, south of Ridge Rd",Point Township Dr,WB,2026-04-24,02:45:00,03:00:00,>600 to 720,1,,
input_xlsx.xlsx,"ATR 1. Point Township Dr, south of Ridge Rd",Point Township Dr,WB,2026-04-24,02:45:00,03:00:00,>720 to 840,1,,
input_xlsx.xlsx,"ATR 1. Point Township Dr, south of Ridge Rd",Point Township Dr,WB,2026-04-24,02:45:00,03:00:00,>840 to 960,0,,
input_xlsx.xlsx,"ATR 1. Point Township Dr, south of Ridge Rd",Point Township Dr,WB,2026-04-24,02:45:00,03:00:00,> 960,0,,
input_xlsx.xlsx,"ATR 1. Point Township Dr, south of Ridge Rd",Point Township Dr,WB,2026-04-24,03:00:00,03:15:00,0 to 72,0,,
input_xlsx.xlsx,"ATR 1. Point Township Dr, south of Ridge Rd",Point Township Dr,WB,2026-04-24,03:00:00,03:15:00,>72 to 120,0,,
input_xlsx.xlsx,"ATR 1. Point Township Dr, south of Ridge Rd",Point Township Dr,WB,2026-04-24,03:00:00,03:15:00,>120 to 180,1,,
input_xlsx.xlsx,"ATR 1. Point Township Dr, south of Ridge Rd",Point Township Dr,WB,2026-04-24,03:00:00,03:15:00,>180 to 240,1,,
input_xlsx.xlsx,"ATR 1. Point Township Dr, south of Ridge Rd",Point Township Dr,WB,2026-04-24,03:00:00,03:15:00,>240 to 300,0,,
input_xlsx.xlsx,"ATR 1. Point Township Dr, south of Ridge Rd",Point Township Dr,WB,2026-04-24,03:00:00,03:15:00,>300 to 360,1,,
input_xlsx.xlsx,"ATR 1. Point Township Dr, south of Ridge Rd",Point Township Dr,WB,2026-04-24,03:00:00,03:15:00,>360 to 480,0,,
input_xlsx.xlsx,"ATR 1. Point Township Dr, south of Ridge Rd",Point Township Dr,WB,2026-04-24,03:00:00,03:15:00,>480 to 600,0,,
input_xlsx.xlsx,"ATR 1. Point Township Dr, south of Ridge Rd",Point Township Dr,WB,2026-04-24,03:00:00,03:15:00,>600 to 720,0,,
input_xlsx.xlsx,"ATR 1. Point Township Dr, south of Ridge Rd",Point Township Dr,WB,2026-04-24,03:00:00,03:15:00,>720 to 840,1,,
input_xlsx.xlsx,"ATR 1. Point Township Dr, south of Ridge Rd",Point Township Dr,WB,2026-04-24,03:00:00,03:15:00,>840 to 960,0,,
input_xlsx.xlsx,"ATR 1. Point Township Dr, south of Ridge Rd",Point Township Dr,WB,2026-04-24,03:00:00,03:15:00,> 960,0,,
input_xlsx.xlsx,"ATR 1. Point Township Dr, south of Ridge Rd",Point Township Dr,WB,2026-04-24,03:15:00,03:30:00,0 to 72,0,,
input_xlsx.xlsx,"ATR 1. Point Township Dr, south of Ridge Rd",Point Township Dr,WB,2026-04-24,03:15:00,03:30:00,>72 to 120,0,,
input_xlsx.xlsx,"ATR 1. Point Township Dr, south of Ridge Rd",Point Township Dr,WB,2026-04-24,03:15:00,03:30:00,>120 to 180,2,,
input_xlsx.xlsx,"ATR 1. Point Township Dr, south of Ridge Rd",Point Township Dr,WB,2026-04-24,03:15:00,03:30:00,>180 to 240,1,,
input_xlsx.xlsx,"ATR 1. Point Township Dr, south of Ridge Rd",Point Township Dr,WB,2026-04-24,03:15:00,03:30:00,>240 to 300,0,,
input_xlsx.xlsx,"ATR 1. Point Township Dr, south of Ridge Rd",Point Township Dr,WB,2026-04-24,03:15:00,03:30:00,>300 to 360,0,,
input_xlsx.xlsx,"ATR 1. Point Township Dr, south of Ridge Rd",Point Township Dr,WB,2026-04-24,03:15:00,03:30:00,>360 to 480,1,,
input_xlsx.xlsx,"ATR 1. Point Township Dr, south of Ridge Rd",Point Township Dr,WB,2026-04-24,03:15:00,03:30:00,>480 to 600,0,,
input_xlsx.xlsx,"ATR 1. Point Township Dr, south of Ridge Rd",Point Township Dr,WB,2026-04-24,03:15:00,03:30:00,>600 to 720,0,,
input_xlsx.xlsx,"ATR 1. Point Township Dr, south of Ridge Rd",Point Township Dr,WB,2026-04-24,03:15:00,03:30:00,>720 to 840,0,,
input_xlsx.xlsx,"ATR 1. Point Township Dr, south of Ridge Rd",Point Township Dr,WB,2026-04-24,03:15:00,03:30:00,>840 to 960,0,,
input_xlsx.xlsx,"ATR 1. Point Township Dr, south of Ridge Rd",Point Township Dr,WB,2026-04-24,03:15:00,03:30:00,> 960,0,,
input_xlsx.xlsx,"ATR 1. Point Township Dr, south of Ridge Rd",Point Township Dr,WB,2026-04-24,03:30:00,03:45:00,0 to 72,0,,
input_xlsx.xlsx,"ATR 1. Point Township Dr, south of Ridge Rd",Point Township Dr,WB,2026-04-24,03:30:00,03:45:00,>72 to 120,0,,
input_xlsx.xlsx,"ATR 1. Point Township Dr, south of Ridge Rd",Point Township Dr,WB,2026-04-24,03:30:00,03:45:00,>120 to 180,3,,
input_xlsx.xlsx,"ATR 1. Point Township Dr, south of Ridge Rd",Point Township Dr,WB,2026-04-24,03:30:00,03:45:00,>180 to 240,1,,
input_xlsx.xlsx,"ATR 1. Point Township Dr, south of Ridge Rd",Point Township Dr,WB,2026-04-24,03:30:00,03:45:00,>240 to 300,1,,
input_xlsx.xlsx,"ATR 1. Point Township Dr, south of Ridge Rd",Point Township Dr,WB,2026-04-24,03:30:00,03:45:00,>300 to 360,0,,
input_xlsx.xlsx,"ATR 1. Point Township Dr, south of Ridge Rd",Point Township Dr,WB,2026-04-24,03:30:00,03:45:00,>360 to 480,0,,
input_xlsx.xlsx,"ATR 1. Point Township Dr, south of Ridge Rd",Point Township Dr,WB,2026-04-24,03:30:00,03:45:00,>480 to 600,0,,
input_xlsx.xlsx,"ATR 1. Point Township Dr, south of Ridge Rd",Point Township Dr,WB,2026-04-24,03:30:00,03:45:00,>600 to 720,0,,
input_xlsx.xlsx,"ATR 1. Point Township Dr, south of Ridge Rd",Point Township Dr,WB,2026-04-24,03:30:00,03:45:00,>720 to 840,1,,
input_xlsx.xlsx,"ATR 1. Point Township Dr, south of Ridge Rd",Point Township Dr,WB,2026-04-24,03:30:00,03:45:00,>840 to 960,0,,
input_xlsx.xlsx,"ATR 1. Point Township Dr, south of Ridge Rd",Point Township Dr,WB,2026-04-24,03:30:00,03:45:00,> 960,0,,
input_xlsx.xlsx,"ATR 1. Point Township Dr, south of Ridge Rd",Point Township Dr,WB,2026-04-24,03:45:00,04:00:00,0 to 72,0,,
input_xlsx.xlsx,"ATR 1. Point Township Dr, south of Ridge Rd",Point Township Dr,WB,2026-04-24,03:45:00,04:00:00,>72 to 120,0,,
input_xlsx.xlsx,"ATR 1. Point Township Dr, south of Ridge Rd",Point Township Dr,WB,2026-04-24,03:45:00,04:00:00,>120 to 180,4,,
input_xlsx.xlsx,"ATR 1. Point Township Dr, south of Ridge Rd",Point Township Dr,WB,2026-04-24,03:45:00,04:00:00,>180 to 240,0,,
input_xlsx.xlsx,"ATR 1. Point Township Dr, south of Ridge Rd",Point Township Dr,WB,2026-04-24,03:45:00,04:00:00,>240 to 300,2,,
input_xlsx.xlsx,"ATR 1. Point Township Dr, south of Ridge Rd",Point Township Dr,WB,2026-04-24,03:45:00,04:00:00,>300 to 360,0,,
input_xlsx.xlsx,"ATR 1. Point Township Dr, south of Ridge Rd",Point Township Dr,WB,2026-04-24,03:45:00,04:00:00,>360 to 480,0,,
input_xlsx.xlsx,"ATR 1. Point Township Dr, south of Ridge Rd",Point Township Dr,WB,2026-04-24,03:45:00,04:00:00,>480 to 600,0,,
input_xlsx.xlsx,"ATR 1. Point Township Dr, south of Ridge Rd",Point Township Dr,WB,2026-04-24,03:45:00,04:00:00,>600 to 720,0,,
input_xlsx.xlsx,"ATR 1. Point Township Dr, south of Ridge Rd",Point Township Dr,WB,2026-04-24,03:45:00,04:00:00,>720 to 840,1,,
input_xlsx.xlsx,"ATR 1. Point Township Dr, south of Ridge Rd",Point Township Dr,WB,2026-04-24,03:45:00,04:00:00,>840 to 960,1,,
input_xlsx.xlsx,"ATR 1. Point Township Dr, south of Ridge Rd",Point Township Dr,WB,2026-04-24,03:45:00,04:00:00,> 960,0,,
input_xlsx.xlsx,"ATR 1. Point Township Dr, south of Ridge Rd",Point Township Dr,WB,2026-04-24,04:00:00,04:15:00,0 to 72,0,,
input_xlsx.xlsx,"ATR 1. Point Township Dr, south of Ridge Rd",Point Township Dr,WB,2026-04-24,04:00:00,04:15:00,>72 to 120,0,,
input_xlsx.xlsx,"ATR 1. Point Township Dr, south of Ridge Rd",Point Township Dr,WB,2026-04-24,04:00:00,04:15:00,>120 to 180,3,,
input_xlsx.xlsx,"ATR 1. Point Township Dr, south of Ridge Rd",Point Township Dr,WB,2026-04-24,04:00:00,04:15:00,>180 to 240,2,,
input_xlsx.xlsx,"ATR 1. Point Township Dr, south of Ridge Rd",Point Township Dr,WB,2026-04-24,04:00:00,04:15:00,>240 to 300,1,,
input_xlsx.xlsx,"ATR 1. Point Township Dr, south of Ridge Rd",Point Township Dr,WB,2026-04-24,04:00:00,04:15:00,>300 to 360,0,,
input_xlsx.xlsx,"ATR 1. Point Township Dr, south of Ridge Rd",Point Township Dr,WB,2026-04-24,04:00:00,04:15:00,>360 to 480,0,,
input_xlsx.xlsx,"ATR 1. Point Township Dr, south of Ridge Rd",Point Township Dr,WB,2026-04-24,04:00:00,04:15:00,>480 to 600,0,,
input_xlsx.xlsx,"ATR 1. Point Township Dr, south of Ridge Rd",Point Township Dr,WB,2026-04-24,04:00:00,04:15:00,>600 to 720,0,,
input_xlsx.xlsx,"ATR 1. Point Township Dr, south of Ridge Rd",Point Township Dr,WB,2026-04-24,04:00:00,04:15:00,>720 to 840,0,,
input_xlsx.xlsx,"ATR 1. Point Township Dr, south of Ridge Rd",Point Township Dr,WB,2026-04-24,04:00:00,04:15:00,>840 to 960,2,,
input_xlsx.xlsx,"ATR 1. Point Township Dr, south of Ridge Rd",Point Township Dr,WB,2026-04-24,04:00:00,04:15:00,> 960,0,,
input_xlsx.xlsx,"ATR 1. Point Township Dr, south of Ridge Rd",Point Township Dr,WB,2026-04-24,04:15:00,04:30:00,0 to 72,0,,
input_xlsx.xlsx,"ATR 1. Point Township Dr, south of Ridge Rd",Point Township Dr,WB,2026-04-24,04:15:00,04:30:00,>72 to 120,0,,
input_xlsx.xlsx,"ATR 1. Point Township Dr, south of Ridge Rd",Point Township Dr,WB,2026-04-24,04:15:00,04:30:00,>120 to 180,4,,
input_xlsx.xlsx,"ATR 1. Point Township Dr, south of Ridge Rd",Point Township Dr,WB,2026-04-24,04:15:00,04:30:00,>180 to 240,5,,
input_xlsx.xlsx,"ATR 1. Point Township Dr, south of Ridge Rd",Point Township Dr,WB,2026-04-24,04:15:00,04:30:00,>240 to 300,0,,
input_xlsx.xlsx,"ATR 1. Point Township Dr, south of Ridge Rd",Point Township Dr,WB,2026-04-24,04:15:00,04:30:00,>300 to 360,1,,
input_xlsx.xlsx,"ATR 1. Point Township Dr, south of Ridge Rd",Point Township Dr,WB,2026-04-24,04:15:00,04:30:00,>360 to 480,1,,
input_xlsx.xlsx,"ATR 1. Point Township Dr, south of Ridge Rd",Point Township Dr,WB,2026-04-24,04:15:00,04:30:00,>480 to 600,0,,
input_xlsx.xlsx,"ATR 1. Point Township Dr, south of Ridge Rd",Point Township Dr,WB,2026-04-24,04:15:00,04:30:00,>600 to 720,1,,
input_xlsx.xlsx,"ATR 1. Point Township Dr, south of Ridge Rd",Point Township Dr,WB,2026-04-24,04:15:00,04:30:00,>720 to 840,1,,
input_xlsx.xlsx,"ATR 1. Point Township Dr, south of Ridge Rd",Point Township Dr,WB,2026-04-24,04:15:00,04:30:00,>840 to 960,0,,
input_xlsx.xlsx,"ATR 1. Point Township Dr, south of Ridge Rd",Point Township Dr,WB,2026-04-24,04:15:00,04:30:00,> 960,0,,
input_xlsx.xlsx,"ATR 1. Point Township Dr, south of Ridge Rd",Point Township Dr,WB,2026-04-24,04:30:00,04:45:00,0 to 72,0,,
input_xlsx.xlsx,"ATR 1. Point Township Dr, south of Ridge Rd",Point Township Dr,WB,2026-04-24,04:30:00,04:45:00,>72 to 120,1,,
input_xlsx.xlsx,"ATR 1. Point Township Dr, south of Ridge Rd",Point Township Dr,WB,2026-04-24,04:30:00,04:45:00,>120 to 180,10,,
input_xlsx.xlsx,"ATR 1. Point Township Dr, south of Ridge Rd",Point Township Dr,WB,2026-04-24,04:30:00,04:45:00,>180 to 240,6,,
input_xlsx.xlsx,"ATR 1. Point Township Dr, south of Ridge Rd",Point Township Dr,WB,2026-04-24,04:30:00,04:45:00,>240 to 300,1,,
input_xlsx.xlsx,"ATR 1. Point Township Dr, south of Ridge Rd",Point Township Dr,WB,2026-04-24,04:30:00,04:45:00,>300 to 360,0,,
input_xlsx.xlsx,"ATR 1. Point Township Dr, south of Ridge Rd",Point Township Dr,WB,2026-04-24,04:30:00,04:45:00,>360 to 480,2,,
input_xlsx.xlsx,"ATR 1. Point Township Dr, south of Ridge Rd",Point Township Dr,WB,2026-04-24,04:30:00,04:45:00,>480 to 600,0,,
input_xlsx.xlsx,"ATR 1. Point Township Dr, south of Ridge Rd",Point Township Dr,WB,2026-04-24,04:30:00,04:45:00,>600 to 720,2,,
input_xlsx.xlsx,"ATR 1. Point Township Dr, south of Ridge Rd",Point Township Dr,WB,2026-04-24,04:30:00,04:45:00,>720 to 840,2,,
input_xlsx.xlsx,"ATR 1. Point Township Dr, south of Ridge Rd",Point Township Dr,WB,2026-04-24,04:30:00,04:45:00,>840 to 960,0,,
input_xlsx.xlsx,"ATR 1. Point Township Dr, south of Ridge Rd",Point Township Dr,WB,2026-04-24,04:30:00,04:45:00,> 960,0,,
input_xlsx.xlsx,"ATR 1. Point Township Dr, south of Ridge Rd",Point Township Dr,WB,2026-04-24,04:45:00,05:00:00,0 to 72,0,,
input_xlsx.xlsx,"ATR 1. Point Township Dr, south of Ridge Rd",Point Township Dr,WB,2026-04-24,04:45:00,05:00:00,>72 to 120,0,,
input_xlsx.xlsx,"ATR 1. Point Township Dr, south of Ridge Rd",Point Township Dr,WB,2026-04-24,04:45:00,05:00:00,>120 to 180,7,,
input_xlsx.xlsx,"ATR 1. Point Township Dr, south of Ridge Rd",Point Township Dr,WB,2026-04-24,04:45:00,05:00:00,>180 to 240,5,,
input_xlsx.xlsx,"ATR 1. Point Township Dr, south of Ridge Rd",Point Township Dr,WB,2026-04-24,04:45:00,05:00:00,>240 to 300,0,,
input_xlsx.xlsx,"ATR 1. Point Township Dr, south of Ridge Rd",Point Township Dr,WB,2026-04-24,04:45:00,05:00:00,>300 to 360,3,,
input_xlsx.xlsx,"ATR 1. Point Township Dr, south of Ridge Rd",Point Township Dr,WB,2026-04-24,04:45:00,05:00:00,>360 to 480,0,,
input_xlsx.xlsx,"ATR 1. Point Township Dr, south of Ridge Rd",Point Township Dr,WB,2026-04-24,04:45:00,05:00:00,>480 to 600,0,,
input_xlsx.xlsx,"ATR 1. Point Township Dr, south of Ridge Rd",Point Township Dr,WB,2026-04-24,04:45:00,05:00:00,>600 to 720,1,,
input_xlsx.xlsx,"ATR 1. Point Township Dr, south of Ridge Rd",Point Township Dr,WB,2026-04-24,04:45:00,05:00:00,>720 to 840,3,,
input_xlsx.xlsx,"ATR 1. Point Township Dr, south of Ridge Rd",Point Township Dr,WB,2026-04-24,04:45:00,05:00:00,>840 to 960,0,,
input_xlsx.xlsx,"ATR 1. Point Township Dr, south of Ridge Rd",Point Township Dr,WB,2026-04-24,04:45:00,05:00:00,> 960,0,,
input_xlsx.xlsx,"ATR 1. Point Township Dr, south of Ridge Rd",Point Township Dr,WB,2026-04-24,05:00:00,05:15:00,0 to 72,0,,
input_xlsx.xlsx,"ATR 1. Point Township Dr, south of Ridge Rd",Point Township Dr,WB,2026-04-24,05:00:00,05:15:00,>72 to 120,0,,
input_xlsx.xlsx,"ATR 1. Point Township Dr, south of Ridge Rd",Point Township Dr,WB,2026-04-24,05:00:00,05:15:00,>120 to 180,6,,
input_xlsx.xlsx,"ATR 1. Point Township Dr, south of Ridge Rd",Point Township Dr,WB,2026-04-24,05:00:00,05:15:00,>180 to 240,4,,
input_xlsx.xlsx,"ATR 1. Point Township Dr, south of Ridge Rd",Point Township Dr,WB,2026-04-24,05:00:00,05:15:00,>240 to 300,0,,
input_xlsx.xlsx,"ATR 1. Point Township Dr, south of Ridge Rd",Point Township Dr,WB,2026-04-24,05:00:00,05:15:00,>300 to 360,0,,
input_xlsx.xlsx,"ATR 1. Point Township Dr, south of Ridge Rd",Point Township Dr,WB,2026-04-24,05:00:00,05:15:00,>360 to 480,1,,
input_xlsx.xlsx,"ATR 1. Point Township Dr, south of Ridge Rd",Point Township Dr,WB,2026-04-24,05:00:00,05:15:00,>480 to 600,0,,
input_xlsx.xlsx,"ATR 1. Point Township Dr, south of Ridge Rd",Point Township Dr,WB,2026-04-24,05:00:00,05:15:00,>600 to 720,0,,
input_xlsx.xlsx,"ATR 1. Point Township Dr, south of Ridge Rd",Point Township Dr,WB,2026-04-24,05:00:00,05:15:00,>720 to 840,2,,
input_xlsx.xlsx,"ATR 1. Point Township Dr, south of Ridge Rd",Point Township Dr,WB,2026-04-24,05:00:00,05:15:00,>840 to 960,1,,
input_xlsx.xlsx,"ATR 1. Point Township Dr, south of Ridge Rd",Point Township Dr,WB,2026-04-24,05:00:00,05:15:00,> 960,0,,
input_xlsx.xlsx,"ATR 1. Point Township Dr, south of Ridge Rd",Point Township Dr,WB,2026-04-24,05:15:00,05:30:00,0 to 72,0,,
input_xlsx.xlsx,"ATR 1. Point Township Dr, south of Ridge Rd",Point Township Dr,WB,2026-04-24,05:15:00,05:30:00,>72 to 120,1,,
input_xlsx.xlsx,"ATR 1. Point Township Dr, south of Ridge Rd",Point Township Dr,WB,2026-04-24,05:15:00,05:30:00,>120 to 180,14,,
input_xlsx.xlsx,"ATR 1. Point Township Dr, south of Ridge Rd",Point Township Dr,WB,2026-04-24,05:15:00,05:30:00,>180 to 240,5,,
input_xlsx.xlsx,"ATR 1. Point Township Dr, south of Ridge Rd",Point Township Dr,WB,2026-04-24,05:15:00,05:30:00,>240 to 300,1,,
input_xlsx.xlsx,"ATR 1. Point Township Dr, south of Ridge Rd",Point Township Dr,WB,2026-04-24,05:15:00,05:30:00,>300 to 360,1,,
input_xlsx.xlsx,"ATR 1. Point Township Dr, south of Ridge Rd",Point Township Dr,WB,2026-04-24,05:15:00,05:30:00,>360 to 480,0,,
input_xlsx.xlsx,"ATR 1. Point Township Dr, south of Ridge Rd",Point Township Dr,WB,2026-04-24,05:15:00,05:30:00,>480 to 600,0,,
input_xlsx.xlsx,"ATR 1. Point Township Dr, south of Ridge Rd",Point Township Dr,WB,2026-04-24,05:15:00,05:30:00,>600 to 720,0,,
input_xlsx.xlsx,"ATR 1. Point Township Dr, south of Ridge Rd",Point Township Dr,WB,2026-04-24,05:15:00,05:30:00,>720 to 840,0,,
input_xlsx.xlsx,"ATR 1. Point Township Dr, south of Ridge Rd",Point Township Dr,WB,2026-04-24,05:15:00,05:30:00,>840 to 960,0,,
input_xlsx.xlsx,"ATR 1. Point Township Dr, south of Ridge Rd",Point Township Dr,WB,2026-04-24,05:15:00,05:30:00,> 960,0,,
input_xlsx.xlsx,"ATR 1. Point Township Dr, south of Ridge Rd",Point Township Dr,WB,2026-04-24,05:30:00,05:45:00,0 to 72,0,,
input_xlsx.xlsx,"ATR 1. Point Township Dr, south of Ridge Rd",Point Township Dr,WB,2026-04-24,05:30:00,05:45:00,>72 to 120,0,,
input_xlsx.xlsx,"ATR 1. Point Township Dr, south of Ridge Rd",Point Township Dr,WB,2026-04-24,05:30:00,05:45:00,>120 to 180,21,,
input_xlsx.xlsx,"ATR 1. Point Township Dr, south of Ridge Rd",Point Township Dr,WB,2026-04-24,05:30:00,05:45:00,>180 to 240,7,,
input_xlsx.xlsx,"ATR 1. Point Township Dr, south of Ridge Rd",Point Township Dr,WB,2026-04-24,05:30:00,05:45:00,>240 to 300,2,,
input_xlsx.xlsx,"ATR 1. Point Township Dr, south of Ridge Rd",Point Township Dr,WB,2026-04-24,05:30:00,05:45:00,>300 to 360,1,,
input_xlsx.xlsx,"ATR 1. Point Township Dr, south of Ridge Rd",Point Township Dr,WB,2026-04-24,05:30:00,05:45:00,>360 to 480,0,,
input_xlsx.xlsx,"ATR 1. Point Township Dr, south of Ridge Rd",Point Township Dr,WB,2026-04-24,05:30:00,05:45:00,>480 to 600,0,,
input_xlsx.xlsx,"ATR 1. Point Township Dr, south of Ridge Rd",Point Township Dr,WB,2026-04-24,05:30:00,05:45:00,>600 to 720,0,,
input_xlsx.xlsx,"ATR 1. Point Township Dr, south of Ridge Rd",Point Township Dr,WB,2026-04-24,05:30:00,05:45:00,>720 to 840,0,,
input_xlsx.xlsx,"ATR 1. Point Township Dr, south of Ridge Rd",Point Township Dr,WB,2026-04-24,05:30:00,05:45:00,>840 to 960,0,,
input_xlsx.xlsx,"ATR 1. Point Township Dr, south of Ridge Rd",Point Township Dr,WB,2026-04-24,05:30:00,05:45:00,> 960,0,,
input_xlsx.xlsx,"ATR 1. Point Township Dr, south of Ridge Rd",Point Township Dr,WB,2026-04-24,05:45:00,06:00:00,0 to 72,0,,
input_xlsx.xlsx,"ATR 1. Point Township Dr, south of Ridge Rd",Point Township Dr,WB,2026-04-24,05:45:00,06:00:00,>72 to 120,0,,
input_xlsx.xlsx,"ATR 1. Point Township Dr, south of Ridge Rd",Point Township Dr,WB,2026-04-24,05:45:00,06:00:00,>120 to 180,11,,
input_xlsx.xlsx,"ATR 1. Point Township Dr, south of Ridge Rd",Point Township Dr,WB,2026-04-24,05:45:00,06:00:00,>180 to 240,14,,
input_xlsx.xlsx,"ATR 1. Point Township Dr, south of Ridge Rd",Point Township Dr,WB,2026-04-24,05:45:00,06:00:00,>240 to 300,2,,
input_xlsx.xlsx,"ATR 1. Point Township Dr, south of Ridge Rd",Point Township Dr,WB,2026-04-24,05:45:00,06:00:00,>300 to 360,0,,
input_xlsx.xlsx,"ATR 1. Point Township Dr, south of Ridge Rd",Point Township Dr,WB,2026-04-24,05:45:00,06:00:00,>360 to 480,1,,
input_xlsx.xlsx,"ATR 1. Point Township Dr, south of Ridge Rd",Point Township Dr,WB,2026-04-24,05:45:00,06:00:00,>480 to 600,0,,
input_xlsx.xlsx,"ATR 1. Point Township Dr, south of Ridge Rd",Point Township Dr,WB,2026-04-24,05:45:00,06:00:00,>600 to 720,0,,
input_xlsx.xlsx,"ATR 1. Point Township Dr, south of Ridge Rd",Point Township Dr,WB,2026-04-24,05:45:00,06:00:00,>720 to 840,1,,
input_xlsx.xlsx,"ATR 1. Point Township Dr, south of Ridge Rd",Point Township Dr,WB,2026-04-24,05:45:00,06:00:00,>840 to 960,0,,
input_xlsx.xlsx,"ATR 1. Point Township Dr, south of Ridge Rd",Point Township Dr,WB,2026-04-24,05:45:00,06:00:00,> 960,0,,
input_xlsx.xlsx,"ATR 1. Point Township Dr, south of Ridge Rd",Point Township Dr,WB,2026-04-24,06:00:00,06:15:00,0 to 72,0,,
input_xlsx.xlsx,"ATR 1. Point Township Dr, south of Ridge Rd",Point Township Dr,WB,2026-04-24,06:00:00,06:15:00,>72 to 120,0,,
input_xlsx.xlsx,"ATR 1. Point Township Dr, south of Ridge Rd",Point Township Dr,WB,2026-04-24,06:00:00,06:15:00,>120 to 180,18,,
input_xlsx.xlsx,"ATR 1. Point Township Dr, south of Ridge Rd",Point Township Dr,WB,2026-04-24,06:00:00,06:15:00,>180 to 240,12,,
input_xlsx.xlsx,"ATR 1. Point Township Dr, south of Ridge Rd",Point Township Dr,WB,2026-04-24,06:00:00,06:15:00,>240 to 300,2,,
input_xlsx.xlsx,"ATR 1. Point Township Dr, south of Ridge Rd",Point Township Dr,WB,2026-04-24,06:00:00,06:15:00,>300 to 360,0,,
input_xlsx.xlsx,"ATR 1. Point Township Dr, south of Ridge Rd",Point Township Dr,WB,2026-04-24,06:00:00,06:15:00,>360 to 480,0,,
input_xlsx.xlsx,"ATR 1. Point Township Dr, south of Ridge Rd",Point Township Dr,WB,2026-04-24,06:00:00,06:15:00,>480 to 600,0,,
input_xlsx.xlsx,"ATR 1. Point Township Dr, south of Ridge Rd",Point Township Dr,WB,2026-04-24,06:00:00,06:15:00,>600 to 720,1,,
input_xlsx.xlsx,"ATR 1. Point Township Dr, south of Ridge Rd",Point Township Dr,WB,2026-04-24,06:00:00,06:15:00,>720 to 840,2,,
input_xlsx.xlsx,"ATR 1. Point Township Dr, south of Ridge Rd",Point Township Dr,WB,2026-04-24,06:00:00,06:15:00,>840 to 960,1,,
input_xlsx.xlsx,"ATR 1. Point Township Dr, south of Ridge Rd",Point Township Dr,WB,2026-04-24,06:00:00,06:15:00,> 960,0,,
input_xlsx.xlsx,"ATR 1. Point Township Dr, south of Ridge Rd",Point Township Dr,WB,2026-04-24,06:15:00,06:30:00,0 to 72,0,,
input_xlsx.xlsx,"ATR 1. Point Township Dr, south of Ridge Rd",Point Township Dr,WB,2026-04-24,06:15:00,06:30:00,>72 to 120,1,,
input_xlsx.xlsx,"ATR 1. Point Township Dr, south of Ridge Rd",Point Township Dr,WB,2026-04-24,06:15:00,06:30:00,>120 to 180,30,,
input_xlsx.xlsx,"ATR 1. Point Township Dr, south of Ridge Rd",Point Township Dr,WB,2026-04-24,06:15:00,06:30:00,>180 to 240,12,,
input_xlsx.xlsx,"ATR 1. Point Township Dr, south of Ridge Rd",Point Township Dr,WB,2026-04-24,06:15:00,06:30:00,>240 to 300,1,,
input_xlsx.xlsx,"ATR 1. Point Township Dr, south of Ridge Rd",Point Township Dr,WB,2026-04-24,06:15:00,06:30:00,>300 to 360,1,,
input_xlsx.xlsx,"ATR 1. Point Township Dr, south of Ridge Rd",Point Township Dr,WB,2026-04-24,06:15:00,06:30:00,>360 to 480,3,,
input_xlsx.xlsx,"ATR 1. Point Township Dr, south of Ridge Rd",Point Township Dr,WB,2026-04-24,06:15:00,06:30:00,>480 to 600,0,,
input_xlsx.xlsx,"ATR 1. Point Township Dr, south of Ridge Rd",Point Township Dr,WB,2026-04-24,06:15:00,06:30:00,>600 to 720,1,,
input_xlsx.xlsx,"ATR 1. Point Township Dr, south of Ridge Rd",Point Township Dr,WB,2026-04-24,06:15:00,06:30:00,>720 to 840,1,,
input_xlsx.xlsx,"ATR 1. Point Township Dr, south of Ridge Rd",Point Township Dr,WB,2026-04-24,06:15:00,06:30:00,>840 to 960,0,,
input_xlsx.xlsx,"ATR 1. Point Township Dr, south of Ridge Rd",Point Township Dr,WB,2026-04-24,06:15:00,06:30:00,> 960,0,,
input_xlsx.xlsx,"ATR 1. Point Township Dr, south of Ridge Rd",Point Township Dr,WB,2026-04-24,06:30:00,06:45:00,0 to 72,0,,
input_xlsx.xlsx,"ATR 1. Point Township Dr, south of Ridge Rd",Point Township Dr,WB,2026-04-24,06:30:00,06:45:00,>72 to 120,0,,
input_xlsx.xlsx,"ATR 1. Point Township Dr, south of Ridge Rd",Point Township Dr,WB,2026-04-24,06:30:00,06:45:00,>120 to 180,48,,
input_xlsx.xlsx,"ATR 1. Point Township Dr, south of Ridge Rd",Point Township Dr,WB,2026-04-24,06:30:00,06:45:00,>180 to 240,8,,
input_xlsx.xlsx,"ATR 1. Point Township Dr, south of Ridge Rd",Point Township Dr,WB,2026-04-24,06:30:00,06:45:00,>240 to 300,2,,
input_xlsx.xlsx,"ATR 1. Point Township Dr, south of Ridge Rd",Point Township Dr,WB,2026-04-24,06:30:00,06:45:00,>300 to 360,1,,
input_xlsx.xlsx,"ATR 1. Point Township Dr, south of Ridge Rd",Point Township Dr,WB,2026-04-24,06:30:00,06:45:00,>360 to 480,4,,
input_xlsx.xlsx,"ATR 1. Point Township Dr, south of Ridge Rd",Point Township Dr,WB,2026-04-24,06:30:00,06:45:00,>480 to 600,1,,
input_xlsx.xlsx,"ATR 1. Point Township Dr, south of Ridge Rd",Point Township Dr,WB,2026-04-24,06:30:00,06:45:00,>600 to 720,1,,
input_xlsx.xlsx,"ATR 1. Point Township Dr, south of Ridge Rd",Point Township Dr,WB,2026-04-24,06:30:00,06:45:00,>720 to 840,1,,
input_xlsx.xlsx,"ATR 1. Point Township Dr, south of Ridge Rd",Point Township Dr,WB,2026-04-24,06:30:00,06:45:00,>840 to 960,0,,
input_xlsx.xlsx,"ATR 1. Point Township Dr, south of Ridge Rd",Point Township Dr,WB,2026-04-24,06:30:00,06:45:00,> 960,0,,
input_xlsx.xlsx,"ATR 1. Point Township Dr, south of Ridge Rd",Point Township Dr,WB,2026-04-24,06:45:00,07:00:00,0 to 72,1,,
input_xlsx.xlsx,"ATR 1. Point Township Dr, south of Ridge Rd",Point Township Dr,WB,2026-04-24,06:45:00,07:00:00,>72 to 120,0,,
input_xlsx.xlsx,"ATR 1. Point Township Dr, south of Ridge Rd",Point Township Dr,WB,2026-04-24,06:45:00,07:00:00,>120 to 180,25,,
input_xlsx.xlsx,"ATR 1. Point Township Dr, south of Ridge Rd",Point Township Dr,WB,2026-04-24,06:45:00,07:00:00,>180 to 240,20,,
input_xlsx.xlsx,"ATR 1. Point Township Dr, south of Ridge Rd",Point Township Dr,WB,2026-04-24,06:45:00,07:00:00,>240 to 300,4,,
input_xlsx.xlsx,"ATR 1. Point Township Dr, south of Ridge Rd",Point Township Dr,WB,2026-04-24,06:45:00,07:00:00,>300 to 360,3,,
input_xlsx.xlsx,"ATR 1. Point Township Dr, south of Ridge Rd",Point Township Dr,WB,2026-04-24,06:45:00,07:00:00,>360 to 480,4,,
input_xlsx.xlsx,"ATR 1. Point Township Dr, south of Ridge Rd",Point Township Dr,WB,2026-04-24,06:45:00,07:00:00,>480 to 600,0,,
input_xlsx.xlsx,"ATR 1. Point Township Dr, south of Ridge Rd",Point Township Dr,WB,2026-04-24,06:45:00,07:00:00,>600 to 720,0,,
input_xlsx.xlsx,"ATR 1. Point Township Dr, south of Ridge Rd",Point Township Dr,WB,2026-04-24,06:45:00,07:00:00,>720 to 840,5,,
input_xlsx.xlsx,"ATR 1. Point Township Dr, south of Ridge Rd",Point Township Dr,WB,2026-04-24,06:45:00,07:00:00,>840 to 960,0,,
input_xlsx.xlsx,"ATR 1. Point Township Dr, south of Ridge Rd",Point Township Dr,WB,2026-04-24,06:45:00,07:00:00,> 960,0,,
input_xlsx.xlsx,"ATR 1. Point Township Dr, south of Ridge Rd",Point Township Dr,WB,2026-04-24,07:00:00,07:15:00,0 to 72,0,,
input_xlsx.xlsx,"ATR 1. Point Township Dr, south of Ridge Rd",Point Township Dr,WB,2026-04-24,07:00:00,07:15:00,>72 to 120,0,,
input_xlsx.xlsx,"ATR 1. Point Township Dr, south of Ridge Rd",Point Township Dr,WB,2026-04-24,07:00:00,07:15:00,>120 to 180,41,,
input_xlsx.xlsx,"ATR 1. Point Township Dr, south of Ridge Rd",Point Township Dr,WB,2026-04-24,07:00:00,07:15:00,>180 to 240,18,,
input_xlsx.xlsx,"ATR 1. Point Township Dr, south of Ridge Rd",Point Township Dr,WB,2026-04-24,07:00:00,07:15:00,>240 to 300,1,,
input_xlsx.xlsx,"ATR 1. Point Township Dr, south of Ridge Rd",Point Township Dr,WB,2026-04-24,07:00:00,07:15:00,>300 to 360,2,,
input_xlsx.xlsx,"ATR 1. Point Township Dr, south of Ridge Rd",Point Township Dr,WB,2026-04-24,07:00:00,07:15:00,>360 to 480,0,,
input_xlsx.xlsx,"ATR 1. Point Township Dr, south of Ridge Rd",Point Township Dr,WB,2026-04-24,07:00:00,07:15:00,>480 to 600,0,,
input_xlsx.xlsx,"ATR 1. Point Township Dr, south of Ridge Rd",Point Township Dr,WB,2026-04-24,07:00:00,07:15:00,>600 to 720,2,,
input_xlsx.xlsx,"ATR 1. Point Township Dr, south of Ridge Rd",Point Township Dr,WB,2026-04-24,07:00:00,07:15:00,>720 to 840,0,,
input_xlsx.xlsx,"ATR 1. Point Township Dr, south of Ridge Rd",Point Township Dr,WB,2026-04-24,07:00:00,07:15:00,>840 to 960,0,,
input_xlsx.xlsx,"ATR 1. Point Township Dr, south of Ridge Rd",Point Township Dr,WB,2026-04-24,07:00:00,07:15:00,> 960,0,,
input_xlsx.xlsx,"ATR 1. Point Township Dr, south of Ridge Rd",Point Township Dr,WB,2026-04-24,07:15:00,07:30:00,0 to 72,0,,
input_xlsx.xlsx,"ATR 1. Point Township Dr, south of Ridge Rd",Point Township Dr,WB,2026-04-24,07:15:00,07:30:00,>72 to 120,0,,
input_xlsx.xlsx,"ATR 1. Point Township Dr, south of Ridge Rd",Point Township Dr,WB,2026-04-24,07:15:00,07:30:00,>120 to 180,47,,
input_xlsx.xlsx,"ATR 1. Point Township Dr, south of Ridge Rd",Point Township Dr,WB,2026-04-24,07:15:00,07:30:00,>180 to 240,10,,
input_xlsx.xlsx,"ATR 1. Point Township Dr, south of Ridge Rd",Point Township Dr,WB,2026-04-24,07:15:00,07:30:00,>240 to 300,2,,
input_xlsx.xlsx,"ATR 1. Point Township Dr, south of Ridge Rd",Point Township Dr,WB,2026-04-24,07:15:00,07:30:00,>300 to 360,2,,
input_xlsx.xlsx,"ATR 1. Point Township Dr, south of Ridge Rd",Point Township Dr,WB,2026-04-24,07:15:00,07:30:00,>360 to 480,6,,
input_xlsx.xlsx,"ATR 1. Point Township Dr, south of Ridge Rd",Point Township Dr,WB,2026-04-24,07:15:00,07:30:00,>480 to 600,1,,
input_xlsx.xlsx,"ATR 1. Point Township Dr, south of Ridge Rd",Point Township Dr,WB,2026-04-24,07:15:00,07:30:00,>600 to 720,1,,
input_xlsx.xlsx,"ATR 1. Point Township Dr, south of Ridge Rd",Point Township Dr,WB,2026-04-24,07:15:00,07:30:00,>720 to 840,0,,
input_xlsx.xlsx,"ATR 1. Point Township Dr, south of Ridge Rd",Point Township Dr,WB,2026-04-24,07:15:00,07:30:00,>840 to 960,0,,
input_xlsx.xlsx,"ATR 1. Point Township Dr, south of Ridge Rd",Point Township Dr,WB,2026-04-24,07:15:00,07:30:00,> 960,0,,
input_xlsx.xlsx,"ATR 1. Point Township Dr, south of Ridge Rd",Point Township Dr,WB,2026-04-24,07:30:00,07:45:00,0 to 72,0,,
input_xlsx.xlsx,"ATR 1. Point Township Dr, south of Ridge Rd",Point Township Dr,WB,2026-04-24,07:30:00,07:45:00,>72 to 120,0,,
input_xlsx.xlsx,"ATR 1. Point Township Dr, south of Ridge Rd",Point Township Dr,WB,2026-04-24,07:30:00,07:45:00,>120 to 180,75,,
input_xlsx.xlsx,"ATR 1. Point Township Dr, south of Ridge Rd",Point Township Dr,WB,2026-04-24,07:30:00,07:45:00,>180 to 240,15,,
input_xlsx.xlsx,"ATR 1. Point Township Dr, south of Ridge Rd",Point Township Dr,WB,2026-04-24,07:30:00,07:45:00,>240 to 300,2,,
input_xlsx.xlsx,"ATR 1. Point Township Dr, south of Ridge Rd",Point Township Dr,WB,2026-04-24,07:30:00,07:45:00,>300 to 360,6,,
input_xlsx.xlsx,"ATR 1. Point Township Dr, south of Ridge Rd",Point Township Dr,WB,2026-04-24,07:30:00,07:45:00,>360 to 480,4,,
input_xlsx.xlsx,"ATR 1. Point Township Dr, south of Ridge Rd",Point Township Dr,WB,2026-04-24,07:30:00,07:45:00,>480 to 600,1,,
input_xlsx.xlsx,"ATR 1. Point Township Dr, south of Ridge Rd",Point Township Dr,WB,2026-04-24,07:30:00,07:45:00,>600 to 720,0,,
input_xlsx.xlsx,"ATR 1. Point Township Dr, south of Ridge Rd",Point Township Dr,WB,2026-04-24,07:30:00,07:45:00,>720 to 840,2,,
input_xlsx.xlsx,"ATR 1. Point Township Dr, south of Ridge Rd",Point Township Dr,WB,2026-04-24,07:30:00,07:45:00,>840 to 960,0,,
input_xlsx.xlsx,"ATR 1. Point Township Dr, south of Ridge Rd",Point Township Dr,WB,2026-04-24,07:30:00,07:45:00,> 960,0,,
input_xlsx.xlsx,"ATR 1. Point Township Dr, south of Ridge Rd",Point Township Dr,WB,2026-04-24,07:45:00,08:00:00,0 to 72,1,,
input_xlsx.xlsx,"ATR 1. Point Township Dr, south of Ridge Rd",Point Township Dr,WB,2026-04-24,07:45:00,08:00:00,>72 to 120,1,,
input_xlsx.xlsx,"ATR 1. Point Township Dr, south of Ridge Rd",Point Township Dr,WB,2026-04-24,07:45:00,08:00:00,>120 to 180,51,,
input_xlsx.xlsx,"ATR 1. Point Township Dr, south of Ridge Rd",Point Township Dr,WB,2026-04-24,07:45:00,08:00:00,>180 to 240,23,,
input_xlsx.xlsx,"ATR 1. Point Township Dr, south of Ridge Rd",Point Township Dr,WB,2026-04-24,07:45:00,08:00:00,>240 to 300,6,,
input_xlsx.xlsx,"ATR 1. Point Township Dr, south of Ridge Rd",Point Township Dr,WB,2026-04-24,07:45:00,08:00:00,>300 to 360,2,,
input_xlsx.xlsx,"ATR 1. Point Township Dr, south of Ridge Rd",Point Township Dr,WB,2026-04-24,07:45:00,08:00:00,>360 to 480,1,,
input_xlsx.xlsx,"ATR 1. Point Township Dr, south of Ridge Rd",Point Township Dr,WB,2026-04-24,07:45:00,08:00:00,>480 to 600,0,,
input_xlsx.xlsx,"ATR 1. Point Township Dr, south of Ridge Rd",Point Township Dr,WB,2026-04-24,07:45:00,08:00:00,>600 to 720,0,,
input_xlsx.xlsx,"ATR 1. Point Township Dr, south of Ridge Rd",Point Township Dr,WB,2026-04-24,07:45:00,08:00:00,>720 to 840,2,,
input_xlsx.xlsx,"ATR 1. Point Township Dr, south of Ridge Rd",Point Township Dr,WB,2026-04-24,07:45:00,08:00:00,>840 to 960,1,,
input_xlsx.xlsx,"ATR 1. Point Township Dr, south of Ridge Rd",Point Township Dr,WB,2026-04-24,07:45:00,08:00:00,> 960,0,,
input_xlsx.xlsx,"ATR 1. Point Township Dr, south of Ridge Rd",Point Township Dr,WB,2026-04-24,08:00:00,08:15:00,0 to 72,0,,
input_xlsx.xlsx,"ATR 1. Point Township Dr, south of Ridge Rd",Point Township Dr,WB,2026-04-24,08:00:00,08:15:00,>72 to 120,1,,
input_xlsx.xlsx,"ATR 1. Point Township Dr, south of Ridge Rd",Point Township Dr,WB,2026-04-24,08:00:00,08:15:00,>120 to 180,67,,
input_xlsx.xlsx,"ATR 1. Point Township Dr, south of Ridge Rd",Point Township Dr,WB,2026-04-24,08:00:00,08:15:00,>180 to 240,16,,
input_xlsx.xlsx,"ATR 1. Point Township Dr, south of Ridge Rd",Point Township Dr,WB,2026-04-24,08:00:00,08:15:00,>240 to 300,2,,
input_xlsx.xlsx,"ATR 1. Point Township Dr, south of Ridge Rd",Point Township Dr,WB,2026-04-24,08:00:00,08:15:00,>300 to 360,2,,
input_xlsx.xlsx,"ATR 1. Point Township Dr, south of Ridge Rd",Point Township Dr,WB,2026-04-24,08:00:00,08:15:00,>360 to 480,4,,
input_xlsx.xlsx,"ATR 1. Point Township Dr, south of Ridge Rd",Point Township Dr,WB,2026-04-24,08:00:00,08:15:00,>480 to 600,0,,
input_xlsx.xlsx,"ATR 1. Point Township Dr, south of Ridge Rd",Point Township Dr,WB,2026-04-24,08:00:00,08:15:00,>600 to 720,1,,
input_xlsx.xlsx,"ATR 1. Point Township Dr, south of Ridge Rd",Point Township Dr,WB,2026-04-24,08:00:00,08:15:00,>720 to 840,1,,
input_xlsx.xlsx,"ATR 1. Point Township Dr, south of Ridge Rd",Point Township Dr,WB,2026-04-24,08:00:00,08:15:00,>840 to 960,1,,
input_xlsx.xlsx,"ATR 1. Point Township Dr, south of Ridge Rd",Point Township Dr,WB,2026-04-24,08:00:00,08:15:00,> 960,0,,
input_xlsx.xlsx,"ATR 1. Point Township Dr, south of Ridge Rd",Point Township Dr,WB,2026-04-24,08:15:00,08:30:00,0 to 72,0,,
input_xlsx.xlsx,"ATR 1. Point Township Dr, south of Ridge Rd",Point Township Dr,WB,2026-04-24,08:15:00,08:30:00,>72 to 120,0,,
input_xlsx.xlsx,"ATR 1. Point Township Dr, south of Ridge Rd",Point Township Dr,WB,2026-04-24,08:15:00,08:30:00,>120 to 180,47,,
input_xlsx.xlsx,"ATR 1. Point Township Dr, south of Ridge Rd",Point Township Dr,WB,2026-04-24,08:15:00,08:30:00,>180 to 240,17,,
input_xlsx.xlsx,"ATR 1. Point Township Dr, south of Ridge Rd",Point Township Dr,WB,2026-04-24,08:15:00,08:30:00,>240 to 300,3,,
input_xlsx.xlsx,"ATR 1. Point Township Dr, south of Ridge Rd",Point Township Dr,WB,2026-04-24,08:15:00,08:30:00,>300 to 360,2,,
input_xlsx.xlsx,"ATR 1. Point Township Dr, south of Ridge Rd",Point Township Dr,WB,2026-04-24,08:15:00,08:30:00,>360 to 480,1,,
input_xlsx.xlsx,"ATR 1. Point Township Dr, south of Ridge Rd",Point Township Dr,WB,2026-04-24,08:15:00,08:30:00,>480 to 600,0,,
input_xlsx.xlsx,"ATR 1. Point Township Dr, south of Ridge Rd",Point Township Dr,WB,2026-04-24,08:15:00,08:30:00,>600 to 720,1,,
input_xlsx.xlsx,"ATR 1. Point Township Dr, south of Ridge Rd",Point Township Dr,WB,2026-04-24,08:15:00,08:30:00,>720 to 840,0,,
input_xlsx.xlsx,"ATR 1. Point Township Dr, south of Ridge Rd",Point Township Dr,WB,2026-04-24,08:15:00,08:30:00,>840 to 960,4,,
input_xlsx.xlsx,"ATR 1. Point Township Dr, south of Ridge Rd",Point Township Dr,WB,2026-04-24,08:15:00,08:30:00,> 960,0,,
input_xlsx.xlsx,"ATR 1. Point Township Dr, south of Ridge Rd",Point Township Dr,WB,2026-04-24,08:30:00,08:45:00,0 to 72,0,,
input_xlsx.xlsx,"ATR 1. Point Township Dr, south of Ridge Rd",Point Township Dr,WB,2026-04-24,08:30:00,08:45:00,>72 to 120,0,,
input_xlsx.xlsx,"ATR 1. Point Township Dr, south of Ridge Rd",Point Township Dr,WB,2026-04-24,08:30:00,08:45:00,>120 to 180,50,,
input_xlsx.xlsx,"ATR 1. Point Township Dr, south of Ridge Rd",Point Township Dr,WB,2026-04-24,08:30:00,08:45:00,>180 to 240,21,,
input_xlsx.xlsx,"ATR 1. Point Township Dr, south of Ridge Rd",Point Township Dr,WB,2026-04-24,08:30:00,08:45:00,>240 to 300,4,,
input_xlsx.xlsx,"ATR 1. Point Township Dr, south of Ridge Rd",Point Township Dr,WB,2026-04-24,08:30:00,08:45:00,>300 to 360,0,,
input_xlsx.xlsx,"ATR 1. Point Township Dr, south of Ridge Rd",Point Township Dr,WB,2026-04-24,08:30:00,08:45:00,>360 to 480,1,,
input_xlsx.xlsx,"ATR 1. Point Township Dr, south of Ridge Rd",Point Township Dr,WB,2026-04-24,08:30:00,08:45:00,>480 to 600,0,,
input_xlsx.xlsx,"ATR 1. Point Township Dr, south of Ridge Rd",Point Township Dr,WB,2026-04-24,08:30:00,08:45:00,>600 to 720,3,,
input_xlsx.xlsx,"ATR 1. Point Township Dr, south of Ridge Rd",Point Township Dr,WB,2026-04-24,08:30:00,08:45:00,>720 to 840,2,,
input_xlsx.xlsx,"ATR 1. Point Township Dr, south of Ridge Rd",Point Township Dr,WB,2026-04-24,08:30:00,08:45:00,>840 to 960,1,,
input_xlsx.xlsx,"ATR 1. Point Township Dr, south of Ridge Rd",Point Township Dr,WB,2026-04-24,08:30:00,08:45:00,> 960,0,,
input_xlsx.xlsx,"ATR 1. Point Township Dr, south of Ridge Rd",Point Township Dr,WB,2026-04-24,08:45:00,09:00:00,0 to 72,0,,
input_xlsx.xlsx,"ATR 1. Point Township Dr, south of Ridge Rd",Point Township Dr,WB,2026-04-24,08:45:00,09:00:00,>72 to 120,0,,
input_xlsx.xlsx,"ATR 1. Point Township Dr, south of Ridge Rd",Point Township Dr,WB,2026-04-24,08:45:00,09:00:00,>120 to 180,46,,
input_xlsx.xlsx,"ATR 1. Point Township Dr, south of Ridge Rd",Point Township Dr,WB,2026-04-24,08:45:00,09:00:00,>180 to 240,20,,
input_xlsx.xlsx,"ATR 1. Point Township Dr, south of Ridge Rd",Point Township Dr,WB,2026-04-24,08:45:00,09:00:00,>240 to 300,2,,
input_xlsx.xlsx,"ATR 1. Point Township Dr, south of Ridge Rd",Point Township Dr,WB,2026-04-24,08:45:00,09:00:00,>300 to 360,0,,
input_xlsx.xlsx,"ATR 1. Point Township Dr, south of Ridge Rd",Point Township Dr,WB,2026-04-24,08:45:00,09:00:00,>360 to 480,2,,
input_xlsx.xlsx,"ATR 1. Point Township Dr, south of Ridge Rd",Point Township Dr,WB,2026-04-24,08:45:00,09:00:00,>480 to 600,1,,
input_xlsx.xlsx,"ATR 1. Point Township Dr, south of Ridge Rd",Point Township Dr,WB,2026-04-24,08:45:00,09:00:00,>600 to 720,0,,
input_xlsx.xlsx,"ATR 1. Point Township Dr, south of Ridge Rd",Point Township Dr,WB,2026-04-24,08:45:00,09:00:00,>720 to 840,0,,
input_xlsx.xlsx,"ATR 1. Point Township Dr, south of Ridge Rd",Point Township Dr,WB,2026-04-24,08:45:00,09:00:00,>840 to 960,3,,
input_xlsx.xlsx,"ATR 1. Point Township Dr, south of Ridge Rd",Point Township Dr,WB,2026-04-24,08:45:00,09:00:00,> 960,0,,
input_xlsx.xlsx,"ATR 1. Point Township Dr, south of Ridge Rd",Point Township Dr,WB,2026-04-24,09:00:00,09:15:00,0 to 72,1,,
input_xlsx.xlsx,"ATR 1. Point Township Dr, south of Ridge Rd",Point Township Dr,WB,2026-04-24,09:00:00,09:15:00,>72 to 120,0,,
input_xlsx.xlsx,"ATR 1. Point Township Dr, south of Ridge Rd",Point Township Dr,WB,2026-04-24,09:00:00,09:15:00,>120 to 180,40,,
input_xlsx.xlsx,"ATR 1. Point Township Dr, south of Ridge Rd",Point Township Dr,WB,2026-04-24,09:00:00,09:15:00,>180 to 240,15,,
input_xlsx.xlsx,"ATR 1. Point Township Dr, south of Ridge Rd",Point Township Dr,WB,2026-04-24,09:00:00,09:15:00,>240 to 300,5,,
input_xlsx.xlsx,"ATR 1. Point Township Dr, south of Ridge Rd",Point Township Dr,WB,2026-04-24,09:00:00,09:15:00,>300 to 360,5,,
input_xlsx.xlsx,"ATR 1. Point Township Dr, south of Ridge Rd",Point Township Dr,WB,2026-04-24,09:00:00,09:15:00,>360 to 480,2,,
input_xlsx.xlsx,"ATR 1. Point Township Dr, south of Ridge Rd",Point Township Dr,WB,2026-04-24,09:00:00,09:15:00,>480 to 600,1,,
input_xlsx.xlsx,"ATR 1. Point Township Dr, south of Ridge Rd",Point Township Dr,WB,2026-04-24,09:00:00,09:15:00,>600 to 720,0,,
input_xlsx.xlsx,"ATR 1. Point Township Dr, south of Ridge Rd",Point Township Dr,WB,2026-04-24,09:00:00,09:15:00,>720 to 840,1,,
input_xlsx.xlsx,"ATR 1. Point Township Dr, south of Ridge Rd",Point Township Dr,WB,2026-04-24,09:00:00,09:15:00,>840 to 960,0,,
input_xlsx.xlsx,"ATR 1. Point Township Dr, south of Ridge Rd",Point Township Dr,WB,2026-04-24,09:00:00,09:15:00,> 960,0,,
input_xlsx.xlsx,"ATR 1. Point Township Dr, south of Ridge Rd",Point Township Dr,WB,2026-04-24,09:15:00,09:30:00,0 to 72,0,,
input_xlsx.xlsx,"ATR 1. Point Township Dr, south of Ridge Rd",Point Township Dr,WB,2026-04-24,09:15:00,09:30:00,>72 to 120,1,,
input_xlsx.xlsx,"ATR 1. Point Township Dr, south of Ridge Rd",Point Township Dr,WB,2026-04-24,09:15:00,09:30:00,>120 to 180,36,,
input_xlsx.xlsx,"ATR 1. Point Township Dr, south of Ridge Rd",Point Township Dr,WB,2026-04-24,09:15:00,09:30:00,>180 to 240,20,,
input_xlsx.xlsx,"ATR 1. Point Township Dr, south of Ridge Rd",Point Township Dr,WB,2026-04-24,09:15:00,09:30:00,>240 to 300,3,,
input_xlsx.xlsx,"ATR 1. Point Township Dr, south of Ridge Rd",Point Township Dr,WB,2026-04-24,09:15:00,09:30:00,>300 to 360,1,,
input_xlsx.xlsx,"ATR 1. Point Township Dr, south of Ridge Rd",Point Township Dr,WB,2026-04-24,09:15:00,09:30:00,>360 to 480,0,,
input_xlsx.xlsx,"ATR 1. Point Township Dr, south of Ridge Rd",Point Township Dr,WB,2026-04-24,09:15:00,09:30:00,>480 to 600,1,,
input_xlsx.xlsx,"ATR 1. Point Township Dr, south of Ridge Rd",Point Township Dr,WB,2026-04-24,09:15:00,09:30:00,>600 to 720,0,,
input_xlsx.xlsx,"ATR 1. Point Township Dr, south of Ridge Rd",Point Township Dr,WB,2026-04-24,09:15:00,09:30:00,>720 to 840,1,,
input_xlsx.xlsx,"ATR 1. Point Township Dr, south of Ridge Rd",Point Township Dr,WB,2026-04-24,09:15:00,09:30:00,>840 to 960,0,,
input_xlsx.xlsx,"ATR 1. Point Township Dr, south of Ridge Rd",Point Township Dr,WB,2026-04-24,09:15:00,09:30:00,> 960,0,,
input_xlsx.xlsx,"ATR 1. Point Township Dr, south of Ridge Rd",Point Township Dr,WB,2026-04-24,09:30:00,09:45:00,0 to 72,0,,
input_xlsx.xlsx,"ATR 1. Point Township Dr, south of Ridge Rd",Point Township Dr,WB,2026-04-24,09:30:00,09:45:00,>72 to 120,0,,
input_xlsx.xlsx,"ATR 1. Point Township Dr, south of Ridge Rd",Point Township Dr,WB,2026-04-24,09:30:00,09:45:00,>120 to 180,46,,
input_xlsx.xlsx,"ATR 1. Point Township Dr, south of Ridge Rd",Point Township Dr,WB,2026-04-24,09:30:00,09:45:00,>180 to 240,19,,
input_xlsx.xlsx,"ATR 1. Point Township Dr, south of Ridge Rd",Point Township Dr,WB,2026-04-24,09:30:00,09:45:00,>240 to 300,1,,
input_xlsx.xlsx,"ATR 1. Point Township Dr, south of Ridge Rd",Point Township Dr,WB,2026-04-24,09:30:00,09:45:00,>300 to 360,0,,
input_xlsx.xlsx,"ATR 1. Point Township Dr, south of Ridge Rd",Point Township Dr,WB,2026-04-24,09:30:00,09:45:00,>360 to 480,1,,
input_xlsx.xlsx,"ATR 1. Point Township Dr, south of Ridge Rd",Point Township Dr,WB,2026-04-24,09:30:00,09:45:00,>480 to 600,0,,
input_xlsx.xlsx,"ATR 1. Point Township Dr, south of Ridge Rd",Point Township Dr,WB,2026-04-24,09:30:00,09:45:00,>600 to 720,2,,
input_xlsx.xlsx,"ATR 1. Point Township Dr, south of Ridge Rd",Point Township Dr,WB,2026-04-24,09:30:00,09:45:00,>720 to 840,2,,
input_xlsx.xlsx,"ATR 1. Point Township Dr, south of Ridge Rd",Point Township Dr,WB,2026-04-24,09:30:00,09:45:00,>840 to 960,2,,
input_xlsx.xlsx,"ATR 1. Point Township Dr, south of Ridge Rd",Point Township Dr,WB,2026-04-24,09:30:00,09:45:00,> 960,0,,
input_xlsx.xlsx,"ATR 1. Point Township Dr, south of Ridge Rd",Point Township Dr,WB,2026-04-24,09:45:00,10:00:00,0 to 72,0,,
input_xlsx.xlsx,"ATR 1. Point Township Dr, south of Ridge Rd",Point Township Dr,WB,2026-04-24,09:45:00,10:00:00,>72 to 120,1,,
input_xlsx.xlsx,"ATR 1. Point Township Dr, south of Ridge Rd",Point Township Dr,WB,2026-04-24,09:45:00,10:00:00,>120 to 180,55,,
input_xlsx.xlsx,"ATR 1. Point Township Dr, south of Ridge Rd",Point Township Dr,WB,2026-04-24,09:45:00,10:00:00,>180 to 240,17,,
input_xlsx.xlsx,"ATR 1. Point Township Dr, south of Ridge Rd",Point Township Dr,WB,2026-04-24,09:45:00,10:00:00,>240 to 300,5,,
input_xlsx.xlsx,"ATR 1. Point Township Dr, south of Ridge Rd",Point Township Dr,WB,2026-04-24,09:45:00,10:00:00,>300 to 360,1,,
input_xlsx.xlsx,"ATR 1. Point Township Dr, south of Ridge Rd",Point Township Dr,WB,2026-04-24,09:45:00,10:00:00,>360 to 480,2,,
input_xlsx.xlsx,"ATR 1. Point Township Dr, south of Ridge Rd",Point Township Dr,WB,2026-04-24,09:45:00,10:00:00,>480 to 600,1,,
input_xlsx.xlsx,"ATR 1. Point Township Dr, south of Ridge Rd",Point Township Dr,WB,2026-04-24,09:45:00,10:00:00,>600 to 720,0,,
input_xlsx.xlsx,"ATR 1. Point Township Dr, south of Ridge Rd",Point Township Dr,WB,2026-04-24,09:45:00,10:00:00,>720 to 840,3,,
input_xlsx.xlsx,"ATR 1. Point Township Dr, south of Ridge Rd",Point Township Dr,WB,2026-04-24,09:45:00,10:00:00,>840 to 960,3,,
input_xlsx.xlsx,"ATR 1. Point Township Dr, south of Ridge Rd",Point Township Dr,WB,2026-04-24,09:45:00,10:00:00,> 960,0,,
input_xlsx.xlsx,"ATR 1. Point Township Dr, south of Ridge Rd",Point Township Dr,WB,2026-04-24,10:00:00,10:15:00,0 to 72,0,,
input_xlsx.xlsx,"ATR 1. Point Township Dr, south of Ridge Rd",Point Township Dr,WB,2026-04-24,10:00:00,10:15:00,>72 to 120,1,,
input_xlsx.xlsx,"ATR 1. Point Township Dr, south of Ridge Rd",Point Township Dr,WB,2026-04-24,10:00:00,10:15:00,>120 to 180,51,,
input_xlsx.xlsx,"ATR 1. Point Township Dr, south of Ridge Rd",Point Township Dr,WB,2026-04-24,10:00:00,10:15:00,>180 to 240,18,,
input_xlsx.xlsx,"ATR 1. Point Township Dr, south of Ridge Rd",Point Township Dr,WB,2026-04-24,10:00:00,10:15:00,>240 to 300,1,,
input_xlsx.xlsx,"ATR 1. Point Township Dr, south of Ridge Rd",Point Township Dr,WB,2026-04-24,10:00:00,10:15:00,>300 to 360,0,,
input_xlsx.xlsx,"ATR 1. Point Township Dr, south of Ridge Rd",Point Township Dr,WB,2026-04-24,10:00:00,10:15:00,>360 to 480,5,,
input_xlsx.xlsx,"ATR 1. Point Township Dr, south of Ridge Rd",Point Township Dr,WB,2026-04-24,10:00:00,10:15:00,>480 to 600,0,,
input_xlsx.xlsx,"ATR 1. Point Township Dr, south of Ridge Rd",Point Township Dr,WB,2026-04-24,10:00:00,10:15:00,>600 to 720,2,,
input_xlsx.xlsx,"ATR 1. Point Township Dr, south of Ridge Rd",Point Township Dr,WB,2026-04-24,10:00:00,10:15:00,>720 to 840,0,,
input_xlsx.xlsx,"ATR 1. Point Township Dr, south of Ridge Rd",Point Township Dr,WB,2026-04-24,10:00:00,10:15:00,>840 to 960,2,,
input_xlsx.xlsx,"ATR 1. Point Township Dr, south of Ridge Rd",Point Township Dr,WB,2026-04-24,10:00:00,10:15:00,> 960,0,,
input_xlsx.xlsx,"ATR 1. Point Township Dr, south of Ridge Rd",Point Township Dr,WB,2026-04-24,10:15:00,10:30:00,0 to 72,0,,
input_xlsx.xlsx,"ATR 1. Point Township Dr, south of Ridge Rd",Point Township Dr,WB,2026-04-24,10:15:00,10:30:00,>72 to 120,1,,
input_xlsx.xlsx,"ATR 1. Point Township Dr, south of Ridge Rd",Point Township Dr,WB,2026-04-24,10:15:00,10:30:00,>120 to 180,59,,
input_xlsx.xlsx,"ATR 1. Point Township Dr, south of Ridge Rd",Point Township Dr,WB,2026-04-24,10:15:00,10:30:00,>180 to 240,20,,
input_xlsx.xlsx,"ATR 1. Point Township Dr, south of Ridge Rd",Point Township Dr,WB,2026-04-24,10:15:00,10:30:00,>240 to 300,6,,
input_xlsx.xlsx,"ATR 1. Point Township Dr, south of Ridge Rd",Point Township Dr,WB,2026-04-24,10:15:00,10:30:00,>300 to 360,1,,
input_xlsx.xlsx,"ATR 1. Point Township Dr, south of Ridge Rd",Point Township Dr,WB,2026-04-24,10:15:00,10:30:00,>360 to 480,3,,
input_xlsx.xlsx,"ATR 1. Point Township Dr, south of Ridge Rd",Point Township Dr,WB,2026-04-24,10:15:00,10:30:00,>480 to 600,2,,
input_xlsx.xlsx,"ATR 1. Point Township Dr, south of Ridge Rd",Point Township Dr,WB,2026-04-24,10:15:00,10:30:00,>600 to 720,1,,
input_xlsx.xlsx,"ATR 1. Point Township Dr, south of Ridge Rd",Point Township Dr,WB,2026-04-24,10:15:00,10:30:00,>720 to 840,1,,
input_xlsx.xlsx,"ATR 1. Point Township Dr, south of Ridge Rd",Point Township Dr,WB,2026-04-24,10:15:00,10:30:00,>840 to 960,3,,
input_xlsx.xlsx,"ATR 1. Point Township Dr, south of Ridge Rd",Point Township Dr,WB,2026-04-24,10:15:00,10:30:00,> 960,0,,
input_xlsx.xlsx,"ATR 1. Point Township Dr, south of Ridge Rd",Point Township Dr,WB,2026-04-24,10:30:00,10:45:00,0 to 72,0,,
input_xlsx.xlsx,"ATR 1. Point Township Dr, south of Ridge Rd",Point Township Dr,WB,2026-04-24,10:30:00,10:45:00,>72 to 120,0,,
input_xlsx.xlsx,"ATR 1. Point Township Dr, south of Ridge Rd",Point Township Dr,WB,2026-04-24,10:30:00,10:45:00,>120 to 180,55,,
input_xlsx.xlsx,"ATR 1. Point Township Dr, south of Ridge Rd",Point Township Dr,WB,2026-04-24,10:30:00,10:45:00,>180 to 240,22,,
input_xlsx.xlsx,"ATR 1. Point Township Dr, south of Ridge Rd",Point Township Dr,WB,2026-04-24,10:30:00,10:45:00,>240 to 300,5,,
input_xlsx.xlsx,"ATR 1. Point Township Dr, south of Ridge Rd",Point Township Dr,WB,2026-04-24,10:30:00,10:45:00,>300 to 360,4,,
input_xlsx.xlsx,"ATR 1. Point Township Dr, south of Ridge Rd",Point Township Dr,WB,2026-04-24,10:30:00,10:45:00,>360 to 480,6,,
input_xlsx.xlsx,"ATR 1. Point Township Dr, south of Ridge Rd",Point Township Dr,WB,2026-04-24,10:30:00,10:45:00,>480 to 600,0,,
input_xlsx.xlsx,"ATR 1. Point Township Dr, south of Ridge Rd",Point Township Dr,WB,2026-04-24,10:30:00,10:45:00,>600 to 720,0,,
input_xlsx.xlsx,"ATR 1. Point Township Dr, south of Ridge Rd",Point Township Dr,WB,2026-04-24,10:30:00,10:45:00,>720 to 840,1,,
input_xlsx.xlsx,"ATR 1. Point Township Dr, south of Ridge Rd",Point Township Dr,WB,2026-04-24,10:30:00,10:45:00,>840 to 960,0,,
input_xlsx.xlsx,"ATR 1. Point Township Dr, south of Ridge Rd",Point Township Dr,WB,2026-04-24,10:30:00,10:45:00,> 960,0,,
input_xlsx.xlsx,"ATR 1. Point Township Dr, south of Ridge Rd",Point Township Dr,WB,2026-04-24,10:45:00,11:00:00,0 to 72,0,,
input_xlsx.xlsx,"ATR 1. Point Township Dr, south of Ridge Rd",Point Township Dr,WB,2026-04-24,10:45:00,11:00:00,>72 to 120,0,,
input_xlsx.xlsx,"ATR 1. Point Township Dr, south of Ridge Rd",Point Township Dr,WB,2026-04-24,10:45:00,11:00:00,>120 to 180,55,,
input_xlsx.xlsx,"ATR 1. Point Township Dr, south of Ridge Rd",Point Township Dr,WB,2026-04-24,10:45:00,11:00:00,>180 to 240,16,,
input_xlsx.xlsx,"ATR 1. Point Township Dr, south of Ridge Rd",Point Township Dr,WB,2026-04-24,10:45:00,11:00:00,>240 to 300,1,,
input_xlsx.xlsx,"ATR 1. Point Township Dr, south of Ridge Rd",Point Township Dr,WB,2026-04-24,10:45:00,11:00:00,>300 to 360,3,,
input_xlsx.xlsx,"ATR 1. Point Township Dr, south of Ridge Rd",Point Township Dr,WB,2026-04-24,10:45:00,11:00:00,>360 to 480,3,,
input_xlsx.xlsx,"ATR 1. Point Township Dr, south of Ridge Rd",Point Township Dr,WB,2026-04-24,10:45:00,11:00:00,>480 to 600,1,,
input_xlsx.xlsx,"ATR 1. Point Township Dr, south of Ridge Rd",Point Township Dr,WB,2026-04-24,10:45:00,11:00:00,>600 to 720,2,,
input_xlsx.xlsx,"ATR 1. Point Township Dr, south of Ridge Rd",Point Township Dr,WB,2026-04-24,10:45:00,11:00:00,>720 to 840,1,,
input_xlsx.xlsx,"ATR 1. Point Township Dr, south of Ridge Rd",Point Township Dr,WB,2026-04-24,10:45:00,11:00:00,>840 to 960,0,,
input_xlsx.xlsx,"ATR 1. Point Township Dr, south of Ridge Rd",Point Township Dr,WB,2026-04-24,10:45:00,11:00:00,> 960,0,,
input_xlsx.xlsx,"ATR 1. Point Township Dr, south of Ridge Rd",Point Township Dr,WB,2026-04-24,11:00:00,11:15:00,0 to 72,0,,
input_xlsx.xlsx,"ATR 1. Point Township Dr, south of Ridge Rd",Point Township Dr,WB,2026-04-24,11:00:00,11:15:00,>72 to 120,0,,
input_xlsx.xlsx,"ATR 1. Point Township Dr, south of Ridge Rd",Point Township Dr,WB,2026-04-24,11:00:00,11:15:00,>120 to 180,20,,
input_xlsx.xlsx,"ATR 1. Point Township Dr, south of Ridge Rd",Point Township Dr,WB,2026-04-24,11:00:00,11:15:00,>180 to 240,8,,
input_xlsx.xlsx,"ATR 1. Point Township Dr, south of Ridge Rd",Point Township Dr,WB,2026-04-24,11:00:00,11:15:00,>240 to 300,3,,
input_xlsx.xlsx,"ATR 1. Point Township Dr, south of Ridge Rd",Point Township Dr,WB,2026-04-24,11:00:00,11:15:00,>300 to 360,1,,
input_xlsx.xlsx,"ATR 1. Point Township Dr, south of Ridge Rd",Point Township Dr,WB,2026-04-24,11:00:00,11:15:00,>360 to 480,2,,
input_xlsx.xlsx,"ATR 1. Point Township Dr, south of Ridge Rd",Point Township Dr,WB,2026-04-24,11:00:00,11:15:00,>480 to 600,0,,
input_xlsx.xlsx,"ATR 1. Point Township Dr, south of Ridge Rd",Point Township Dr,WB,2026-04-24,11:00:00,11:15:00,>600 to 720,0,,
input_xlsx.xlsx,"ATR 1. Point Township Dr, south of Ridge Rd",Point Township Dr,WB,2026-04-24,11:00:00,11:15:00,>720 to 840,0,,
input_xlsx.xlsx,"ATR 1. Point Township Dr, south of Ridge Rd",Point Township Dr,WB,2026-04-24,11:00:00,11:15:00,>840 to 960,0,,
input_xlsx.xlsx,"ATR 1. Point Township Dr, south of Ridge Rd",Point Township Dr,WB,2026-04-24,11:00:00,11:15:00,> 960,0,,
input_xlsx.xlsx,"ATR 1. Point Township Dr, south of Ridge Rd",Point Township Dr,EB,2026-04-21,10:00:00,10:15:00,0 to 72,0,,
input_xlsx.xlsx,"ATR 1. Point Township Dr, south of Ridge Rd",Point Township Dr,EB,2026-04-21,10:00:00,10:15:00,>72 to 120,0,,
input_xlsx.xlsx,"ATR 1. Point Township Dr, south of Ridge Rd",Point Township Dr,EB,2026-04-21,10:00:00,10:15:00,>120 to 180,0,,
input_xlsx.xlsx,"ATR 1. Point Township Dr, south of Ridge Rd",Point Township Dr,EB,2026-04-21,10:00:00,10:15:00,>180 to 240,0,,
input_xlsx.xlsx,"ATR 1. Point Township Dr, south of Ridge Rd",Point Township Dr,EB,2026-04-21,10:00:00,10:15:00,>240 to 300,0,,
input_xlsx.xlsx,"ATR 1. Point Township Dr, south of Ridge Rd",Point Township Dr,EB,2026-04-21,10:00:00,10:15:00,>300 to 360,0,,
input_xlsx.xlsx,"ATR 1. Point Township Dr, south of Ridge Rd",Point Township Dr,EB,2026-04-21,10:00:00,10:15:00,>360 to 480,0,,
input_xlsx.xlsx,"ATR 1. Point Township Dr, south of Ridge Rd",Point Township Dr,EB,2026-04-21,10:00:00,10:15:00,>480 to 600,0,,
input_xlsx.xlsx,"ATR 1. Point Township Dr, south of Ridge Rd",Point Township Dr,EB,2026-04-21,10:00:00,10:15:00,>600 to 720,0,,
input_xlsx.xlsx,"ATR 1. Point Township Dr, south of Ridge Rd",Point Township Dr,EB,2026-04-21,10:00:00,10:15:00,>720 to 840,0,,
input_xlsx.xlsx,"ATR 1. Point Township Dr, south of Ridge Rd",Point Township Dr,EB,2026-04-21,10:00:00,10:15:00,>840 to 960,0,,
input_xlsx.xlsx,"ATR 1. Point Township Dr, south of Ridge Rd",Point Township Dr,EB,2026-04-21,10:00:00,10:15:00,> 960,0,,
input_xlsx.xlsx,"ATR 1. Point Township Dr, south of Ridge Rd",Point Township Dr,EB,2026-04-21,10:15:00,10:30:00,0 to 72,0,,
input_xlsx.xlsx,"ATR 1. Point Township Dr, south of Ridge Rd",Point Township Dr,EB,2026-04-21,10:15:00,10:30:00,>72 to 120,0,,
input_xlsx.xlsx,"ATR 1. Point Township Dr, south of Ridge Rd",Point Township Dr,EB,2026-04-21,10:15:00,10:30:00,>120 to 180,0,,
input_xlsx.xlsx,"ATR 1. Point Township Dr, south of Ridge Rd",Point Township Dr,EB,2026-04-21,10:15:00,10:30:00,>180 to 240,0,,
input_xlsx.xlsx,"ATR 1. Point Township Dr, south of Ridge Rd",Point Township Dr,EB,2026-04-21,10:15:00,10:30:00,>240 to 300,0,,
input_xlsx.xlsx,"ATR 1. Point Township Dr, south of Ridge Rd",Point Township Dr,EB,2026-04-21,10:15:00,10:30:00,>300 to 360,0,,
input_xlsx.xlsx,"ATR 1. Point Township Dr, south of Ridge Rd",Point Township Dr,EB,2026-04-21,10:15:00,10:30:00,>360 to 480,0,,
input_xlsx.xlsx,"ATR 1. Point Township Dr, south of Ridge Rd",Point Township Dr,EB,2026-04-21,10:15:00,10:30:00,>480 to 600,0,,
input_xlsx.xlsx,"ATR 1. Point Township Dr, south of Ridge Rd",Point Township Dr,EB,2026-04-21,10:15:00,10:30:00,>600 to 720,0,,
input_xlsx.xlsx,"ATR 1. Point Township Dr, south of Ridge Rd",Point Township Dr,EB,2026-04-21,10:15:00,10:30:00,>720 to 840,0,,
input_xlsx.xlsx,"ATR 1. Point Township Dr, south of Ridge Rd",Point Township Dr,EB,2026-04-21,10:15:00,10:30:00,>840 to 960,0,,
input_xlsx.xlsx,"ATR 1. Point Township Dr, south of Ridge Rd",Point Township Dr,EB,2026-04-21,10:15:00,10:30:00,> 960,0,,
input_xlsx.xlsx,"ATR 1. Point Township Dr, south of Ridge Rd",Point Township Dr,EB,2026-04-21,10:30:00,10:45:00,0 to 72,0,,
input_xlsx.xlsx,"ATR 1. Point Township Dr, south of Ridge Rd",Point Township Dr,EB,2026-04-21,10:30:00,10:45:00,>72 to 120,0,,
input_xlsx.xlsx,"ATR 1. Point Township Dr, south of Ridge Rd",Point Township Dr,EB,2026-04-21,10:30:00,10:45:00,>120 to 180,0,,
input_xlsx.xlsx,"ATR 1. Point Township Dr, south of Ridge Rd",Point Township Dr,EB,2026-04-21,10:30:00,10:45:00,>180 to 240,0,,
input_xlsx.xlsx,"ATR 1. Point Township Dr, south of Ridge Rd",Point Township Dr,EB,2026-04-21,10:30:00,10:45:00,>240 to 300,0,,
input_xlsx.xlsx,"ATR 1. Point Township Dr, south of Ridge Rd",Point Township Dr,EB,2026-04-21,10:30:00,10:45:00,>300 to 360,0,,
input_xlsx.xlsx,"ATR 1. Point Township Dr, south of Ridge Rd",Point Township Dr,EB,2026-04-21,10:30:00,10:45:00,>360 to 480,0,,
input_xlsx.xlsx,"ATR 1. Point Township Dr, south of Ridge Rd",Point Township Dr,EB,2026-04-21,10:30:00,10:45:00,>480 to 600,0,,
input_xlsx.xlsx,"ATR 1. Point Township Dr, south of Ridge Rd",Point Township Dr,EB,2026-04-21,10:30:00,10:45:00,>600 to 720,0,,
input_xlsx.xlsx,"ATR 1. Point Township Dr, south of Ridge Rd",Point Township Dr,EB,2026-04-21,10:30:00,10:45:00,>720 to 840,0,,
input_xlsx.xlsx,"ATR 1. Point Township Dr, south of Ridge Rd",Point Township Dr,EB,2026-04-21,10:30:00,10:45:00,>840 to 960,0,,
input_xlsx.xlsx,"ATR 1. Point Township Dr, south of Ridge Rd",Point Township Dr,EB,2026-04-21,10:30:00,10:45:00,> 960,0,,
input_xlsx.xlsx,"ATR 1. Point Township Dr, south of Ridge Rd",Point Township Dr,EB,2026-04-21,10:45:00,11:00:00,0 to 72,0,,
input_xlsx.xlsx,"ATR 1. Point Township Dr, south of Ridge Rd",Point Township Dr,EB,2026-04-21,10:45:00,11:00:00,>72 to 120,1,,
input_xlsx.xlsx,"ATR 1. Point Township Dr, south of Ridge Rd",Point Township Dr,EB,2026-04-21,10:45:00,11:00:00,>120 to 180,43,,
input_xlsx.xlsx,"ATR 1. Point Township Dr, south of Ridge Rd",Point Township Dr,EB,2026-04-21,10:45:00,11:00:00,>180 to 240,15,,
input_xlsx.xlsx,"ATR 1. Point Township Dr, south of Ridge Rd",Point Township Dr,EB,2026-04-21,10:45:00,11:00:00,>240 to 300,3,,
input_xlsx.xlsx,"ATR 1. Point Township Dr, south of Ridge Rd",Point Township Dr,EB,2026-04-21,10:45:00,11:00:00,>300 to 360,2,,
input_xlsx.xlsx,"ATR 1. Point Township Dr, south of Ridge Rd",Point Township Dr,EB,2026-04-21,10:45:00,11:00:00,>360 to 480,1,,
input_xlsx.xlsx,"ATR 1. Point Township Dr, south of Ridge Rd",Point Township Dr,EB,2026-04-21,10:45:00,11:00:00,>480 to 600,0,,
input_xlsx.xlsx,"ATR 1. Point Township Dr, south of Ridge Rd",Point Township Dr,EB,2026-04-21,10:45:00,11:00:00,>600 to 720,0,,
input_xlsx.xlsx,"ATR 1. Point Township Dr, south of Ridge Rd",Point Township Dr,EB,2026-04-21,10:45:00,11:00:00,>720 to 840,1,,
input_xlsx.xlsx,"ATR 1. Point Township Dr, south of Ridge Rd",Point Township Dr,EB,2026-04-21,10:45:00,11:00:00,>840 to 960,0,,
input_xlsx.xlsx,"ATR 1. Point Township Dr, south of Ridge Rd",Point Township Dr,EB,2026-04-21,10:45:00,11:00:00,> 960,0,,
input_xlsx.xlsx,"ATR 1. Point Township Dr, south of Ridge Rd",Point Township Dr,EB,2026-04-21,11:00:00,11:15:00,0 to 72,0,,
input_xlsx.xlsx,"ATR 1. Point Township Dr, south of Ridge Rd",Point Township Dr,EB,2026-04-21,11:00:00,11:15:00,>72 to 120,1,,
input_xlsx.xlsx,"ATR 1. Point Township Dr, south of Ridge Rd",Point Township Dr,EB,2026-04-21,11:00:00,11:15:00,>120 to 180,35,,
input_xlsx.xlsx,"ATR 1. Point Township Dr, south of Ridge Rd",Point Township Dr,EB,2026-04-21,11:00:00,11:15:00,>180 to 240,22,,
input_xlsx.xlsx,"ATR 1. Point Township Dr, south of Ridge Rd",Point Township Dr,EB,2026-04-21,11:00:00,11:15:00,>240 to 300,2,,
input_xlsx.xlsx,"ATR 1. Point Township Dr, south of Ridge Rd",Point Township Dr,EB,2026-04-21,11:00:00,11:15:00,>300 to 360,3,,
input_xlsx.xlsx,"ATR 1. Point Township Dr, south of Ridge Rd",Point Township Dr,EB,2026-04-21,11:00:00,11:15:00,>360 to 480,3,,
input_xlsx.xlsx,"ATR 1. Point Township Dr, south of Ridge Rd",Point Township Dr,EB,2026-04-21,11:00:00,11:15:00,>480 to 600,2,,
input_xlsx.xlsx,"ATR 1. Point Township Dr, south of Ridge Rd",Point Township Dr,EB,2026-04-21,11:00:00,11:15:00,>600 to 720,0,,
input_xlsx.xlsx,"ATR 1. Point Township Dr, south of Ridge Rd",Point Township Dr,EB,2026-04-21,11:00:00,11:15:00,>720 to 840,2,,
input_xlsx.xlsx,"ATR 1. Point Township Dr, south of Ridge Rd",Point Township Dr,EB,2026-04-21,11:00:00,11:15:00,>840 to 960,1,,
input_xlsx.xlsx,"ATR 1. Point Township Dr, south of Ridge Rd",Point Township Dr,EB,2026-04-21,11:00:00,11:15:00,> 960,0,,
input_xlsx.xlsx,"ATR 1. Point Township Dr, south of Ridge Rd",Point Township Dr,EB,2026-04-21,11:15:00,11:30:00,0 to 72,0,,
input_xlsx.xlsx,"ATR 1. Point Township Dr, south of Ridge Rd",Point Township Dr,EB,2026-04-21,11:15:00,11:30:00,>72 to 120,0,,
input_xlsx.xlsx,"ATR 1. Point Township Dr, south of Ridge Rd",Point Township Dr,EB,2026-04-21,11:15:00,11:30:00,>120 to 180,32,,
input_xlsx.xlsx,"ATR 1. Point Township Dr, south of Ridge Rd",Point Township Dr,EB,2026-04-21,11:15:00,11:30:00,>180 to 240,18,,
input_xlsx.xlsx,"ATR 1. Point Township Dr, south of Ridge Rd",Point Township Dr,EB,2026-04-21,11:15:00,11:30:00,>240 to 300,2,,
input_xlsx.xlsx,"ATR 1. Point Township Dr, south of Ridge Rd",Point Township Dr,EB,2026-04-21,11:15:00,11:30:00,>300 to 360,1,,
input_xlsx.xlsx,"ATR 1. Point Township Dr, south of Ridge Rd",Point Township Dr,EB,2026-04-21,11:15:00,11:30:00,>360 to 480,2,,
input_xlsx.xlsx,"ATR 1. Point Township Dr, south of Ridge Rd",Point Township Dr,EB,2026-04-21,11:15:00,11:30:00,>480 to 600,1,,
input_xlsx.xlsx,"ATR 1. Point Township Dr, south of Ridge Rd",Point Township Dr,EB,2026-04-21,11:15:00,11:30:00,>600 to 720,1,,
input_xlsx.xlsx,"ATR 1. Point Township Dr, south of Ridge Rd",Point Township Dr,EB,2026-04-21,11:15:00,11:30:00,>720 to 840,1,,
input_xlsx.xlsx,"ATR 1. Point Township Dr, south of Ridge Rd",Point Township Dr,EB,2026-04-21,11:15:00,11:30:00,>840 to 960,2,,
input_xlsx.xlsx,"ATR 1. Point Township Dr, south of Ridge Rd",Point Township Dr,EB,2026-04-21,11:15:00,11:30:00,> 960,0,,
input_xlsx.xlsx,"ATR 1. Point Township Dr, south of Ridge Rd",Point Township Dr,EB,2026-04-21,11:30:00,11:45:00,0 to 72,0,,
input_xlsx.xlsx,"ATR 1. Point Township Dr, south of Ridge Rd",Point Township Dr,EB,2026-04-21,11:30:00,11:45:00,>72 to 120,1,,
input_xlsx.xlsx,"ATR 1. Point Township Dr, south of Ridge Rd",Point Township Dr,EB,2026-04-21,11:30:00,11:45:00,>120 to 180,46,,
input_xlsx.xlsx,"ATR 1. Point Township Dr, south of Ridge Rd",Point Township Dr,EB,2026-04-21,11:30:00,11:45:00,>180 to 240,22,,
input_xlsx.xlsx,"ATR 1. Point Township Dr, south of Ridge Rd",Point Township Dr,EB,2026-04-21,11:30:00,11:45:00,>240 to 300,5,,
input_xlsx.xlsx,"ATR 1. Point Township Dr, south of Ridge Rd",Point Township Dr,EB,2026-04-21,11:30:00,11:45:00,>300 to 360,4,,
input_xlsx.xlsx,"ATR 1. Point Township Dr, south of Ridge Rd",Point Township Dr,EB,2026-04-21,11:30:00,11:45:00,>360 to 480,2,,
input_xlsx.xlsx,"ATR 1. Point Township Dr, south of Ridge Rd",Point Township Dr,EB,2026-04-21,11:30:00,11:45:00,>480 to 600,1,,
input_xlsx.xlsx,"ATR 1. Point Township Dr, south of Ridge Rd",Point Township Dr,EB,2026-04-21,11:30:00,11:45:00,>600 to 720,0,,
input_xlsx.xlsx,"ATR 1. Point Township Dr, south of Ridge Rd",Point Township Dr,EB,2026-04-21,11:30:00,11:45:00,>720 to 840,3,,
input_xlsx.xlsx,"ATR 1. Point Township Dr, south of Ridge Rd",Point Township Dr,EB,2026-04-21,11:30:00,11:45:00,>840 to 960,3,,
input_xlsx.xlsx,"ATR 1. Point Township Dr, south of Ridge Rd",Point Township Dr,EB,2026-04-21,11:30:00,11:45:00,> 960,0,,
input_xlsx.xlsx,"ATR 1. Point Township Dr, south of Ridge Rd",Point Township Dr,EB,2026-04-21,11:45:00,12:00:00,0 to 72,0,,
input_xlsx.xlsx,"ATR 1. Point Township Dr, south of Ridge Rd",Point Township Dr,EB,2026-04-21,11:45:00,12:00:00,>72 to 120,1,,
input_xlsx.xlsx,"ATR 1. Point Township Dr, south of Ridge Rd",Point Township Dr,EB,2026-04-21,11:45:00,12:00:00,>120 to 180,34,,
input_xlsx.xlsx,"ATR 1. Point Township Dr, south of Ridge Rd",Point Township Dr,EB,2026-04-21,11:45:00,12:00:00,>180 to 240,28,,
input_xlsx.xlsx,"ATR 1. Point Township Dr, south of Ridge Rd",Point Township Dr,EB,2026-04-21,11:45:00,12:00:00,>240 to 300,3,,
input_xlsx.xlsx,"ATR 1. Point Township Dr, south of Ridge Rd",Point Township Dr,EB,2026-04-21,11:45:00,12:00:00,>300 to 360,0,,
input_xlsx.xlsx,"ATR 1. Point Township Dr, south of Ridge Rd",Point Township Dr,EB,2026-04-21,11:45:00,12:00:00,>360 to 480,0,,
input_xlsx.xlsx,"ATR 1. Point Township Dr, south of Ridge Rd",Point Township Dr,EB,2026-04-21,11:45:00,12:00:00,>480 to 600,1,,
input_xlsx.xlsx,"ATR 1. Point Township Dr, south of Ridge Rd",Point Township Dr,EB,2026-04-21,11:45:00,12:00:00,>600 to 720,2,,
input_xlsx.xlsx,"ATR 1. Point Township Dr, south of Ridge Rd",Point Township Dr,EB,2026-04-21,11:45:00,12:00:00,>720 to 840,1,,
input_xlsx.xlsx,"ATR 1. Point Township Dr, south of Ridge Rd",Point Township Dr,EB,2026-04-21,11:45:00,12:00:00,>840 to 960,2,,
input_xlsx.xlsx,"ATR 1. Point Township Dr, south of Ridge Rd",Point Township Dr,EB,2026-04-21,11:45:00,12:00:00,> 960,0,,
input_xlsx.xlsx,"ATR 1. Point Township Dr, south of Ridge Rd",Point Township Dr,EB,2026-04-21,12:00:00,12:15:00,0 to 72,0,,
input_xlsx.xlsx,"ATR 1. Point Township Dr, south of Ridge Rd",Point Township Dr,EB,2026-04-21,12:00:00,12:15:00,>72 to 120,0,,
input_xlsx.xlsx,"ATR 1. Point Township Dr, south of Ridge Rd",Point Township Dr,EB,2026-04-21,12:00:00,12:15:00,>120 to 180,38,,
input_xlsx.xlsx,"ATR 1. Point Township Dr, south of Ridge Rd",Point Township Dr,EB,2026-04-21,12:00:00,12:15:00,>180 to 240,22,,
input_xlsx.xlsx,"ATR 1. Point Township Dr, south of Ridge Rd",Point Township Dr,EB,2026-04-21,12:00:00,12:15:00,>240 to 300,3,,
input_xlsx.xlsx,"ATR 1. Point Township Dr, south of Ridge Rd",Point Township Dr,EB,2026-04-21,12:00:00,12:15:00,>300 to 360,0,,
input_xlsx.xlsx,"ATR 1. Point Township Dr, south of Ridge Rd",Point Township Dr,EB,2026-04-21,12:00:00,12:15:00,>360 to 480,1,,
input_xlsx.xlsx,"ATR 1. Point Township Dr, south of Ridge Rd",Point Township Dr,EB,2026-04-21,12:00:00,12:15:00,>480 to 600,0,,
input_xlsx.xlsx,"ATR 1. Point Township Dr, south of Ridge Rd",Point Township Dr,EB,2026-04-21,12:00:00,12:15:00,>600 to 720,1,,
input_xlsx.xlsx,"ATR 1. Point Township Dr, south of Ridge Rd",Point Township Dr,EB,2026-04-21,12:00:00,12:15:00,>720 to 840,1,,
input_xlsx.xlsx,"ATR 1. Point Township Dr, south of Ridge Rd",Point Township Dr,EB,2026-04-21,12:00:00,12:15:00,>840 to 960,2,,
input_xlsx.xlsx,"ATR 1. Point Township Dr, south of Ridge Rd",Point Township Dr,EB,2026-04-21,12:00:00,12:15:00,> 960,0,,
input_xlsx.xlsx,"ATR 1. Point Township Dr, south of Ridge Rd",Point Township Dr,EB,2026-04-21,12:15:00,12:30:00,0 to 72,0,,
input_xlsx.xlsx,"ATR 1. Point Township Dr, south of Ridge Rd",Point Township Dr,EB,2026-04-21,12:15:00,12:30:00,>72 to 120,1,,
input_xlsx.xlsx,"ATR 1. Point Township Dr, south of Ridge Rd",Point Township Dr,EB,2026-04-21,12:15:00,12:30:00,>120 to 180,42,,
input_xlsx.xlsx,"ATR 1. Point Township Dr, south of Ridge Rd",Point Township Dr,EB,2026-04-21,12:15:00,12:30:00,>180 to 240,29,,
input_xlsx.xlsx,"ATR 1. Point Township Dr, south of Ridge Rd",Point Township Dr,EB,2026-04-21,12:15:00,12:30:00,>240 to 300,8,,
input_xlsx.xlsx,"ATR 1. Point Township Dr, south of Ridge Rd",Point Township Dr,EB,2026-04-21,12:15:00,12:30:00,>300 to 360,1,,
input_xlsx.xlsx,"ATR 1. Point Township Dr, south of Ridge Rd",Point Township Dr,EB,2026-04-21,12:15:00,12:30:00,>360 to 480,3,,
input_xlsx.xlsx,"ATR 1. Point Township Dr, south of Ridge Rd",Point Township Dr,EB,2026-04-21,12:15:00,12:30:00,>480 to 600,1,,
input_xlsx.xlsx,"ATR 1. Point Township Dr, south of Ridge Rd",Point Township Dr,EB,2026-04-21,12:15:00,12:30:00,>600 to 720,3,,
input_xlsx.xlsx,"ATR 1. Point Township Dr, south of Ridge Rd",Point Township Dr,EB,2026-04-21,12:15:00,12:30:00,>720 to 840,2,,
input_xlsx.xlsx,"ATR 1. Point Township Dr, south of Ridge Rd",Point Township Dr,EB,2026-04-21,12:15:00,12:30:00,>840 to 960,0,,
input_xlsx.xlsx,"ATR 1. Point Township Dr, south of Ridge Rd",Point Township Dr,EB,2026-04-21,12:15:00,12:30:00,> 960,0,,
input_xlsx.xlsx,"ATR 1. Point Township Dr, south of Ridge Rd",Point Township Dr,EB,2026-04-21,12:30:00,12:45:00,0 to 72,0,,
input_xlsx.xlsx,"ATR 1. Point Township Dr, south of Ridge Rd",Point Township Dr,EB,2026-04-21,12:30:00,12:45:00,>72 to 120,1,,
input_xlsx.xlsx,"ATR 1. Point Township Dr, south of Ridge Rd",Point Township Dr,EB,2026-04-21,12:30:00,12:45:00,>120 to 180,37,,
input_xlsx.xlsx,"ATR 1. Point Township Dr, south of Ridge Rd",Point Township Dr,EB,2026-04-21,12:30:00,12:45:00,>180 to 240,24,,
input_xlsx.xlsx,"ATR 1. Point Township Dr, south of Ridge Rd",Point Township Dr,EB,2026-04-21,12:30:00,12:45:00,>240 to 300,4,,
input_xlsx.xlsx,"ATR 1. Point Township Dr, south of Ridge Rd",Point Township Dr,EB,2026-04-21,12:30:00,12:45:00,>300 to 360,1,,
input_xlsx.xlsx,"ATR 1. Point Township Dr, south of Ridge Rd",Point Township Dr,EB,2026-04-21,12:30:00,12:45:00,>360 to 480,2,,
input_xlsx.xlsx,"ATR 1. Point Township Dr, south of Ridge Rd",Point Township Dr,EB,2026-04-21,12:30:00,12:45:00,>480 to 600,1,,
input_xlsx.xlsx,"ATR 1. Point Township Dr, south of Ridge Rd",Point Township Dr,EB,2026-04-21,12:30:00,12:45:00,>600 to 720,1,,
input_xlsx.xlsx,"ATR 1. Point Township Dr, south of Ridge Rd",Point Township Dr,EB,2026-04-21,12:30:00,12:45:00,>720 to 840,1,,
input_xlsx.xlsx,"ATR 1. Point Township Dr, south of Ridge Rd",Point Township Dr,EB,2026-04-21,12:30:00,12:45:00,>840 to 960,0,,
input_xlsx.xlsx,"ATR 1. Point Township Dr, south of Ridge Rd",Point Township Dr,EB,2026-04-21,12:30:00,12:45:00,> 960,0,,
input_xlsx.xlsx,"ATR 1. Point Township Dr, south of Ridge Rd",Point Township Dr,EB,2026-04-21,12:45:00,13:00:00,0 to 72,0,,
input_xlsx.xlsx,"ATR 1. Point Township Dr, south of Ridge Rd",Point Township Dr,EB,2026-04-21,12:45:00,13:00:00,>72 to 120,1,,
input_xlsx.xlsx,"ATR 1. Point Township Dr, south of Ridge Rd",Point Township Dr,EB,2026-04-21,12:45:00,13:00:00,>120 to 180,33,,
input_xlsx.xlsx,"ATR 1. Point Township Dr, south of Ridge Rd",Point Township Dr,EB,2026-04-21,12:45:00,13:00:00,>180 to 240,23,,
input_xlsx.xlsx,"ATR 1. Point Township Dr, south of Ridge Rd",Point Township Dr,EB,2026-04-21,12:45:00,13:00:00,>240 to 300,6,,
input_xlsx.xlsx,"ATR 1. Point Township Dr, south of Ridge Rd",Point Township Dr,EB,2026-04-21,12:45:00,13:00:00,>300 to 360,2,,
input_xlsx.xlsx,"ATR 1. Point Township Dr, south of Ridge Rd",Point Township Dr,EB,2026-04-21,12:45:00,13:00:00,>360 to 480,1,,
input_xlsx.xlsx,"ATR 1. Point Township Dr, south of Ridge Rd",Point Township Dr,EB,2026-04-21,12:45:00,13:00:00,>480 to 600,2,,
input_xlsx.xlsx,"ATR 1. Point Township Dr, south of Ridge Rd",Point Township Dr,EB,2026-04-21,12:45:00,13:00:00,>600 to 720,2,,
input_xlsx.xlsx,"ATR 1. Point Township Dr, south of Ridge Rd",Point Township Dr,EB,2026-04-21,12:45:00,13:00:00,>720 to 840,0,,
input_xlsx.xlsx,"ATR 1. Point Township Dr, south of Ridge Rd",Point Township Dr,EB,2026-04-21,12:45:00,13:00:00,>840 to 960,3,,
input_xlsx.xlsx,"ATR 1. Point Township Dr, south of Ridge Rd",Point Township Dr,EB,2026-04-21,12:45:00,13:00:00,> 960,0,,
input_xlsx.xlsx,"ATR 1. Point Township Dr, south of Ridge Rd",Point Township Dr,EB,2026-04-21,13:00:00,13:15:00,0 to 72,0,,
input_xlsx.xlsx,"ATR 1. Point Township Dr, south of Ridge Rd",Point Township Dr,EB,2026-04-21,13:00:00,13:15:00,>72 to 120,0,,
input_xlsx.xlsx,"ATR 1. Point Township Dr, south of Ridge Rd",Point Township Dr,EB,2026-04-21,13:00:00,13:15:00,>120 to 180,40,,
input_xlsx.xlsx,"ATR 1. Point Township Dr, south of Ridge Rd",Point Township Dr,EB,2026-04-21,13:00:00,13:15:00,>180 to 240,22,,
input_xlsx.xlsx,"ATR 1. Point Township Dr, south of Ridge Rd",Point Township Dr,EB,2026-04-21,13:00:00,13:15:00,>240 to 300,1,,
input_xlsx.xlsx,"ATR 1. Point Township Dr, south of Ridge Rd",Point Township Dr,EB,2026-04-21,13:00:00,13:15:00,>300 to 360,1,,
input_xlsx.xlsx,"ATR 1. Point Township Dr, south of Ridge Rd",Point Township Dr,EB,2026-04-21,13:00:00,13:15:00,>360 to 480,3,,
input_xlsx.xlsx,"ATR 1. Point Township Dr, south of Ridge Rd",Point Township Dr,EB,2026-04-21,13:00:00,13:15:00,>480 to 600,1,,
input_xlsx.xlsx,"ATR 1. Point Township Dr, south of Ridge Rd",Point Township Dr,EB,2026-04-21,13:00:00,13:15:00,>600 to 720,0,,
input_xlsx.xlsx,"ATR 1. Point Township Dr, south of Ridge Rd",Point Township Dr,EB,2026-04-21,13:00:00,13:15:00,>720 to 840,1,,
input_xlsx.xlsx,"ATR 1. Point Township Dr, south of Ridge Rd",Point Township Dr,EB,2026-04-21,13:00:00,13:15:00,>840 to 960,0,,
input_xlsx.xlsx,"ATR 1. Point Township Dr, south of Ridge Rd",Point Township Dr,EB,2026-04-21,13:00:00,13:15:00,> 960,0,,
input_xlsx.xlsx,"ATR 1. Point Township Dr, south of Ridge Rd",Point Township Dr,EB,2026-04-21,13:15:00,13:30:00,0 to 72,0,,
input_xlsx.xlsx,"ATR 1. Point Township Dr, south of Ridge Rd",Point Township Dr,EB,2026-04-21,13:15:00,13:30:00,>72 to 120,1,,
input_xlsx.xlsx,"ATR 1. Point Township Dr, south of Ridge Rd",Point Township Dr,EB,2026-04-21,13:15:00,13:30:00,>120 to 180,40,,
input_xlsx.xlsx,"ATR 1. Point Township Dr, south of Ridge Rd",Point Township Dr,EB,2026-04-21,13:15:00,13:30:00,>180 to 240,29,,
input_xlsx.xlsx,"ATR 1. Point Township Dr, south of Ridge Rd",Point Township Dr,EB,2026-04-21,13:15:00,13:30:00,>240 to 300,3,,
input_xlsx.xlsx,"ATR 1. Point Township Dr, south of Ridge Rd",Point Township Dr,EB,2026-04-21,13:15:00,13:30:00,>300 to 360,1,,
input_xlsx.xlsx,"ATR 1. Point Township Dr, south of Ridge Rd",Point Township Dr,EB,2026-04-21,13:15:00,13:30:00,>360 to 480,2,,
input_xlsx.xlsx,"ATR 1. Point Township Dr, south of Ridge Rd",Point Township Dr,EB,2026-04-21,13:15:00,13:30:00,>480 to 600,3,,
input_xlsx.xlsx,"ATR 1. Point Township Dr, south of Ridge Rd",Point Township Dr,EB,2026-04-21,13:15:00,13:30:00,>600 to 720,1,,
input_xlsx.xlsx,"ATR 1. Point Township Dr, south of Ridge Rd",Point Township Dr,EB,2026-04-21,13:15:00,13:30:00,>720 to 840,3,,
input_xlsx.xlsx,"ATR 1. Point Township Dr, south of Ridge Rd",Point Township Dr,EB,2026-04-21,13:15:00,13:30:00,>840 to 960,1,,
input_xlsx.xlsx,"ATR 1. Point Township Dr, south of Ridge Rd",Point Township Dr,EB,2026-04-21,13:15:00,13:30:00,> 960,0,,
input_xlsx.xlsx,"ATR 1. Point Township Dr, south of Ridge Rd",Point Township Dr,EB,2026-04-21,13:30:00,13:45:00,0 to 72,0,,
input_xlsx.xlsx,"ATR 1. Point Township Dr, south of Ridge Rd",Point Township Dr,EB,2026-04-21,13:30:00,13:45:00,>72 to 120,0,,
input_xlsx.xlsx,"ATR 1. Point Township Dr, south of Ridge Rd",Point Township Dr,EB,2026-04-21,13:30:00,13:45:00,>120 to 180,42,,
input_xlsx.xlsx,"ATR 1. Point Township Dr, south of Ridge Rd",Point Township Dr,EB,2026-04-21,13:30:00,13:45:00,>180 to 240,23,,
input_xlsx.xlsx,"ATR 1. Point Township Dr, south of Ridge Rd",Point Township Dr,EB,2026-04-21,13:30:00,13:45:00,>240 to 300,4,,
input_xlsx.xlsx,"ATR 1. Point Township Dr, south of Ridge Rd",Point Township Dr,EB,2026-04-21,13:30:00,13:45:00,>300 to 360,1,,
input_xlsx.xlsx,"ATR 1. Point Township Dr, south of Ridge Rd",Point Township Dr,EB,2026-04-21,13:30:00,13:45:00,>360 to 480,1,,
input_xlsx.xlsx,"ATR 1. Point Township Dr, south of Ridge Rd",Point Township Dr,EB,2026-04-21,13:30:00,13:45:00,>480 to 600,3,,
input_xlsx.xlsx,"ATR 1. Point Township Dr, south of Ridge Rd",Point Township Dr,EB,2026-04-21,13:30:00,13:45:00,>600 to 720,1,,
input_xlsx.xlsx,"ATR 1. Point Township Dr, south of Ridge Rd",Point Township Dr,EB,2026-04-21,13:30:00,13:45:00,>720 to 840,1,,
input_xlsx.xlsx,"ATR 1. Point Township Dr, south of Ridge Rd",Point Township Dr,EB,2026-04-21,13:30:00,13:45:00,>840 to 960,1,,
input_xlsx.xlsx,"ATR 1. Point Township Dr, south of Ridge Rd",Point Township Dr,EB,2026-04-21,13:30:00,13:45:00,> 960,0,,
input_xlsx.xlsx,"ATR 1. Point Township Dr, south of Ridge Rd",Point Township Dr,EB,2026-04-21,13:45:00,14:00:00,0 to 72,1,,
input_xlsx.xlsx,"ATR 1. Point Township Dr, south of Ridge Rd",Point Township Dr,EB,2026-04-21,13:45:00,14:00:00,>72 to 120,0,,
input_xlsx.xlsx,"ATR 1. Point Township Dr, south of Ridge Rd",Point Township Dr,EB,2026-04-21,13:45:00,14:00:00,>120 to 180,27,,
input_xlsx.xlsx,"ATR 1. Point Township Dr, south of Ridge Rd",Point Township Dr,EB,2026-04-21,13:45:00,14:00:00,>180 to 240,22,,
input_xlsx.xlsx,"ATR 1. Point Township Dr, south of Ridge Rd",Point Township Dr,EB,2026-04-21,13:45:00,14:00:00,>240 to 300,2,,
input_xlsx.xlsx,"ATR 1. Point Township Dr, south of Ridge Rd",Point Township Dr,EB,2026-04-21,13:45:00,14:00:00,>300 to 360,1,,
input_xlsx.xlsx,"ATR 1. Point Township Dr, south of Ridge Rd",Point Township Dr,EB,2026-04-21,13:45:00,14:00:00,>360 to 480,2,,
input_xlsx.xlsx,"ATR 1. Point Township Dr, south of Ridge Rd",Point Township Dr,EB,2026-04-21,13:45:00,14:00:00,>480 to 600,0,,
input_xlsx.xlsx,"ATR 1. Point Township Dr, south of Ridge Rd",Point Township Dr,EB,2026-04-21,13:45:00,14:00:00,>600 to 720,1,,
input_xlsx.xlsx,"ATR 1. Point Township Dr, south of Ridge Rd",Point Township Dr,EB,2026-04-21,13:45:00,14:00:00,>720 to 840,1,,
input_xlsx.xlsx,"ATR 1. Point Township Dr, south of Ridge Rd",Point Township Dr,EB,2026-04-21,13:45:00,14:00:00,>840 to 960,1,,
input_xlsx.xlsx,"ATR 1. Point Township Dr, south of Ridge Rd",Point Township Dr,EB,2026-04-21,13:45:00,14:00:00,> 960,0,,
input_xlsx.xlsx,"ATR 1. Point Township Dr, south of Ridge Rd",Point Township Dr,EB,2026-04-21,14:00:00,14:15:00,0 to 72,0,,
input_xlsx.xlsx,"ATR 1. Point Township Dr, south of Ridge Rd",Point Township Dr,EB,2026-04-21,14:00:00,14:15:00,>72 to 120,0,,
input_xlsx.xlsx,"ATR 1. Point Township Dr, south of Ridge Rd",Point Township Dr,EB,2026-04-21,14:00:00,14:15:00,>120 to 180,49,,
input_xlsx.xlsx,"ATR 1. Point Township Dr, south of Ridge Rd",Point Township Dr,EB,2026-04-21,14:00:00,14:15:00,>180 to 240,27,,
input_xlsx.xlsx,"ATR 1. Point Township Dr, south of Ridge Rd",Point Township Dr,EB,2026-04-21,14:00:00,14:15:00,>240 to 300,4,,
input_xlsx.xlsx,"ATR 1. Point Township Dr, south of Ridge Rd",Point Township Dr,EB,2026-04-21,14:00:00,14:15:00,>300 to 360,1,,
input_xlsx.xlsx,"ATR 1. Point Township Dr, south of Ridge Rd",Point Township Dr,EB,2026-04-21,14:00:00,14:15:00,>360 to 480,2,,
input_xlsx.xlsx,"ATR 1. Point Township Dr, south of Ridge Rd",Point Township Dr,EB,2026-04-21,14:00:00,14:15:00,>480 to 600,2,,
input_xlsx.xlsx,"ATR 1. Point Township Dr, south of Ridge Rd",Point Township Dr,EB,2026-04-21,14:00:00,14:15:00,>600 to 720,0,,
input_xlsx.xlsx,"ATR 1. Point Township Dr, south of Ridge Rd",Point Township Dr,EB,2026-04-21,14:00:00,14:15:00,>720 to 840,0,,
input_xlsx.xlsx,"ATR 1. Point Township Dr, south of Ridge Rd",Point Township Dr,EB,2026-04-21,14:00:00,14:15:00,>840 to 960,0,,
input_xlsx.xlsx,"ATR 1. Point Township Dr, south of Ridge Rd",Point Township Dr,EB,2026-04-21,14:00:00,14:15:00,> 960,0,,
input_xlsx.xlsx,"ATR 1. Point Township Dr, south of Ridge Rd",Point Township Dr,EB,2026-04-21,14:15:00,14:30:00,0 to 72,0,,
input_xlsx.xlsx,"ATR 1. Point Township Dr, south of Ridge Rd",Point Township Dr,EB,2026-04-21,14:15:00,14:30:00,>72 to 120,1,,
input_xlsx.xlsx,"ATR 1. Point Township Dr, south of Ridge Rd",Point Township Dr,EB,2026-04-21,14:15:00,14:30:00,>120 to 180,46,,
input_xlsx.xlsx,"ATR 1. Point Township Dr, south of Ridge Rd",Point Township Dr,EB,2026-04-21,14:15:00,14:30:00,>180 to 240,24,,
input_xlsx.xlsx,"ATR 1. Point Township Dr, south of Ridge Rd",Point Township Dr,EB,2026-04-21,14:15:00,14:30:00,>240 to 300,10,,
input_xlsx.xlsx,"ATR 1. Point Township Dr, south of Ridge Rd",Point Township Dr,EB,2026-04-21,14:15:00,14:30:00,>300 to 360,4,,
input_xlsx.xlsx,"ATR 1. Point Township Dr, south of Ridge Rd",Point Township Dr,EB,2026-04-21,14:15:00,14:30:00,>360 to 480,4,,
input_xlsx.xlsx,"ATR 1. Point Township Dr, south of Ridge Rd",Point Township Dr,EB,2026-04-21,14:15:00,14:30:00,>480 to 600,2,,
input_xlsx.xlsx,"ATR 1. Point Township Dr, south of Ridge Rd",Point Township Dr,EB,2026-04-21,14:15:00,14:30:00,>600 to 720,3,,
input_xlsx.xlsx,"ATR 1. Point Township Dr, south of Ridge Rd",Point Township Dr,EB,2026-04-21,14:15:00,14:30:00,>720 to 840,4,,
input_xlsx.xlsx,"ATR 1. Point Township Dr, south of Ridge Rd",Point Township Dr,EB,2026-04-21,14:15:00,14:30:00,>840 to 960,0,,
input_xlsx.xlsx,"ATR 1. Point Township Dr, south of Ridge Rd",Point Township Dr,EB,2026-04-21,14:15:00,14:30:00,> 960,0,,
input_xlsx.xlsx,"ATR 1. Point Township Dr, south of Ridge Rd",Point Township Dr,EB,2026-04-21,14:30:00,14:45:00,0 to 72,0,,
input_xlsx.xlsx,"ATR 1. Point Township Dr, south of Ridge Rd",Point Township Dr,EB,2026-04-21,14:30:00,14:45:00,>72 to 120,0,,
input_xlsx.xlsx,"ATR 1. Point Township Dr, south of Ridge Rd",Point Township Dr,EB,2026-04-21,14:30:00,14:45:00,>120 to 180,56,,
input_xlsx.xlsx,"ATR 1. Point Township Dr, south of Ridge Rd",Point Township Dr,EB,2026-04-21,14:30:00,14:45:00,>180 to 240,39,,
input_xlsx.xlsx,"ATR 1. Point Township Dr, south of Ridge Rd",Point Township Dr,EB,2026-04-21,14:30:00,14:45:00,>240 to 300,5,,
input_xlsx.xlsx,"ATR 1. Point Township Dr, south of Ridge Rd",Point Township Dr,EB,2026-04-21,14:30:00,14:45:00,>300 to 360,1,,
input_xlsx.xlsx,"ATR 1. Point Township Dr, south of Ridge Rd",Point Township Dr,EB,2026-04-21,14:30:00,14:45:00,>360 to 480,0,,
input_xlsx.xlsx,"ATR 1. Point Township Dr, south of Ridge Rd",Point Township Dr,EB,2026-04-21,14:30:00,14:45:00,>480 to 600,0,,
input_xlsx.xlsx,"ATR 1. Point Township Dr, south of Ridge Rd",Point Township Dr,EB,2026-04-21,14:30:00,14:45:00,>600 to 720,0,,
input_xlsx.xlsx,"ATR 1. Point Township Dr, south of Ridge Rd",Point Township Dr,EB,2026-04-21,14:30:00,14:45:00,>720 to 840,1,,
input_xlsx.xlsx,"ATR 1. Point Township Dr, south of Ridge Rd",Point Township Dr,EB,2026-04-21,14:30:00,14:45:00,>840 to 960,4,,
input_xlsx.xlsx,"ATR 1. Point Township Dr, south of Ridge Rd",Point Township Dr,EB,2026-04-21,14:30:00,14:45:00,> 960,0,,
input_xlsx.xlsx,"ATR 1. Point Township Dr, south of Ridge Rd",Point Township Dr,EB,2026-04-21,14:45:00,15:00:00,0 to 72,0,,
input_xlsx.xlsx,"ATR 1. Point Township Dr, south of Ridge Rd",Point Township Dr,EB,2026-04-21,14:45:00,15:00:00,>72 to 120,1,,
input_xlsx.xlsx,"ATR 1. Point Township Dr, south of Ridge Rd",Point Township Dr,EB,2026-04-21,14:45:00,15:00:00,>120 to 180,57,,
input_xlsx.xlsx,"ATR 1. Point Township Dr, south of Ridge Rd",Point Township Dr,EB,2026-04-21,14:45:00,15:00:00,>180 to 240,24,,
input_xlsx.xlsx,"ATR 1. Point Township Dr, south of Ridge Rd",Point Township Dr,EB,2026-04-21,14:45:00,15:00:00,>240 to 300,5,,
input_xlsx.xlsx,"ATR 1. Point Township Dr, south of Ridge Rd",Point Township Dr,EB,2026-04-21,14:45:00,15:00:00,>300 to 360,6,,
input_xlsx.xlsx,"ATR 1. Point Township Dr, south of Ridge Rd",Point Township Dr,EB,2026-04-21,14:45:00,15:00:00,>360 to 480,2,,
input_xlsx.xlsx,"ATR 1. Point Township Dr, south of Ridge Rd",Point Township Dr,EB,2026-04-21,14:45:00,15:00:00,>480 to 600,1,,
input_xlsx.xlsx,"ATR 1. Point Township Dr, south of Ridge Rd",Point Township Dr,EB,2026-04-21,14:45:00,15:00:00,>600 to 720,0,,
input_xlsx.xlsx,"ATR 1. Point Township Dr, south of Ridge Rd",Point Township Dr,EB,2026-04-21,14:45:00,15:00:00,>720 to 840,3,,
input_xlsx.xlsx,"ATR 1. Point Township Dr, south of Ridge Rd",Point Township Dr,EB,2026-04-21,14:45:00,15:00:00,>840 to 960,1,,
input_xlsx.xlsx,"ATR 1. Point Township Dr, south of Ridge Rd",Point Township Dr,EB,2026-04-21,14:45:00,15:00:00,> 960,0,,
input_xlsx.xlsx,"ATR 1. Point Township Dr, south of Ridge Rd",Point Township Dr,EB,2026-04-21,15:00:00,15:15:00,0 to 72,0,,
input_xlsx.xlsx,"ATR 1. Point Township Dr, south of Ridge Rd",Point Township Dr,EB,2026-04-21,15:00:00,15:15:00,>72 to 120,1,,
input_xlsx.xlsx,"ATR 1. Point Township Dr, south of Ridge Rd",Point Township Dr,EB,2026-04-21,15:00:00,15:15:00,>120 to 180,63,,
input_xlsx.xlsx,"ATR 1. Point Township Dr, south of Ridge Rd",Point Township Dr,EB,2026-04-21,15:00:00,15:15:00,>180 to 240,37,,
input_xlsx.xlsx,"ATR 1. Point Township Dr, south of Ridge Rd",Point Township Dr,EB,2026-04-21,15:00:00,15:15:00,>240 to 300,2,,
input_xlsx.xlsx,"ATR 1. Point Township Dr, south of Ridge Rd",Point Township Dr,EB,2026-04-21,15:00:00,15:15:00,>300 to 360,0,,
input_xlsx.xlsx,"ATR 1. Point Township Dr, south of Ridge Rd",Point Township Dr,EB,2026-04-21,15:00:00,15:15:00,>360 to 480,4,,
input_xlsx.xlsx,"ATR 1. Point Township Dr, south of Ridge Rd",Point Township Dr,EB,2026-04-21,15:00:00,15:15:00,>480 to 600,0,,
input_xlsx.xlsx,"ATR 1. Point Township Dr, south of Ridge Rd",Point Township Dr,EB,2026-04-21,15:00:00,15:15:00,>600 to 720,0,,
input_xlsx.xlsx,"ATR 1. Point Township Dr, south of Ridge Rd",Point Township Dr,EB,2026-04-21,15:00:00,15:15:00,>720 to 840,2,,
input_xlsx.xlsx,"ATR 1. Point Township Dr, south of Ridge Rd",Point Township Dr,EB,2026-04-21,15:00:00,15:15:00,>840 to 960,0,,
input_xlsx.xlsx,"ATR 1. Point Township Dr, south of Ridge Rd",Point Township Dr,EB,2026-04-21,15:00:00,15:15:00,> 960,0,,
input_xlsx.xlsx,"ATR 1. Point Township Dr, south of Ridge Rd",Point Township Dr,EB,2026-04-21,15:15:00,15:30:00,0 to 72,0,,
input_xlsx.xlsx,"ATR 1. Point Township Dr, south of Ridge Rd",Point Township Dr,EB,2026-04-21,15:15:00,15:30:00,>72 to 120,1,,
input_xlsx.xlsx,"ATR 1. Point Township Dr, south of Ridge Rd",Point Township Dr,EB,2026-04-21,15:15:00,15:30:00,>120 to 180,55,,
input_xlsx.xlsx,"ATR 1. Point Township Dr, south of Ridge Rd",Point Township Dr,EB,2026-04-21,15:15:00,15:30:00,>180 to 240,23,,
input_xlsx.xlsx,"ATR 1. Point Township Dr, south of Ridge Rd",Point Township Dr,EB,2026-04-21,15:15:00,15:30:00,>240 to 300,5,,
input_xlsx.xlsx,"ATR 1. Point Township Dr, south of Ridge Rd",Point Township Dr,EB,2026-04-21,15:15:00,15:30:00,>300 to 360,0,,
input_xlsx.xlsx,"ATR 1. Point Township Dr, south of Ridge Rd",Point Township Dr,EB,2026-04-21,15:15:00,15:30:00,>360 to 480,1,,
input_xlsx.xlsx,"ATR 1. Point Township Dr, south of Ridge Rd",Point Township Dr,EB,2026-04-21,15:15:00,15:30:00,>480 to 600,0,,
input_xlsx.xlsx,"ATR 1. Point Township Dr, south of Ridge Rd",Point Township Dr,EB,2026-04-21,15:15:00,15:30:00,>600 to 720,1,,
input_xlsx.xlsx,"ATR 1. Point Township Dr, south of Ridge Rd",Point Township Dr,EB,2026-04-21,15:15:00,15:30:00,>720 to 840,2,,
input_xlsx.xlsx,"ATR 1. Point Township Dr, south of Ridge Rd",Point Township Dr,EB,2026-04-21,15:15:00,15:30:00,>840 to 960,1,,
input_xlsx.xlsx,"ATR 1. Point Township Dr, south of Ridge Rd",Point Township Dr,EB,2026-04-21,15:15:00,15:30:00,> 960,0,,
input_xlsx.xlsx,"ATR 1. Point Township Dr, south of Ridge Rd",Point Township Dr,EB,2026-04-21,15:30:00,15:45:00,0 to 72,0,,
input_xlsx.xlsx,"ATR 1. Point Township Dr, south of Ridge Rd",Point Township Dr,EB,2026-04-21,15:30:00,15:45:00,>72 to 120,1,,
input_xlsx.xlsx,"ATR 1. Point Township Dr, south of Ridge Rd",Point Township Dr,EB,2026-04-21,15:30:00,15:45:00,>120 to 180,66,,
input_xlsx.xlsx,"ATR 1. Point Township Dr, south of Ridge Rd",Point Township Dr,EB,2026-04-21,15:30:00,15:45:00,>180 to 240,26,,
input_xlsx.xlsx,"ATR 1. Point Township Dr, south of Ridge Rd",Point Township Dr,EB,2026-04-21,15:30:00,15:45:00,>240 to 300,6,,
input_xlsx.xlsx,"ATR 1. Point Township Dr, south of Ridge Rd",Point Township Dr,EB,2026-04-21,15:30:00,15:45:00,>300 to 360,0,,
input_xlsx.xlsx,"ATR 1. Point Township Dr, south of Ridge Rd",Point Township Dr,EB,2026-04-21,15:30:00,15:45:00,>360 to 480,0,,
input_xlsx.xlsx,"ATR 1. Point Township Dr, south of Ridge Rd",Point Township Dr,EB,2026-04-21,15:30:00,15:45:00,>480 to 600,1,,
input_xlsx.xlsx,"ATR 1. Point Township Dr, south of Ridge Rd",Point Township Dr,EB,2026-04-21,15:30:00,15:45:00,>600 to 720,0,,
input_xlsx.xlsx,"ATR 1. Point Township Dr, south of Ridge Rd",Point Township Dr,EB,2026-04-21,15:30:00,15:45:00,>720 to 840,0,,
input_xlsx.xlsx,"ATR 1. Point Township Dr, south of Ridge Rd",Point Township Dr,EB,2026-04-21,15:30:00,15:45:00,>840 to 960,2,,
input_xlsx.xlsx,"ATR 1. Point Township Dr, south of Ridge Rd",Point Township Dr,EB,2026-04-21,15:30:00,15:45:00,> 960,0,,
input_xlsx.xlsx,"ATR 1. Point Township Dr, south of Ridge Rd",Point Township Dr,EB,2026-04-21,15:45:00,16:00:00,0 to 72,0,,
input_xlsx.xlsx,"ATR 1. Point Township Dr, south of Ridge Rd",Point Township Dr,EB,2026-04-21,15:45:00,16:00:00,>72 to 120,0,,
input_xlsx.xlsx,"ATR 1. Point Township Dr, south of Ridge Rd",Point Township Dr,EB,2026-04-21,15:45:00,16:00:00,>120 to 180,51,,
input_xlsx.xlsx,"ATR 1. Point Township Dr, south of Ridge Rd",Point Township Dr,EB,2026-04-21,15:45:00,16:00:00,>180 to 240,24,,
input_xlsx.xlsx,"ATR 1. Point Township Dr, south of Ridge Rd",Point Township Dr,EB,2026-04-21,15:45:00,16:00:00,>240 to 300,4,,
input_xlsx.xlsx,"ATR 1. Point Township Dr, south of Ridge Rd",Point Township Dr,EB,2026-04-21,15:45:00,16:00:00,>300 to 360,0,,
input_xlsx.xlsx,"ATR 1. Point Township Dr, south of Ridge Rd",Point Township Dr,EB,2026-04-21,15:45:00,16:00:00,>360 to 480,0,,
input_xlsx.xlsx,"ATR 1. Point Township Dr, south of Ridge Rd",Point Township Dr,EB,2026-04-21,15:45:00,16:00:00,>480 to 600,1,,
input_xlsx.xlsx,"ATR 1. Point Township Dr, south of Ridge Rd",Point Township Dr,EB,2026-04-21,15:45:00,16:00:00,>600 to 720,0,,
input_xlsx.xlsx,"ATR 1. Point Township Dr, south of Ridge Rd",Point Township Dr,EB,2026-04-21,15:45:00,16:00:00,>720 to 840,2,,
input_xlsx.xlsx,"ATR 1. Point Township Dr, south of Ridge Rd",Point Township Dr,EB,2026-04-21,15:45:00,16:00:00,>840 to 960,1,,
input_xlsx.xlsx,"ATR 1. Point Township Dr, south of Ridge Rd",Point Township Dr,EB,2026-04-21,15:45:00,16:00:00,> 960,0,,
input_xlsx.xlsx,"ATR 1. Point Township Dr, south of Ridge Rd",Point Township Dr,EB,2026-04-21,16:00:00,16:15:00,0 to 72,0,,
input_xlsx.xlsx,"ATR 1. Point Township Dr, south of Ridge Rd",Point Township Dr,EB,2026-04-21,16:00:00,16:15:00,>72 to 120,0,,
input_xlsx.xlsx,"ATR 1. Point Township Dr, south of Ridge Rd",Point Township Dr,EB,2026-04-21,16:00:00,16:15:00,>120 to 180,56,,
input_xlsx.xlsx,"ATR 1. Point Township Dr, south of Ridge Rd",Point Township Dr,EB,2026-04-21,16:00:00,16:15:00,>180 to 240,35,,
input_xlsx.xlsx,"ATR 1. Point Township Dr, south of Ridge Rd",Point Township Dr,EB,2026-04-21,16:00:00,16:15:00,>240 to 300,1,,
input_xlsx.xlsx,"ATR 1. Point Township Dr, south of Ridge Rd",Point Township Dr,EB,2026-04-21,16:00:00,16:15:00,>300 to 360,1,,
input_xlsx.xlsx,"ATR 1. Point Township Dr, south of Ridge Rd",Point Township Dr,EB,2026-04-21,16:00:00,16:15:00,>360 to 480,2,,
input_xlsx.xlsx,"ATR 1. Point Township Dr, south of Ridge Rd",Point Township Dr,EB,2026-04-21,16:00:00,16:15:00,>480 to 600,0,,
input_xlsx.xlsx,"ATR 1. Point Township Dr, south of Ridge Rd",Point Township Dr,EB,2026-04-21,16:00:00,16:15:00,>600 to 720,0,,
input_xlsx.xlsx,"ATR 1. Point Township Dr, south of Ridge Rd",Point Township Dr,EB,2026-04-21,16:00:00,16:15:00,>720 to 840,1,,
input_xlsx.xlsx,"ATR 1. Point Township Dr, south of Ridge Rd",Point Township Dr,EB,2026-04-21,16:00:00,16:15:00,>840 to 960,0,,
input_xlsx.xlsx,"ATR 1. Point Township Dr, south of Ridge Rd",Point Township Dr,EB,2026-04-21,16:00:00,16:15:00,> 960,0,,
input_xlsx.xlsx,"ATR 1. Point Township Dr, south of Ridge Rd",Point Township Dr,EB,2026-04-21,16:15:00,16:30:00,0 to 72,0,,
input_xlsx.xlsx,"ATR 1. Point Township Dr, south of Ridge Rd",Point Township Dr,EB,2026-04-21,16:15:00,16:30:00,>72 to 120,0,,
input_xlsx.xlsx,"ATR 1. Point Township Dr, south of Ridge Rd",Point Township Dr,EB,2026-04-21,16:15:00,16:30:00,>120 to 180,58,,
input_xlsx.xlsx,"ATR 1. Point Township Dr, south of Ridge Rd",Point Township Dr,EB,2026-04-21,16:15:00,16:30:00,>180 to 240,32,,
input_xlsx.xlsx,"ATR 1. Point Township Dr, south of Ridge Rd",Point Township Dr,EB,2026-04-21,16:15:00,16:30:00,>240 to 300,3,,
input_xlsx.xlsx,"ATR 1. Point Township Dr, south of Ridge Rd",Point Township Dr,EB,2026-04-21,16:15:00,16:30:00,>300 to 360,2,,
input_xlsx.xlsx,"ATR 1. Point Township Dr, south of Ridge Rd",Point Township Dr,EB,2026-04-21,16:15:00,16:30:00,>360 to 480,4,,
input_xlsx.xlsx,"ATR 1. Point Township Dr, south of Ridge Rd",Point Township Dr,EB,2026-04-21,16:15:00,16:30:00,>480 to 600,0,,
input_xlsx.xlsx,"ATR 1. Point Township Dr, south of Ridge Rd",Point Township Dr,EB,2026-04-21,16:15:00,16:30:00,>600 to 720,0,,
input_xlsx.xlsx,"ATR 1. Point Township Dr, south of Ridge Rd",Point Township Dr,EB,2026-04-21,16:15:00,16:30:00,>720 to 840,0,,
input_xlsx.xlsx,"ATR 1. Point Township Dr, south of Ridge Rd",Point Township Dr,EB,2026-04-21,16:15:00,16:30:00,>840 to 960,0,,
input_xlsx.xlsx,"ATR 1. Point Township Dr, south of Ridge Rd",Point Township Dr,EB,2026-04-21,16:15:00,16:30:00,> 960,0,,
input_xlsx.xlsx,"ATR 1. Point Township Dr, south of Ridge Rd",Point Township Dr,EB,2026-04-21,16:30:00,16:45:00,0 to 72,0,,
input_xlsx.xlsx,"ATR 1. Point Township Dr, south of Ridge Rd",Point Township Dr,EB,2026-04-21,16:30:00,16:45:00,>72 to 120,0,,
input_xlsx.xlsx,"ATR 1. Point Township Dr, south of Ridge Rd",Point Township Dr,EB,2026-04-21,16:30:00,16:45:00,>120 to 180,49,,
input_xlsx.xlsx,"ATR 1. Point Township Dr, south of Ridge Rd",Point Township Dr,EB,2026-04-21,16:30:00,16:45:00,>180 to 240,39,,
input_xlsx.xlsx,"ATR 1. Point Township Dr, south of Ridge Rd",Point Township Dr,EB,2026-04-21,16:30:00,16:45:00,>240 to 300,7,,
input_xlsx.xlsx,"ATR 1. Point Township Dr, south of Ridge Rd",Point Township Dr,EB,2026-04-21,16:30:00,16:45:00,>300 to 360,1,,
input_xlsx.xlsx,"ATR 1. Point Township Dr, south of Ridge Rd",Point Township Dr,EB,2026-04-21,16:30:00,16:45:00,>360 to 480,1,,
input_xlsx.xlsx,"ATR 1. Point Township Dr, south of Ridge Rd",Point Township Dr,EB,2026-04-21,16:30:00,16:45:00,>480 to 600,0,,
input_xlsx.xlsx,"ATR 1. Point Township Dr, south of Ridge Rd",Point Township Dr,EB,2026-04-21,16:30:00,16:45:00,>600 to 720,0,,
input_xlsx.xlsx,"ATR 1. Point Township Dr, south of Ridge Rd",Point Township Dr,EB,2026-04-21,16:30:00,16:45:00,>720 to 840,0,,
input_xlsx.xlsx,"ATR 1. Point Township Dr, south of Ridge Rd",Point Township Dr,EB,2026-04-21,16:30:00,16:45:00,>840 to 960,0,,
input_xlsx.xlsx,"ATR 1. Point Township Dr, south of Ridge Rd",Point Township Dr,EB,2026-04-21,16:30:00,16:45:00,> 960,0,,
input_xlsx.xlsx,"ATR 1. Point Township Dr, south of Ridge Rd",Point Township Dr,EB,2026-04-21,16:45:00,17:00:00,0 to 72,0,,
input_xlsx.xlsx,"ATR 1. Point Township Dr, south of Ridge Rd",Point Township Dr,EB,2026-04-21,16:45:00,17:00:00,>72 to 120,0,,
input_xlsx.xlsx,"ATR 1. Point Township Dr, south of Ridge Rd",Point Township Dr,EB,2026-04-21,16:45:00,17:00:00,>120 to 180,46,,
input_xlsx.xlsx,"ATR 1. Point Township Dr, south of Ridge Rd",Point Township Dr,EB,2026-04-21,16:45:00,17:00:00,>180 to 240,20,,
input_xlsx.xlsx,"ATR 1. Point Township Dr, south of Ridge Rd",Point Township Dr,EB,2026-04-21,16:45:00,17:00:00,>240 to 300,4,,
input_xlsx.xlsx,"ATR 1. Point Township Dr, south of Ridge Rd",Point Township Dr,EB,2026-04-21,16:45:00,17:00:00,>300 to 360,0,,
input_xlsx.xlsx,"ATR 1. Point Township Dr, south of Ridge Rd",Point Township Dr,EB,2026-04-21,16:45:00,17:00:00,>360 to 480,2,,
input_xlsx.xlsx,"ATR 1. Point Township Dr, south of Ridge Rd",Point Township Dr,EB,2026-04-21,16:45:00,17:00:00,>480 to 600,1,,
input_xlsx.xlsx,"ATR 1. Point Township Dr, south of Ridge Rd",Point Township Dr,EB,2026-04-21,16:45:00,17:00:00,>600 to 720,1,,
input_xlsx.xlsx,"ATR 1. Point Township Dr, south of Ridge Rd",Point Township Dr,EB,2026-04-21,16:45:00,17:00:00,>720 to 840,1,,
input_xlsx.xlsx,"ATR 1. Point Township Dr, south of Ridge Rd",Point Township Dr,EB,2026-04-21,16:45:00,17:00:00,>840 to 960,1,,
input_xlsx.xlsx,"ATR 1. Point Township Dr, south of Ridge Rd",Point Township Dr,EB,2026-04-21,16:45:00,17:00:00,> 960,0,,
input_xlsx.xlsx,"ATR 1. Point Township Dr, south of Ridge Rd",Point Township Dr,EB,2026-04-21,17:00:00,17:15:00,0 to 72,1,,
input_xlsx.xlsx,"ATR 1. Point Township Dr, south of Ridge Rd",Point Township Dr,EB,2026-04-21,17:00:00,17:15:00,>72 to 120,1,,
input_xlsx.xlsx,"ATR 1. Point Township Dr, south of Ridge Rd",Point Township Dr,EB,2026-04-21,17:00:00,17:15:00,>120 to 180,51,,
input_xlsx.xlsx,"ATR 1. Point Township Dr, south of Ridge Rd",Point Township Dr,EB,2026-04-21,17:00:00,17:15:00,>180 to 240,36,,
input_xlsx.xlsx,"ATR 1. Point Township Dr, south of Ridge Rd",Point Township Dr,EB,2026-04-21,17:00:00,17:15:00,>240 to 300,3,,
input_xlsx.xlsx,"ATR 1. Point Township Dr, south of Ridge Rd",Point Township Dr,EB,2026-04-21,17:00:00,17:15:00,>300 to 360,1,,
input_xlsx.xlsx,"ATR 1. Point Township Dr, south of Ridge Rd",Point Township Dr,EB,2026-04-21,17:00:00,17:15:00,>360 to 480,0,,
input_xlsx.xlsx,"ATR 1. Point Township Dr, south of Ridge Rd",Point Township Dr,EB,2026-04-21,17:00:00,17:15:00,>480 to 600,0,,
input_xlsx.xlsx,"ATR 1. Point Township Dr, south of Ridge Rd",Point Township Dr,EB,2026-04-21,17:00:00,17:15:00,>600 to 720,0,,
input_xlsx.xlsx,"ATR 1. Point Township Dr, south of Ridge Rd",Point Township Dr,EB,2026-04-21,17:00:00,17:15:00,>720 to 840,0,,
input_xlsx.xlsx,"ATR 1. Point Township Dr, south of Ridge Rd",Point Township Dr,EB,2026-04-21,17:00:00,17:15:00,>840 to 960,1,,
input_xlsx.xlsx,"ATR 1. Point Township Dr, south of Ridge Rd",Point Township Dr,EB,2026-04-21,17:00:00,17:15:00,> 960,0,,
input_xlsx.xlsx,"ATR 1. Point Township Dr, south of Ridge Rd",Point Township Dr,EB,2026-04-21,17:15:00,17:30:00,0 to 72,0,,
input_xlsx.xlsx,"ATR 1. Point Township Dr, south of Ridge Rd",Point Township Dr,EB,2026-04-21,17:15:00,17:30:00,>72 to 120,0,,
input_xlsx.xlsx,"ATR 1. Point Township Dr, south of Ridge Rd",Point Township Dr,EB,2026-04-21,17:15:00,17:30:00,>120 to 180,47,,
input_xlsx.xlsx,"ATR 1. Point Township Dr, south of Ridge Rd",Point Township Dr,EB,2026-04-21,17:15:00,17:30:00,>180 to 240,28,,
input_xlsx.xlsx,"ATR 1. Point Township Dr, south of Ridge Rd",Point Township Dr,EB,2026-04-21,17:15:00,17:30:00,>240 to 300,6,,
input_xlsx.xlsx,"ATR 1. Point Township Dr, south of Ridge Rd",Point Township Dr,EB,2026-04-21,17:15:00,17:30:00,>300 to 360,0,,
input_xlsx.xlsx,"ATR 1. Point Township Dr, south of Ridge Rd",Point Township Dr,EB,2026-04-21,17:15:00,17:30:00,>360 to 480,1,,
input_xlsx.xlsx,"ATR 1. Point Township Dr, south of Ridge Rd",Point Township Dr,EB,2026-04-21,17:15:00,17:30:00,>480 to 600,1,,
input_xlsx.xlsx,"ATR 1. Point Township Dr, south of Ridge Rd",Point Township Dr,EB,2026-04-21,17:15:00,17:30:00,>600 to 720,2,,
input_xlsx.xlsx,"ATR 1. Point Township Dr, south of Ridge Rd",Point Township Dr,EB,2026-04-21,17:15:00,17:30:00,>720 to 840,1,,
input_xlsx.xlsx,"ATR 1. Point Township Dr, south of Ridge Rd",Point Township Dr,EB,2026-04-21,17:15:00,17:30:00,>840 to 960,1,,
input_xlsx.xlsx,"ATR 1. Point Township Dr, south of Ridge Rd",Point Township Dr,EB,2026-04-21,17:15:00,17:30:00,> 960,0,,
input_xlsx.xlsx,"ATR 1. Point Township Dr, south of Ridge Rd",Point Township Dr,EB,2026-04-21,17:30:00,17:45:00,0 to 72,0,,
input_xlsx.xlsx,"ATR 1. Point Township Dr, south of Ridge Rd",Point Township Dr,EB,2026-04-21,17:30:00,17:45:00,>72 to 120,0,,
input_xlsx.xlsx,"ATR 1. Point Township Dr, south of Ridge Rd",Point Township Dr,EB,2026-04-21,17:30:00,17:45:00,>120 to 180,41,,
input_xlsx.xlsx,"ATR 1. Point Township Dr, south of Ridge Rd",Point Township Dr,EB,2026-04-21,17:30:00,17:45:00,>180 to 240,21,,
input_xlsx.xlsx,"ATR 1. Point Township Dr, south of Ridge Rd",Point Township Dr,EB,2026-04-21,17:30:00,17:45:00,>240 to 300,4,,
input_xlsx.xlsx,"ATR 1. Point Township Dr, south of Ridge Rd",Point Township Dr,EB,2026-04-21,17:30:00,17:45:00,>300 to 360,0,,
input_xlsx.xlsx,"ATR 1. Point Township Dr, south of Ridge Rd",Point Township Dr,EB,2026-04-21,17:30:00,17:45:00,>360 to 480,1,,
input_xlsx.xlsx,"ATR 1. Point Township Dr, south of Ridge Rd",Point Township Dr,EB,2026-04-21,17:30:00,17:45:00,>480 to 600,0,,
input_xlsx.xlsx,"ATR 1. Point Township Dr, south of Ridge Rd",Point Township Dr,EB,2026-04-21,17:30:00,17:45:00,>600 to 720,0,,
input_xlsx.xlsx,"ATR 1. Point Township Dr, south of Ridge Rd",Point Township Dr,EB,2026-04-21,17:30:00,17:45:00,>720 to 840,1,,
input_xlsx.xlsx,"ATR 1. Point Township Dr, south of Ridge Rd",Point Township Dr,EB,2026-04-21,17:30:00,17:45:00,>840 to 960,1,,
input_xlsx.xlsx,"ATR 1. Point Township Dr, south of Ridge Rd",Point Township Dr,EB,2026-04-21,17:30:00,17:45:00,> 960,0,,
input_xlsx.xlsx,"ATR 1. Point Township Dr, south of Ridge Rd",Point Township Dr,EB,2026-04-21,17:45:00,18:00:00,0 to 72,0,,
input_xlsx.xlsx,"ATR 1. Point Township Dr, south of Ridge Rd",Point Township Dr,EB,2026-04-21,17:45:00,18:00:00,>72 to 120,0,,
input_xlsx.xlsx,"ATR 1. Point Township Dr, south of Ridge Rd",Point Township Dr,EB,2026-04-21,17:45:00,18:00:00,>120 to 180,52,,
input_xlsx.xlsx,"ATR 1. Point Township Dr, south of Ridge Rd",Point Township Dr,EB,2026-04-21,17:45:00,18:00:00,>180 to 240,19,,
input_xlsx.xlsx,"ATR 1. Point Township Dr, south of Ridge Rd",Point Township Dr,EB,2026-04-21,17:45:00,18:00:00,>240 to 300,3,,
input_xlsx.xlsx,"ATR 1. Point Township Dr, south of Ridge Rd",Point Township Dr,EB,2026-04-21,17:45:00,18:00:00,>300 to 360,0,,
input_xlsx.xlsx,"ATR 1. Point Township Dr, south of Ridge Rd",Point Township Dr,EB,2026-04-21,17:45:00,18:00:00,>360 to 480,0,,
input_xlsx.xlsx,"ATR 1. Point Township Dr, south of Ridge Rd",Point Township Dr,EB,2026-04-21,17:45:00,18:00:00,>480 to 600,0,,
input_xlsx.xlsx,"ATR 1. Point Township Dr, south of Ridge Rd",Point Township Dr,EB,2026-04-21,17:45:00,18:00:00,>600 to 720,0,,
input_xlsx.xlsx,"ATR 1. Point Township Dr, south of Ridge Rd",Point Township Dr,EB,2026-04-21,17:45:00,18:00:00,>720 to 840,0,,
input_xlsx.xlsx,"ATR 1. Point Township Dr, south of Ridge Rd",Point Township Dr,EB,2026-04-21,17:45:00,18:00:00,>840 to 960,1,,
input_xlsx.xlsx,"ATR 1. Point Township Dr, south of Ridge Rd",Point Township Dr,EB,2026-04-21,17:45:00,18:00:00,> 960,0,,
input_xlsx.xlsx,"ATR 1. Point Township Dr, south of Ridge Rd",Point Township Dr,EB,2026-04-21,18:00:00,18:15:00,0 to 72,0,,
input_xlsx.xlsx,"ATR 1. Point Township Dr, south of Ridge Rd",Point Township Dr,EB,2026-04-21,18:00:00,18:15:00,>72 to 120,1,,
input_xlsx.xlsx,"ATR 1. Point Township Dr, south of Ridge Rd",Point Township Dr,EB,2026-04-21,18:00:00,18:15:00,>120 to 180,41,,
input_xlsx.xlsx,"ATR 1. Point Township Dr, south of Ridge Rd",Point Township Dr,EB,2026-04-21,18:00:00,18:15:00,>180 to 240,24,,
input_xlsx.xlsx,"ATR 1. Point Township Dr, south of Ridge Rd",Point Township Dr,EB,2026-04-21,18:00:00,18:15:00,>240 to 300,2,,
input_xlsx.xlsx,"ATR 1. Point Township Dr, south of Ridge Rd",Point Township Dr,EB,2026-04-21,18:00:00,18:15:00,>300 to 360,1,,
input_xlsx.xlsx,"ATR 1. Point Township Dr, south of Ridge Rd",Point Township Dr,EB,2026-04-21,18:00:00,18:15:00,>360 to 480,0,,
input_xlsx.xlsx,"ATR 1. Point Township Dr, south of Ridge Rd",Point Township Dr,EB,2026-04-21,18:00:00,18:15:00,>480 to 600,0,,
input_xlsx.xlsx,"ATR 1. Point Township Dr, south of Ridge Rd",Point Township Dr,EB,2026-04-21,18:00:00,18:15:00,>600 to 720,1,,
input_xlsx.xlsx,"ATR 1. Point Township Dr, south of Ridge Rd",Point Township Dr,EB,2026-04-21,18:00:00,18:15:00,>720 to 840,0,,
input_xlsx.xlsx,"ATR 1. Point Township Dr, south of Ridge Rd",Point Township Dr,EB,2026-04-21,18:00:00,18:15:00,>840 to 960,0,,
input_xlsx.xlsx,"ATR 1. Point Township Dr, south of Ridge Rd",Point Township Dr,EB,2026-04-21,18:00:00,18:15:00,> 960,0,,
input_xlsx.xlsx,"ATR 1. Point Township Dr, south of Ridge Rd",Point Township Dr,EB,2026-04-21,18:15:00,18:30:00,0 to 72,0,,
input_xlsx.xlsx,"ATR 1. Point Township Dr, south of Ridge Rd",Point Township Dr,EB,2026-04-21,18:15:00,18:30:00,>72 to 120,0,,
input_xlsx.xlsx,"ATR 1. Point Township Dr, south of Ridge Rd",Point Township Dr,EB,2026-04-21,18:15:00,18:30:00,>120 to 180,48,,
input_xlsx.xlsx,"ATR 1. Point Township Dr, south of Ridge Rd",Point Township Dr,EB,2026-04-21,18:15:00,18:30:00,>180 to 240,21,,
input_xlsx.xlsx,"ATR 1. Point Township Dr, south of Ridge Rd",Point Township Dr,EB,2026-04-21,18:15:00,18:30:00,>240 to 300,0,,
input_xlsx.xlsx,"ATR 1. Point Township Dr, south of Ridge Rd",Point Township Dr,EB,2026-04-21,18:15:00,18:30:00,>300 to 360,0,,
input_xlsx.xlsx,"ATR 1. Point Township Dr, south of Ridge Rd",Point Township Dr,EB,2026-04-21,18:15:00,18:30:00,>360 to 480,2,,
input_xlsx.xlsx,"ATR 1. Point Township Dr, south of Ridge Rd",Point Township Dr,EB,2026-04-21,18:15:00,18:30:00,>480 to 600,0,,
input_xlsx.xlsx,"ATR 1. Point Township Dr, south of Ridge Rd",Point Township Dr,EB,2026-04-21,18:15:00,18:30:00,>600 to 720,0,,
input_xlsx.xlsx,"ATR 1. Point Township Dr, south of Ridge Rd",Point Township Dr,EB,2026-04-21,18:15:00,18:30:00,>720 to 840,1,,
input_xlsx.xlsx,"ATR 1. Point Township Dr, south of Ridge Rd",Point Township Dr,EB,2026-04-21,18:15:00,18:30:00,>840 to 960,2,,
input_xlsx.xlsx,"ATR 1. Point Township Dr, south of Ridge Rd",Point Township Dr,EB,2026-04-21,18:15:00,18:30:00,> 960,0,,
input_xlsx.xlsx,"ATR 1. Point Township Dr, south of Ridge Rd",Point Township Dr,EB,2026-04-21,18:30:00,18:45:00,0 to 72,0,,
input_xlsx.xlsx,"ATR 1. Point Township Dr, south of Ridge Rd",Point Township Dr,EB,2026-04-21,18:30:00,18:45:00,>72 to 120,0,,
input_xlsx.xlsx,"ATR 1. Point Township Dr, south of Ridge Rd",Point Township Dr,EB,2026-04-21,18:30:00,18:45:00,>120 to 180,47,,
input_xlsx.xlsx,"ATR 1. Point Township Dr, south of Ridge Rd",Point Township Dr,EB,2026-04-21,18:30:00,18:45:00,>180 to 240,15,,
input_xlsx.xlsx,"ATR 1. Point Township Dr, south of Ridge Rd",Point Township Dr,EB,2026-04-21,18:30:00,18:45:00,>240 to 300,2,,
input_xlsx.xlsx,"ATR 1. Point Township Dr, south of Ridge Rd",Point Township Dr,EB,2026-04-21,18:30:00,18:45:00,>300 to 360,0,,
input_xlsx.xlsx,"ATR 1. Point Township Dr, south of Ridge Rd",Point Township Dr,EB,2026-04-21,18:30:00,18:45:00,>360 to 480,0,,
input_xlsx.xlsx,"ATR 1. Point Township Dr, south of Ridge Rd",Point Township Dr,EB,2026-04-21,18:30:00,18:45:00,>480 to 600,0,,
input_xlsx.xlsx,"ATR 1. Point Township Dr, south of Ridge Rd",Point Township Dr,EB,2026-04-21,18:30:00,18:45:00,>600 to 720,0,,
input_xlsx.xlsx,"ATR 1. Point Township Dr, south of Ridge Rd",Point Township Dr,EB,2026-04-21,18:30:00,18:45:00,>720 to 840,0,,
input_xlsx.xlsx,"ATR 1. Point Township Dr, south of Ridge Rd",Point Township Dr,EB,2026-04-21,18:30:00,18:45:00,>840 to 960,0,,
input_xlsx.xlsx,"ATR 1. Point Township Dr, south of Ridge Rd",Point Township Dr,EB,2026-04-21,18:30:00,18:45:00,> 960,0,,
input_xlsx.xlsx,"ATR 1. Point Township Dr, south of Ridge Rd",Point Township Dr,EB,2026-04-21,18:45:00,19:00:00,0 to 72,0,,
input_xlsx.xlsx,"ATR 1. Point Township Dr, south of Ridge Rd",Point Township Dr,EB,2026-04-21,18:45:00,19:00:00,>72 to 120,0,,
input_xlsx.xlsx,"ATR 1. Point Township Dr, south of Ridge Rd",Point Township Dr,EB,2026-04-21,18:45:00,19:00:00,>120 to 180,22,,
input_xlsx.xlsx,"ATR 1. Point Township Dr, south of Ridge Rd",Point Township Dr,EB,2026-04-21,18:45:00,19:00:00,>180 to 240,14,,
input_xlsx.xlsx,"ATR 1. Point Township Dr, south of Ridge Rd",Point Township Dr,EB,2026-04-21,18:45:00,19:00:00,>240 to 300,1,,
input_xlsx.xlsx,"ATR 1. Point Township Dr, south of Ridge Rd",Point Township Dr,EB,2026-04-21,18:45:00,19:00:00,>300 to 360,0,,
input_xlsx.xlsx,"ATR 1. Point Township Dr, south of Ridge Rd",Point Township Dr,EB,2026-04-21,18:45:00,19:00:00,>360 to 480,0,,
input_xlsx.xlsx,"ATR 1. Point Township Dr, south of Ridge Rd",Point Township Dr,EB,2026-04-21,18:45:00,19:00:00,>480 to 600,0,,
input_xlsx.xlsx,"ATR 1. Point Township Dr, south of Ridge Rd",Point Township Dr,EB,2026-04-21,18:45:00,19:00:00,>600 to 720,0,,
input_xlsx.xlsx,"ATR 1. Point Township Dr, south of Ridge Rd",Point Township Dr,EB,2026-04-21,18:45:00,19:00:00,>720 to 840,0,,
input_xlsx.xlsx,"ATR 1. Point Township Dr, south of Ridge Rd",Point Township Dr,EB,2026-04-21,18:45:00,19:00:00,>840 to 960,1,,
input_xlsx.xlsx,"ATR 1. Point Township Dr, south of Ridge Rd",Point Township Dr,EB,2026-04-21,18:45:00,19:00:00,> 960,0,,
input_xlsx.xlsx,"ATR 1. Point Township Dr, south of Ridge Rd",Point Township Dr,EB,2026-04-21,19:00:00,19:15:00,0 to 72,1,,
input_xlsx.xlsx,"ATR 1. Point Township Dr, south of Ridge Rd",Point Township Dr,EB,2026-04-21,19:00:00,19:15:00,>72 to 120,0,,
input_xlsx.xlsx,"ATR 1. Point Township Dr, south of Ridge Rd",Point Township Dr,EB,2026-04-21,19:00:00,19:15:00,>120 to 180,25,,
input_xlsx.xlsx,"ATR 1. Point Township Dr, south of Ridge Rd",Point Township Dr,EB,2026-04-21,19:00:00,19:15:00,>180 to 240,10,,
input_xlsx.xlsx,"ATR 1. Point Township Dr, south of Ridge Rd",Point Township Dr,EB,2026-04-21,19:00:00,19:15:00,>240 to 300,1,,
input_xlsx.xlsx,"ATR 1. Point Township Dr, south of Ridge Rd",Point Township Dr,EB,2026-04-21,19:00:00,19:15:00,>300 to 360,0,,
input_xlsx.xlsx,"ATR 1. Point Township Dr, south of Ridge Rd",Point Township Dr,EB,2026-04-21,19:00:00,19:15:00,>360 to 480,1,,
input_xlsx.xlsx,"ATR 1. Point Township Dr, south of Ridge Rd",Point Township Dr,EB,2026-04-21,19:00:00,19:15:00,>480 to 600,0,,
input_xlsx.xlsx,"ATR 1. Point Township Dr, south of Ridge Rd",Point Township Dr,EB,2026-04-21,19:00:00,19:15:00,>600 to 720,0,,
input_xlsx.xlsx,"ATR 1. Point Township Dr, south of Ridge Rd",Point Township Dr,EB,2026-04-21,19:00:00,19:15:00,>720 to 840,1,,
input_xlsx.xlsx,"ATR 1. Point Township Dr, south of Ridge Rd",Point Township Dr,EB,2026-04-21,19:00:00,19:15:00,>840 to 960,0,,
input_xlsx.xlsx,"ATR 1. Point Township Dr, south of Ridge Rd",Point Township Dr,EB,2026-04-21,19:00:00,19:15:00,> 960,0,,
input_xlsx.xlsx,"ATR 1. Point Township Dr, south of Ridge Rd",Point Township Dr,EB,2026-04-21,19:15:00,19:30:00,0 to 72,0,,
input_xlsx.xlsx,"ATR 1. Point Township Dr, south of Ridge Rd",Point Township Dr,EB,2026-04-21,19:15:00,19:30:00,>72 to 120,0,,
input_xlsx.xlsx,"ATR 1. Point Township Dr, south of Ridge Rd",Point Township Dr,EB,2026-04-21,19:15:00,19:30:00,>120 to 180,27,,
input_xlsx.xlsx,"ATR 1. Point Township Dr, south of Ridge Rd",Point Township Dr,EB,2026-04-21,19:15:00,19:30:00,>180 to 240,11,,
input_xlsx.xlsx,"ATR 1. Point Township Dr, south of Ridge Rd",Point Township Dr,EB,2026-04-21,19:15:00,19:30:00,>240 to 300,0,,
input_xlsx.xlsx,"ATR 1. Point Township Dr, south of Ridge Rd",Point Township Dr,EB,2026-04-21,19:15:00,19:30:00,>300 to 360,1,,
input_xlsx.xlsx,"ATR 1. Point Township Dr, south of Ridge Rd",Point Township Dr,EB,2026-04-21,19:15:00,19:30:00,>360 to 480,1,,
input_xlsx.xlsx,"ATR 1. Point Township Dr, south of Ridge Rd",Point Township Dr,EB,2026-04-21,19:15:00,19:30:00,>480 to 600,2,,
input_xlsx.xlsx,"ATR 1. Point Township Dr, south of Ridge Rd",Point Township Dr,EB,2026-04-21,19:15:00,19:30:00,>600 to 720,0,,
input_xlsx.xlsx,"ATR 1. Point Township Dr, south of Ridge Rd",Point Township Dr,EB,2026-04-21,19:15:00,19:30:00,>720 to 840,1,,
input_xlsx.xlsx,"ATR 1. Point Township Dr, south of Ridge Rd",Point Township Dr,EB,2026-04-21,19:15:00,19:30:00,>840 to 960,0,,
input_xlsx.xlsx,"ATR 1. Point Township Dr, south of Ridge Rd",Point Township Dr,EB,2026-04-21,19:15:00,19:30:00,> 960,0,,
input_xlsx.xlsx,"ATR 1. Point Township Dr, south of Ridge Rd",Point Township Dr,EB,2026-04-21,19:30:00,19:45:00,0 to 72,0,,
input_xlsx.xlsx,"ATR 1. Point Township Dr, south of Ridge Rd",Point Township Dr,EB,2026-04-21,19:30:00,19:45:00,>72 to 120,0,,
input_xlsx.xlsx,"ATR 1. Point Township Dr, south of Ridge Rd",Point Township Dr,EB,2026-04-21,19:30:00,19:45:00,>120 to 180,35,,
input_xlsx.xlsx,"ATR 1. Point Township Dr, south of Ridge Rd",Point Township Dr,EB,2026-04-21,19:30:00,19:45:00,>180 to 240,12,,
input_xlsx.xlsx,"ATR 1. Point Township Dr, south of Ridge Rd",Point Township Dr,EB,2026-04-21,19:30:00,19:45:00,>240 to 300,1,,
input_xlsx.xlsx,"ATR 1. Point Township Dr, south of Ridge Rd",Point Township Dr,EB,2026-04-21,19:30:00,19:45:00,>300 to 360,0,,
input_xlsx.xlsx,"ATR 1. Point Township Dr, south of Ridge Rd",Point Township Dr,EB,2026-04-21,19:30:00,19:45:00,>360 to 480,0,,
input_xlsx.xlsx,"ATR 1. Point Township Dr, south of Ridge Rd",Point Township Dr,EB,2026-04-21,19:30:00,19:45:00,>480 to 600,0,,
input_xlsx.xlsx,"ATR 1. Point Township Dr, south of Ridge Rd",Point Township Dr,EB,2026-04-21,19:30:00,19:45:00,>600 to 720,0,,
input_xlsx.xlsx,"ATR 1. Point Township Dr, south of Ridge Rd",Point Township Dr,EB,2026-04-21,19:30:00,19:45:00,>720 to 840,0,,
input_xlsx.xlsx,"ATR 1. Point Township Dr, south of Ridge Rd",Point Township Dr,EB,2026-04-21,19:30:00,19:45:00,>840 to 960,0,,
input_xlsx.xlsx,"ATR 1. Point Township Dr, south of Ridge Rd",Point Township Dr,EB,2026-04-21,19:30:00,19:45:00,> 960,0,,
input_xlsx.xlsx,"ATR 1. Point Township Dr, south of Ridge Rd",Point Township Dr,EB,2026-04-21,19:45:00,20:00:00,0 to 72,0,,
input_xlsx.xlsx,"ATR 1. Point Township Dr, south of Ridge Rd",Point Township Dr,EB,2026-04-21,19:45:00,20:00:00,>72 to 120,0,,
input_xlsx.xlsx,"ATR 1. Point Township Dr, south of Ridge Rd",Point Township Dr,EB,2026-04-21,19:45:00,20:00:00,>120 to 180,29,,
input_xlsx.xlsx,"ATR 1. Point Township Dr, south of Ridge Rd",Point Township Dr,EB,2026-04-21,19:45:00,20:00:00,>180 to 240,10,,
input_xlsx.xlsx,"ATR 1. Point Township Dr, south of Ridge Rd",Point Township Dr,EB,2026-04-21,19:45:00,20:00:00,>240 to 300,0,,
input_xlsx.xlsx,"ATR 1. Point Township Dr, south of Ridge Rd",Point Township Dr,EB,2026-04-21,19:45:00,20:00:00,>300 to 360,0,,
input_xlsx.xlsx,"ATR 1. Point Township Dr, south of Ridge Rd",Point Township Dr,EB,2026-04-21,19:45:00,20:00:00,>360 to 480,0,,
input_xlsx.xlsx,"ATR 1. Point Township Dr, south of Ridge Rd",Point Township Dr,EB,2026-04-21,19:45:00,20:00:00,>480 to 600,0,,
input_xlsx.xlsx,"ATR 1. Point Township Dr, south of Ridge Rd",Point Township Dr,EB,2026-04-21,19:45:00,20:00:00,>600 to 720,0,,
input_xlsx.xlsx,"ATR 1. Point Township Dr, south of Ridge Rd",Point Township Dr,EB,2026-04-21,19:45:00,20:00:00,>720 to 840,0,,
input_xlsx.xlsx,"ATR 1. Point Township Dr, south of Ridge Rd",Point Township Dr,EB,2026-04-21,19:45:00,20:00:00,>840 to 960,2,,
input_xlsx.xlsx,"ATR 1. Point Township Dr, south of Ridge Rd",Point Township Dr,EB,2026-04-21,19:45:00,20:00:00,> 960,0,,
input_xlsx.xlsx,"ATR 1. Point Township Dr, south of Ridge Rd",Point Township Dr,EB,2026-04-21,20:00:00,20:15:00,0 to 72,0,,
input_xlsx.xlsx,"ATR 1. Point Township Dr, south of Ridge Rd",Point Township Dr,EB,2026-04-21,20:00:00,20:15:00,>72 to 120,0,,
input_xlsx.xlsx,"ATR 1. Point Township Dr, south of Ridge Rd",Point Township Dr,EB,2026-04-21,20:00:00,20:15:00,>120 to 180,20,,
input_xlsx.xlsx,"ATR 1. Point Township Dr, south of Ridge Rd",Point Township Dr,EB,2026-04-21,20:00:00,20:15:00,>180 to 240,11,,
input_xlsx.xlsx,"ATR 1. Point Township Dr, south of Ridge Rd",Point Township Dr,EB,2026-04-21,20:00:00,20:15:00,>240 to 300,0,,
input_xlsx.xlsx,"ATR 1. Point Township Dr, south of Ridge Rd",Point Township Dr,EB,2026-04-21,20:00:00,20:15:00,>300 to 360,0,,
input_xlsx.xlsx,"ATR 1. Point Township Dr, south of Ridge Rd",Point Township Dr,EB,2026-04-21,20:00:00,20:15:00,>360 to 480,0,,
input_xlsx.xlsx,"ATR 1. Point Township Dr, south of Ridge Rd",Point Township Dr,EB,2026-04-21,20:00:00,20:15:00,>480 to 600,0,,
input_xlsx.xlsx,"ATR 1. Point Township Dr, south of Ridge Rd",Point Township Dr,EB,2026-04-21,20:00:00,20:15:00,>600 to 720,1,,
input_xlsx.xlsx,"ATR 1. Point Township Dr, south of Ridge Rd",Point Township Dr,EB,2026-04-21,20:00:00,20:15:00,>720 to 840,1,,
input_xlsx.xlsx,"ATR 1. Point Township Dr, south of Ridge Rd",Point Township Dr,EB,2026-04-21,20:00:00,20:15:00,>840 to 960,3,,
input_xlsx.xlsx,"ATR 1. Point Township Dr, south of Ridge Rd",Point Township Dr,EB,2026-04-21,20:00:00,20:15:00,> 960,0,,
input_xlsx.xlsx,"ATR 1. Point Township Dr, south of Ridge Rd",Point Township Dr,EB,2026-04-21,20:15:00,20:30:00,0 to 72,0,,
input_xlsx.xlsx,"ATR 1. Point Township Dr, south of Ridge Rd",Point Township Dr,EB,2026-04-21,20:15:00,20:30:00,>72 to 120,0,,
input_xlsx.xlsx,"ATR 1. Point Township Dr, south of Ridge Rd",Point Township Dr,EB,2026-04-21,20:15:00,20:30:00,>120 to 180,16,,
input_xlsx.xlsx,"ATR 1. Point Township Dr, south of Ridge Rd",Point Township Dr,EB,2026-04-21,20:15:00,20:30:00,>180 to 240,9,,
input_xlsx.xlsx,"ATR 1. Point Township Dr, south of Ridge Rd",Point Township Dr,EB,2026-04-21,20:15:00,20:30:00,>240 to 300,0,,
input_xlsx.xlsx,"ATR 1. Point Township Dr, south of Ridge Rd",Point Township Dr,EB,2026-04-21,20:15:00,20:30:00,>300 to 360,0,,
input_xlsx.xlsx,"ATR 1. Point Township Dr, south of Ridge Rd",Point Township Dr,EB,2026-04-21,20:15:00,20:30:00,>360 to 480,0,,
input_xlsx.xlsx,"ATR 1. Point Township Dr, south of Ridge Rd",Point Township Dr,EB,2026-04-21,20:15:00,20:30:00,>480 to 600,1,,
input_xlsx.xlsx,"ATR 1. Point Township Dr, south of Ridge Rd",Point Township Dr,EB,2026-04-21,20:15:00,20:30:00,>600 to 720,0,,
input_xlsx.xlsx,"ATR 1. Point Township Dr, south of Ridge Rd",Point Township Dr,EB,2026-04-21,20:15:00,20:30:00,>720 to 840,1,,
input_xlsx.xlsx,"ATR 1. Point Township Dr, south of Ridge Rd",Point Township Dr,EB,2026-04-21,20:15:00,20:30:00,>840 to 960,0,,
input_xlsx.xlsx,"ATR 1. Point Township Dr, south of Ridge Rd",Point Township Dr,EB,2026-04-21,20:15:00,20:30:00,> 960,0,,
input_xlsx.xlsx,"ATR 1. Point Township Dr, south of Ridge Rd",Point Township Dr,EB,2026-04-21,20:30:00,20:45:00,0 to 72,0,,
input_xlsx.xlsx,"ATR 1. Point Township Dr, south of Ridge Rd",Point Township Dr,EB,2026-04-21,20:30:00,20:45:00,>72 to 120,0,,
input_xlsx.xlsx,"ATR 1. Point Township Dr, south of Ridge Rd",Point Township Dr,EB,2026-04-21,20:30:00,20:45:00,>120 to 180,16,,
input_xlsx.xlsx,"ATR 1. Point Township Dr, south of Ridge Rd",Point Township Dr,EB,2026-04-21,20:30:00,20:45:00,>180 to 240,10,,
input_xlsx.xlsx,"ATR 1. Point Township Dr, south of Ridge Rd",Point Township Dr,EB,2026-04-21,20:30:00,20:45:00,>240 to 300,0,,
input_xlsx.xlsx,"ATR 1. Point Township Dr, south of Ridge Rd",Point Township Dr,EB,2026-04-21,20:30:00,20:45:00,>300 to 360,0,,
input_xlsx.xlsx,"ATR 1. Point Township Dr, south of Ridge Rd",Point Township Dr,EB,2026-04-21,20:30:00,20:45:00,>360 to 480,0,,
input_xlsx.xlsx,"ATR 1. Point Township Dr, south of Ridge Rd",Point Township Dr,EB,2026-04-21,20:30:00,20:45:00,>480 to 600,0,,
input_xlsx.xlsx,"ATR 1. Point Township Dr, south of Ridge Rd",Point Township Dr,EB,2026-04-21,20:30:00,20:45:00,>600 to 720,0,,
input_xlsx.xlsx,"ATR 1. Point Township Dr, south of Ridge Rd",Point Township Dr,EB,2026-04-21,20:30:00,20:45:00,>720 to 840,1,,
input_xlsx.xlsx,"ATR 1. Point Township Dr, south of Ridge Rd",Point Township Dr,EB,2026-04-21,20:30:00,20:45:00,>840 to 960,0,,
input_xlsx.xlsx,"ATR 1. Point Township Dr, south of Ridge Rd",Point Township Dr,EB,2026-04-21,20:30:00,20:45:00,> 960,0,,
input_xlsx.xlsx,"ATR 1. Point Township Dr, south of Ridge Rd",Point Township Dr,EB,2026-04-21,20:45:00,21:00:00,0 to 72,0,,
input_xlsx.xlsx,"ATR 1. Point Township Dr, south of Ridge Rd",Point Township Dr,EB,2026-04-21,20:45:00,21:00:00,>72 to 120,0,,
input_xlsx.xlsx,"ATR 1. Point Township Dr, south of Ridge Rd",Point Township Dr,EB,2026-04-21,20:45:00,21:00:00,>120 to 180,25,,
input_xlsx.xlsx,"ATR 1. Point Township Dr, south of Ridge Rd",Point Township Dr,EB,2026-04-21,20:45:00,21:00:00,>180 to 240,4,,
input_xlsx.xlsx,"ATR 1. Point Township Dr, south of Ridge Rd",Point Township Dr,EB,2026-04-21,20:45:00,21:00:00,>240 to 300,0,,
input_xlsx.xlsx,"ATR 1. Point Township Dr, south of Ridge Rd",Point Township Dr,EB,2026-04-21,20:45:00,21:00:00,>300 to 360,0,,
input_xlsx.xlsx,"ATR 1. Point Township Dr, south of Ridge Rd",Point Township Dr,EB,2026-04-21,20:45:00,21:00:00,>360 to 480,0,,
input_xlsx.xlsx,"ATR 1. Point Township Dr, south of Ridge Rd",Point Township Dr,EB,2026-04-21,20:45:00,21:00:00,>480 to 600,0,,
input_xlsx.xlsx,"ATR 1. Point Township Dr, south of Ridge Rd",Point Township Dr,EB,2026-04-21,20:45:00,21:00:00,>600 to 720,1,,
input_xlsx.xlsx,"ATR 1. Point Township Dr, south of Ridge Rd",Point Township Dr,EB,2026-04-21,20:45:00,21:00:00,>720 to 840,0,,
input_xlsx.xlsx,"ATR 1. Point Township Dr, south of Ridge Rd",Point Township Dr,EB,2026-04-21,20:45:00,21:00:00,>840 to 960,1,,
input_xlsx.xlsx,"ATR 1. Point Township Dr, south of Ridge Rd",Point Township Dr,EB,2026-04-21,20:45:00,21:00:00,> 960,0,,
input_xlsx.xlsx,"ATR 1. Point Township Dr, south of Ridge Rd",Point Township Dr,EB,2026-04-21,21:00:00,21:15:00,0 to 72,0,,
input_xlsx.xlsx,"ATR 1. Point Township Dr, south of Ridge Rd",Point Township Dr,EB,2026-04-21,21:00:00,21:15:00,>72 to 120,0,,
input_xlsx.xlsx,"ATR 1. Point Township Dr, south of Ridge Rd",Point Township Dr,EB,2026-04-21,21:00:00,21:15:00,>120 to 180,13,,
input_xlsx.xlsx,"ATR 1. Point Township Dr, south of Ridge Rd",Point Township Dr,EB,2026-04-21,21:00:00,21:15:00,>180 to 240,5,,
input_xlsx.xlsx,"ATR 1. Point Township Dr, south of Ridge Rd",Point Township Dr,EB,2026-04-21,21:00:00,21:15:00,>240 to 300,1,,
input_xlsx.xlsx,"ATR 1. Point Township Dr, south of Ridge Rd",Point Township Dr,EB,2026-04-21,21:00:00,21:15:00,>300 to 360,0,,
input_xlsx.xlsx,"ATR 1. Point Township Dr, south of Ridge Rd",Point Township Dr,EB,2026-04-21,21:00:00,21:15:00,>360 to 480,1,,
input_xlsx.xlsx,"ATR 1. Point Township Dr, south of Ridge Rd",Point Township Dr,EB,2026-04-21,21:00:00,21:15:00,>480 to 600,0,,
input_xlsx.xlsx,"ATR 1. Point Township Dr, south of Ridge Rd",Point Township Dr,EB,2026-04-21,21:00:00,21:15:00,>600 to 720,0,,
input_xlsx.xlsx,"ATR 1. Point Township Dr, south of Ridge Rd",Point Township Dr,EB,2026-04-21,21:00:00,21:15:00,>720 to 840,0,,
input_xlsx.xlsx,"ATR 1. Point Township Dr, south of Ridge Rd",Point Township Dr,EB,2026-04-21,21:00:00,21:15:00,>840 to 960,3,,
input_xlsx.xlsx,"ATR 1. Point Township Dr, south of Ridge Rd",Point Township Dr,EB,2026-04-21,21:00:00,21:15:00,> 960,0,,
input_xlsx.xlsx,"ATR 1. Point Township Dr, south of Ridge Rd",Point Township Dr,EB,2026-04-21,21:15:00,21:30:00,0 to 72,0,,
input_xlsx.xlsx,"ATR 1. Point Township Dr, south of Ridge Rd",Point Township Dr,EB,2026-04-21,21:15:00,21:30:00,>72 to 120,0,,
input_xlsx.xlsx,"ATR 1. Point Township Dr, south of Ridge Rd",Point Township Dr,EB,2026-04-21,21:15:00,21:30:00,>120 to 180,15,,
input_xlsx.xlsx,"ATR 1. Point Township Dr, south of Ridge Rd",Point Township Dr,EB,2026-04-21,21:15:00,21:30:00,>180 to 240,7,,
input_xlsx.xlsx,"ATR 1. Point Township Dr, south of Ridge Rd",Point Township Dr,EB,2026-04-21,21:15:00,21:30:00,>240 to 300,0,,
input_xlsx.xlsx,"ATR 1. Point Township Dr, south of Ridge Rd",Point Township Dr,EB,2026-04-21,21:15:00,21:30:00,>300 to 360,0,,
input_xlsx.xlsx,"ATR 1. Point Township Dr, south of Ridge Rd",Point Township Dr,EB,2026-04-21,21:15:00,21:30:00,>360 to 480,0,,
input_xlsx.xlsx,"ATR 1. Point Township Dr, south of Ridge Rd",Point Township Dr,EB,2026-04-21,21:15:00,21:30:00,>480 to 600,0,,
input_xlsx.xlsx,"ATR 1. Point Township Dr, south of Ridge Rd",Point Township Dr,EB,2026-04-21,21:15:00,21:30:00,>600 to 720,0,,
input_xlsx.xlsx,"ATR 1. Point Township Dr, south of Ridge Rd",Point Township Dr,EB,2026-04-21,21:15:00,21:30:00,>720 to 840,1,,
input_xlsx.xlsx,"ATR 1. Point Township Dr, south of Ridge Rd",Point Township Dr,EB,2026-04-21,21:15:00,21:30:00,>840 to 960,0,,
input_xlsx.xlsx,"ATR 1. Point Township Dr, south of Ridge Rd",Point Township Dr,EB,2026-04-21,21:15:00,21:30:00,> 960,0,,
input_xlsx.xlsx,"ATR 1. Point Township Dr, south of Ridge Rd",Point Township Dr,EB,2026-04-21,21:30:00,21:45:00,0 to 72,0,,
input_xlsx.xlsx,"ATR 1. Point Township Dr, south of Ridge Rd",Point Township Dr,EB,2026-04-21,21:30:00,21:45:00,>72 to 120,0,,
input_xlsx.xlsx,"ATR 1. Point Township Dr, south of Ridge Rd",Point Township Dr,EB,2026-04-21,21:30:00,21:45:00,>120 to 180,11,,
input_xlsx.xlsx,"ATR 1. Point Township Dr, south of Ridge Rd",Point Township Dr,EB,2026-04-21,21:30:00,21:45:00,>180 to 240,9,,
input_xlsx.xlsx,"ATR 1. Point Township Dr, south of Ridge Rd",Point Township Dr,EB,2026-04-21,21:30:00,21:45:00,>240 to 300,0,,
input_xlsx.xlsx,"ATR 1. Point Township Dr, south of Ridge Rd",Point Township Dr,EB,2026-04-21,21:30:00,21:45:00,>300 to 360,0,,
input_xlsx.xlsx,"ATR 1. Point Township Dr, south of Ridge Rd",Point Township Dr,EB,2026-04-21,21:30:00,21:45:00,>360 to 480,0,,
input_xlsx.xlsx,"ATR 1. Point Township Dr, south of Ridge Rd",Point Township Dr,EB,2026-04-21,21:30:00,21:45:00,>480 to 600,1,,
input_xlsx.xlsx,"ATR 1. Point Township Dr, south of Ridge Rd",Point Township Dr,EB,2026-04-21,21:30:00,21:45:00,>600 to 720,0,,
input_xlsx.xlsx,"ATR 1. Point Township Dr, south of Ridge Rd",Point Township Dr,EB,2026-04-21,21:30:00,21:45:00,>720 to 840,1,,
input_xlsx.xlsx,"ATR 1. Point Township Dr, south of Ridge Rd",Point Township Dr,EB,2026-04-21,21:30:00,21:45:00,>840 to 960,1,,
input_xlsx.xlsx,"ATR 1. Point Township Dr, south of Ridge Rd",Point Township Dr,EB,2026-04-21,21:30:00,21:45:00,> 960,0,,
input_xlsx.xlsx,"ATR 1. Point Township Dr, south of Ridge Rd",Point Township Dr,EB,2026-04-21,21:45:00,22:00:00,0 to 72,0,,
input_xlsx.xlsx,"ATR 1. Point Township Dr, south of Ridge Rd",Point Township Dr,EB,2026-04-21,21:45:00,22:00:00,>72 to 120,0,,
input_xlsx.xlsx,"ATR 1. Point Township Dr, south of Ridge Rd",Point Township Dr,EB,2026-04-21,21:45:00,22:00:00,>120 to 180,18,,
input_xlsx.xlsx,"ATR 1. Point Township Dr, south of Ridge Rd",Point Township Dr,EB,2026-04-21,21:45:00,22:00:00,>180 to 240,10,,
input_xlsx.xlsx,"ATR 1. Point Township Dr, south of Ridge Rd",Point Township Dr,EB,2026-04-21,21:45:00,22:00:00,>240 to 300,1,,
input_xlsx.xlsx,"ATR 1. Point Township Dr, south of Ridge Rd",Point Township Dr,EB,2026-04-21,21:45:00,22:00:00,>300 to 360,0,,
input_xlsx.xlsx,"ATR 1. Point Township Dr, south of Ridge Rd",Point Township Dr,EB,2026-04-21,21:45:00,22:00:00,>360 to 480,0,,
input_xlsx.xlsx,"ATR 1. Point Township Dr, south of Ridge Rd",Point Township Dr,EB,2026-04-21,21:45:00,22:00:00,>480 to 600,0,,
input_xlsx.xlsx,"ATR 1. Point Township Dr, south of Ridge Rd",Point Township Dr,EB,2026-04-21,21:45:00,22:00:00,>600 to 720,0,,
input_xlsx.xlsx,"ATR 1. Point Township Dr, south of Ridge Rd",Point Township Dr,EB,2026-04-21,21:45:00,22:00:00,>720 to 840,2,,
input_xlsx.xlsx,"ATR 1. Point Township Dr, south of Ridge Rd",Point Township Dr,EB,2026-04-21,21:45:00,22:00:00,>840 to 960,0,,
input_xlsx.xlsx,"ATR 1. Point Township Dr, south of Ridge Rd",Point Township Dr,EB,2026-04-21,21:45:00,22:00:00,> 960,0,,
input_xlsx.xlsx,"ATR 1. Point Township Dr, south of Ridge Rd",Point Township Dr,EB,2026-04-21,22:00:00,22:15:00,0 to 72,0,,
input_xlsx.xlsx,"ATR 1. Point Township Dr, south of Ridge Rd",Point Township Dr,EB,2026-04-21,22:00:00,22:15:00,>72 to 120,0,,
input_xlsx.xlsx,"ATR 1. Point Township Dr, south of Ridge Rd",Point Township Dr,EB,2026-04-21,22:00:00,22:15:00,>120 to 180,12,,
input_xlsx.xlsx,"ATR 1. Point Township Dr, south of Ridge Rd",Point Township Dr,EB,2026-04-21,22:00:00,22:15:00,>180 to 240,4,,
input_xlsx.xlsx,"ATR 1. Point Township Dr, south of Ridge Rd",Point Township Dr,EB,2026-04-21,22:00:00,22:15:00,>240 to 300,0,,
input_xlsx.xlsx,"ATR 1. Point Township Dr, south of Ridge Rd",Point Township Dr,EB,2026-04-21,22:00:00,22:15:00,>300 to 360,0,,
input_xlsx.xlsx,"ATR 1. Point Township Dr, south of Ridge Rd",Point Township Dr,EB,2026-04-21,22:00:00,22:15:00,>360 to 480,0,,
input_xlsx.xlsx,"ATR 1. Point Township Dr, south of Ridge Rd",Point Township Dr,EB,2026-04-21,22:00:00,22:15:00,>480 to 600,0,,
input_xlsx.xlsx,"ATR 1. Point Township Dr, south of Ridge Rd",Point Township Dr,EB,2026-04-21,22:00:00,22:15:00,>600 to 720,1,,
input_xlsx.xlsx,"ATR 1. Point Township Dr, south of Ridge Rd",Point Township Dr,EB,2026-04-21,22:00:00,22:15:00,>720 to 840,0,,
input_xlsx.xlsx,"ATR 1. Point Township Dr, south of Ridge Rd",Point Township Dr,EB,2026-04-21,22:00:00,22:15:00,>840 to 960,1,,
input_xlsx.xlsx,"ATR 1. Point Township Dr, south of Ridge Rd",Point Township Dr,EB,2026-04-21,22:00:00,22:15:00,> 960,0,,
input_xlsx.xlsx,"ATR 1. Point Township Dr, south of Ridge Rd",Point Township Dr,EB,2026-04-21,22:15:00,22:30:00,0 to 72,0,,
input_xlsx.xlsx,"ATR 1. Point Township Dr, south of Ridge Rd",Point Township Dr,EB,2026-04-21,22:15:00,22:30:00,>72 to 120,0,,
input_xlsx.xlsx,"ATR 1. Point Township Dr, south of Ridge Rd",Point Township Dr,EB,2026-04-21,22:15:00,22:30:00,>120 to 180,15,,
input_xlsx.xlsx,"ATR 1. Point Township Dr, south of Ridge Rd",Point Township Dr,EB,2026-04-21,22:15:00,22:30:00,>180 to 240,2,,
input_xlsx.xlsx,"ATR 1. Point Township Dr, south of Ridge Rd",Point Township Dr,EB,2026-04-21,22:15:00,22:30:00,>240 to 300,0,,
input_xlsx.xlsx,"ATR 1. Point Township Dr, south of Ridge Rd",Point Township Dr,EB,2026-04-21,22:15:00,22:30:00,>300 to 360,0,,
input_xlsx.xlsx,"ATR 1. Point Township Dr, south of Ridge Rd",Point Township Dr,EB,2026-04-21,22:15:00,22:30:00,>360 to 480,0,,
input_xlsx.xlsx,"ATR 1. Point Township Dr, south of Ridge Rd",Point Township Dr,EB,2026-04-21,22:15:00,22:30:00,>480 to 600,1,,
input_xlsx.xlsx,"ATR 1. Point Township Dr, south of Ridge Rd",Point Township Dr,EB,2026-04-21,22:15:00,22:30:00,>600 to 720,0,,
input_xlsx.xlsx,"ATR 1. Point Township Dr, south of Ridge Rd",Point Township Dr,EB,2026-04-21,22:15:00,22:30:00,>720 to 840,0,,
input_xlsx.xlsx,"ATR 1. Point Township Dr, south of Ridge Rd",Point Township Dr,EB,2026-04-21,22:15:00,22:30:00,>840 to 960,1,,
input_xlsx.xlsx,"ATR 1. Point Township Dr, south of Ridge Rd",Point Township Dr,EB,2026-04-21,22:15:00,22:30:00,> 960,0,,
input_xlsx.xlsx,"ATR 1. Point Township Dr, south of Ridge Rd",Point Township Dr,EB,2026-04-21,22:30:00,22:45:00,0 to 72,0,,
input_xlsx.xlsx,"ATR 1. Point Township Dr, south of Ridge Rd",Point Township Dr,EB,2026-04-21,22:30:00,22:45:00,>72 to 120,0,,
input_xlsx.xlsx,"ATR 1. Point Township Dr, south of Ridge Rd",Point Township Dr,EB,2026-04-21,22:30:00,22:45:00,>120 to 180,10,,
input_xlsx.xlsx,"ATR 1. Point Township Dr, south of Ridge Rd",Point Township Dr,EB,2026-04-21,22:30:00,22:45:00,>180 to 240,6,,
input_xlsx.xlsx,"ATR 1. Point Township Dr, south of Ridge Rd",Point Township Dr,EB,2026-04-21,22:30:00,22:45:00,>240 to 300,0,,
input_xlsx.xlsx,"ATR 1. Point Township Dr, south of Ridge Rd",Point Township Dr,EB,2026-04-21,22:30:00,22:45:00,>300 to 360,1,,
input_xlsx.xlsx,"ATR 1. Point Township Dr, south of Ridge Rd",Point Township Dr,EB,2026-04-21,22:30:00,22:45:00,>360 to 480,0,,
input_xlsx.xlsx,"ATR 1. Point Township Dr, south of Ridge Rd",Point Township Dr,EB,2026-04-21,22:30:00,22:45:00,>480 to 600,0,,
input_xlsx.xlsx,"ATR 1. Point Township Dr, south of Ridge Rd",Point Township Dr,EB,2026-04-21,22:30:00,22:45:00,>600 to 720,1,,
input_xlsx.xlsx,"ATR 1. Point Township Dr, south of Ridge Rd",Point Township Dr,EB,2026-04-21,22:30:00,22:45:00,>720 to 840,2,,
input_xlsx.xlsx,"ATR 1. Point Township Dr, south of Ridge Rd",Point Township Dr,EB,2026-04-21,22:30:00,22:45:00,>840 to 960,0,,
input_xlsx.xlsx,"ATR 1. Point Township Dr, south of Ridge Rd",Point Township Dr,EB,2026-04-21,22:30:00,22:45:00,> 960,0,,
input_xlsx.xlsx,"ATR 1. Point Township Dr, south of Ridge Rd",Point Township Dr,EB,2026-04-21,22:45:00,23:00:00,0 to 72,0,,
input_xlsx.xlsx,"ATR 1. Point Township Dr, south of Ridge Rd",Point Township Dr,EB,2026-04-21,22:45:00,23:00:00,>72 to 120,0,,
input_xlsx.xlsx,"ATR 1. Point Township Dr, south of Ridge Rd",Point Township Dr,EB,2026-04-21,22:45:00,23:00:00,>120 to 180,9,,
input_xlsx.xlsx,"ATR 1. Point Township Dr, south of Ridge Rd",Point Township Dr,EB,2026-04-21,22:45:00,23:00:00,>180 to 240,10,,
input_xlsx.xlsx,"ATR 1. Point Township Dr, south of Ridge Rd",Point Township Dr,EB,2026-04-21,22:45:00,23:00:00,>240 to 300,0,,
input_xlsx.xlsx,"ATR 1. Point Township Dr, south of Ridge Rd",Point Township Dr,EB,2026-04-21,22:45:00,23:00:00,>300 to 360,0,,
input_xlsx.xlsx,"ATR 1. Point Township Dr, south of Ridge Rd",Point Township Dr,EB,2026-04-21,22:45:00,23:00:00,>360 to 480,1,,
input_xlsx.xlsx,"ATR 1. Point Township Dr, south of Ridge Rd",Point Township Dr,EB,2026-04-21,22:45:00,23:00:00,>480 to 600,0,,
input_xlsx.xlsx,"ATR 1. Point Township Dr, south of Ridge Rd",Point Township Dr,EB,2026-04-21,22:45:00,23:00:00,>600 to 720,0,,
input_xlsx.xlsx,"ATR 1. Point Township Dr, south of Ridge Rd",Point Township Dr,EB,2026-04-21,22:45:00,23:00:00,>720 to 840,0,,
input_xlsx.xlsx,"ATR 1. Point Township Dr, south of Ridge Rd",Point Township Dr,EB,2026-04-21,22:45:00,23:00:00,>840 to 960,1,,
input_xlsx.xlsx,"ATR 1. Point Township Dr, south of Ridge Rd",Point Township Dr,EB,2026-04-21,22:45:00,23:00:00,> 960,0,,
input_xlsx.xlsx,"ATR 1. Point Township Dr, south of Ridge Rd",Point Township Dr,EB,2026-04-21,23:00:00,23:15:00,0 to 72,0,,
input_xlsx.xlsx,"ATR 1. Point Township Dr, south of Ridge Rd",Point Township Dr,EB,2026-04-21,23:00:00,23:15:00,>72 to 120,0,,
input_xlsx.xlsx,"ATR 1. Point Township Dr, south of Ridge Rd",Point Township Dr,EB,2026-04-21,23:00:00,23:15:00,>120 to 180,7,,
input_xlsx.xlsx,"ATR 1. Point Township Dr, south of Ridge Rd",Point Township Dr,EB,2026-04-21,23:00:00,23:15:00,>180 to 240,0,,
input_xlsx.xlsx,"ATR 1. Point Township Dr, south of Ridge Rd",Point Township Dr,EB,2026-04-21,23:00:00,23:15:00,>240 to 300,0,,
input_xlsx.xlsx,"ATR 1. Point Township Dr, south of Ridge Rd",Point Township Dr,EB,2026-04-21,23:00:00,23:15:00,>300 to 360,0,,
input_xlsx.xlsx,"ATR 1. Point Township Dr, south of Ridge Rd",Point Township Dr,EB,2026-04-21,23:00:00,23:15:00,>360 to 480,0,,
input_xlsx.xlsx,"ATR 1. Point Township Dr, south of Ridge Rd",Point Township Dr,EB,2026-04-21,23:00:00,23:15:00,>480 to 600,0,,
input_xlsx.xlsx,"ATR 1. Point Township Dr, south of Ridge Rd",Point Township Dr,EB,2026-04-21,23:00:00,23:15:00,>600 to 720,1,,
input_xlsx.xlsx,"ATR 1. Point Township Dr, south of Ridge Rd",Point Township Dr,EB,2026-04-21,23:00:00,23:15:00,>720 to 840,0,,
input_xlsx.xlsx,"ATR 1. Point Township Dr, south of Ridge Rd",Point Township Dr,EB,2026-04-21,23:00:00,23:15:00,>840 to 960,1,,
input_xlsx.xlsx,"ATR 1. Point Township Dr, south of Ridge Rd",Point Township Dr,EB,2026-04-21,23:00:00,23:15:00,> 960,0,,
input_xlsx.xlsx,"ATR 1. Point Township Dr, south of Ridge Rd",Point Township Dr,EB,2026-04-21,23:15:00,23:30:00,0 to 72,0,,
input_xlsx.xlsx,"ATR 1. Point Township Dr, south of Ridge Rd",Point Township Dr,EB,2026-04-21,23:15:00,23:30:00,>72 to 120,0,,
input_xlsx.xlsx,"ATR 1. Point Township Dr, south of Ridge Rd",Point Township Dr,EB,2026-04-21,23:15:00,23:30:00,>120 to 180,12,,
input_xlsx.xlsx,"ATR 1. Point Township Dr, south of Ridge Rd",Point Township Dr,EB,2026-04-21,23:15:00,23:30:00,>180 to 240,2,,
input_xlsx.xlsx,"ATR 1. Point Township Dr, south of Ridge Rd",Point Township Dr,EB,2026-04-21,23:15:00,23:30:00,>240 to 300,1,,
input_xlsx.xlsx,"ATR 1. Point Township Dr, south of Ridge Rd",Point Township Dr,EB,2026-04-21,23:15:00,23:30:00,>300 to 360,0,,
input_xlsx.xlsx,"ATR 1. Point Township Dr, south of Ridge Rd",Point Township Dr,EB,2026-04-21,23:15:00,23:30:00,>360 to 480,0,,
input_xlsx.xlsx,"ATR 1. Point Township Dr, south of Ridge Rd",Point Township Dr,EB,2026-04-21,23:15:00,23:30:00,>480 to 600,1,,
input_xlsx.xlsx,"ATR 1. Point Township Dr, south of Ridge Rd",Point Township Dr,EB,2026-04-21,23:15:00,23:30:00,>600 to 720,0,,
input_xlsx.xlsx,"ATR 1. Point Township Dr, south of Ridge Rd",Point Township Dr,EB,2026-04-21,23:15:00,23:30:00,>720 to 840,1,,
input_xlsx.xlsx,"ATR 1. Point Township Dr, south of Ridge Rd",Point Township Dr,EB,2026-04-21,23:15:00,23:30:00,>840 to 960,0,,
input_xlsx.xlsx,"ATR 1. Point Township Dr, south of Ridge Rd",Point Township Dr,EB,2026-04-21,23:15:00,23:30:00,> 960,0,,
input_xlsx.xlsx,"ATR 1. Point Township Dr, south of Ridge Rd",Point Township Dr,EB,2026-04-21,23:30:00,23:45:00,0 to 72,0,,
input_xlsx.xlsx,"ATR 1. Point Township Dr, south of Ridge Rd",Point Township Dr,EB,2026-04-21,23:30:00,23:45:00,>72 to 120,0,,
input_xlsx.xlsx,"ATR 1. Point Township Dr, south of Ridge Rd",Point Township Dr,EB,2026-04-21,23:30:00,23:45:00,>120 to 180,5,,
input_xlsx.xlsx,"ATR 1. Point Township Dr, south of Ridge Rd",Point Township Dr,EB,2026-04-21,23:30:00,23:45:00,>180 to 240,1,,
input_xlsx.xlsx,"ATR 1. Point Township Dr, south of Ridge Rd",Point Township Dr,EB,2026-04-21,23:30:00,23:45:00,>240 to 300,0,,
input_xlsx.xlsx,"ATR 1. Point Township Dr, south of Ridge Rd",Point Township Dr,EB,2026-04-21,23:30:00,23:45:00,>300 to 360,0,,
input_xlsx.xlsx,"ATR 1. Point Township Dr, south of Ridge Rd",Point Township Dr,EB,2026-04-21,23:30:00,23:45:00,>360 to 480,0,,
input_xlsx.xlsx,"ATR 1. Point Township Dr, south of Ridge Rd",Point Township Dr,EB,2026-04-21,23:30:00,23:45:00,>480 to 600,0,,
input_xlsx.xlsx,"ATR 1. Point Township Dr, south of Ridge Rd",Point Township Dr,EB,2026-04-21,23:30:00,23:45:00,>600 to 720,1,,
input_xlsx.xlsx,"ATR 1. Point Township Dr, south of Ridge Rd",Point Township Dr,EB,2026-04-21,23:30:00,23:45:00,>720 to 840,0,,
input_xlsx.xlsx,"ATR 1. Point Township Dr, south of Ridge Rd",Point Township Dr,EB,2026-04-21,23:30:00,23:45:00,>840 to 960,0,,
input_xlsx.xlsx,"ATR 1. Point Township Dr, south of Ridge Rd",Point Township Dr,EB,2026-04-21,23:30:00,23:45:00,> 960,0,,
input_xlsx.xlsx,"ATR 1. Point Township Dr, south of Ridge Rd",Point Township Dr,EB,2026-04-21,23:45:00,00:00:00,0 to 72,0,,
input_xlsx.xlsx,"ATR 1. Point Township Dr, south of Ridge Rd",Point Township Dr,EB,2026-04-21,23:45:00,00:00:00,>72 to 120,0,,
input_xlsx.xlsx,"ATR 1. Point Township Dr, south of Ridge Rd",Point Township Dr,EB,2026-04-21,23:45:00,00:00:00,>120 to 180,7,,
input_xlsx.xlsx,"ATR 1. Point Township Dr, south of Ridge Rd",Point Township Dr,EB,2026-04-21,23:45:00,00:00:00,>180 to 240,0,,
input_xlsx.xlsx,"ATR 1. Point Township Dr, south of Ridge Rd",Point Township Dr,EB,2026-04-21,23:45:00,00:00:00,>240 to 300,0,,
input_xlsx.xlsx,"ATR 1. Point Township Dr, south of Ridge Rd",Point Township Dr,EB,2026-04-21,23:45:00,00:00:00,>300 to 360,1,,
input_xlsx.xlsx,"ATR 1. Point Township Dr, south of Ridge Rd",Point Township Dr,EB,2026-04-21,23:45:00,00:00:00,>360 to 480,0,,
input_xlsx.xlsx,"ATR 1. Point Township Dr, south of Ridge Rd",Point Township Dr,EB,2026-04-21,23:45:00,00:00:00,>480 to 600,0,,
input_xlsx.xlsx,"ATR 1. Point Township Dr, south of Ridge Rd",Point Township Dr,EB,2026-04-21,23:45:00,00:00:00,>600 to 720,1,,
input_xlsx.xlsx,"ATR 1. Point Township Dr, south of Ridge Rd",Point Township Dr,EB,2026-04-21,23:45:00,00:00:00,>720 to 840,0,,
input_xlsx.xlsx,"ATR 1. Point Township Dr, south of Ridge Rd",Point Township Dr,EB,2026-04-21,23:45:00,00:00:00,>840 to 960,0,,
input_xlsx.xlsx,"ATR 1. Point Township Dr, south of Ridge Rd",Point Township Dr,EB,2026-04-21,23:45:00,00:00:00,> 960,0,,
input_xlsx.xlsx,"ATR 1. Point Township Dr, south of Ridge Rd",Point Township Dr,EB,2026-04-22,00:00:00,00:15:00,0 to 72,0,,
input_xlsx.xlsx,"ATR 1. Point Township Dr, south of Ridge Rd",Point Township Dr,EB,2026-04-22,00:00:00,00:15:00,>72 to 120,0,,
input_xlsx.xlsx,"ATR 1. Point Township Dr, south of Ridge Rd",Point Township Dr,EB,2026-04-22,00:00:00,00:15:00,>120 to 180,7,,
input_xlsx.xlsx,"ATR 1. Point Township Dr, south of Ridge Rd",Point Township Dr,EB,2026-04-22,00:00:00,00:15:00,>180 to 240,1,,
input_xlsx.xlsx,"ATR 1. Point Township Dr, south of Ridge Rd",Point Township Dr,EB,2026-04-22,00:00:00,00:15:00,>240 to 300,0,,
input_xlsx.xlsx,"ATR 1. Point Township Dr, south of Ridge Rd",Point Township Dr,EB,2026-04-22,00:00:00,00:15:00,>300 to 360,0,,
input_xlsx.xlsx,"ATR 1. Point Township Dr, south of Ridge Rd",Point Township Dr,EB,2026-04-22,00:00:00,00:15:00,>360 to 480,0,,
input_xlsx.xlsx,"ATR 1. Point Township Dr, south of Ridge Rd",Point Township Dr,EB,2026-04-22,00:00:00,00:15:00,>480 to 600,1,,
input_xlsx.xlsx,"ATR 1. Point Township Dr, south of Ridge Rd",Point Township Dr,EB,2026-04-22,00:00:00,00:15:00,>600 to 720,0,,
input_xlsx.xlsx,"ATR 1. Point Township Dr, south of Ridge Rd",Point Township Dr,EB,2026-04-22,00:00:00,00:15:00,>720 to 840,0,,
input_xlsx.xlsx,"ATR 1. Point Township Dr, south of Ridge Rd",Point Township Dr,EB,2026-04-22,00:00:00,00:15:00,>840 to 960,0,,
input_xlsx.xlsx,"ATR 1. Point Township Dr, south of Ridge Rd",Point Township Dr,EB,2026-04-22,00:00:00,00:15:00,> 960,0,,
input_xlsx.xlsx,"ATR 1. Point Township Dr, south of Ridge Rd",Point Township Dr,EB,2026-04-22,00:15:00,00:30:00,0 to 72,0,,
input_xlsx.xlsx,"ATR 1. Point Township Dr, south of Ridge Rd",Point Township Dr,EB,2026-04-22,00:15:00,00:30:00,>72 to 120,0,,
input_xlsx.xlsx,"ATR 1. Point Township Dr, south of Ridge Rd",Point Township Dr,EB,2026-04-22,00:15:00,00:30:00,>120 to 180,6,,
input_xlsx.xlsx,"ATR 1. Point Township Dr, south of Ridge Rd",Point Township Dr,EB,2026-04-22,00:15:00,00:30:00,>180 to 240,2,,
input_xlsx.xlsx,"ATR 1. Point Township Dr, south of Ridge Rd",Point Township Dr,EB,2026-04-22,00:15:00,00:30:00,>240 to 300,0,,
input_xlsx.xlsx,"ATR 1. Point Township Dr, south of Ridge Rd",Point Township Dr,EB,2026-04-22,00:15:00,00:30:00,>300 to 360,0,,
input_xlsx.xlsx,"ATR 1. Point Township Dr, south of Ridge Rd",Point Township Dr,EB,2026-04-22,00:15:00,00:30:00,>360 to 480,0,,
input_xlsx.xlsx,"ATR 1. Point Township Dr, south of Ridge Rd",Point Township Dr,EB,2026-04-22,00:15:00,00:30:00,>480 to 600,0,,
input_xlsx.xlsx,"ATR 1. Point Township Dr, south of Ridge Rd",Point Township Dr,EB,2026-04-22,00:15:00,00:30:00,>600 to 720,1,,
input_xlsx.xlsx,"ATR 1. Point Township Dr, south of Ridge Rd",Point Township Dr,EB,2026-04-22,00:15:00,00:30:00,>720 to 840,0,,
input_xlsx.xlsx,"ATR 1. Point Township Dr, south of Ridge Rd",Point Township Dr,EB,2026-04-22,00:15:00,00:30:00,>840 to 960,1,,
input_xlsx.xlsx,"ATR 1. Point Township Dr, south of Ridge Rd",Point Township Dr,EB,2026-04-22,00:15:00,00:30:00,> 960,0,,
input_xlsx.xlsx,"ATR 1. Point Township Dr, south of Ridge Rd",Point Township Dr,EB,2026-04-22,00:30:00,00:45:00,0 to 72,0,,
input_xlsx.xlsx,"ATR 1. Point Township Dr, south of Ridge Rd",Point Township Dr,EB,2026-04-22,00:30:00,00:45:00,>72 to 120,0,,
input_xlsx.xlsx,"ATR 1. Point Township Dr, south of Ridge Rd",Point Township Dr,EB,2026-04-22,00:30:00,00:45:00,>120 to 180,9,,
input_xlsx.xlsx,"ATR 1. Point Township Dr, south of Ridge Rd",Point Township Dr,EB,2026-04-22,00:30:00,00:45:00,>180 to 240,0,,
input_xlsx.xlsx,"ATR 1. Point Township Dr, south of Ridge Rd",Point Township Dr,EB,2026-04-22,00:30:00,00:45:00,>240 to 300,0,,
input_xlsx.xlsx,"ATR 1. Point Township Dr, south of Ridge Rd",Point Township Dr,EB,2026-04-22,00:30:00,00:45:00,>300 to 360,0,,
input_xlsx.xlsx,"ATR 1. Point Township Dr, south of Ridge Rd",Point Township Dr,EB,2026-04-22,00:30:00,00:45:00,>360 to 480,0,,
input_xlsx.xlsx,"ATR 1. Point Township Dr, south of Ridge Rd",Point Township Dr,EB,2026-04-22,00:30:00,00:45:00,>480 to 600,0,,
input_xlsx.xlsx,"ATR 1. Point Township Dr, south of Ridge Rd",Point Township Dr,EB,2026-04-22,00:30:00,00:45:00,>600 to 720,0,,
input_xlsx.xlsx,"ATR 1. Point Township Dr, south of Ridge Rd",Point Township Dr,EB,2026-04-22,00:30:00,00:45:00,>720 to 840,0,,
input_xlsx.xlsx,"ATR 1. Point Township Dr, south of Ridge Rd",Point Township Dr,EB,2026-04-22,00:30:00,00:45:00,>840 to 960,0,,
input_xlsx.xlsx,"ATR 1. Point Township Dr, south of Ridge Rd",Point Township Dr,EB,2026-04-22,00:30:00,00:45:00,> 960,0,,
input_xlsx.xlsx,"ATR 1. Point Township Dr, south of Ridge Rd",Point Township Dr,EB,2026-04-22,00:45:00,01:00:00,0 to 72,0,,
input_xlsx.xlsx,"ATR 1. Point Township Dr, south of Ridge Rd",Point Township Dr,EB,2026-04-22,00:45:00,01:00:00,>72 to 120,0,,
input_xlsx.xlsx,"ATR 1. Point Township Dr, south of Ridge Rd",Point Township Dr,EB,2026-04-22,00:45:00,01:00:00,>120 to 180,1,,
input_xlsx.xlsx,"ATR 1. Point Township Dr, south of Ridge Rd",Point Township Dr,EB,2026-04-22,00:45:00,01:00:00,>180 to 240,2,,
input_xlsx.xlsx,"ATR 1. Point Township Dr, south of Ridge Rd",Point Township Dr,EB,2026-04-22,00:45:00,01:00:00,>240 to 300,0,,
input_xlsx.xlsx,"ATR 1. Point Township Dr, south of Ridge Rd",Point Township Dr,EB,2026-04-22,00:45:00,01:00:00,>300 to 360,0,,
input_xlsx.xlsx,"ATR 1. Point Township Dr, south of Ridge Rd",Point Township Dr,EB,2026-04-22,00:45:00,01:00:00,>360 to 480,0,,
input_xlsx.xlsx,"ATR 1. Point Township Dr, south of Ridge Rd",Point Township Dr,EB,2026-04-22,00:45:00,01:00:00,>480 to 600,1,,
input_xlsx.xlsx,"ATR 1. Point Township Dr, south of Ridge Rd",Point Township Dr,EB,2026-04-22,00:45:00,01:00:00,>600 to 720,0,,
input_xlsx.xlsx,"ATR 1. Point Township Dr, south of Ridge Rd",Point Township Dr,EB,2026-04-22,00:45:00,01:00:00,>720 to 840,0,,
input_xlsx.xlsx,"ATR 1. Point Township Dr, south of Ridge Rd",Point Township Dr,EB,2026-04-22,00:45:00,01:00:00,>840 to 960,1,,
input_xlsx.xlsx,"ATR 1. Point Township Dr, south of Ridge Rd",Point Township Dr,EB,2026-04-22,00:45:00,01:00:00,> 960,0,,
input_xlsx.xlsx,"ATR 1. Point Township Dr, south of Ridge Rd",Point Township Dr,EB,2026-04-22,01:00:00,01:15:00,0 to 72,0,,
input_xlsx.xlsx,"ATR 1. Point Township Dr, south of Ridge Rd",Point Township Dr,EB,2026-04-22,01:00:00,01:15:00,>72 to 120,0,,
input_xlsx.xlsx,"ATR 1. Point Township Dr, south of Ridge Rd",Point Township Dr,EB,2026-04-22,01:00:00,01:15:00,>120 to 180,2,,
input_xlsx.xlsx,"ATR 1. Point Township Dr, south of Ridge Rd",Point Township Dr,EB,2026-04-22,01:00:00,01:15:00,>180 to 240,0,,
input_xlsx.xlsx,"ATR 1. Point Township Dr, south of Ridge Rd",Point Township Dr,EB,2026-04-22,01:00:00,01:15:00,>240 to 300,1,,
input_xlsx.xlsx,"ATR 1. Point Township Dr, south of Ridge Rd",Point Township Dr,EB,2026-04-22,01:00:00,01:15:00,>300 to 360,0,,
input_xlsx.xlsx,"ATR 1. Point Township Dr, south of Ridge Rd",Point Township Dr,EB,2026-04-22,01:00:00,01:15:00,>360 to 480,0,,
input_xlsx.xlsx,"ATR 1. Point Township Dr, south of Ridge Rd",Point Township Dr,EB,2026-04-22,01:00:00,01:15:00,>480 to 600,0,,
input_xlsx.xlsx,"ATR 1. Point Township Dr, south of Ridge Rd",Point Township Dr,EB,2026-04-22,01:00:00,01:15:00,>600 to 720,1,,
input_xlsx.xlsx,"ATR 1. Point Township Dr, south of Ridge Rd",Point Township Dr,EB,2026-04-22,01:00:00,01:15:00,>720 to 840,0,,
input_xlsx.xlsx,"ATR 1. Point Township Dr, south of Ridge Rd",Point Township Dr,EB,2026-04-22,01:00:00,01:15:00,>840 to 960,1,,
input_xlsx.xlsx,"ATR 1. Point Township Dr, south of Ridge Rd",Point Township Dr,EB,2026-04-22,01:00:00,01:15:00,> 960,0,,
input_xlsx.xlsx,"ATR 1. Point Township Dr, south of Ridge Rd",Point Township Dr,EB,2026-04-22,01:15:00,01:30:00,0 to 72,0,,
input_xlsx.xlsx,"ATR 1. Point Township Dr, south of Ridge Rd",Point Township Dr,EB,2026-04-22,01:15:00,01:30:00,>72 to 120,0,,
input_xlsx.xlsx,"ATR 1. Point Township Dr, south of Ridge Rd",Point Township Dr,EB,2026-04-22,01:15:00,01:30:00,>120 to 180,1,,
input_xlsx.xlsx,"ATR 1. Point Township Dr, south of Ridge Rd",Point Township Dr,EB,2026-04-22,01:15:00,01:30:00,>180 to 240,1,,
input_xlsx.xlsx,"ATR 1. Point Township Dr, south of Ridge Rd",Point Township Dr,EB,2026-04-22,01:15:00,01:30:00,>240 to 300,0,,
input_xlsx.xlsx,"ATR 1. Point Township Dr, south of Ridge Rd",Point Township Dr,EB,2026-04-22,01:15:00,01:30:00,>300 to 360,0,,
input_xlsx.xlsx,"ATR 1. Point Township Dr, south of Ridge Rd",Point Township Dr,EB,2026-04-22,01:15:00,01:30:00,>360 to 480,0,,
input_xlsx.xlsx,"ATR 1. Point Township Dr, south of Ridge Rd",Point Township Dr,EB,2026-04-22,01:15:00,01:30:00,>480 to 600,0,,
input_xlsx.xlsx,"ATR 1. Point Township Dr, south of Ridge Rd",Point Township Dr,EB,2026-04-22,01:15:00,01:30:00,>600 to 720,0,,
input_xlsx.xlsx,"ATR 1. Point Township Dr, south of Ridge Rd",Point Township Dr,EB,2026-04-22,01:15:00,01:30:00,>720 to 840,1,,
input_xlsx.xlsx,"ATR 1. Point Township Dr, south of Ridge Rd",Point Township Dr,EB,2026-04-22,01:15:00,01:30:00,>840 to 960,0,,
input_xlsx.xlsx,"ATR 1. Point Township Dr, south of Ridge Rd",Point Township Dr,EB,2026-04-22,01:15:00,01:30:00,> 960,0,,
input_xlsx.xlsx,"ATR 1. Point Township Dr, south of Ridge Rd",Point Township Dr,EB,2026-04-22,01:30:00,01:45:00,0 to 72,0,,
input_xlsx.xlsx,"ATR 1. Point Township Dr, south of Ridge Rd",Point Township Dr,EB,2026-04-22,01:30:00,01:45:00,>72 to 120,0,,
input_xlsx.xlsx,"ATR 1. Point Township Dr, south of Ridge Rd",Point Township Dr,EB,2026-04-22,01:30:00,01:45:00,>120 to 180,1,,
input_xlsx.xlsx,"ATR 1. Point Township Dr, south of Ridge Rd",Point Township Dr,EB,2026-04-22,01:30:00,01:45:00,>180 to 240,2,,
input_xlsx.xlsx,"ATR 1. Point Township Dr, south of Ridge Rd",Point Township Dr,EB,2026-04-22,01:30:00,01:45:00,>240 to 300,0,,
input_xlsx.xlsx,"ATR 1. Point Township Dr, south of Ridge Rd",Point Township Dr,EB,2026-04-22,01:30:00,01:45:00,>300 to 360,0,,
input_xlsx.xlsx,"ATR 1. Point Township Dr, south of Ridge Rd",Point Township Dr,EB,2026-04-22,01:30:00,01:45:00,>360 to 480,0,,
input_xlsx.xlsx,"ATR 1. Point Township Dr, south of Ridge Rd",Point Township Dr,EB,2026-04-22,01:30:00,01:45:00,>480 to 600,0,,
input_xlsx.xlsx,"ATR 1. Point Township Dr, south of Ridge Rd",Point Township Dr,EB,2026-04-22,01:30:00,01:45:00,>600 to 720,0,,
input_xlsx.xlsx,"ATR 1. Point Township Dr, south of Ridge Rd",Point Township Dr,EB,2026-04-22,01:30:00,01:45:00,>720 to 840,1,,
input_xlsx.xlsx,"ATR 1. Point Township Dr, south of Ridge Rd",Point Township Dr,EB,2026-04-22,01:30:00,01:45:00,>840 to 960,0,,
input_xlsx.xlsx,"ATR 1. Point Township Dr, south of Ridge Rd",Point Township Dr,EB,2026-04-22,01:30:00,01:45:00,> 960,0,,
input_xlsx.xlsx,"ATR 1. Point Township Dr, south of Ridge Rd",Point Township Dr,EB,2026-04-22,01:45:00,02:00:00,0 to 72,0,,
input_xlsx.xlsx,"ATR 1. Point Township Dr, south of Ridge Rd",Point Township Dr,EB,2026-04-22,01:45:00,02:00:00,>72 to 120,0,,
input_xlsx.xlsx,"ATR 1. Point Township Dr, south of Ridge Rd",Point Township Dr,EB,2026-04-22,01:45:00,02:00:00,>120 to 180,1,,
input_xlsx.xlsx,"ATR 1. Point Township Dr, south of Ridge Rd",Point Township Dr,EB,2026-04-22,01:45:00,02:00:00,>180 to 240,2,,
input_xlsx.xlsx,"ATR 1. Point Township Dr, south of Ridge Rd",Point Township Dr,EB,2026-04-22,01:45:00,02:00:00,>240 to 300,0,,
input_xlsx.xlsx,"ATR 1. Point Township Dr, south of Ridge Rd",Point Township Dr,EB,2026-04-22,01:45:00,02:00:00,>300 to 360,0,,
input_xlsx.xlsx,"ATR 1. Point Township Dr, south of Ridge Rd",Point Township Dr,EB,2026-04-22,01:45:00,02:00:00,>360 to 480,1,,
input_xlsx.xlsx,"ATR 1. Point Township Dr, south of Ridge Rd",Point Township Dr,EB,2026-04-22,01:45:00,02:00:00,>480 to 600,0,,
input_xlsx.xlsx,"ATR 1. Point Township Dr, south of Ridge Rd",Point Township Dr,EB,2026-04-22,01:45:00,02:00:00,>600 to 720,0,,
input_xlsx.xlsx,"ATR 1. Point Township Dr, south of Ridge Rd",Point Township Dr,EB,2026-04-22,01:45:00,02:00:00,>720 to 840,0,,
input_xlsx.xlsx,"ATR 1. Point Township Dr, south of Ridge Rd",Point Township Dr,EB,2026-04-22,01:45:00,02:00:00,>840 to 960,2,,
input_xlsx.xlsx,"ATR 1. Point Township Dr, south of Ridge Rd",Point Township Dr,EB,2026-04-22,01:45:00,02:00:00,> 960,0,,
input_xlsx.xlsx,"ATR 1. Point Township Dr, south of Ridge Rd",Point Township Dr,EB,2026-04-22,02:00:00,02:15:00,0 to 72,0,,
input_xlsx.xlsx,"ATR 1. Point Township Dr, south of Ridge Rd",Point Township Dr,EB,2026-04-22,02:00:00,02:15:00,>72 to 120,0,,
input_xlsx.xlsx,"ATR 1. Point Township Dr, south of Ridge Rd",Point Township Dr,EB,2026-04-22,02:00:00,02:15:00,>120 to 180,6,,
input_xlsx.xlsx,"ATR 1. Point Township Dr, south of Ridge Rd",Point Township Dr,EB,2026-04-22,02:00:00,02:15:00,>180 to 240,1,,
input_xlsx.xlsx,"ATR 1. Point Township Dr, south of Ridge Rd",Point Township Dr,EB,2026-04-22,02:00:00,02:15:00,>240 to 300,0,,
input_xlsx.xlsx,"ATR 1. Point Township Dr, south of Ridge Rd",Point Township Dr,EB,2026-04-22,02:00:00,02:15:00,>300 to 360,0,,
input_xlsx.xlsx,"ATR 1. Point Township Dr, south of Ridge Rd",Point Township Dr,EB,2026-04-22,02:00:00,02:15:00,>360 to 480,1,,
input_xlsx.xlsx,"ATR 1. Point Township Dr, south of Ridge Rd",Point Township Dr,EB,2026-04-22,02:00:00,02:15:00,>480 to 600,0,,
input_xlsx.xlsx,"ATR 1. Point Township Dr, south of Ridge Rd",Point Township Dr,EB,2026-04-22,02:00:00,02:15:00,>600 to 720,0,,
input_xlsx.xlsx,"ATR 1. Point Township Dr, south of Ridge Rd",Point Township Dr,EB,2026-04-22,02:00:00,02:15:00,>720 to 840,0,,
input_xlsx.xlsx,"ATR 1. Point Township Dr, south of Ridge Rd",Point Township Dr,EB,2026-04-22,02:00:00,02:15:00,>840 to 960,1,,
input_xlsx.xlsx,"ATR 1. Point Township Dr, south of Ridge Rd",Point Township Dr,EB,2026-04-22,02:00:00,02:15:00,> 960,0,,
input_xlsx.xlsx,"ATR 1. Point Township Dr, south of Ridge Rd",Point Township Dr,EB,2026-04-22,02:15:00,02:30:00,0 to 72,0,,
input_xlsx.xlsx,"ATR 1. Point Township Dr, south of Ridge Rd",Point Township Dr,EB,2026-04-22,02:15:00,02:30:00,>72 to 120,0,,
input_xlsx.xlsx,"ATR 1. Point Township Dr, south of Ridge Rd",Point Township Dr,EB,2026-04-22,02:15:00,02:30:00,>120 to 180,3,,
input_xlsx.xlsx,"ATR 1. Point Township Dr, south of Ridge Rd",Point Township Dr,EB,2026-04-22,02:15:00,02:30:00,>180 to 240,0,,
input_xlsx.xlsx,"ATR 1. Point Township Dr, south of Ridge Rd",Point Township Dr,EB,2026-04-22,02:15:00,02:30:00,>240 to 300,0,,
input_xlsx.xlsx,"ATR 1. Point Township Dr, south of Ridge Rd",Point Township Dr,EB,2026-04-22,02:15:00,02:30:00,>300 to 360,0,,
input_xlsx.xlsx,"ATR 1. Point Township Dr, south of Ridge Rd",Point Township Dr,EB,2026-04-22,02:15:00,02:30:00,>360 to 480,0,,
input_xlsx.xlsx,"ATR 1. Point Township Dr, south of Ridge Rd",Point Township Dr,EB,2026-04-22,02:15:00,02:30:00,>480 to 600,0,,
input_xlsx.xlsx,"ATR 1. Point Township Dr, south of Ridge Rd",Point Township Dr,EB,2026-04-22,02:15:00,02:30:00,>600 to 720,0,,
input_xlsx.xlsx,"ATR 1. Point Township Dr, south of Ridge Rd",Point Township Dr,EB,2026-04-22,02:15:00,02:30:00,>720 to 840,0,,
input_xlsx.xlsx,"ATR 1. Point Township Dr, south of Ridge Rd",Point Township Dr,EB,2026-04-22,02:15:00,02:30:00,>840 to 960,0,,
input_xlsx.xlsx,"ATR 1. Point Township Dr, south of Ridge Rd",Point Township Dr,EB,2026-04-22,02:15:00,02:30:00,> 960,0,,
input_xlsx.xlsx,"ATR 1. Point Township Dr, south of Ridge Rd",Point Township Dr,EB,2026-04-22,02:30:00,02:45:00,0 to 72,0,,
input_xlsx.xlsx,"ATR 1. Point Township Dr, south of Ridge Rd",Point Township Dr,EB,2026-04-22,02:30:00,02:45:00,>72 to 120,0,,
input_xlsx.xlsx,"ATR 1. Point Township Dr, south of Ridge Rd",Point Township Dr,EB,2026-04-22,02:30:00,02:45:00,>120 to 180,3,,
input_xlsx.xlsx,"ATR 1. Point Township Dr, south of Ridge Rd",Point Township Dr,EB,2026-04-22,02:30:00,02:45:00,>180 to 240,1,,
input_xlsx.xlsx,"ATR 1. Point Township Dr, south of Ridge Rd",Point Township Dr,EB,2026-04-22,02:30:00,02:45:00,>240 to 300,2,,
input_xlsx.xlsx,"ATR 1. Point Township Dr, south of Ridge Rd",Point Township Dr,EB,2026-04-22,02:30:00,02:45:00,>300 to 360,0,,
input_xlsx.xlsx,"ATR 1. Point Township Dr, south of Ridge Rd",Point Township Dr,EB,2026-04-22,02:30:00,02:45:00,>360 to 480,0,,
input_xlsx.xlsx,"ATR 1. Point Township Dr, south of Ridge Rd",Point Township Dr,EB,2026-04-22,02:30:00,02:45:00,>480 to 600,0,,
input_xlsx.xlsx,"ATR 1. Point Township Dr, south of Ridge Rd",Point Township Dr,EB,2026-04-22,02:30:00,02:45:00,>600 to 720,0,,
input_xlsx.xlsx,"ATR 1. Point Township Dr, south of Ridge Rd",Point Township Dr,EB,2026-04-22,02:30:00,02:45:00,>720 to 840,1,,
input_xlsx.xlsx,"ATR 1. Point Township Dr, south of Ridge Rd",Point Township Dr,EB,2026-04-22,02:30:00,02:45:00,>840 to 960,0,,
input_xlsx.xlsx,"ATR 1. Point Township Dr, south of Ridge Rd",Point Township Dr,EB,2026-04-22,02:30:00,02:45:00,> 960,0,,
input_xlsx.xlsx,"ATR 1. Point Township Dr, south of Ridge Rd",Point Township Dr,EB,2026-04-22,02:45:00,03:00:00,0 to 72,0,,
input_xlsx.xlsx,"ATR 1. Point Township Dr, south of Ridge Rd",Point Township Dr,EB,2026-04-22,02:45:00,03:00:00,>72 to 120,0,,
input_xlsx.xlsx,"ATR 1. Point Township Dr, south of Ridge Rd",Point Township Dr,EB,2026-04-22,02:45:00,03:00:00,>120 to 180,4,,
input_xlsx.xlsx,"ATR 1. Point Township Dr, south of Ridge Rd",Point Township Dr,EB,2026-04-22,02:45:00,03:00:00,>180 to 240,0,,
input_xlsx.xlsx,"ATR 1. Point Township Dr, south of Ridge Rd",Point Township Dr,EB,2026-04-22,02:45:00,03:00:00,>240 to 300,0,,
input_xlsx.xlsx,"ATR 1. Point Township Dr, south of Ridge Rd",Point Township Dr,EB,2026-04-22,02:45:00,03:00:00,>300 to 360,0,,
input_xlsx.xlsx,"ATR 1. Point Township Dr, south of Ridge Rd",Point Township Dr,EB,2026-04-22,02:45:00,03:00:00,>360 to 480,0,,
input_xlsx.xlsx,"ATR 1. Point Township Dr, south of Ridge Rd",Point Township Dr,EB,2026-04-22,02:45:00,03:00:00,>480 to 600,0,,
input_xlsx.xlsx,"ATR 1. Point Township Dr, south of Ridge Rd",Point Township Dr,EB,2026-04-22,02:45:00,03:00:00,>600 to 720,1,,
input_xlsx.xlsx,"ATR 1. Point Township Dr, south of Ridge Rd",Point Township Dr,EB,2026-04-22,02:45:00,03:00:00,>720 to 840,1,,
input_xlsx.xlsx,"ATR 1. Point Township Dr, south of Ridge Rd",Point Township Dr,EB,2026-04-22,02:45:00,03:00:00,>840 to 960,0,,
input_xlsx.xlsx,"ATR 1. Point Township Dr, south of Ridge Rd",Point Township Dr,EB,2026-04-22,02:45:00,03:00:00,> 960,0,,
input_xlsx.xlsx,"ATR 1. Point Township Dr, south of Ridge Rd",Point Township Dr,EB,2026-04-22,03:00:00,03:15:00,0 to 72,0,,
input_xlsx.xlsx,"ATR 1. Point Township Dr, south of Ridge Rd",Point Township Dr,EB,2026-04-22,03:00:00,03:15:00,>72 to 120,0,,
input_xlsx.xlsx,"ATR 1. Point Township Dr, south of Ridge Rd",Point Township Dr,EB,2026-04-22,03:00:00,03:15:00,>120 to 180,1,,
input_xlsx.xlsx,"ATR 1. Point Township Dr, south of Ridge Rd",Point Township Dr,EB,2026-04-22,03:00:00,03:15:00,>180 to 240,0,,
input_xlsx.xlsx,"ATR 1. Point Township Dr, south of Ridge Rd",Point Township Dr,EB,2026-04-22,03:00:00,03:15:00,>240 to 300,0,,
input_xlsx.xlsx,"ATR 1. Point Township Dr, south of Ridge Rd",Point Township Dr,EB,2026-04-22,03:00:00,03:15:00,>300 to 360,3,,
input_xlsx.xlsx,"ATR 1. Point Township Dr, south of Ridge Rd",Point Township Dr,EB,2026-04-22,03:00:00,03:15:00,>360 to 480,1,,
input_xlsx.xlsx,"ATR 1. Point Township Dr, south of Ridge Rd",Point Township Dr,EB,2026-04-22,03:00:00,03:15:00,>480 to 600,0,,
input_xlsx.xlsx,"ATR 1. Point Township Dr, south of Ridge Rd",Point Township Dr,EB,2026-04-22,03:00:00,03:15:00,>600 to 720,0,,
input_xlsx.xlsx,"ATR 1. Point Township Dr, south of Ridge Rd",Point Township Dr,EB,2026-04-22,03:00:00,03:15:00,>720 to 840,2,,
input_xlsx.xlsx,"ATR 1. Point Township Dr, south of Ridge Rd",Point Township Dr,EB,2026-04-22,03:00:00,03:15:00,>840 to 960,0,,
input_xlsx.xlsx,"ATR 1. Point Township Dr, south of Ridge Rd",Point Township Dr,EB,2026-04-22,03:00:00,03:15:00,> 960,0,,
input_xlsx.xlsx,"ATR 1. Point Township Dr, south of Ridge Rd",Point Township Dr,EB,2026-04-22,03:15:00,03:30:00,0 to 72,0,,
input_xlsx.xlsx,"ATR 1. Point Township Dr, south of Ridge Rd",Point Township Dr,EB,2026-04-22,03:15:00,03:30:00,>72 to 120,0,,
input_xlsx.xlsx,"ATR 1. Point Township Dr, south of Ridge Rd",Point Township Dr,EB,2026-04-22,03:15:00,03:30:00,>120 to 180,3,,
input_xlsx.xlsx,"ATR 1. Point Township Dr, south of Ridge Rd",Point Township Dr,EB,2026-04-22,03:15:00,03:30:00,>180 to 240,2,,
input_xlsx.xlsx,"ATR 1. Point Township Dr, south of Ridge Rd",Point Township Dr,EB,2026-04-22,03:15:00,03:30:00,>240 to 300,1,,
input_xlsx.xlsx,"ATR 1. Point Township Dr, south of Ridge Rd",Point Township Dr,EB,2026-04-22,03:15:00,03:30:00,>300 to 360,0,,
input_xlsx.xlsx,"ATR 1. Point Township Dr, south of Ridge Rd",Point Township Dr,EB,2026-04-22,03:15:00,03:30:00,>360 to 480,2,,
input_xlsx.xlsx,"ATR 1. Point Township Dr, south of Ridge Rd",Point Township Dr,EB,2026-04-22,03:15:00,03:30:00,>480 to 600,0,,
input_xlsx.xlsx,"ATR 1. Point Township Dr, south of Ridge Rd",Point Township Dr,EB,2026-04-22,03:15:00,03:30:00,>600 to 720,0,,
input_xlsx.xlsx,"ATR 1. Point Township Dr, south of Ridge Rd",Point Township Dr,EB,2026-04-22,03:15:00,03:30:00,>720 to 840,0,,
input_xlsx.xlsx,"ATR 1. Point Township Dr, south of Ridge Rd",Point Township Dr,EB,2026-04-22,03:15:00,03:30:00,>840 to 960,1,,
input_xlsx.xlsx,"ATR 1. Point Township Dr, south of Ridge Rd",Point Township Dr,EB,2026-04-22,03:15:00,03:30:00,> 960,0,,
input_xlsx.xlsx,"ATR 1. Point Township Dr, south of Ridge Rd",Point Township Dr,EB,2026-04-22,03:30:00,03:45:00,0 to 72,0,,
input_xlsx.xlsx,"ATR 1. Point Township Dr, south of Ridge Rd",Point Township Dr,EB,2026-04-22,03:30:00,03:45:00,>72 to 120,0,,
input_xlsx.xlsx,"ATR 1. Point Township Dr, south of Ridge Rd",Point Township Dr,EB,2026-04-22,03:30:00,03:45:00,>120 to 180,4,,
input_xlsx.xlsx,"ATR 1. Point Township Dr, south of Ridge Rd",Point Township Dr,EB,2026-04-22,03:30:00,03:45:00,>180 to 240,4,,
input_xlsx.xlsx,"ATR 1. Point Township Dr, south of Ridge Rd",Point Township Dr,EB,2026-04-22,03:30:00,03:45:00,>240 to 300,0,,
input_xlsx.xlsx,"ATR 1. Point Township Dr, south of Ridge Rd",Point Township Dr,EB,2026-04-22,03:30:00,03:45:00,>300 to 360,0,,
input_xlsx.xlsx,"ATR 1. Point Township Dr, south of Ridge Rd",Point Township Dr,EB,2026-04-22,03:30:00,03:45:00,>360 to 480,1,,
input_xlsx.xlsx,"ATR 1. Point Township Dr, south of Ridge Rd",Point Township Dr,EB,2026-04-22,03:30:00,03:45:00,>480 to 600,0,,
input_xlsx.xlsx,"ATR 1. Point Township Dr, south of Ridge Rd",Point Township Dr,EB,2026-04-22,03:30:00,03:45:00,>600 to 720,0,,
input_xlsx.xlsx,"ATR 1. Point Township Dr, south of Ridge Rd",Point Township Dr,EB,2026-04-22,03:30:00,03:45:00,>720 to 840,2,,
input_xlsx.xlsx,"ATR 1. Point Township Dr, south of Ridge Rd",Point Township Dr,EB,2026-04-22,03:30:00,03:45:00,>840 to 960,0,,
input_xlsx.xlsx,"ATR 1. Point Township Dr, south of Ridge Rd",Point Township Dr,EB,2026-04-22,03:30:00,03:45:00,> 960,0,,
input_xlsx.xlsx,"ATR 1. Point Township Dr, south of Ridge Rd",Point Township Dr,EB,2026-04-22,03:45:00,04:00:00,0 to 72,0,,
input_xlsx.xlsx,"ATR 1. Point Township Dr, south of Ridge Rd",Point Township Dr,EB,2026-04-22,03:45:00,04:00:00,>72 to 120,0,,
input_xlsx.xlsx,"ATR 1. Point Township Dr, south of Ridge Rd",Point Township Dr,EB,2026-04-22,03:45:00,04:00:00,>120 to 180,4,,
input_xlsx.xlsx,"ATR 1. Point Township Dr, south of Ridge Rd",Point Township Dr,EB,2026-04-22,03:45:00,04:00:00,>180 to 240,4,,
input_xlsx.xlsx,"ATR 1. Point Township Dr, south of Ridge Rd",Point Township Dr,EB,2026-04-22,03:45:00,04:00:00,>240 to 300,0,,
input_xlsx.xlsx,"ATR 1. Point Township Dr, south of Ridge Rd",Point Township Dr,EB,2026-04-22,03:45:00,04:00:00,>300 to 360,0,,
input_xlsx.xlsx,"ATR 1. Point Township Dr, south of Ridge Rd",Point Township Dr,EB,2026-04-22,03:45:00,04:00:00,>360 to 480,0,,
input_xlsx.xlsx,"ATR 1. Point Township Dr, south of Ridge Rd",Point Township Dr,EB,2026-04-22,03:45:00,04:00:00,>480 to 600,0,,
input_xlsx.xlsx,"ATR 1. Point Township Dr, south of Ridge Rd",Point Township Dr,EB,2026-04-22,03:45:00,04:00:00,>600 to 720,0,,
input_xlsx.xlsx,"ATR 1. Point Township Dr, south of Ridge Rd",Point Township Dr,EB,2026-04-22,03:45:00,04:00:00,>720 to 840,0,,
input_xlsx.xlsx,"ATR 1. Point Township Dr, south of Ridge Rd",Point Township Dr,EB,2026-04-22,03:45:00,04:00:00,>840 to 960,0,,
input_xlsx.xlsx,"ATR 1. Point Township Dr, south of Ridge Rd",Point Township Dr,EB,2026-04-22,03:45:00,04:00:00,> 960,0,,
input_xlsx.xlsx,"ATR 1. Point Township Dr, south of Ridge Rd",Point Township Dr,EB,2026-04-22,04:00:00,04:15:00,0 to 72,0,,
input_xlsx.xlsx,"ATR 1. Point Township Dr, south of Ridge Rd",Point Township Dr,EB,2026-04-22,04:00:00,04:15:00,>72 to 120,0,,
input_xlsx.xlsx,"ATR 1. Point Township Dr, south of Ridge Rd",Point Township Dr,EB,2026-04-22,04:00:00,04:15:00,>120 to 180,4,,
input_xlsx.xlsx,"ATR 1. Point Township Dr, south of Ridge Rd",Point Township Dr,EB,2026-04-22,04:00:00,04:15:00,>180 to 240,3,,
input_xlsx.xlsx,"ATR 1. Point Township Dr, south of Ridge Rd",Point Township Dr,EB,2026-04-22,04:00:00,04:15:00,>240 to 300,1,,
input_xlsx.xlsx,"ATR 1. Point Township Dr, south of Ridge Rd",Point Township Dr,EB,2026-04-22,04:00:00,04:15:00,>300 to 360,0,,
input_xlsx.xlsx,"ATR 1. Point Township Dr, south of Ridge Rd",Point Township Dr,EB,2026-04-22,04:00:00,04:15:00,>360 to 480,0,,
input_xlsx.xlsx,"ATR 1. Point Township Dr, south of Ridge Rd",Point Township Dr,EB,2026-04-22,04:00:00,04:15:00,>480 to 600,0,,
input_xlsx.xlsx,"ATR 1. Point Township Dr, south of Ridge Rd",Point Township Dr,EB,2026-04-22,04:00:00,04:15:00,>600 to 720,1,,
input_xlsx.xlsx,"ATR 1. Point Township Dr, south of Ridge Rd",Point Township Dr,EB,2026-04-22,04:00:00,04:15:00,>720 to 840,0,,
input_xlsx.xlsx,"ATR 1. Point Township Dr, south of Ridge Rd",Point Township Dr,EB,2026-04-22,04:00:00,04:15:00,>840 to 960,0,,
input_xlsx.xlsx,"ATR 1. Point Township Dr, south of Ridge Rd",Point Township Dr,EB,2026-04-22,04:00:00,04:15:00,> 960,0,,
input_xlsx.xlsx,"ATR 1. Point Township Dr, south of Ridge Rd",Point Township Dr,EB,2026-04-22,04:15:00,04:30:00,0 to 72,0,,
input_xlsx.xlsx,"ATR 1. Point Township Dr, south of Ridge Rd",Point Township Dr,EB,2026-04-22,04:15:00,04:30:00,>72 to 120,0,,
input_xlsx.xlsx,"ATR 1. Point Township Dr, south of Ridge Rd",Point Township Dr,EB,2026-04-22,04:15:00,04:30:00,>120 to 180,4,,
input_xlsx.xlsx,"ATR 1. Point Township Dr, south of Ridge Rd",Point Township Dr,EB,2026-04-22,04:15:00,04:30:00,>180 to 240,3,,
input_xlsx.xlsx,"ATR 1. Point Township Dr, south of Ridge Rd",Point Township Dr,EB,2026-04-22,04:15:00,04:30:00,>240 to 300,0,,
input_xlsx.xlsx,"ATR 1. Point Township Dr, south of Ridge Rd",Point Township Dr,EB,2026-04-22,04:15:00,04:30:00,>300 to 360,0,,
input_xlsx.xlsx,"ATR 1. Point Township Dr, south of Ridge Rd",Point Township Dr,EB,2026-04-22,04:15:00,04:30:00,>360 to 480,1,,
input_xlsx.xlsx,"ATR 1. Point Township Dr, south of Ridge Rd",Point Township Dr,EB,2026-04-22,04:15:00,04:30:00,>480 to 600,0,,
input_xlsx.xlsx,"ATR 1. Point Township Dr, south of Ridge Rd",Point Township Dr,EB,2026-04-22,04:15:00,04:30:00,>600 to 720,0,,
input_xlsx.xlsx,"ATR 1. Point Township Dr, south of Ridge Rd",Point Township Dr,EB,2026-04-22,04:15:00,04:30:00,>720 to 840,0,,
input_xlsx.xlsx,"ATR 1. Point Township Dr, south of Ridge Rd",Point Township Dr,EB,2026-04-22,04:15:00,04:30:00,>840 to 960,0,,
input_xlsx.xlsx,"ATR 1. Point Township Dr, south of Ridge Rd",Point Township Dr,EB,2026-04-22,04:15:00,04:30:00,> 960,0,,
input_xlsx.xlsx,"ATR 1. Point Township Dr, south of Ridge Rd",Point Township Dr,EB,2026-04-22,04:30:00,04:45:00,0 to 72,0,,
input_xlsx.xlsx,"ATR 1. Point Township Dr, south of Ridge Rd",Point Township Dr,EB,2026-04-22,04:30:00,04:45:00,>72 to 120,1,,
input_xlsx.xlsx,"ATR 1. Point Township Dr, south of Ridge Rd",Point Township Dr,EB,2026-04-22,04:30:00,04:45:00,>120 to 180,10,,
input_xlsx.xlsx,"ATR 1. Point Township Dr, south of Ridge Rd",Point Township Dr,EB,2026-04-22,04:30:00,04:45:00,>180 to 240,2,,
input_xlsx.xlsx,"ATR 1. Point Township Dr, south of Ridge Rd",Point Township Dr,EB,2026-04-22,04:30:00,04:45:00,>240 to 300,0,,
input_xlsx.xlsx,"ATR 1. Point Township Dr, south of Ridge Rd",Point Township Dr,EB,2026-04-22,04:30:00,04:45:00,>300 to 360,0,,
input_xlsx.xlsx,"ATR 1. Point Township Dr, south of Ridge Rd",Point Township Dr,EB,2026-04-22,04:30:00,04:45:00,>360 to 480,0,,
input_xlsx.xlsx,"ATR 1. Point Township Dr, south of Ridge Rd",Point Township Dr,EB,2026-04-22,04:30:00,04:45:00,>480 to 600,0,,
input_xlsx.xlsx,"ATR 1. Point Township Dr, south of Ridge Rd",Point Township Dr,EB,2026-04-22,04:30:00,04:45:00,>600 to 720,0,,
input_xlsx.xlsx,"ATR 1. Point Township Dr, south of Ridge Rd",Point Township Dr,EB,2026-04-22,04:30:00,04:45:00,>720 to 840,1,,
input_xlsx.xlsx,"ATR 1. Point Township Dr, south of Ridge Rd",Point Township Dr,EB,2026-04-22,04:30:00,04:45:00,>840 to 960,0,,
input_xlsx.xlsx,"ATR 1. Point Township Dr, south of Ridge Rd",Point Township Dr,EB,2026-04-22,04:30:00,04:45:00,> 960,0,,
input_xlsx.xlsx,"ATR 1. Point Township Dr, south of Ridge Rd",Point Township Dr,EB,2026-04-22,04:45:00,05:00:00,0 to 72,0,,
input_xlsx.xlsx,"ATR 1. Point Township Dr, south of Ridge Rd",Point Township Dr,EB,2026-04-22,04:45:00,05:00:00,>72 to 120,0,,
input_xlsx.xlsx,"ATR 1. Point Township Dr, south of Ridge Rd",Point Township Dr,EB,2026-04-22,04:45:00,05:00:00,>120 to 180,14,,
input_xlsx.xlsx,"ATR 1. Point Township Dr, south of Ridge Rd",Point Township Dr,EB,2026-04-22,04:45:00,05:00:00,>180 to 240,4,,
input_xlsx.xlsx,"ATR 1. Point Township Dr, south of Ridge Rd",Point Township Dr,EB,2026-04-22,04:45:00,05:00:00,>240 to 300,2,,
input_xlsx.xlsx,"ATR 1. Point Township Dr, south of Ridge Rd",Point Township Dr,EB,2026-04-22,04:45:00,05:00:00,>300 to 360,1,,
input_xlsx.xlsx,"ATR 1. Point Township Dr, south of Ridge Rd",Point Township Dr,EB,2026-04-22,04:45:00,05:00:00,>360 to 480,0,,
input_xlsx.xlsx,"ATR 1. Point Township Dr, south of Ridge Rd",Point Township Dr,EB,2026-04-22,04:45:00,05:00:00,>480 to 600,0,,
input_xlsx.xlsx,"ATR 1. Point Township Dr, south of Ridge Rd",Point Township Dr,EB,2026-04-22,04:45:00,05:00:00,>600 to 720,0,,
input_xlsx.xlsx,"ATR 1. Point Township Dr, south of Ridge Rd",Point Township Dr,EB,2026-04-22,04:45:00,05:00:00,>720 to 840,1,,
input_xlsx.xlsx,"ATR 1. Point Township Dr, south of Ridge Rd",Point Township Dr,EB,2026-04-22,04:45:00,05:00:00,>840 to 960,1,,
input_xlsx.xlsx,"ATR 1. Point Township Dr, south of Ridge Rd",Point Township Dr,EB,2026-04-22,04:45:00,05:00:00,> 960,0,,
input_xlsx.xlsx,"ATR 1. Point Township Dr, south of Ridge Rd",Point Township Dr,EB,2026-04-22,05:00:00,05:15:00,0 to 72,0,,
input_xlsx.xlsx,"ATR 1. Point Township Dr, south of Ridge Rd",Point Township Dr,EB,2026-04-22,05:00:00,05:15:00,>72 to 120,1,,
input_xlsx.xlsx,"ATR 1. Point Township Dr, south of Ridge Rd",Point Township Dr,EB,2026-04-22,05:00:00,05:15:00,>120 to 180,19,,
input_xlsx.xlsx,"ATR 1. Point Township Dr, south of Ridge Rd",Point Township Dr,EB,2026-04-22,05:00:00,05:15:00,>180 to 240,16,,
input_xlsx.xlsx,"ATR 1. Point Township Dr, south of Ridge Rd",Point Township Dr,EB,2026-04-22,05:00:00,05:15:00,>240 to 300,2,,
input_xlsx.xlsx,"ATR 1. Point Township Dr, south of Ridge Rd",Point Township Dr,EB,2026-04-22,05:00:00,05:15:00,>300 to 360,1,,
input_xlsx.xlsx,"ATR 1. Point Township Dr, south of Ridge Rd",Point Township Dr,EB,2026-04-22,05:00:00,05:15:00,>360 to 480,1,,
input_xlsx.xlsx,"ATR 1. Point Township Dr, south of Ridge Rd",Point Township Dr,EB,2026-04-22,05:00:00,05:15:00,>480 to 600,1,,
input_xlsx.xlsx,"ATR 1. Point Township Dr, south of Ridge Rd",Point Township Dr,EB,2026-04-22,05:00:00,05:15:00,>600 to 720,1,,
input_xlsx.xlsx,"ATR 1. Point Township Dr, south of Ridge Rd",Point Township Dr,EB,2026-04-22,05:00:00,05:15:00,>720 to 840,1,,
input_xlsx.xlsx,"ATR 1. Point Township Dr, south of Ridge Rd",Point Township Dr,EB,2026-04-22,05:00:00,05:15:00,>840 to 960,1,,
input_xlsx.xlsx,"ATR 1. Point Township Dr, south of Ridge Rd",Point Township Dr,EB,2026-04-22,05:00:00,05:15:00,> 960,0,,
input_xlsx.xlsx,"ATR 1. Point Township Dr, south of Ridge Rd",Point Township Dr,EB,2026-04-22,05:15:00,05:30:00,0 to 72,0,,
input_xlsx.xlsx,"ATR 1. Point Township Dr, south of Ridge Rd",Point Township Dr,EB,2026-04-22,05:15:00,05:30:00,>72 to 120,0,,
input_xlsx.xlsx,"ATR 1. Point Township Dr, south of Ridge Rd",Point Township Dr,EB,2026-04-22,05:15:00,05:30:00,>120 to 180,29,,
input_xlsx.xlsx,"ATR 1. Point Township Dr, south of Ridge Rd",Point Township Dr,EB,2026-04-22,05:15:00,05:30:00,>180 to 240,17,,
input_xlsx.xlsx,"ATR 1. Point Township Dr, south of Ridge Rd",Point Township Dr,EB,2026-04-22,05:15:00,05:30:00,>240 to 300,1,,
input_xlsx.xlsx,"ATR 1. Point Township Dr, south of Ridge Rd",Point Township Dr,EB,2026-04-22,05:15:00,05:30:00,>300 to 360,1,,
input_xlsx.xlsx,"ATR 1. Point Township Dr, south of Ridge Rd",Point Township Dr,EB,2026-04-22,05:15:00,05:30:00,>360 to 480,0,,
input_xlsx.xlsx,"ATR 1. Point Township Dr, south of Ridge Rd",Point Township Dr,EB,2026-04-22,05:15:00,05:30:00,>480 to 600,0,,
input_xlsx.xlsx,"ATR 1. Point Township Dr, south of Ridge Rd",Point Township Dr,EB,2026-04-22,05:15:00,05:30:00,>600 to 720,1,,
input_xlsx.xlsx,"ATR 1. Point Township Dr, south of Ridge Rd",Point Township Dr,EB,2026-04-22,05:15:00,05:30:00,>720 to 840,3,,
input_xlsx.xlsx,"ATR 1. Point Township Dr, south of Ridge Rd",Point Township Dr,EB,2026-04-22,05:15:00,05:30:00,>840 to 960,0,,
input_xlsx.xlsx,"ATR 1. Point Township Dr, south of Ridge Rd",Point Township Dr,EB,2026-04-22,05:15:00,05:30:00,> 960,0,,
input_xlsx.xlsx,"ATR 1. Point Township Dr, south of Ridge Rd",Point Township Dr,EB,2026-04-22,05:30:00,05:45:00,0 to 72,0,,
input_xlsx.xlsx,"ATR 1. Point Township Dr, south of Ridge Rd",Point Township Dr,EB,2026-04-22,05:30:00,05:45:00,>72 to 120,0,,
input_xlsx.xlsx,"ATR 1. Point Township Dr, south of Ridge Rd",Point Township Dr,EB,2026-04-22,05:30:00,05:45:00,>120 to 180,46,,
input_xlsx.xlsx,"ATR 1. Point Township Dr, south of Ridge Rd",Point Township Dr,EB,2026-04-22,05:30:00,05:45:00,>180 to 240,24,,
input_xlsx.xlsx,"ATR 1. Point Township Dr, south of Ridge Rd",Point Township Dr,EB,2026-04-22,05:30:00,05:45:00,>240 to 300,1,,
input_xlsx.xlsx,"ATR 1. Point Township Dr, south of Ridge Rd",Point Township Dr,EB,2026-04-22,05:30:00,05:45:00,>300 to 360,1,,
input_xlsx.xlsx,"ATR 1. Point Township Dr, south of Ridge Rd",Point Township Dr,EB,2026-04-22,05:30:00,05:45:00,>360 to 480,1,,
input_xlsx.xlsx,"ATR 1. Point Township Dr, south of Ridge Rd",Point Township Dr,EB,2026-04-22,05:30:00,05:45:00,>480 to 600,0,,
input_xlsx.xlsx,"ATR 1. Point Township Dr, south of Ridge Rd",Point Township Dr,EB,2026-04-22,05:30:00,05:45:00,>600 to 720,2,,
input_xlsx.xlsx,"ATR 1. Point Township Dr, south of Ridge Rd",Point Township Dr,EB,2026-04-22,05:30:00,05:45:00,>720 to 840,3,,
input_xlsx.xlsx,"ATR 1. Point Township Dr, south of Ridge Rd",Point Township Dr,EB,2026-04-22,05:30:00,05:45:00,>840 to 960,0,,
input_xlsx.xlsx,"ATR 1. Point Township Dr, south of Ridge Rd",Point Township Dr,EB,2026-04-22,05:30:00,05:45:00,> 960,0,,
input_xlsx.xlsx,"ATR 1. Point Township Dr, south of Ridge Rd",Point Township Dr,EB,2026-04-22,05:45:00,06:00:00,0 to 72,0,,
input_xlsx.xlsx,"ATR 1. Point Township Dr, south of Ridge Rd",Point Township Dr,EB,2026-04-22,05:45:00,06:00:00,>72 to 120,1,,
input_xlsx.xlsx,"ATR 1. Point Township Dr, south of Ridge Rd",Point Township Dr,EB,2026-04-22,05:45:00,06:00:00,>120 to 180,40,,
input_xlsx.xlsx,"ATR 1. Point Township Dr, south of Ridge Rd",Point Township Dr,EB,2026-04-22,05:45:00,06:00:00,>180 to 240,16,,
input_xlsx.xlsx,"ATR 1. Point Township Dr, south of Ridge Rd",Point Township Dr,EB,2026-04-22,05:45:00,06:00:00,>240 to 300,2,,
input_xlsx.xlsx,"ATR 1. Point Township Dr, south of Ridge Rd",Point Township Dr,EB,2026-04-22,05:45:00,06:00:00,>300 to 360,0,,
input_xlsx.xlsx,"ATR 1. Point Township Dr, south of Ridge Rd",Point Township Dr,EB,2026-04-22,05:45:00,06:00:00,>360 to 480,1,,
input_xlsx.xlsx,"ATR 1. Point Township Dr, south of Ridge Rd",Point Township Dr,EB,2026-04-22,05:45:00,06:00:00,>480 to 600,0,,
input_xlsx.xlsx,"ATR 1. Point Township Dr, south of Ridge Rd",Point Township Dr,EB,2026-04-22,05:45:00,06:00:00,>600 to 720,1,,
input_xlsx.xlsx,"ATR 1. Point Township Dr, south of Ridge Rd",Point Township Dr,EB,2026-04-22,05:45:00,06:00:00,>720 to 840,0,,
input_xlsx.xlsx,"ATR 1. Point Township Dr, south of Ridge Rd",Point Township Dr,EB,2026-04-22,05:45:00,06:00:00,>840 to 960,1,,
input_xlsx.xlsx,"ATR 1. Point Township Dr, south of Ridge Rd",Point Township Dr,EB,2026-04-22,05:45:00,06:00:00,> 960,1,,
input_xlsx.xlsx,"ATR 1. Point Township Dr, south of Ridge Rd",Point Township Dr,EB,2026-04-22,06:00:00,06:15:00,0 to 72,0,,
input_xlsx.xlsx,"ATR 1. Point Township Dr, south of Ridge Rd",Point Township Dr,EB,2026-04-22,06:00:00,06:15:00,>72 to 120,0,,
input_xlsx.xlsx,"ATR 1. Point Township Dr, south of Ridge Rd",Point Township Dr,EB,2026-04-22,06:00:00,06:15:00,>120 to 180,73,,
input_xlsx.xlsx,"ATR 1. Point Township Dr, south of Ridge Rd",Point Township Dr,EB,2026-04-22,06:00:00,06:15:00,>180 to 240,33,,
input_xlsx.xlsx,"ATR 1. Point Township Dr, south of Ridge Rd",Point Township Dr,EB,2026-04-22,06:00:00,06:15:00,>240 to 300,7,,
input_xlsx.xlsx,"ATR 1. Point Township Dr, south of Ridge Rd",Point Township Dr,EB,2026-04-22,06:00:00,06:15:00,>300 to 360,1,,
input_xlsx.xlsx,"ATR 1. Point Township Dr, south of Ridge Rd",Point Township Dr,EB,2026-04-22,06:00:00,06:15:00,>360 to 480,1,,
input_xlsx.xlsx,"ATR 1. Point Township Dr, south of Ridge Rd",Point Township Dr,EB,2026-04-22,06:00:00,06:15:00,>480 to 600,0,,
input_xlsx.xlsx,"ATR 1. Point Township Dr, south of Ridge Rd",Point Township Dr,EB,2026-04-22,06:00:00,06:15:00,>600 to 720,0,,
input_xlsx.xlsx,"ATR 1. Point Township Dr, south of Ridge Rd",Point Township Dr,EB,2026-04-22,06:00:00,06:15:00,>720 to 840,1,,
input_xlsx.xlsx,"ATR 1. Point Township Dr, south of Ridge Rd",Point Township Dr,EB,2026-04-22,06:00:00,06:15:00,>840 to 960,0,,
input_xlsx.xlsx,"ATR 1. Point Township Dr, south of Ridge Rd",Point Township Dr,EB,2026-04-22,06:00:00,06:15:00,> 960,0,,
input_xlsx.xlsx,"ATR 1. Point Township Dr, south of Ridge Rd",Point Township Dr,EB,2026-04-22,06:15:00,06:30:00,0 to 72,0,,
input_xlsx.xlsx,"ATR 1. Point Township Dr, south of Ridge Rd",Point Township Dr,EB,2026-04-22,06:15:00,06:30:00,>72 to 120,0,,
input_xlsx.xlsx,"ATR 1. Point Township Dr, south of Ridge Rd",Point Township Dr,EB,2026-04-22,06:15:00,06:30:00,>120 to 180,87,,
input_xlsx.xlsx,"ATR 1. Point Township Dr, south of Ridge Rd",Point Township Dr,EB,2026-04-22,06:15:00,06:30:00,>180 to 240,38,,
input_xlsx.xlsx,"ATR 1. Point Township Dr, south of Ridge Rd",Point Township Dr,EB,2026-04-22,06:15:00,06:30:00,>240 to 300,6,,
input_xlsx.xlsx,"ATR 1. Point Township Dr, south of Ridge Rd",Point Township Dr,EB,2026-04-22,06:15:00,06:30:00,>300 to 360,0,,
input_xlsx.xlsx,"ATR 1. Point Township Dr, south of Ridge Rd",Point Township Dr,EB,2026-04-22,06:15:00,06:30:00,>360 to 480,4,,
input_xlsx.xlsx,"ATR 1. Point Township Dr, south of Ridge Rd",Point Township Dr,EB,2026-04-22,06:15:00,06:30:00,>480 to 600,0,,
input_xlsx.xlsx,"ATR 1. Point Township Dr, south of Ridge Rd",Point Township Dr,EB,2026-04-22,06:15:00,06:30:00,>600 to 720,1,,
input_xlsx.xlsx,"ATR 1. Point Township Dr, south of Ridge Rd",Point Township Dr,EB,2026-04-22,06:15:00,06:30:00,>720 to 840,1,,
input_xlsx.xlsx,"ATR 1. Point Township Dr, south of Ridge Rd",Point Township Dr,EB,2026-04-22,06:15:00,06:30:00,>840 to 960,0,,
input_xlsx.xlsx,"ATR 1. Point Township Dr, south of Ridge Rd",Point Township Dr,EB,2026-04-22,06:15:00,06:30:00,> 960,0,,
input_xlsx.xlsx,"ATR 1. Point Township Dr, south of Ridge Rd",Point Township Dr,EB,2026-04-22,06:30:00,06:45:00,0 to 72,0,,
input_xlsx.xlsx,"ATR 1. Point Township Dr, south of Ridge Rd",Point Township Dr,EB,2026-04-22,06:30:00,06:45:00,>72 to 120,0,,
input_xlsx.xlsx,"ATR 1. Point Township Dr, south of Ridge Rd",Point Township Dr,EB,2026-04-22,06:30:00,06:45:00,>120 to 180,93,,
input_xlsx.xlsx,"ATR 1. Point Township Dr, south of Ridge Rd",Point Township Dr,EB,2026-04-22,06:30:00,06:45:00,>180 to 240,32,,
input_xlsx.xlsx,"ATR 1. Point Township Dr, south of Ridge Rd",Point Township Dr,EB,2026-04-22,06:30:00,06:45:00,>240 to 300,3,,
input_xlsx.xlsx,"ATR 1. Point Township Dr, south of Ridge Rd",Point Township Dr,EB,2026-04-22,06:30:00,06:45:00,>300 to 360,3,,
input_xlsx.xlsx,"ATR 1. Point Township Dr, south of Ridge Rd",Point Township Dr,EB,2026-04-22,06:30:00,06:45:00,>360 to 480,4,,
input_xlsx.xlsx,"ATR 1. Point Township Dr, south of Ridge Rd",Point Township Dr,EB,2026-04-22,06:30:00,06:45:00,>480 to 600,2,,
input_xlsx.xlsx,"ATR 1. Point Township Dr, south of Ridge Rd",Point Township Dr,EB,2026-04-22,06:30:00,06:45:00,>600 to 720,1,,
input_xlsx.xlsx,"ATR 1. Point Township Dr, south of Ridge Rd",Point Township Dr,EB,2026-04-22,06:30:00,06:45:00,>720 to 840,3,,
input_xlsx.xlsx,"ATR 1. Point Township Dr, south of Ridge Rd",Point Township Dr,EB,2026-04-22,06:30:00,06:45:00,>840 to 960,1,,
input_xlsx.xlsx,"ATR 1. Point Township Dr, south of Ridge Rd",Point Township Dr,EB,2026-04-22,06:30:00,06:45:00,> 960,0,,
input_xlsx.xlsx,"ATR 1. Point Township Dr, south of Ridge Rd",Point Township Dr,EB,2026-04-22,06:45:00,07:00:00,0 to 72,0,,
input_xlsx.xlsx,"ATR 1. Point Township Dr, south of Ridge Rd",Point Township Dr,EB,2026-04-22,06:45:00,07:00:00,>72 to 120,0,,
input_xlsx.xlsx,"ATR 1. Point Township Dr, south of Ridge Rd",Point Township Dr,EB,2026-04-22,06:45:00,07:00:00,>120 to 180,60,,
input_xlsx.xlsx,"ATR 1. Point Township Dr, south of Ridge Rd",Point Township Dr,EB,2026-04-22,06:45:00,07:00:00,>180 to 240,19,,
input_xlsx.xlsx,"ATR 1. Point Township Dr, south of Ridge Rd",Point Township Dr,EB,2026-04-22,06:45:00,07:00:00,>240 to 300,2,,
input_xlsx.xlsx,"ATR 1. Point Township Dr, south of Ridge Rd",Point Township Dr,EB,2026-04-22,06:45:00,07:00:00,>300 to 360,3,,
input_xlsx.xlsx,"ATR 1. Point Township Dr, south of Ridge Rd",Point Township Dr,EB,2026-04-22,06:45:00,07:00:00,>360 to 480,4,,
input_xlsx.xlsx,"ATR 1. Point Township Dr, south of Ridge Rd",Point Township Dr,EB,2026-04-22,06:45:00,07:00:00,>480 to 600,0,,
input_xlsx.xlsx,"ATR 1. Point Township Dr, south of Ridge Rd",Point Township Dr,EB,2026-04-22,06:45:00,07:00:00,>600 to 720,1,,
input_xlsx.xlsx,"ATR 1. Point Township Dr, south of Ridge Rd",Point Township Dr,EB,2026-04-22,06:45:00,07:00:00,>720 to 840,5,,
input_xlsx.xlsx,"ATR 1. Point Township Dr, south of Ridge Rd",Point Township Dr,EB,2026-04-22,06:45:00,07:00:00,>840 to 960,1,,
input_xlsx.xlsx,"ATR 1. Point Township Dr, south of Ridge Rd",Point Township Dr,EB,2026-04-22,06:45:00,07:00:00,> 960,0,,
input_xlsx.xlsx,"ATR 1. Point Township Dr, south of Ridge Rd",Point Township Dr,EB,2026-04-22,07:00:00,07:15:00,0 to 72,1,,
input_xlsx.xlsx,"ATR 1. Point Township Dr, south of Ridge Rd",Point Township Dr,EB,2026-04-22,07:00:00,07:15:00,>72 to 120,1,,
input_xlsx.xlsx,"ATR 1. Point Township Dr, south of Ridge Rd",Point Township Dr,EB,2026-04-22,07:00:00,07:15:00,>120 to 180,70,,
input_xlsx.xlsx,"ATR 1. Point Township Dr, south of Ridge Rd",Point Township Dr,EB,2026-04-22,07:00:00,07:15:00,>180 to 240,26,,
input_xlsx.xlsx,"ATR 1. Point Township Dr, south of Ridge Rd",Point Township Dr,EB,2026-04-22,07:00:00,07:15:00,>240 to 300,3,,
input_xlsx.xlsx,"ATR 1. Point Township Dr, south of Ridge Rd",Point Township Dr,EB,2026-04-22,07:00:00,07:15:00,>300 to 360,4,,
input_xlsx.xlsx,"ATR 1. Point Township Dr, south of Ridge Rd",Point Township Dr,EB,2026-04-22,07:00:00,07:15:00,>360 to 480,3,,
input_xlsx.xlsx,"ATR 1. Point Township Dr, south of Ridge Rd",Point Township Dr,EB,2026-04-22,07:00:00,07:15:00,>480 to 600,0,,
input_xlsx.xlsx,"ATR 1. Point Township Dr, south of Ridge Rd",Point Township Dr,EB,2026-04-22,07:00:00,07:15:00,>600 to 720,1,,
input_xlsx.xlsx,"ATR 1. Point Township Dr, south of Ridge Rd",Point Township Dr,EB,2026-04-22,07:00:00,07:15:00,>720 to 840,3,,
input_xlsx.xlsx,"ATR 1. Point Township Dr, south of Ridge Rd",Point Township Dr,EB,2026-04-22,07:00:00,07:15:00,>840 to 960,2,,
input_xlsx.xlsx,"ATR 1. Point Township Dr, south of Ridge Rd",Point Township Dr,EB,2026-04-22,07:00:00,07:15:00,> 960,0,,
input_xlsx.xlsx,"ATR 1. Point Township Dr, south of Ridge Rd",Point Township Dr,EB,2026-04-22,07:15:00,07:30:00,0 to 72,0,,
input_xlsx.xlsx,"ATR 1. Point Township Dr, south of Ridge Rd",Point Township Dr,EB,2026-04-22,07:15:00,07:30:00,>72 to 120,0,,
input_xlsx.xlsx,"ATR 1. Point Township Dr, south of Ridge Rd",Point Township Dr,EB,2026-04-22,07:15:00,07:30:00,>120 to 180,89,,
input_xlsx.xlsx,"ATR 1. Point Township Dr, south of Ridge Rd",Point Township Dr,EB,2026-04-22,07:15:00,07:30:00,>180 to 240,31,,
input_xlsx.xlsx,"ATR 1. Point Township Dr, south of Ridge Rd",Point Township Dr,EB,2026-04-22,07:15:00,07:30:00,>240 to 300,1,,
input_xlsx.xlsx,"ATR 1. Point Township Dr, south of Ridge Rd",Point Township Dr,EB,2026-04-22,07:15:00,07:30:00,>300 to 360,2,,
input_xlsx.xlsx,"ATR 1. Point Township Dr, south of Ridge Rd",Point Township Dr,EB,2026-04-22,07:15:00,07:30:00,>360 to 480,1,,
input_xlsx.xlsx,"ATR 1. Point Township Dr, south of Ridge Rd",Point Township Dr,EB,2026-04-22,07:15:00,07:30:00,>480 to 600,0,,
input_xlsx.xlsx,"ATR 1. Point Township Dr, south of Ridge Rd",Point Township Dr,EB,2026-04-22,07:15:00,07:30:00,>600 to 720,0,,
input_xlsx.xlsx,"ATR 1. Point Township Dr, south of Ridge Rd",Point Township Dr,EB,2026-04-22,07:15:00,07:30:00,>720 to 840,1,,
input_xlsx.xlsx,"ATR 1. Point Township Dr, south of Ridge Rd",Point Township Dr,EB,2026-04-22,07:15:00,07:30:00,>840 to 960,0,,
input_xlsx.xlsx,"ATR 1. Point Township Dr, south of Ridge Rd",Point Township Dr,EB,2026-04-22,07:15:00,07:30:00,> 960,0,,
input_xlsx.xlsx,"ATR 1. Point Township Dr, south of Ridge Rd",Point Township Dr,EB,2026-04-22,07:30:00,07:45:00,0 to 72,0,,
input_xlsx.xlsx,"ATR 1. Point Township Dr, south of Ridge Rd",Point Township Dr,EB,2026-04-22,07:30:00,07:45:00,>72 to 120,0,,
input_xlsx.xlsx,"ATR 1. Point Township Dr, south of Ridge Rd",Point Township Dr,EB,2026-04-22,07:30:00,07:45:00,>120 to 180,57,,
input_xlsx.xlsx,"ATR 1. Point Township Dr, south of Ridge Rd",Point Township Dr,EB,2026-04-22,07:30:00,07:45:00,>180 to 240,27,,
input_xlsx.xlsx,"ATR 1. Point Township Dr, south of Ridge Rd",Point Township Dr,EB,2026-04-22,07:30:00,07:45:00,>240 to 300,2,,
input_xlsx.xlsx,"ATR 1. Point Township Dr, south of Ridge Rd",Point Township Dr,EB,2026-04-22,07:30:00,07:45:00,>300 to 360,1,,
input_xlsx.xlsx,"ATR 1. Point Township Dr, south of Ridge Rd",Point Township Dr,EB,2026-04-22,07:30:00,07:45:00,>360 to 480,3,,
input_xlsx.xlsx,"ATR 1. Point Township Dr, south of Ridge Rd",Point Township Dr,EB,2026-04-22,07:30:00,07:45:00,>480 to 600,1,,
input_xlsx.xlsx,"ATR 1. Point Township Dr, south of Ridge Rd",Point Township Dr,EB,2026-04-22,07:30:00,07:45:00,>600 to 720,1,,
input_xlsx.xlsx,"ATR 1. Point Township Dr, south of Ridge Rd",Point Township Dr,EB,2026-04-22,07:30:00,07:45:00,>720 to 840,0,,
input_xlsx.xlsx,"ATR 1. Point Township Dr, south of Ridge Rd",Point Township Dr,EB,2026-04-22,07:30:00,07:45:00,>840 to 960,0,,
input_xlsx.xlsx,"ATR 1. Point Township Dr, south of Ridge Rd",Point Township Dr,EB,2026-04-22,07:30:00,07:45:00,> 960,1,,
input_xlsx.xlsx,"ATR 1. Point Township Dr, south of Ridge Rd",Point Township Dr,EB,2026-04-22,07:45:00,08:00:00,0 to 72,0,,
input_xlsx.xlsx,"ATR 1. Point Township Dr, south of Ridge Rd",Point Township Dr,EB,2026-04-22,07:45:00,08:00:00,>72 to 120,0,,
input_xlsx.xlsx,"ATR 1. Point Township Dr, south of Ridge Rd",Point Township Dr,EB,2026-04-22,07:45:00,08:00:00,>120 to 180,62,,
input_xlsx.xlsx,"ATR 1. Point Township Dr, south of Ridge Rd",Point Township Dr,EB,2026-04-22,07:45:00,08:00:00,>180 to 240,20,,
input_xlsx.xlsx,"ATR 1. Point Township Dr, south of Ridge Rd",Point Township Dr,EB,2026-04-22,07:45:00,08:00:00,>240 to 300,4,,
input_xlsx.xlsx,"ATR 1. Point Township Dr, south of Ridge Rd",Point Township Dr,EB,2026-04-22,07:45:00,08:00:00,>300 to 360,2,,
input_xlsx.xlsx,"ATR 1. Point Township Dr, south of Ridge Rd",Point Township Dr,EB,2026-04-22,07:45:00,08:00:00,>360 to 480,3,,
input_xlsx.xlsx,"ATR 1. Point Township Dr, south of Ridge Rd",Point Township Dr,EB,2026-04-22,07:45:00,08:00:00,>480 to 600,2,,
input_xlsx.xlsx,"ATR 1. Point Township Dr, south of Ridge Rd",Point Township Dr,EB,2026-04-22,07:45:00,08:00:00,>600 to 720,0,,
input_xlsx.xlsx,"ATR 1. Point Township Dr, south of Ridge Rd",Point Township Dr,EB,2026-04-22,07:45:00,08:00:00,>720 to 840,0,,
input_xlsx.xlsx,"ATR 1. Point Township Dr, south of Ridge Rd",Point Township Dr,EB,2026-04-22,07:45:00,08:00:00,>840 to 960,0,,
input_xlsx.xlsx,"ATR 1. Point Township Dr, south of Ridge Rd",Point Township Dr,EB,2026-04-22,07:45:00,08:00:00,> 960,0,,
input_xlsx.xlsx,"ATR 1. Point Township Dr, south of Ridge Rd",Point Township Dr,EB,2026-04-22,08:00:00,08:15:00,0 to 72,0,,
input_xlsx.xlsx,"ATR 1. Point Township Dr, south of Ridge Rd",Point Township Dr,EB,2026-04-22,08:00:00,08:15:00,>72 to 120,0,,
input_xlsx.xlsx,"ATR 1. Point Township Dr, south of Ridge Rd",Point Township Dr,EB,2026-04-22,08:00:00,08:15:00,>120 to 180,51,,
input_xlsx.xlsx,"ATR 1. Point Township Dr, south of Ridge Rd",Point Township Dr,EB,2026-04-22,08:00:00,08:15:00,>180 to 240,17,,
input_xlsx.xlsx,"ATR 1. Point Township Dr, south of Ridge Rd",Point Township Dr,EB,2026-04-22,08:00:00,08:15:00,>240 to 300,4,,
input_xlsx.xlsx,"ATR 1. Point Township Dr, south of Ridge Rd",Point Township Dr,EB,2026-04-22,08:00:00,08:15:00,>300 to 360,0,,
input_xlsx.xlsx,"ATR 1. Point Township Dr, south of Ridge Rd",Point Township Dr,EB,2026-04-22,08:00:00,08:15:00,>360 to 480,4,,
input_xlsx.xlsx,"ATR 1. Point Township Dr, south of Ridge Rd",Point Township Dr,EB,2026-04-22,08:00:00,08:15:00,>480 to 600,2,,
input_xlsx.xlsx,"ATR 1. Point Township Dr, south of Ridge Rd",Point Township Dr,EB,2026-04-22,08:00:00,08:15:00,>600 to 720,1,,
input_xlsx.xlsx,"ATR 1. Point Township Dr, south of Ridge Rd",Point Township Dr,EB,2026-04-22,08:00:00,08:15:00,>720 to 840,1,,
input_xlsx.xlsx,"ATR 1. Point Township Dr, south of Ridge Rd",Point Township Dr,EB,2026-04-22,08:00:00,08:15:00,>840 to 960,1,,
input_xlsx.xlsx,"ATR 1. Point Township Dr, south of Ridge Rd",Point Township Dr,EB,2026-04-22,08:00:00,08:15:00,> 960,0,,
input_xlsx.xlsx,"ATR 1. Point Township Dr, south of Ridge Rd",Point Township Dr,EB,2026-04-22,08:15:00,08:30:00,0 to 72,0,,
input_xlsx.xlsx,"ATR 1. Point Township Dr, south of Ridge Rd",Point Township Dr,EB,2026-04-22,08:15:00,08:30:00,>72 to 120,1,,
input_xlsx.xlsx,"ATR 1. Point Township Dr, south of Ridge Rd",Point Township Dr,EB,2026-04-22,08:15:00,08:30:00,>120 to 180,73,,
input_xlsx.xlsx,"ATR 1. Point Township Dr, south of Ridge Rd",Point Township Dr,EB,2026-04-22,08:15:00,08:30:00,>180 to 240,29,,
input_xlsx.xlsx,"ATR 1. Point Township Dr, south of Ridge Rd",Point Township Dr,EB,2026-04-22,08:15:00,08:30:00,>240 to 300,11,,
input_xlsx.xlsx,"ATR 1. Point Township Dr, south of Ridge Rd",Point Township Dr,EB,2026-04-22,08:15:00,08:30:00,>300 to 360,0,,
input_xlsx.xlsx,"ATR 1. Point Township Dr, south of Ridge Rd",Point Township Dr,EB,2026-04-22,08:15:00,08:30:00,>360 to 480,5,,
input_xlsx.xlsx,"ATR 1. Point Township Dr, south of Ridge Rd",Point Township Dr,EB,2026-04-22,08:15:00,08:30:00,>480 to 600,2,,
input_xlsx.xlsx,"ATR 1. Point Township Dr, south of Ridge Rd",Point Township Dr,EB,2026-04-22,08:15:00,08:30:00,>600 to 720,1,,
input_xlsx.xlsx,"ATR 1. Point Township Dr, south of Ridge Rd",Point Township Dr,EB,2026-04-22,08:15:00,08:30:00,>720 to 840,0,,
input_xlsx.xlsx,"ATR 1. Point Township Dr, south of Ridge Rd",Point Township Dr,EB,2026-04-22,08:15:00,08:30:00,>840 to 960,1,,
input_xlsx.xlsx,"ATR 1. Point Township Dr, south of Ridge Rd",Point Township Dr,EB,2026-04-22,08:15:00,08:30:00,> 960,0,,
input_xlsx.xlsx,"ATR 1. Point Township Dr, south of Ridge Rd",Point Township Dr,EB,2026-04-22,08:30:00,08:45:00,0 to 72,0,,
input_xlsx.xlsx,"ATR 1. Point Township Dr, south of Ridge Rd",Point Township Dr,EB,2026-04-22,08:30:00,08:45:00,>72 to 120,0,,
input_xlsx.xlsx,"ATR 1. Point Township Dr, south of Ridge Rd",Point Township Dr,EB,2026-04-22,08:30:00,08:45:00,>120 to 180,56,,
input_xlsx.xlsx,"ATR 1. Point Township Dr, south of Ridge Rd",Point Township Dr,EB,2026-04-22,08:30:00,08:45:00,>180 to 240,17,,
input_xlsx.xlsx,"ATR 1. Point Township Dr, south of Ridge Rd",Point Township Dr,EB,2026-04-22,08:30:00,08:45:00,>240 to 300,2,,
input_xlsx.xlsx,"ATR 1. Point Township Dr, south of Ridge Rd",Point Township Dr,EB,2026-04-22,08:30:00,08:45:00,>300 to 360,0,,
input_xlsx.xlsx,"ATR 1. Point Township Dr, south of Ridge Rd",Point Township Dr,EB,2026-04-22,08:30:00,08:45:00,>360 to 480,0,,
input_xlsx.xlsx,"ATR 1. Point Township Dr, south of Ridge Rd",Point Township Dr,EB,2026-04-22,08:30:00,08:45:00,>480 to 600,0,,
input_xlsx.xlsx,"ATR 1. Point Township Dr, south of Ridge Rd",Point Township Dr,EB,2026-04-22,08:30:00,08:45:00,>600 to 720,7,,
input_xlsx.xlsx,"ATR 1. Point Township Dr, south of Ridge Rd",Point Township Dr,EB,2026-04-22,08:30:00,08:45:00,>720 to 840,1,,
input_xlsx.xlsx,"ATR 1. Point Township Dr, south of Ridge Rd",Point Township Dr,EB,2026-04-22,08:30:00,08:45:00,>840 to 960,0,,
input_xlsx.xlsx,"ATR 1. Point Township Dr, south of Ridge Rd",Point Township Dr,EB,2026-04-22,08:30:00,08:45:00,> 960,0,,
input_xlsx.xlsx,"ATR 1. Point Township Dr, south of Ridge Rd",Point Township Dr,EB,2026-04-22,08:45:00,09:00:00,0 to 72,0,,
input_xlsx.xlsx,"ATR 1. Point Township Dr, south of Ridge Rd",Point Township Dr,EB,2026-04-22,08:45:00,09:00:00,>72 to 120,0,,
input_xlsx.xlsx,"ATR 1. Point Township Dr, south of Ridge Rd",Point Township Dr,EB,2026-04-22,08:45:00,09:00:00,>120 to 180,49,,
input_xlsx.xlsx,"ATR 1. Point Township Dr, south of Ridge Rd",Point Township Dr,EB,2026-04-22,08:45:00,09:00:00,>180 to 240,21,,
input_xlsx.xlsx,"ATR 1. Point Township Dr, south of Ridge Rd",Point Township Dr,EB,2026-04-22,08:45:00,09:00:00,>240 to 300,6,,
input_xlsx.xlsx,"ATR 1. Point Township Dr, south of Ridge Rd",Point Township Dr,EB,2026-04-22,08:45:00,09:00:00,>300 to 360,4,,
input_xlsx.xlsx,"ATR 1. Point Township Dr, south of Ridge Rd",Point Township Dr,EB,2026-04-22,08:45:00,09:00:00,>360 to 480,1,,
input_xlsx.xlsx,"ATR 1. Point Township Dr, south of Ridge Rd",Point Township Dr,EB,2026-04-22,08:45:00,09:00:00,>480 to 600,1,,
input_xlsx.xlsx,"ATR 1. Point Township Dr, south of Ridge Rd",Point Township Dr,EB,2026-04-22,08:45:00,09:00:00,>600 to 720,1,,
input_xlsx.xlsx,"ATR 1. Point Township Dr, south of Ridge Rd",Point Township Dr,EB,2026-04-22,08:45:00,09:00:00,>720 to 840,2,,
input_xlsx.xlsx,"ATR 1. Point Township Dr, south of Ridge Rd",Point Township Dr,EB,2026-04-22,08:45:00,09:00:00,>840 to 960,2,,
input_xlsx.xlsx,"ATR 1. Point Township Dr, south of Ridge Rd",Point Township Dr,EB,2026-04-22,08:45:00,09:00:00,> 960,0,,
input_xlsx.xlsx,"ATR 1. Point Township Dr, south of Ridge Rd",Point Township Dr,EB,2026-04-22,09:00:00,09:15:00,0 to 72,0,,
input_xlsx.xlsx,"ATR 1. Point Township Dr, south of Ridge Rd",Point Township Dr,EB,2026-04-22,09:00:00,09:15:00,>72 to 120,0,,
input_xlsx.xlsx,"ATR 1. Point Township Dr, south of Ridge Rd",Point Township Dr,EB,2026-04-22,09:00:00,09:15:00,>120 to 180,43,,
input_xlsx.xlsx,"ATR 1. Point Township Dr, south of Ridge Rd",Point Township Dr,EB,2026-04-22,09:00:00,09:15:00,>180 to 240,27,,
input_xlsx.xlsx,"ATR 1. Point Township Dr, south of Ridge Rd",Point Township Dr,EB,2026-04-22,09:00:00,09:15:00,>240 to 300,14,,
input_xlsx.xlsx,"ATR 1. Point Township Dr, south of Ridge Rd",Point Township Dr,EB,2026-04-22,09:00:00,09:15:00,>300 to 360,4,,
input_xlsx.xlsx,"ATR 1. Point Township Dr, south of Ridge Rd",Point Township Dr,EB,2026-04-22,09:00:00,09:15:00,>360 to 480,2,,
input_xlsx.xlsx,"ATR 1. Point Township Dr, south of Ridge Rd",Point Township Dr,EB,2026-04-22,09:00:00,09:15:00,>480 to 600,2,,
input_xlsx.xlsx,"ATR 1. Point Township Dr, south of Ridge Rd",Point Township Dr,EB,2026-04-22,09:00:00,09:15:00,>600 to 720,2,,
input_xlsx.xlsx,"ATR 1. Point Township Dr, south of Ridge Rd",Point Township Dr,EB,2026-04-22,09:00:00,09:15:00,>720 to 840,2,,
input_xlsx.xlsx,"ATR 1. Point Township Dr, south of Ridge Rd",Point Township Dr,EB,2026-04-22,09:00:00,09:15:00,>840 to 960,1,,
input_xlsx.xlsx,"ATR 1. Point Township Dr, south of Ridge Rd",Point Township Dr,EB,2026-04-22,09:00:00,09:15:00,> 960,0,,
input_xlsx.xlsx,"ATR 1. Point Township Dr, south of Ridge Rd",Point Township Dr,EB,2026-04-22,09:15:00,09:30:00,0 to 72,0,,
input_xlsx.xlsx,"ATR 1. Point Township Dr, south of Ridge Rd",Point Township Dr,EB,2026-04-22,09:15:00,09:30:00,>72 to 120,0,,
input_xlsx.xlsx,"ATR 1. Point Township Dr, south of Ridge Rd",Point Township Dr,EB,2026-04-22,09:15:00,09:30:00,>120 to 180,48,,
input_xlsx.xlsx,"ATR 1. Point Township Dr, south of Ridge Rd",Point Township Dr,EB,2026-04-22,09:15:00,09:30:00,>180 to 240,29,,
input_xlsx.xlsx,"ATR 1. Point Township Dr, south of Ridge Rd",Point Township Dr,EB,2026-04-22,09:15:00,09:30:00,>240 to 300,1,,
input_xlsx.xlsx,"ATR 1. Point Township Dr, south of Ridge Rd",Point Township Dr,EB,2026-04-22,09:15:00,09:30:00,>300 to 360,2,,
input_xlsx.xlsx,"ATR 1. Point Township Dr, south of Ridge Rd",Point Township Dr,EB,2026-04-22,09:15:00,09:30:00,>360 to 480,4,,
input_xlsx.xlsx,"ATR 1. Point Township Dr, south of Ridge Rd",Point Township Dr,EB,2026-04-22,09:15:00,09:30:00,>480 to 600,3,,
input_xlsx.xlsx,"ATR 1. Point Township Dr, south of Ridge Rd",Point Township Dr,EB,2026-04-22,09:15:00,09:30:00,>600 to 720,2,,
input_xlsx.xlsx,"ATR 1. Point Township Dr, south of Ridge Rd",Point Township Dr,EB,2026-04-22,09:15:00,09:30:00,>720 to 840,1,,
input_xlsx.xlsx,"ATR 1. Point Township Dr, south of Ridge Rd",Point Township Dr,EB,2026-04-22,09:15:00,09:30:00,>840 to 960,0,,
input_xlsx.xlsx,"ATR 1. Point Township Dr, south of Ridge Rd",Point Township Dr,EB,2026-04-22,09:15:00,09:30:00,> 960,0,,
input_xlsx.xlsx,"ATR 1. Point Township Dr, south of Ridge Rd",Point Township Dr,EB,2026-04-22,09:30:00,09:45:00,0 to 72,0,,
input_xlsx.xlsx,"ATR 1. Point Township Dr, south of Ridge Rd",Point Township Dr,EB,2026-04-22,09:30:00,09:45:00,>72 to 120,1,,
input_xlsx.xlsx,"ATR 1. Point Township Dr, south of Ridge Rd",Point Township Dr,EB,2026-04-22,09:30:00,09:45:00,>120 to 180,51,,
input_xlsx.xlsx,"ATR 1. Point Township Dr, south of Ridge Rd",Point Township Dr,EB,2026-04-22,09:30:00,09:45:00,>180 to 240,26,,
input_xlsx.xlsx,"ATR 1. Point Township Dr, south of Ridge Rd",Point Township Dr,EB,2026-04-22,09:30:00,09:45:00,>240 to 300,6,,
input_xlsx.xlsx,"ATR 1. Point Township Dr, south of Ridge Rd",Point Township Dr,EB,2026-04-22,09:30:00,09:45:00,>300 to 360,2,,
input_xlsx.xlsx,"ATR 1. Point Township Dr, south of Ridge Rd",Point Township Dr,EB,2026-04-22,09:30:00,09:45:00,>360 to 480,2,,
input_xlsx.xlsx,"ATR 1. Point Township Dr, south of Ridge Rd",Point Township Dr,EB,2026-04-22,09:30:00,09:45:00,>480 to 600,0,,
input_xlsx.xlsx,"ATR 1. Point Township Dr, south of Ridge Rd",Point Township Dr,EB,2026-04-22,09:30:00,09:45:00,>600 to 720,2,,
input_xlsx.xlsx,"ATR 1. Point Township Dr, south of Ridge Rd",Point Township Dr,EB,2026-04-22,09:30:00,09:45:00,>720 to 840,2,,
input_xlsx.xlsx,"ATR 1. Point Township Dr, south of Ridge Rd",Point Township Dr,EB,2026-04-22,09:30:00,09:45:00,>840 to 960,1,,
input_xlsx.xlsx,"ATR 1. Point Township Dr, south of Ridge Rd",Point Township Dr,EB,2026-04-22,09:30:00,09:45:00,> 960,0,,
input_xlsx.xlsx,"ATR 1. Point Township Dr, south of Ridge Rd",Point Township Dr,EB,2026-04-22,09:45:00,10:00:00,0 to 72,0,,
input_xlsx.xlsx,"ATR 1. Point Township Dr, south of Ridge Rd",Point Township Dr,EB,2026-04-22,09:45:00,10:00:00,>72 to 120,0,,
input_xlsx.xlsx,"ATR 1. Point Township Dr, south of Ridge Rd",Point Township Dr,EB,2026-04-22,09:45:00,10:00:00,>120 to 180,38,,
input_xlsx.xlsx,"ATR 1. Point Township Dr, south of Ridge Rd",Point Township Dr,EB,2026-04-22,09:45:00,10:00:00,>180 to 240,21,,
input_xlsx.xlsx,"ATR 1. Point Township Dr, south of Ridge Rd",Point Township Dr,EB,2026-04-22,09:45:00,10:00:00,>240 to 300,4,,
input_xlsx.xlsx,"ATR 1. Point Township Dr, south of Ridge Rd",Point Township Dr,EB,2026-04-22,09:45:00,10:00:00,>300 to 360,3,,
input_xlsx.xlsx,"ATR 1. Point Township Dr, south of Ridge Rd",Point Township Dr,EB,2026-04-22,09:45:00,10:00:00,>360 to 480,8,,
input_xlsx.xlsx,"ATR 1. Point Township Dr, south of Ridge Rd",Point Township Dr,EB,2026-04-22,09:45:00,10:00:00,>480 to 600,0,,
input_xlsx.xlsx,"ATR 1. Point Township Dr, south of Ridge Rd",Point Township Dr,EB,2026-04-22,09:45:00,10:00:00,>600 to 720,1,,
input_xlsx.xlsx,"ATR 1. Point Township Dr, south of Ridge Rd",Point Township Dr,EB,2026-04-22,09:45:00,10:00:00,>720 to 840,2,,
input_xlsx.xlsx,"ATR 1. Point Township Dr, south of Ridge Rd",Point Township Dr,EB,2026-04-22,09:45:00,10:00:00,>840 to 960,1,,
input_xlsx.xlsx,"ATR 1. Point Township Dr, south of Ridge Rd",Point Township Dr,EB,2026-04-22,09:45:00,10:00:00,> 960,0,,
input_xlsx.xlsx,"ATR 1. Point Township Dr, south of Ridge Rd",Point Township Dr,EB,2026-04-22,10:00:00,10:15:00,0 to 72,0,,
input_xlsx.xlsx,"ATR 1. Point Township Dr, south of Ridge Rd",Point Township Dr,EB,2026-04-22,10:00:00,10:15:00,>72 to 120,1,,
input_xlsx.xlsx,"ATR 1. Point Township Dr, south of Ridge Rd",Point Township Dr,EB,2026-04-22,10:00:00,10:15:00,>120 to 180,48,,
input_xlsx.xlsx,"ATR 1. Point Township Dr, south of Ridge Rd",Point Township Dr,EB,2026-04-22,10:00:00,10:15:00,>180 to 240,14,,
input_xlsx.xlsx,"ATR 1. Point Township Dr, south of Ridge Rd",Point Township Dr,EB,2026-04-22,10:00:00,10:15:00,>240 to 300,6,,
input_xlsx.xlsx,"ATR 1. Point Township Dr, south of Ridge Rd",Point Township Dr,EB,2026-04-22,10:00:00,10:15:00,>300 to 360,1,,
input_xlsx.xlsx,"ATR 1. Point Township Dr, south of Ridge Rd",Point Township Dr,EB,2026-04-22,10:00:00,10:15:00,>360 to 480,5,,
input_xlsx.xlsx,"ATR 1. Point Township Dr, south of Ridge Rd",Point Township Dr,EB,2026-04-22,10:00:00,10:15:00,>480 to 600,2,,
input_xlsx.xlsx,"ATR 1. Point Township Dr, south of Ridge Rd",Point Township Dr,EB,2026-04-22,10:00:00,10:15:00,>600 to 720,1,,
input_xlsx.xlsx,"ATR 1. Point Township Dr, south of Ridge Rd",Point Township Dr,EB,2026-04-22,10:00:00,10:15:00,>720 to 840,1,,
input_xlsx.xlsx,"ATR 1. Point Township Dr, south of Ridge Rd",Point Township Dr,EB,2026-04-22,10:00:00,10:15:00,>840 to 960,0,,
input_xlsx.xlsx,"ATR 1. Point Township Dr, south of Ridge Rd",Point Township Dr,EB,2026-04-22,10:00:00,10:15:00,> 960,0,,
input_xlsx.xlsx,"ATR 1. Point Township Dr, south of Ridge Rd",Point Township Dr,EB,2026-04-22,10:15:00,10:30:00,0 to 72,0,,
input_xlsx.xlsx,"ATR 1. Point Township Dr, south of Ridge Rd",Point Township Dr,EB,2026-04-22,10:15:00,10:30:00,>72 to 120,1,,
input_xlsx.xlsx,"ATR 1. Point Township Dr, south of Ridge Rd",Point Township Dr,EB,2026-04-22,10:15:00,10:30:00,>120 to 180,41,,
input_xlsx.xlsx,"ATR 1. Point Township Dr, south of Ridge Rd",Point Township Dr,EB,2026-04-22,10:15:00,10:30:00,>180 to 240,22,,
input_xlsx.xlsx,"ATR 1. Point Township Dr, south of Ridge Rd",Point Township Dr,EB,2026-04-22,10:15:00,10:30:00,>240 to 300,4,,
input_xlsx.xlsx,"ATR 1. Point Township Dr, south of Ridge Rd",Point Township Dr,EB,2026-04-22,10:15:00,10:30:00,>300 to 360,5,,
input_xlsx.xlsx,"ATR 1. Point Township Dr, south of Ridge Rd",Point Township Dr,EB,2026-04-22,10:15:00,10:30:00,>360 to 480,2,,
input_xlsx.xlsx,"ATR 1. Point Township Dr, south of Ridge Rd",Point Township Dr,EB,2026-04-22,10:15:00,10:30:00,>480 to 600,1,,
input_xlsx.xlsx,"ATR 1. Point Township Dr, south of Ridge Rd",Point Township Dr,EB,2026-04-22,10:15:00,10:30:00,>600 to 720,0,,
input_xlsx.xlsx,"ATR 1. Point Township Dr, south of Ridge Rd",Point Township Dr,EB,2026-04-22,10:15:00,10:30:00,>720 to 840,1,,
input_xlsx.xlsx,"ATR 1. Point Township Dr, south of Ridge Rd",Point Township Dr,EB,2026-04-22,10:15:00,10:30:00,>840 to 960,0,,
input_xlsx.xlsx,"ATR 1. Point Township Dr, south of Ridge Rd",Point Township Dr,EB,2026-04-22,10:15:00,10:30:00,> 960,0,,
input_xlsx.xlsx,"ATR 1. Point Township Dr, south of Ridge Rd",Point Township Dr,EB,2026-04-22,10:30:00,10:45:00,0 to 72,0,,
input_xlsx.xlsx,"ATR 1. Point Township Dr, south of Ridge Rd",Point Township Dr,EB,2026-04-22,10:30:00,10:45:00,>72 to 120,0,,
input_xlsx.xlsx,"ATR 1. Point Township Dr, south of Ridge Rd",Point Township Dr,EB,2026-04-22,10:30:00,10:45:00,>120 to 180,48,,
input_xlsx.xlsx,"ATR 1. Point Township Dr, south of Ridge Rd",Point Township Dr,EB,2026-04-22,10:30:00,10:45:00,>180 to 240,26,,
input_xlsx.xlsx,"ATR 1. Point Township Dr, south of Ridge Rd",Point Township Dr,EB,2026-04-22,10:30:00,10:45:00,>240 to 300,5,,
input_xlsx.xlsx,"ATR 1. Point Township Dr, south of Ridge Rd",Point Township Dr,EB,2026-04-22,10:30:00,10:45:00,>300 to 360,2,,
input_xlsx.xlsx,"ATR 1. Point Township Dr, south of Ridge Rd",Point Township Dr,EB,2026-04-22,10:30:00,10:45:00,>360 to 480,2,,
input_xlsx.xlsx,"ATR 1. Point Township Dr, south of Ridge Rd",Point Township Dr,EB,2026-04-22,10:30:00,10:45:00,>480 to 600,1,,
input_xlsx.xlsx,"ATR 1. Point Township Dr, south of Ridge Rd",Point Township Dr,EB,2026-04-22,10:30:00,10:45:00,>600 to 720,2,,
input_xlsx.xlsx,"ATR 1. Point Township Dr, south of Ridge Rd",Point Township Dr,EB,2026-04-22,10:30:00,10:45:00,>720 to 840,1,,
input_xlsx.xlsx,"ATR 1. Point Township Dr, south of Ridge Rd",Point Township Dr,EB,2026-04-22,10:30:00,10:45:00,>840 to 960,3,,
input_xlsx.xlsx,"ATR 1. Point Township Dr, south of Ridge Rd",Point Township Dr,EB,2026-04-22,10:30:00,10:45:00,> 960,0,,
input_xlsx.xlsx,"ATR 1. Point Township Dr, south of Ridge Rd",Point Township Dr,EB,2026-04-22,10:45:00,11:00:00,0 to 72,1,,
input_xlsx.xlsx,"ATR 1. Point Township Dr, south of Ridge Rd",Point Township Dr,EB,2026-04-22,10:45:00,11:00:00,>72 to 120,1,,
input_xlsx.xlsx,"ATR 1. Point Township Dr, south of Ridge Rd",Point Township Dr,EB,2026-04-22,10:45:00,11:00:00,>120 to 180,40,,
input_xlsx.xlsx,"ATR 1. Point Township Dr, south of Ridge Rd",Point Township Dr,EB,2026-04-22,10:45:00,11:00:00,>180 to 240,19,,
input_xlsx.xlsx,"ATR 1. Point Township Dr, south of Ridge Rd",Point Township Dr,EB,2026-04-22,10:45:00,11:00:00,>240 to 300,6,,
input_xlsx.xlsx,"ATR 1. Point Township Dr, south of Ridge Rd",Point Township Dr,EB,2026-04-22,10:45:00,11:00:00,>300 to 360,3,,
input_xlsx.xlsx,"ATR 1. Point Township Dr, south of Ridge Rd",Point Township Dr,EB,2026-04-22,10:45:00,11:00:00,>360 to 480,0,,
input_xlsx.xlsx,"ATR 1. Point Township Dr, south of Ridge Rd",Point Township Dr,EB,2026-04-22,10:45:00,11:00:00,>480 to 600,1,,
input_xlsx.xlsx,"ATR 1. Point Township Dr, south of Ridge Rd",Point Township Dr,EB,2026-04-22,10:45:00,11:00:00,>600 to 720,0,,
input_xlsx.xlsx,"ATR 1. Point Township Dr, south of Ridge Rd",Point Township Dr,EB,2026-04-22,10:45:00,11:00:00,>720 to 840,1,,
input_xlsx.xlsx,"ATR 1. Point Township Dr, south of Ridge Rd",Point Township Dr,EB,2026-04-22,10:45:00,11:00:00,>840 to 960,0,,
input_xlsx.xlsx,"ATR 1. Point Township Dr, south of Ridge Rd",Point Township Dr,EB,2026-04-22,10:45:00,11:00:00,> 960,0,,
input_xlsx.xlsx,"ATR 1. Point Township Dr, south of Ridge Rd",Point Township Dr,EB,2026-04-22,11:00:00,11:15:00,0 to 72,0,,
input_xlsx.xlsx,"ATR 1. Point Township Dr, south of Ridge Rd",Point Township Dr,EB,2026-04-22,11:00:00,11:15:00,>72 to 120,0,,
input_xlsx.xlsx,"ATR 1. Point Township Dr, south of Ridge Rd",Point Township Dr,EB,2026-04-22,11:00:00,11:15:00,>120 to 180,36,,
input_xlsx.xlsx,"ATR 1. Point Township Dr, south of Ridge Rd",Point Township Dr,EB,2026-04-22,11:00:00,11:15:00,>180 to 240,27,,
input_xlsx.xlsx,"ATR 1. Point Township Dr, south of Ridge Rd",Point Township Dr,EB,2026-04-22,11:00:00,11:15:00,>240 to 300,3,,
input_xlsx.xlsx,"ATR 1. Point Township Dr, south of Ridge Rd",Point Township Dr,EB,2026-04-22,11:00:00,11:15:00,>300 to 360,4,,
input_xlsx.xlsx,"ATR 1. Point Township Dr, south of Ridge Rd",Point Township Dr,EB,2026-04-22,11:00:00,11:15:00,>360 to 480,7,,
input_xlsx.xlsx,"ATR 1. Point Township Dr, south of Ridge Rd",Point Township Dr,EB,2026-04-22,11:00:00,11:15:00,>480 to 600,0,,
input_xlsx.xlsx,"ATR 1. Point Township Dr, south of Ridge Rd",Point Township Dr,EB,2026-04-22,11:00:00,11:15:00,>600 to 720,2,,
input_xlsx.xlsx,"ATR 1. Point Township Dr, south of Ridge Rd",Point Township Dr,EB,2026-04-22,11:00:00,11:15:00,>720 to 840,2,,
input_xlsx.xlsx,"ATR 1. Point Township Dr, south of Ridge Rd",Point Township Dr,EB,2026-04-22,11:00:00,11:15:00,>840 to 960,1,,
input_xlsx.xlsx,"ATR 1. Point Township Dr, south of Ridge Rd",Point Township Dr,EB,2026-04-22,11:00:00,11:15:00,> 960,0,,
input_xlsx.xlsx,"ATR 1. Point Township Dr, south of Ridge Rd",Point Township Dr,EB,2026-04-22,11:15:00,11:30:00,0 to 72,0,,
input_xlsx.xlsx,"ATR 1. Point Township Dr, south of Ridge Rd",Point Township Dr,EB,2026-04-22,11:15:00,11:30:00,>72 to 120,0,,
input_xlsx.xlsx,"ATR 1. Point Township Dr, south of Ridge Rd",Point Township Dr,EB,2026-04-22,11:15:00,11:30:00,>120 to 180,44,,
input_xlsx.xlsx,"ATR 1. Point Township Dr, south of Ridge Rd",Point Township Dr,EB,2026-04-22,11:15:00,11:30:00,>180 to 240,22,,
input_xlsx.xlsx,"ATR 1. Point Township Dr, south of Ridge Rd",Point Township Dr,EB,2026-04-22,11:15:00,11:30:00,>240 to 300,4,,
input_xlsx.xlsx,"ATR 1. Point Township Dr, south of Ridge Rd",Point Township Dr,EB,2026-04-22,11:15:00,11:30:00,>300 to 360,3,,
input_xlsx.xlsx,"ATR 1. Point Township Dr, south of Ridge Rd",Point Township Dr,EB,2026-04-22,11:15:00,11:30:00,>360 to 480,2,,
input_xlsx.xlsx,"ATR 1. Point Township Dr, south of Ridge Rd",Point Township Dr,EB,2026-04-22,11:15:00,11:30:00,>480 to 600,2,,
input_xlsx.xlsx,"ATR 1. Point Township Dr, south of Ridge Rd",Point Township Dr,EB,2026-04-22,11:15:00,11:30:00,>600 to 720,0,,
input_xlsx.xlsx,"ATR 1. Point Township Dr, south of Ridge Rd",Point Township Dr,EB,2026-04-22,11:15:00,11:30:00,>720 to 840,5,,
input_xlsx.xlsx,"ATR 1. Point Township Dr, south of Ridge Rd",Point Township Dr,EB,2026-04-22,11:15:00,11:30:00,>840 to 960,1,,
input_xlsx.xlsx,"ATR 1. Point Township Dr, south of Ridge Rd",Point Township Dr,EB,2026-04-22,11:15:00,11:30:00,> 960,0,,
input_xlsx.xlsx,"ATR 1. Point Township Dr, south of Ridge Rd",Point Township Dr,EB,2026-04-22,11:30:00,11:45:00,0 to 72,0,,
input_xlsx.xlsx,"ATR 1. Point Township Dr, south of Ridge Rd",Point Township Dr,EB,2026-04-22,11:30:00,11:45:00,>72 to 120,2,,
input_xlsx.xlsx,"ATR 1. Point Township Dr, south of Ridge Rd",Point Township Dr,EB,2026-04-22,11:30:00,11:45:00,>120 to 180,34,,
input_xlsx.xlsx,"ATR 1. Point Township Dr, south of Ridge Rd",Point Township Dr,EB,2026-04-22,11:30:00,11:45:00,>180 to 240,20,,
input_xlsx.xlsx,"ATR 1. Point Township Dr, south of Ridge Rd",Point Township Dr,EB,2026-04-22,11:30:00,11:45:00,>240 to 300,4,,
input_xlsx.xlsx,"ATR 1. Point Township Dr, south of Ridge Rd",Point Township Dr,EB,2026-04-22,11:30:00,11:45:00,>300 to 360,2,,
input_xlsx.xlsx,"ATR 1. Point Township Dr, south of Ridge Rd",Point Township Dr,EB,2026-04-22,11:30:00,11:45:00,>360 to 480,1,,
input_xlsx.xlsx,"ATR 1. Point Township Dr, south of Ridge Rd",Point Township Dr,EB,2026-04-22,11:30:00,11:45:00,>480 to 600,1,,
input_xlsx.xlsx,"ATR 1. Point Township Dr, south of Ridge Rd",Point Township Dr,EB,2026-04-22,11:30:00,11:45:00,>600 to 720,0,,
input_xlsx.xlsx,"ATR 1. Point Township Dr, south of Ridge Rd",Point Township Dr,EB,2026-04-22,11:30:00,11:45:00,>720 to 840,4,,
input_xlsx.xlsx,"ATR 1. Point Township Dr, south of Ridge Rd",Point Township Dr,EB,2026-04-22,11:30:00,11:45:00,>840 to 960,2,,
input_xlsx.xlsx,"ATR 1. Point Township Dr, south of Ridge Rd",Point Township Dr,EB,2026-04-22,11:30:00,11:45:00,> 960,1,,
input_xlsx.xlsx,"ATR 1. Point Township Dr, south of Ridge Rd",Point Township Dr,EB,2026-04-22,11:45:00,12:00:00,0 to 72,0,,
input_xlsx.xlsx,"ATR 1. Point Township Dr, south of Ridge Rd",Point Township Dr,EB,2026-04-22,11:45:00,12:00:00,>72 to 120,0,,
input_xlsx.xlsx,"ATR 1. Point Township Dr, south of Ridge Rd",Point Township Dr,EB,2026-04-22,11:45:00,12:00:00,>120 to 180,44,,
input_xlsx.xlsx,"ATR 1. Point Township Dr, south of Ridge Rd",Point Township Dr,EB,2026-04-22,11:45:00,12:00:00,>180 to 240,26,,
input_xlsx.xlsx,"ATR 1. Point Township Dr, south of Ridge Rd",Point Township Dr,EB,2026-04-22,11:45:00,12:00:00,>240 to 300,6,,
input_xlsx.xlsx,"ATR 1. Point Township Dr, south of Ridge Rd",Point Township Dr,EB,2026-04-22,11:45:00,12:00:00,>300 to 360,1,,
input_xlsx.xlsx,"ATR 1. Point Township Dr, south of Ridge Rd",Point Township Dr,EB,2026-04-22,11:45:00,12:00:00,>360 to 480,3,,
input_xlsx.xlsx,"ATR 1. Point Township Dr, south of Ridge Rd",Point Township Dr,EB,2026-04-22,11:45:00,12:00:00,>480 to 600,0,,
input_xlsx.xlsx,"ATR 1. Point Township Dr, south of Ridge Rd",Point Township Dr,EB,2026-04-22,11:45:00,12:00:00,>600 to 720,2,,
input_xlsx.xlsx,"ATR 1. Point Township Dr, south of Ridge Rd",Point Township Dr,EB,2026-04-22,11:45:00,12:00:00,>720 to 840,2,,
input_xlsx.xlsx,"ATR 1. Point Township Dr, south of Ridge Rd",Point Township Dr,EB,2026-04-22,11:45:00,12:00:00,>840 to 960,0,,
input_xlsx.xlsx,"ATR 1. Point Township Dr, south of Ridge Rd",Point Township Dr,EB,2026-04-22,11:45:00,12:00:00,> 960,0,,
input_xlsx.xlsx,"ATR 1. Point Township Dr, south of Ridge Rd",Point Township Dr,EB,2026-04-22,12:00:00,12:15:00,0 to 72,0,,
input_xlsx.xlsx,"ATR 1. Point Township Dr, south of Ridge Rd",Point Township Dr,EB,2026-04-22,12:00:00,12:15:00,>72 to 120,0,,
input_xlsx.xlsx,"ATR 1. Point Township Dr, south of Ridge Rd",Point Township Dr,EB,2026-04-22,12:00:00,12:15:00,>120 to 180,43,,
input_xlsx.xlsx,"ATR 1. Point Township Dr, south of Ridge Rd",Point Township Dr,EB,2026-04-22,12:00:00,12:15:00,>180 to 240,25,,
input_xlsx.xlsx,"ATR 1. Point Township Dr, south of Ridge Rd",Point Township Dr,EB,2026-04-22,12:00:00,12:15:00,>240 to 300,4,,
input_xlsx.xlsx,"ATR 1. Point Township Dr, south of Ridge Rd",Point Township Dr,EB,2026-04-22,12:00:00,12:15:00,>300 to 360,2,,
input_xlsx.xlsx,"ATR 1. Point Township Dr, south of Ridge Rd",Point Township Dr,EB,2026-04-22,12:00:00,12:15:00,>360 to 480,3,,
input_xlsx.xlsx,"ATR 1. Point Township Dr, south of Ridge Rd",Point Township Dr,EB,2026-04-22,12:00:00,12:15:00,>480 to 600,2,,
input_xlsx.xlsx,"ATR 1. Point Township Dr, south of Ridge Rd",Point Township Dr,EB,2026-04-22,12:00:00,12:15:00,>600 to 720,1,,
input_xlsx.xlsx,"ATR 1. Point Township Dr, south of Ridge Rd",Point Township Dr,EB,2026-04-22,12:00:00,12:15:00,>720 to 840,1,,
input_xlsx.xlsx,"ATR 1. Point Township Dr, south of Ridge Rd",Point Township Dr,EB,2026-04-22,12:00:00,12:15:00,>840 to 960,1,,
input_xlsx.xlsx,"ATR 1. Point Township Dr, south of Ridge Rd",Point Township Dr,EB,2026-04-22,12:00:00,12:15:00,> 960,0,,
input_xlsx.xlsx,"ATR 1. Point Township Dr, south of Ridge Rd",Point Township Dr,EB,2026-04-22,12:15:00,12:30:00,0 to 72,0,,
input_xlsx.xlsx,"ATR 1. Point Township Dr, south of Ridge Rd",Point Township Dr,EB,2026-04-22,12:15:00,12:30:00,>72 to 120,1,,
input_xlsx.xlsx,"ATR 1. Point Township Dr, south of Ridge Rd",Point Township Dr,EB,2026-04-22,12:15:00,12:30:00,>120 to 180,44,,
input_xlsx.xlsx,"ATR 1. Point Township Dr, south of Ridge Rd",Point Township Dr,EB,2026-04-22,12:15:00,12:30:00,>180 to 240,17,,
input_xlsx.xlsx,"ATR 1. Point Township Dr, south of Ridge Rd",Point Township Dr,EB,2026-04-22,12:15:00,12:30:00,>240 to 300,6,,
input_xlsx.xlsx,"ATR 1. Point Township Dr, south of Ridge Rd",Point Township Dr,EB,2026-04-22,12:15:00,12:30:00,>300 to 360,1,,
input_xlsx.xlsx,"ATR 1. Point Township Dr, south of Ridge Rd",Point Township Dr,EB,2026-04-22,12:15:00,12:30:00,>360 to 480,2,,
input_xlsx.xlsx,"ATR 1. Point Township Dr, south of Ridge Rd",Point Township Dr,EB,2026-04-22,12:15:00,12:30:00,>480 to 600,2,,
input_xlsx.xlsx,"ATR 1. Point Township Dr, south of Ridge Rd",Point Township Dr,EB,2026-04-22,12:15:00,12:30:00,>600 to 720,0,,
input_xlsx.xlsx,"ATR 1. Point Township Dr, south of Ridge Rd",Point Township Dr,EB,2026-04-22,12:15:00,12:30:00,>720 to 840,3,,
input_xlsx.xlsx,"ATR 1. Point Township Dr, south of Ridge Rd",Point Township Dr,EB,2026-04-22,12:15:00,12:30:00,>840 to 960,1,,
input_xlsx.xlsx,"ATR 1. Point Township Dr, south of Ridge Rd",Point Township Dr,EB,2026-04-22,12:15:00,12:30:00,> 960,0,,
input_xlsx.xlsx,"ATR 1. Point Township Dr, south of Ridge Rd",Point Township Dr,EB,2026-04-22,12:30:00,12:45:00,0 to 72,0,,
input_xlsx.xlsx,"ATR 1. Point Township Dr, south of Ridge Rd",Point Township Dr,EB,2026-04-22,12:30:00,12:45:00,>72 to 120,0,,
input_xlsx.xlsx,"ATR 1. Point Township Dr, south of Ridge Rd",Point Township Dr,EB,2026-04-22,12:30:00,12:45:00,>120 to 180,52,,
input_xlsx.xlsx,"ATR 1. Point Township Dr, south of Ridge Rd",Point Township Dr,EB,2026-04-22,12:30:00,12:45:00,>180 to 240,18,,
input_xlsx.xlsx,"ATR 1. Point Township Dr, south of Ridge Rd",Point Township Dr,EB,2026-04-22,12:30:00,12:45:00,>240 to 300,5,,
input_xlsx.xlsx,"ATR 1. Point Township Dr, south of Ridge Rd",Point Township Dr,EB,2026-04-22,12:30:00,12:45:00,>300 to 360,2,,
input_xlsx.xlsx,"ATR 1. Point Township Dr, south of Ridge Rd",Point Township Dr,EB,2026-04-22,12:30:00,12:45:00,>360 to 480,3,,
input_xlsx.xlsx,"ATR 1. Point Township Dr, south of Ridge Rd",Point Township Dr,EB,2026-04-22,12:30:00,12:45:00,>480 to 600,0,,
input_xlsx.xlsx,"ATR 1. Point Township Dr, south of Ridge Rd",Point Township Dr,EB,2026-04-22,12:30:00,12:45:00,>600 to 720,1,,
input_xlsx.xlsx,"ATR 1. Point Township Dr, south of Ridge Rd",Point Township Dr,EB,2026-04-22,12:30:00,12:45:00,>720 to 840,2,,
input_xlsx.xlsx,"ATR 1. Point Township Dr, south of Ridge Rd",Point Township Dr,EB,2026-04-22,12:30:00,12:45:00,>840 to 960,2,,
input_xlsx.xlsx,"ATR 1. Point Township Dr, south of Ridge Rd",Point Township Dr,EB,2026-04-22,12:30:00,12:45:00,> 960,0,,
input_xlsx.xlsx,"ATR 1. Point Township Dr, south of Ridge Rd",Point Township Dr,EB,2026-04-22,12:45:00,13:00:00,0 to 72,0,,
input_xlsx.xlsx,"ATR 1. Point Township Dr, south of Ridge Rd",Point Township Dr,EB,2026-04-22,12:45:00,13:00:00,>72 to 120,0,,
input_xlsx.xlsx,"ATR 1. Point Township Dr, south of Ridge Rd",Point Township Dr,EB,2026-04-22,12:45:00,13:00:00,>120 to 180,31,,
input_xlsx.xlsx,"ATR 1. Point Township Dr, south of Ridge Rd",Point Township Dr,EB,2026-04-22,12:45:00,13:00:00,>180 to 240,21,,
input_xlsx.xlsx,"ATR 1. Point Township Dr, south of Ridge Rd",Point Township Dr,EB,2026-04-22,12:45:00,13:00:00,>240 to 300,2,,
input_xlsx.xlsx,"ATR 1. Point Township Dr, south of Ridge Rd",Point Township Dr,EB,2026-04-22,12:45:00,13:00:00,>300 to 360,3,,
input_xlsx.xlsx,"ATR 1. Point Township Dr, south of Ridge Rd",Point Township Dr,EB,2026-04-22,12:45:00,13:00:00,>360 to 480,4,,
input_xlsx.xlsx,"ATR 1. Point Township Dr, south of Ridge Rd",Point Township Dr,EB,2026-04-22,12:45:00,13:00:00,>480 to 600,0,,
input_xlsx.xlsx,"ATR 1. Point Township Dr, south of Ridge Rd",Point Township Dr,EB,2026-04-22,12:45:00,13:00:00,>600 to 720,2,,
input_xlsx.xlsx,"ATR 1. Point Township Dr, south of Ridge Rd",Point Township Dr,EB,2026-04-22,12:45:00,13:00:00,>720 to 840,4,,
input_xlsx.xlsx,"ATR 1. Point Township Dr, south of Ridge Rd",Point Township Dr,EB,2026-04-22,12:45:00,13:00:00,>840 to 960,0,,
input_xlsx.xlsx,"ATR 1. Point Township Dr, south of Ridge Rd",Point Township Dr,EB,2026-04-22,12:45:00,13:00:00,> 960,0,,
input_xlsx.xlsx,"ATR 1. Point Township Dr, south of Ridge Rd",Point Township Dr,EB,2026-04-22,13:00:00,13:15:00,0 to 72,1,,
input_xlsx.xlsx,"ATR 1. Point Township Dr, south of Ridge Rd",Point Township Dr,EB,2026-04-22,13:00:00,13:15:00,>72 to 120,0,,
input_xlsx.xlsx,"ATR 1. Point Township Dr, south of Ridge Rd",Point Township Dr,EB,2026-04-22,13:00:00,13:15:00,>120 to 180,39,,
input_xlsx.xlsx,"ATR 1. Point Township Dr, south of Ridge Rd",Point Township Dr,EB,2026-04-22,13:00:00,13:15:00,>180 to 240,20,,
input_xlsx.xlsx,"ATR 1. Point Township Dr, south of Ridge Rd",Point Township Dr,EB,2026-04-22,13:00:00,13:15:00,>240 to 300,1,,
input_xlsx.xlsx,"ATR 1. Point Township Dr, south of Ridge Rd",Point Township Dr,EB,2026-04-22,13:00:00,13:15:00,>300 to 360,3,,
input_xlsx.xlsx,"ATR 1. Point Township Dr, south of Ridge Rd",Point Township Dr,EB,2026-04-22,13:00:00,13:15:00,>360 to 480,3,,
input_xlsx.xlsx,"ATR 1. Point Township Dr, south of Ridge Rd",Point Township Dr,EB,2026-04-22,13:00:00,13:15:00,>480 to 600,1,,
input_xlsx.xlsx,"ATR 1. Point Township Dr, south of Ridge Rd",Point Township Dr,EB,2026-04-22,13:00:00,13:15:00,>600 to 720,2,,
input_xlsx.xlsx,"ATR 1. Point Township Dr, south of Ridge Rd",Point Township Dr,EB,2026-04-22,13:00:00,13:15:00,>720 to 840,1,,
input_xlsx.xlsx,"ATR 1. Point Township Dr, south of Ridge Rd",Point Township Dr,EB,2026-04-22,13:00:00,13:15:00,>840 to 960,0,,
input_xlsx.xlsx,"ATR 1. Point Township Dr, south of Ridge Rd",Point Township Dr,EB,2026-04-22,13:00:00,13:15:00,> 960,0,,
input_xlsx.xlsx,"ATR 1. Point Township Dr, south of Ridge Rd",Point Township Dr,EB,2026-04-22,13:15:00,13:30:00,0 to 72,1,,
input_xlsx.xlsx,"ATR 1. Point Township Dr, south of Ridge Rd",Point Township Dr,EB,2026-04-22,13:15:00,13:30:00,>72 to 120,1,,
input_xlsx.xlsx,"ATR 1. Point Township Dr, south of Ridge Rd",Point Township Dr,EB,2026-04-22,13:15:00,13:30:00,>120 to 180,56,,
input_xlsx.xlsx,"ATR 1. Point Township Dr, south of Ridge Rd",Point Township Dr,EB,2026-04-22,13:15:00,13:30:00,>180 to 240,22,,
input_xlsx.xlsx,"ATR 1. Point Township Dr, south of Ridge Rd",Point Township Dr,EB,2026-04-22,13:15:00,13:30:00,>240 to 300,3,,
input_xlsx.xlsx,"ATR 1. Point Township Dr, south of Ridge Rd",Point Township Dr,EB,2026-04-22,13:15:00,13:30:00,>300 to 360,2,,
input_xlsx.xlsx,"ATR 1. Point Township Dr, south of Ridge Rd",Point Township Dr,EB,2026-04-22,13:15:00,13:30:00,>360 to 480,3,,
input_xlsx.xlsx,"ATR 1. Point Township Dr, south of Ridge Rd",Point Township Dr,EB,2026-04-22,13:15:00,13:30:00,>480 to 600,0,,
input_xlsx.xlsx,"ATR 1. Point Township Dr, south of Ridge Rd",Point Township Dr,EB,2026-04-22,13:15:00,13:30:00,>600 to 720,1,,
input_xlsx.xlsx,"ATR 1. Point Township Dr, south of Ridge Rd",Point Township Dr,EB,2026-04-22,13:15:00,13:30:00,>720 to 840,1,,
input_xlsx.xlsx,"ATR 1. Point Township Dr, south of Ridge Rd",Point Township Dr,EB,2026-04-22,13:15:00,13:30:00,>840 to 960,0,,
input_xlsx.xlsx,"ATR 1. Point Township Dr, south of Ridge Rd",Point Township Dr,EB,2026-04-22,13:15:00,13:30:00,> 960,0,,
input_xlsx.xlsx,"ATR 1. Point Township Dr, south of Ridge Rd",Point Township Dr,EB,2026-04-22,13:30:00,13:45:00,0 to 72,0,,
input_xlsx.xlsx,"ATR 1. Point Township Dr, south of Ridge Rd",Point Township Dr,EB,2026-04-22,13:30:00,13:45:00,>72 to 120,2,,
input_xlsx.xlsx,"ATR 1. Point Township Dr, south of Ridge Rd",Point Township Dr,EB,2026-04-22,13:30:00,13:45:00,>120 to 180,61,,
input_xlsx.xlsx,"ATR 1. Point Township Dr, south of Ridge Rd",Point Township Dr,EB,2026-04-22,13:30:00,13:45:00,>180 to 240,23,,
input_xlsx.xlsx,"ATR 1. Point Township Dr, south of Ridge Rd",Point Township Dr,EB,2026-04-22,13:30:00,13:45:00,>240 to 300,2,,
input_xlsx.xlsx,"ATR 1. Point Township Dr, south of Ridge Rd",Point Township Dr,EB,2026-04-22,13:30:00,13:45:00,>300 to 360,5,,
input_xlsx.xlsx,"ATR 1. Point Township Dr, south of Ridge Rd",Point Township Dr,EB,2026-04-22,13:30:00,13:45:00,>360 to 480,3,,
input_xlsx.xlsx,"ATR 1. Point Township Dr, south of Ridge Rd",Point Township Dr,EB,2026-04-22,13:30:00,13:45:00,>480 to 600,0,,
input_xlsx.xlsx,"ATR 1. Point Township Dr, south of Ridge Rd",Point Township Dr,EB,2026-04-22,13:30:00,13:45:00,>600 to 720,2,,
input_xlsx.xlsx,"ATR 1. Point Township Dr, south of Ridge Rd",Point Township Dr,EB,2026-04-22,13:30:00,13:45:00,>720 to 840,2,,
input_xlsx.xlsx,"ATR 1. Point Township Dr, south of Ridge Rd",Point Township Dr,EB,2026-04-22,13:30:00,13:45:00,>840 to 960,2,,
input_xlsx.xlsx,"ATR 1. Point Township Dr, south of Ridge Rd",Point Township Dr,EB,2026-04-22,13:30:00,13:45:00,> 960,0,,
input_xlsx.xlsx,"ATR 1. Point Township Dr, south of Ridge Rd",Point Township Dr,EB,2026-04-22,13:45:00,14:00:00,0 to 72,0,,
input_xlsx.xlsx,"ATR 1. Point Township Dr, south of Ridge Rd",Point Township Dr,EB,2026-04-22,13:45:00,14:00:00,>72 to 120,0,,
input_xlsx.xlsx,"ATR 1. Point Township Dr, south of Ridge Rd",Point Township Dr,EB,2026-04-22,13:45:00,14:00:00,>120 to 180,51,,
input_xlsx.xlsx,"ATR 1. Point Township Dr, south of Ridge Rd",Point Township Dr,EB,2026-04-22,13:45:00,14:00:00,>180 to 240,25,,
input_xlsx.xlsx,"ATR 1. Point Township Dr, south of Ridge Rd",Point Township Dr,EB,2026-04-22,13:45:00,14:00:00,>240 to 300,3,,
input_xlsx.xlsx,"ATR 1. Point Township Dr, south of Ridge Rd",Point Township Dr,EB,2026-04-22,13:45:00,14:00:00,>300 to 360,1,,
input_xlsx.xlsx,"ATR 1. Point Township Dr, south of Ridge Rd",Point Township Dr,EB,2026-04-22,13:45:00,14:00:00,>360 to 480,1,,
input_xlsx.xlsx,"ATR 1. Point Township Dr, south of Ridge Rd",Point Township Dr,EB,2026-04-22,13:45:00,14:00:00,>480 to 600,1,,
input_xlsx.xlsx,"ATR 1. Point Township Dr, south of Ridge Rd",Point Township Dr,EB,2026-04-22,13:45:00,14:00:00,>600 to 720,0,,
input_xlsx.xlsx,"ATR 1. Point Township Dr, south of Ridge Rd",Point Township Dr,EB,2026-04-22,13:45:00,14:00:00,>720 to 840,1,,
input_xlsx.xlsx,"ATR 1. Point Township Dr, south of Ridge Rd",Point Township Dr,EB,2026-04-22,13:45:00,14:00:00,>840 to 960,0,,
input_xlsx.xlsx,"ATR 1. Point Township Dr, south of Ridge Rd",Point Township Dr,EB,2026-04-22,13:45:00,14:00:00,> 960,0,,
input_xlsx.xlsx,"ATR 1. Point Township Dr, south of Ridge Rd",Point Township Dr,EB,2026-04-22,14:00:00,14:15:00,0 to 72,0,,
input_xlsx.xlsx,"ATR 1. Point Township Dr, south of Ridge Rd",Point Township Dr,EB,2026-04-22,14:00:00,14:15:00,>72 to 120,0,,
input_xlsx.xlsx,"ATR 1. Point Township Dr, south of Ridge Rd",Point Township Dr,EB,2026-04-22,14:00:00,14:15:00,>120 to 180,37,,
input_xlsx.xlsx,"ATR 1. Point Township Dr, south of Ridge Rd",Point Township Dr,EB,2026-04-22,14:00:00,14:15:00,>180 to 240,22,,
input_xlsx.xlsx,"ATR 1. Point Township Dr, south of Ridge Rd",Point Township Dr,EB,2026-04-22,14:00:00,14:15:00,>240 to 300,4,,
input_xlsx.xlsx,"ATR 1. Point Township Dr, south of Ridge Rd",Point Township Dr,EB,2026-04-22,14:00:00,14:15:00,>300 to 360,5,,
input_xlsx.xlsx,"ATR 1. Point Township Dr, south of Ridge Rd",Point Township Dr,EB,2026-04-22,14:00:00,14:15:00,>360 to 480,3,,
input_xlsx.xlsx,"ATR 1. Point Township Dr, south of Ridge Rd",Point Township Dr,EB,2026-04-22,14:00:00,14:15:00,>480 to 600,0,,
input_xlsx.xlsx,"ATR 1. Point Township Dr, south of Ridge Rd",Point Township Dr,EB,2026-04-22,14:00:00,14:15:00,>600 to 720,0,,
input_xlsx.xlsx,"ATR 1. Point Township Dr, south of Ridge Rd",Point Township Dr,EB,2026-04-22,14:00:00,14:15:00,>720 to 840,0,,
input_xlsx.xlsx,"ATR 1. Point Township Dr, south of Ridge Rd",Point Township Dr,EB,2026-04-22,14:00:00,14:15:00,>840 to 960,0,,
input_xlsx.xlsx,"ATR 1. Point Township Dr, south of Ridge Rd",Point Township Dr,EB,2026-04-22,14:00:00,14:15:00,> 960,0,,
input_xlsx.xlsx,"ATR 1. Point Township Dr, south of Ridge Rd",Point Township Dr,EB,2026-04-22,14:15:00,14:30:00,0 to 72,0,,
input_xlsx.xlsx,"ATR 1. Point Township Dr, south of Ridge Rd",Point Township Dr,EB,2026-04-22,14:15:00,14:30:00,>72 to 120,0,,
input_xlsx.xlsx,"ATR 1. Point Township Dr, south of Ridge Rd",Point Township Dr,EB,2026-04-22,14:15:00,14:30:00,>120 to 180,48,,
input_xlsx.xlsx,"ATR 1. Point Township Dr, south of Ridge Rd",Point Township Dr,EB,2026-04-22,14:15:00,14:30:00,>180 to 240,28,,
input_xlsx.xlsx,"ATR 1. Point Township Dr, south of Ridge Rd",Point Township Dr,EB,2026-04-22,14:15:00,14:30:00,>240 to 300,2,,
input_xlsx.xlsx,"ATR 1. Point Township Dr, south of Ridge Rd",Point Township Dr,EB,2026-04-22,14:15:00,14:30:00,>300 to 360,2,,
input_xlsx.xlsx,"ATR 1. Point Township Dr, south of Ridge Rd",Point Township Dr,EB,2026-04-22,14:15:00,14:30:00,>360 to 480,5,,
input_xlsx.xlsx,"ATR 1. Point Township Dr, south of Ridge Rd",Point Township Dr,EB,2026-04-22,14:15:00,14:30:00,>480 to 600,1,,
input_xlsx.xlsx,"ATR 1. Point Township Dr, south of Ridge Rd",Point Township Dr,EB,2026-04-22,14:15:00,14:30:00,>600 to 720,1,,
input_xlsx.xlsx,"ATR 1. Point Township Dr, south of Ridge Rd",Point Township Dr,EB,2026-04-22,14:15:00,14:30:00,>720 to 840,0,,
input_xlsx.xlsx,"ATR 1. Point Township Dr, south of Ridge Rd",Point Township Dr,EB,2026-04-22,14:15:00,14:30:00,>840 to 960,1,,
input_xlsx.xlsx,"ATR 1. Point Township Dr, south of Ridge Rd",Point Township Dr,EB,2026-04-22,14:15:00,14:30:00,> 960,0,,
input_xlsx.xlsx,"ATR 1. Point Township Dr, south of Ridge Rd",Point Township Dr,EB,2026-04-22,14:30:00,14:45:00,0 to 72,0,,
input_xlsx.xlsx,"ATR 1. Point Township Dr, south of Ridge Rd",Point Township Dr,EB,2026-04-22,14:30:00,14:45:00,>72 to 120,0,,
input_xlsx.xlsx,"ATR 1. Point Township Dr, south of Ridge Rd",Point Township Dr,EB,2026-04-22,14:30:00,14:45:00,>120 to 180,51,,
input_xlsx.xlsx,"ATR 1. Point Township Dr, south of Ridge Rd",Point Township Dr,EB,2026-04-22,14:30:00,14:45:00,>180 to 240,26,,
input_xlsx.xlsx,"ATR 1. Point Township Dr, south of Ridge Rd",Point Township Dr,EB,2026-04-22,14:30:00,14:45:00,>240 to 300,4,,
input_xlsx.xlsx,"ATR 1. Point Township Dr, south of Ridge Rd",Point Township Dr,EB,2026-04-22,14:30:00,14:45:00,>300 to 360,1,,
input_xlsx.xlsx,"ATR 1. Point Township Dr, south of Ridge Rd",Point Township Dr,EB,2026-04-22,14:30:00,14:45:00,>360 to 480,4,,
input_xlsx.xlsx,"ATR 1. Point Township Dr, south of Ridge Rd",Point Township Dr,EB,2026-04-22,14:30:00,14:45:00,>480 to 600,0,,
input_xlsx.xlsx,"ATR 1. Point Township Dr, south of Ridge Rd",Point Township Dr,EB,2026-04-22,14:30:00,14:45:00,>600 to 720,1,,
input_xlsx.xlsx,"ATR 1. Point Township Dr, south of Ridge Rd",Point Township Dr,EB,2026-04-22,14:30:00,14:45:00,>720 to 840,2,,
input_xlsx.xlsx,"ATR 1. Point Township Dr, south of Ridge Rd",Point Township Dr,EB,2026-04-22,14:30:00,14:45:00,>840 to 960,1,,
input_xlsx.xlsx,"ATR 1. Point Township Dr, south of Ridge Rd",Point Township Dr,EB,2026-04-22,14:30:00,14:45:00,> 960,0,,
input_xlsx.xlsx,"ATR 1. Point Township Dr, south of Ridge Rd",Point Township Dr,EB,2026-04-22,14:45:00,15:00:00,0 to 72,0,,
input_xlsx.xlsx,"ATR 1. Point Township Dr, south of Ridge Rd",Point Township Dr,EB,2026-04-22,14:45:00,15:00:00,>72 to 120,1,,
input_xlsx.xlsx,"ATR 1. Point Township Dr, south of Ridge Rd",Point Township Dr,EB,2026-04-22,14:45:00,15:00:00,>120 to 180,42,,
input_xlsx.xlsx,"ATR 1. Point Township Dr, south of Ridge Rd",Point Township Dr,EB,2026-04-22,14:45:00,15:00:00,>180 to 240,26,,
input_xlsx.xlsx,"ATR 1. Point Township Dr, south of Ridge Rd",Point Township Dr,EB,2026-04-22,14:45:00,15:00:00,>240 to 300,7,,
input_xlsx.xlsx,"ATR 1. Point Township Dr, south of Ridge Rd",Point Township Dr,EB,2026-04-22,14:45:00,15:00:00,>300 to 360,2,,
input_xlsx.xlsx,"ATR 1. Point Township Dr, south of Ridge Rd",Point Township Dr,EB,2026-04-22,14:45:00,15:00:00,>360 to 480,0,,
input_xlsx.xlsx,"ATR 1. Point Township Dr, south of Ridge Rd",Point Township Dr,EB,2026-04-22,14:45:00,15:00:00,>480 to 600,0,,
input_xlsx.xlsx,"ATR 1. Point Township Dr, south of Ridge Rd",Point Township Dr,EB,2026-04-22,14:45:00,15:00:00,>600 to 720,2,,
input_xlsx.xlsx,"ATR 1. Point Township Dr, south of Ridge Rd",Point Township Dr,EB,2026-04-22,14:45:00,15:00:00,>720 to 840,0,,
input_xlsx.xlsx,"ATR 1. Point Township Dr, south of Ridge Rd",Point Township Dr,EB,2026-04-22,14:45:00,15:00:00,>840 to 960,2,,
input_xlsx.xlsx,"ATR 1. Point Township Dr, south of Ridge Rd",Point Township Dr,EB,2026-04-22,14:45:00,15:00:00,> 960,0,,
input_xlsx.xlsx,"ATR 1. Point Township Dr, south of Ridge Rd",Point Township Dr,EB,2026-04-22,15:00:00,15:15:00,0 to 72,0,,
input_xlsx.xlsx,"ATR 1. Point Township Dr, south of Ridge Rd",Point Township Dr,EB,2026-04-22,15:00:00,15:15:00,>72 to 120,0,,
input_xlsx.xlsx,"ATR 1. Point Township Dr, south of Ridge Rd",Point Township Dr,EB,2026-04-22,15:00:00,15:15:00,>120 to 180,49,,
input_xlsx.xlsx,"ATR 1. Point Township Dr, south of Ridge Rd",Point Township Dr,EB,2026-04-22,15:00:00,15:15:00,>180 to 240,28,,
input_xlsx.xlsx,"ATR 1. Point Township Dr, south of Ridge Rd",Point Township Dr,EB,2026-04-22,15:00:00,15:15:00,>240 to 300,1,,
input_xlsx.xlsx,"ATR 1. Point Township Dr, south of Ridge Rd",Point Township Dr,EB,2026-04-22,15:00:00,15:15:00,>300 to 360,0,,
input_xlsx.xlsx,"ATR 1. Point Township Dr, south of Ridge Rd",Point Township Dr,EB,2026-04-22,15:00:00,15:15:00,>360 to 480,5,,
input_xlsx.xlsx,"ATR 1. Point Township Dr, south of Ridge Rd",Point Township Dr,EB,2026-04-22,15:00:00,15:15:00,>480 to 600,0,,
input_xlsx.xlsx,"ATR 1. Point Township Dr, south of Ridge Rd",Point Township Dr,EB,2026-04-22,15:00:00,15:15:00,>600 to 720,0,,
input_xlsx.xlsx,"ATR 1. Point Township Dr, south of Ridge Rd",Point Township Dr,EB,2026-04-22,15:00:00,15:15:00,>720 to 840,0,,
input_xlsx.xlsx,"ATR 1. Point Township Dr, south of Ridge Rd",Point Township Dr,EB,2026-04-22,15:00:00,15:15:00,>840 to 960,0,,
input_xlsx.xlsx,"ATR 1. Point Township Dr, south of Ridge Rd",Point Township Dr,EB,2026-04-22,15:00:00,15:15:00,> 960,0,,
input_xlsx.xlsx,"ATR 1. Point Township Dr, south of Ridge Rd",Point Township Dr,EB,2026-04-22,15:15:00,15:30:00,0 to 72,1,,
input_xlsx.xlsx,"ATR 1. Point Township Dr, south of Ridge Rd",Point Township Dr,EB,2026-04-22,15:15:00,15:30:00,>72 to 120,1,,
input_xlsx.xlsx,"ATR 1. Point Township Dr, south of Ridge Rd",Point Township Dr,EB,2026-04-22,15:15:00,15:30:00,>120 to 180,64,,
input_xlsx.xlsx,"ATR 1. Point Township Dr, south of Ridge Rd",Point Township Dr,EB,2026-04-22,15:15:00,15:30:00,>180 to 240,29,,
input_xlsx.xlsx,"ATR 1. Point Township Dr, south of Ridge Rd",Point Township Dr,EB,2026-04-22,15:15:00,15:30:00,>240 to 300,1,,
input_xlsx.xlsx,"ATR 1. Point Township Dr, south of Ridge Rd",Point Township Dr,EB,2026-04-22,15:15:00,15:30:00,>300 to 360,0,,
input_xlsx.xlsx,"ATR 1. Point Township Dr, south of Ridge Rd",Point Township Dr,EB,2026-04-22,15:15:00,15:30:00,>360 to 480,4,,
input_xlsx.xlsx,"ATR 1. Point Township Dr, south of Ridge Rd",Point Township Dr,EB,2026-04-22,15:15:00,15:30:00,>480 to 600,0,,
input_xlsx.xlsx,"ATR 1. Point Township Dr, south of Ridge Rd",Point Township Dr,EB,2026-04-22,15:15:00,15:30:00,>600 to 720,0,,
input_xlsx.xlsx,"ATR 1. Point Township Dr, south of Ridge Rd",Point Township Dr,EB,2026-04-22,15:15:00,15:30:00,>720 to 840,2,,
input_xlsx.xlsx,"ATR 1. Point Township Dr, south of Ridge Rd",Point Township Dr,EB,2026-04-22,15:15:00,15:30:00,>840 to 960,0,,
input_xlsx.xlsx,"ATR 1. Point Township Dr, south of Ridge Rd",Point Township Dr,EB,2026-04-22,15:15:00,15:30:00,> 960,0,,
input_xlsx.xlsx,"ATR 1. Point Township Dr, south of Ridge Rd",Point Township Dr,EB,2026-04-22,15:30:00,15:45:00,0 to 72,0,,
input_xlsx.xlsx,"ATR 1. Point Township Dr, south of Ridge Rd",Point Township Dr,EB,2026-04-22,15:30:00,15:45:00,>72 to 120,0,,
input_xlsx.xlsx,"ATR 1. Point Township Dr, south of Ridge Rd",Point Township Dr,EB,2026-04-22,15:30:00,15:45:00,>120 to 180,57,,
input_xlsx.xlsx,"ATR 1. Point Township Dr, south of Ridge Rd",Point Township Dr,EB,2026-04-22,15:30:00,15:45:00,>180 to 240,28,,
input_xlsx.xlsx,"ATR 1. Point Township Dr, south of Ridge Rd",Point Township Dr,EB,2026-04-22,15:30:00,15:45:00,>240 to 300,2,,
input_xlsx.xlsx,"ATR 1. Point Township Dr, south of Ridge Rd",Point Township Dr,EB,2026-04-22,15:30:00,15:45:00,>300 to 360,0,,
input_xlsx.xlsx,"ATR 1. Point Township Dr, south of Ridge Rd",Point Township Dr,EB,2026-04-22,15:30:00,15:45:00,>360 to 480,3,,
input_xlsx.xlsx,"ATR 1. Point Township Dr, south of Ridge Rd",Point Township Dr,EB,2026-04-22,15:30:00,15:45:00,>480 to 600,1,,
input_xlsx.xlsx,"ATR 1. Point Township Dr, south of Ridge Rd",Point Township Dr,EB,2026-04-22,15:30:00,15:45:00,>600 to 720,1,,
input_xlsx.xlsx,"ATR 1. Point Township Dr, south of Ridge Rd",Point Township Dr,EB,2026-04-22,15:30:00,15:45:00,>720 to 840,0,,
input_xlsx.xlsx,"ATR 1. Point Township Dr, south of Ridge Rd",Point Township Dr,EB,2026-04-22,15:30:00,15:45:00,>840 to 960,0,,
input_xlsx.xlsx,"ATR 1. Point Township Dr, south of Ridge Rd",Point Township Dr,EB,2026-04-22,15:30:00,15:45:00,> 960,0,,
input_xlsx.xlsx,"ATR 1. Point Township Dr, south of Ridge Rd",Point Township Dr,EB,2026-04-22,15:45:00,16:00:00,0 to 72,0,,
input_xlsx.xlsx,"ATR 1. Point Township Dr, south of Ridge Rd",Point Township Dr,EB,2026-04-22,15:45:00,16:00:00,>72 to 120,2,,
input_xlsx.xlsx,"ATR 1. Point Township Dr, south of Ridge Rd",Point Township Dr,EB,2026-04-22,15:45:00,16:00:00,>120 to 180,55,,
input_xlsx.xlsx,"ATR 1. Point Township Dr, south of Ridge Rd",Point Township Dr,EB,2026-04-22,15:45:00,16:00:00,>180 to 240,25,,
input_xlsx.xlsx,"ATR 1. Point Township Dr, south of Ridge Rd",Point Township Dr,EB,2026-04-22,15:45:00,16:00:00,>240 to 300,3,,
input_xlsx.xlsx,"ATR 1. Point Township Dr, south of Ridge Rd",Point Township Dr,EB,2026-04-22,15:45:00,16:00:00,>300 to 360,0,,
input_xlsx.xlsx,"ATR 1. Point Township Dr, south of Ridge Rd",Point Township Dr,EB,2026-04-22,15:45:00,16:00:00,>360 to 480,2,,
input_xlsx.xlsx,"ATR 1. Point Township Dr, south of Ridge Rd",Point Township Dr,EB,2026-04-22,15:45:00,16:00:00,>480 to 600,1,,
input_xlsx.xlsx,"ATR 1. Point Township Dr, south of Ridge Rd",Point Township Dr,EB,2026-04-22,15:45:00,16:00:00,>600 to 720,0,,
input_xlsx.xlsx,"ATR 1. Point Township Dr, south of Ridge Rd",Point Township Dr,EB,2026-04-22,15:45:00,16:00:00,>720 to 840,2,,
input_xlsx.xlsx,"ATR 1. Point Township Dr, south of Ridge Rd",Point Township Dr,EB,2026-04-22,15:45:00,16:00:00,>840 to 960,0,,
input_xlsx.xlsx,"ATR 1. Point Township Dr, south of Ridge Rd",Point Township Dr,EB,2026-04-22,15:45:00,16:00:00,> 960,0,,
input_xlsx.xlsx,"ATR 1. Point Township Dr, south of Ridge Rd",Point Township Dr,EB,2026-04-22,16:00:00,16:15:00,0 to 72,0,,
input_xlsx.xlsx,"ATR 1. Point Township Dr, south of Ridge Rd",Point Township Dr,EB,2026-04-22,16:00:00,16:15:00,>72 to 120,0,,
input_xlsx.xlsx,"ATR 1. Point Township Dr, south of Ridge Rd",Point Township Dr,EB,2026-04-22,16:00:00,16:15:00,>120 to 180,49,,
input_xlsx.xlsx,"ATR 1. Point Township Dr, south of Ridge Rd",Point Township Dr,EB,2026-04-22,16:00:00,16:15:00,>180 to 240,32,,
input_xlsx.xlsx,"ATR 1. Point Township Dr, south of Ridge Rd",Point Township Dr,EB,2026-04-22,16:00:00,16:15:00,>240 to 300,6,,
input_xlsx.xlsx,"ATR 1. Point Township Dr, south of Ridge Rd",Point Township Dr,EB,2026-04-22,16:00:00,16:15:00,>300 to 360,0,,
input_xlsx.xlsx,"ATR 1. Point Township Dr, south of Ridge Rd",Point Township Dr,EB,2026-04-22,16:00:00,16:15:00,>360 to 480,1,,
input_xlsx.xlsx,"ATR 1. Point Township Dr, south of Ridge Rd",Point Township Dr,EB,2026-04-22,16:00:00,16:15:00,>480 to 600,1,,
input_xlsx.xlsx,"ATR 1. Point Township Dr, south of Ridge Rd",Point Township Dr,EB,2026-04-22,16:00:00,16:15:00,>600 to 720,1,,
input_xlsx.xlsx,"ATR 1. Point Township Dr, south of Ridge Rd",Point Township Dr,EB,2026-04-22,16:00:00,16:15:00,>720 to 840,1,,
input_xlsx.xlsx,"ATR 1. Point Township Dr, south of Ridge Rd",Point Township Dr,EB,2026-04-22,16:00:00,16:15:00,>840 to 960,1,,
input_xlsx.xlsx,"ATR 1. Point Township Dr, south of Ridge Rd",Point Township Dr,EB,2026-04-22,16:00:00,16:15:00,> 960,0,,
input_xlsx.xlsx,"ATR 1. Point Township Dr, south of Ridge Rd",Point Township Dr,EB,2026-04-22,16:15:00,16:30:00,0 to 72,0,,
input_xlsx.xlsx,"ATR 1. Point Township Dr, south of Ridge Rd",Point Township Dr,EB,2026-04-22,16:15:00,16:30:00,>72 to 120,0,,
input_xlsx.xlsx,"ATR 1. Point Township Dr, south of Ridge Rd",Point Township Dr,EB,2026-04-22,16:15:00,16:30:00,>120 to 180,53,,
input_xlsx.xlsx,"ATR 1. Point Township Dr, south of Ridge Rd",Point Township Dr,EB,2026-04-22,16:15:00,16:30:00,>180 to 240,31,,
input_xlsx.xlsx,"ATR 1. Point Township Dr, south of Ridge Rd",Point Township Dr,EB,2026-04-22,16:15:00,16:30:00,>240 to 300,0,,
input_xlsx.xlsx,"ATR 1. Point Township Dr, south of Ridge Rd",Point Township Dr,EB,2026-04-22,16:15:00,16:30:00,>300 to 360,2,,
input_xlsx.xlsx,"ATR 1. Point Township Dr, south of Ridge Rd",Point Township Dr,EB,2026-04-22,16:15:00,16:30:00,>360 to 480,1,,
input_xlsx.xlsx,"ATR 1. Point Township Dr, south of Ridge Rd",Point Township Dr,EB,2026-04-22,16:15:00,16:30:00,>480 to 600,0,,
input_xlsx.xlsx,"ATR 1. Point Township Dr, south of Ridge Rd",Point Township Dr,EB,2026-04-22,16:15:00,16:30:00,>600 to 720,0,,
input_xlsx.xlsx,"ATR 1. Point Township Dr, south of Ridge Rd",Point Township Dr,EB,2026-04-22,16:15:00,16:30:00,>720 to 840,0,,
input_xlsx.xlsx,"ATR 1. Point Township Dr, south of Ridge Rd",Point Township Dr,EB,2026-04-22,16:15:00,16:30:00,>840 to 960,0,,
input_xlsx.xlsx,"ATR 1. Point Township Dr, south of Ridge Rd",Point Township Dr,EB,2026-04-22,16:15:00,16:30:00,> 960,0,,
input_xlsx.xlsx,"ATR 1. Point Township Dr, south of Ridge Rd",Point Township Dr,EB,2026-04-22,16:30:00,16:45:00,0 to 72,1,,
input_xlsx.xlsx,"ATR 1. Point Township Dr, south of Ridge Rd",Point Township Dr,EB,2026-04-22,16:30:00,16:45:00,>72 to 120,2,,
input_xlsx.xlsx,"ATR 1. Point Township Dr, south of Ridge Rd",Point Township Dr,EB,2026-04-22,16:30:00,16:45:00,>120 to 180,62,,
input_xlsx.xlsx,"ATR 1. Point Township Dr, south of Ridge Rd",Point Township Dr,EB,2026-04-22,16:30:00,16:45:00,>180 to 240,24,,
input_xlsx.xlsx,"ATR 1. Point Township Dr, south of Ridge Rd",Point Township Dr,EB,2026-04-22,16:30:00,16:45:00,>240 to 300,5,,
input_xlsx.xlsx,"ATR 1. Point Township Dr, south of Ridge Rd",Point Township Dr,EB,2026-04-22,16:30:00,16:45:00,>300 to 360,0,,
input_xlsx.xlsx,"ATR 1. Point Township Dr, south of Ridge Rd",Point Township Dr,EB,2026-04-22,16:30:00,16:45:00,>360 to 480,1,,
input_xlsx.xlsx,"ATR 1. Point Township Dr, south of Ridge Rd",Point Township Dr,EB,2026-04-22,16:30:00,16:45:00,>480 to 600,0,,
input_xlsx.xlsx,"ATR 1. Point Township Dr, south of Ridge Rd",Point Township Dr,EB,2026-04-22,16:30:00,16:45:00,>600 to 720,0,,
input_xlsx.xlsx,"ATR 1. Point Township Dr, south of Ridge Rd",Point Township Dr,EB,2026-04-22,16:30:00,16:45:00,>720 to 840,0,,
input_xlsx.xlsx,"ATR 1. Point Township Dr, south of Ridge Rd",Point Township Dr,EB,2026-04-22,16:30:00,16:45:00,>840 to 960,0,,
input_xlsx.xlsx,"ATR 1. Point Township Dr, south of Ridge Rd",Point Township Dr,EB,2026-04-22,16:30:00,16:45:00,> 960,0,,
input_xlsx.xlsx,"ATR 1. Point Township Dr, south of Ridge Rd",Point Township Dr,EB,2026-04-22,16:45:00,17:00:00,0 to 72,0,,
input_xlsx.xlsx,"ATR 1. Point Township Dr, south of Ridge Rd",Point Township Dr,EB,2026-04-22,16:45:00,17:00:00,>72 to 120,1,,
input_xlsx.xlsx,"ATR 1. Point Township Dr, south of Ridge Rd",Point Township Dr,EB,2026-04-22,16:45:00,17:00:00,>120 to 180,54,,
input_xlsx.xlsx,"ATR 1. Point Township Dr, south of Ridge Rd",Point Township Dr,EB,2026-04-22,16:45:00,17:00:00,>180 to 240,33,,
input_xlsx.xlsx,"ATR 1. Point Township Dr, south of Ridge Rd",Point Township Dr,EB,2026-04-22,16:45:00,17:00:00,>240 to 300,2,,
input_xlsx.xlsx,"ATR 1. Point Township Dr, south of Ridge Rd",Point Township Dr,EB,2026-04-22,16:45:00,17:00:00,>300 to 360,0,,
input_xlsx.xlsx,"ATR 1. Point Township Dr, south of Ridge Rd",Point Township Dr,EB,2026-04-22,16:45:00,17:00:00,>360 to 480,1,,
input_xlsx.xlsx,"ATR 1. Point Township Dr, south of Ridge Rd",Point Township Dr,EB,2026-04-22,16:45:00,17:00:00,>480 to 600,0,,
input_xlsx.xlsx,"ATR 1. Point Township Dr, south of Ridge Rd",Point Township Dr,EB,2026-04-22,16:45:00,17:00:00,>600 to 720,0,,
input_xlsx.xlsx,"ATR 1. Point Township Dr, south of Ridge Rd",Point Township Dr,EB,2026-04-22,16:45:00,17:00:00,>720 to 840,0,,
input_xlsx.xlsx,"ATR 1. Point Township Dr, south of Ridge Rd",Point Township Dr,EB,2026-04-22,16:45:00,17:00:00,>840 to 960,0,,
input_xlsx.xlsx,"ATR 1. Point Township Dr, south of Ridge Rd",Point Township Dr,EB,2026-04-22,16:45:00,17:00:00,> 960,0,,
input_xlsx.xlsx,"ATR 1. Point Township Dr, south of Ridge Rd",Point Township Dr,EB,2026-04-22,17:00:00,17:15:00,0 to 72,0,,
input_xlsx.xlsx,"ATR 1. Point Township Dr, south of Ridge Rd",Point Township Dr,EB,2026-04-22,17:00:00,17:15:00,>72 to 120,1,,
input_xlsx.xlsx,"ATR 1. Point Township Dr, south of Ridge Rd",Point Township Dr,EB,2026-04-22,17:00:00,17:15:00,>120 to 180,53,,
input_xlsx.xlsx,"ATR 1. Point Township Dr, south of Ridge Rd",Point Township Dr,EB,2026-04-22,17:00:00,17:15:00,>180 to 240,33,,
input_xlsx.xlsx,"ATR 1. Point Township Dr, south of Ridge Rd",Point Township Dr,EB,2026-04-22,17:00:00,17:15:00,>240 to 300,5,,
input_xlsx.xlsx,"ATR 1. Point Township Dr, south of Ridge Rd",Point Township Dr,EB,2026-04-22,17:00:00,17:15:00,>300 to 360,1,,
input_xlsx.xlsx,"ATR 1. Point Township Dr, south of Ridge Rd",Point Township Dr,EB,2026-04-22,17:00:00,17:15:00,>360 to 480,0,,
input_xlsx.xlsx,"ATR 1. Point Township Dr, south of Ridge Rd",Point Township Dr,EB,2026-04-22,17:00:00,17:15:00,>480 to 600,1,,
input_xlsx.xlsx,"ATR 1. Point Township Dr, south of Ridge Rd",Point Township Dr,EB,2026-04-22,17:00:00,17:15:00,>600 to 720,0,,
input_xlsx.xlsx,"ATR 1. Point Township Dr, south of Ridge Rd",Point Township Dr,EB,2026-04-22,17:00:00,17:15:00,>720 to 840,0,,
input_xlsx.xlsx,"ATR 1. Point Township Dr, south of Ridge Rd",Point Township Dr,EB,2026-04-22,17:00:00,17:15:00,>840 to 960,0,,
input_xlsx.xlsx,"ATR 1. Point Township Dr, south of Ridge Rd",Point Township Dr,EB,2026-04-22,17:00:00,17:15:00,> 960,0,,
input_xlsx.xlsx,"ATR 1. Point Township Dr, south of Ridge Rd",Point Township Dr,EB,2026-04-22,17:15:00,17:30:00,0 to 72,0,,
input_xlsx.xlsx,"ATR 1. Point Township Dr, south of Ridge Rd",Point Township Dr,EB,2026-04-22,17:15:00,17:30:00,>72 to 120,0,,
input_xlsx.xlsx,"ATR 1. Point Township Dr, south of Ridge Rd",Point Township Dr,EB,2026-04-22,17:15:00,17:30:00,>120 to 180,54,,
input_xlsx.xlsx,"ATR 1. Point Township Dr, south of Ridge Rd",Point Township Dr,EB,2026-04-22,17:15:00,17:30:00,>180 to 240,25,,
input_xlsx.xlsx,"ATR 1. Point Township Dr, south of Ridge Rd",Point Township Dr,EB,2026-04-22,17:15:00,17:30:00,>240 to 300,2,,
input_xlsx.xlsx,"ATR 1. Point Township Dr, south of Ridge Rd",Point Township Dr,EB,2026-04-22,17:15:00,17:30:00,>300 to 360,2,,
input_xlsx.xlsx,"ATR 1. Point Township Dr, south of Ridge Rd",Point Township Dr,EB,2026-04-22,17:15:00,17:30:00,>360 to 480,0,,
input_xlsx.xlsx,"ATR 1. Point Township Dr, south of Ridge Rd",Point Township Dr,EB,2026-04-22,17:15:00,17:30:00,>480 to 600,0,,
input_xlsx.xlsx,"ATR 1. Point Township Dr, south of Ridge Rd",Point Township Dr,EB,2026-04-22,17:15:00,17:30:00,>600 to 720,3,,
input_xlsx.xlsx,"ATR 1. Point Township Dr, south of Ridge Rd",Point Township Dr,EB,2026-04-22,17:15:00,17:30:00,>720 to 840,0,,
input_xlsx.xlsx,"ATR 1. Point Township Dr, south of Ridge Rd",Point Township Dr,EB,2026-04-22,17:15:00,17:30:00,>840 to 960,0,,
input_xlsx.xlsx,"ATR 1. Point Township Dr, south of Ridge Rd",Point Township Dr,EB,2026-04-22,17:15:00,17:30:00,> 960,0,,
input_xlsx.xlsx,"ATR 1. Point Township Dr, south of Ridge Rd",Point Township Dr,EB,2026-04-22,17:30:00,17:45:00,0 to 72,0,,
input_xlsx.xlsx,"ATR 1. Point Township Dr, south of Ridge Rd",Point Township Dr,EB,2026-04-22,17:30:00,17:45:00,>72 to 120,0,,
input_xlsx.xlsx,"ATR 1. Point Township Dr, south of Ridge Rd",Point Township Dr,EB,2026-04-22,17:30:00,17:45:00,>120 to 180,43,,
input_xlsx.xlsx,"ATR 1. Point Township Dr, south of Ridge Rd",Point Township Dr,EB,2026-04-22,17:30:00,17:45:00,>180 to 240,17,,
input_xlsx.xlsx,"ATR 1. Point Township Dr, south of Ridge Rd",Point Township Dr,EB,2026-04-22,17:30:00,17:45:00,>240 to 300,3,,
input_xlsx.xlsx,"ATR 1. Point Township Dr, south of Ridge Rd",Point Township Dr,EB,2026-04-22,17:30:00,17:45:00,>300 to 360,0,,
input_xlsx.xlsx,"ATR 1. Point Township Dr, south of Ridge Rd",Point Township Dr,EB,2026-04-22,17:30:00,17:45:00,>360 to 480,2,,
input_xlsx.xlsx,"ATR 1. Point Township Dr, south of Ridge Rd",Point Township Dr,EB,2026-04-22,17:30:00,17:45:00,>480 to 600,0,,
input_xlsx.xlsx,"ATR 1. Point Township Dr, south of Ridge Rd",Point Township Dr,EB,2026-04-22,17:30:00,17:45:00,>600 to 720,0,,
input_xlsx.xlsx,"ATR 1. Point Township Dr, south of Ridge Rd",Point Township Dr,EB,2026-04-22,17:30:00,17:45:00,>720 to 840,1,,
input_xlsx.xlsx,"ATR 1. Point Township Dr, south of Ridge Rd",Point Township Dr,EB,2026-04-22,17:30:00,17:45:00,>840 to 960,0,,
input_xlsx.xlsx,"ATR 1. Point Township Dr, south of Ridge Rd",Point Township Dr,EB,2026-04-22,17:30:00,17:45:00,> 960,0,,
input_xlsx.xlsx,"ATR 1. Point Township Dr, south of Ridge Rd",Point Township Dr,EB,2026-04-22,17:45:00,18:00:00,0 to 72,0,,
input_xlsx.xlsx,"ATR 1. Point Township Dr, south of Ridge Rd",Point Township Dr,EB,2026-04-22,17:45:00,18:00:00,>72 to 120,0,,
input_xlsx.xlsx,"ATR 1. Point Township Dr, south of Ridge Rd",Point Township Dr,EB,2026-04-22,17:45:00,18:00:00,>120 to 180,36,,
input_xlsx.xlsx,"ATR 1. Point Township Dr, south of Ridge Rd",Point Township Dr,EB,2026-04-22,17:45:00,18:00:00,>180 to 240,18,,
input_xlsx.xlsx,"ATR 1. Point Township Dr, south of Ridge Rd",Point Township Dr,EB,2026-04-22,17:45:00,18:00:00,>240 to 300,0,,
input_xlsx.xlsx,"ATR 1. Point Township Dr, south of Ridge Rd",Point Township Dr,EB,2026-04-22,17:45:00,18:00:00,>300 to 360,1,,
input_xlsx.xlsx,"ATR 1. Point Township Dr, south of Ridge Rd",Point Township Dr,EB,2026-04-22,17:45:00,18:00:00,>360 to 480,0,,
input_xlsx.xlsx,"ATR 1. Point Township Dr, south of Ridge Rd",Point Township Dr,EB,2026-04-22,17:45:00,18:00:00,>480 to 600,1,,
input_xlsx.xlsx,"ATR 1. Point Township Dr, south of Ridge Rd",Point Township Dr,EB,2026-04-22,17:45:00,18:00:00,>600 to 720,1,,
input_xlsx.xlsx,"ATR 1. Point Township Dr, south of Ridge Rd",Point Township Dr,EB,2026-04-22,17:45:00,18:00:00,>720 to 840,0,,
input_xlsx.xlsx,"ATR 1. Point Township Dr, south of Ridge Rd",Point Township Dr,EB,2026-04-22,17:45:00,18:00:00,>840 to 960,0,,
input_xlsx.xlsx,"ATR 1. Point Township Dr, south of Ridge Rd",Point Township Dr,EB,2026-04-22,17:45:00,18:00:00,> 960,0,,
input_xlsx.xlsx,"ATR 1. Point Township Dr, south of Ridge Rd",Point Township Dr,EB,2026-04-22,18:00:00,18:15:00,0 to 72,0,,
input_xlsx.xlsx,"ATR 1. Point Township Dr, south of Ridge Rd",Point Township Dr,EB,2026-04-22,18:00:00,18:15:00,>72 to 120,0,,
input_xlsx.xlsx,"ATR 1. Point Township Dr, south of Ridge Rd",Point Township Dr,EB,2026-04-22,18:00:00,18:15:00,>120 to 180,38,,
input_xlsx.xlsx,"ATR 1. Point Township Dr, south of Ridge Rd",Point Township Dr,EB,2026-04-22,18:00:00,18:15:00,>180 to 240,26,,
input_xlsx.xlsx,"ATR 1. Point Township Dr, south of Ridge Rd",Point Township Dr,EB,2026-04-22,18:00:00,18:15:00,>240 to 300,1,,
input_xlsx.xlsx,"ATR 1. Point Township Dr, south of Ridge Rd",Point Township Dr,EB,2026-04-22,18:00:00,18:15:00,>300 to 360,0,,
input_xlsx.xlsx,"ATR 1. Point Township Dr, south of Ridge Rd",Point Township Dr,EB,2026-04-22,18:00:00,18:15:00,>360 to 480,0,,
input_xlsx.xlsx,"ATR 1. Point Township Dr, south of Ridge Rd",Point Township Dr,EB,2026-04-22,18:00:00,18:15:00,>480 to 600,1,,
input_xlsx.xlsx,"ATR 1. Point Township Dr, south of Ridge Rd",Point Township Dr,EB,2026-04-22,18:00:00,18:15:00,>600 to 720,1,,
input_xlsx.xlsx,"ATR 1. Point Township Dr, south of Ridge Rd",Point Township Dr,EB,2026-04-22,18:00:00,18:15:00,>720 to 840,0,,
input_xlsx.xlsx,"ATR 1. Point Township Dr, south of Ridge Rd",Point Township Dr,EB,2026-04-22,18:00:00,18:15:00,>840 to 960,1,,
input_xlsx.xlsx,"ATR 1. Point Township Dr, south of Ridge Rd",Point Township Dr,EB,2026-04-22,18:00:00,18:15:00,> 960,0,,
input_xlsx.xlsx,"ATR 1. Point Township Dr, south of Ridge Rd",Point Township Dr,EB,2026-04-22,18:15:00,18:30:00,0 to 72,1,,
input_xlsx.xlsx,"ATR 1. Point Township Dr, south of Ridge Rd",Point Township Dr,EB,2026-04-22,18:15:00,18:30:00,>72 to 120,1,,
input_xlsx.xlsx,"ATR 1. Point Township Dr, south of Ridge Rd",Point Township Dr,EB,2026-04-22,18:15:00,18:30:00,>120 to 180,51,,
input_xlsx.xlsx,"ATR 1. Point Township Dr, south of Ridge Rd",Point Township Dr,EB,2026-04-22,18:15:00,18:30:00,>180 to 240,20,,
input_xlsx.xlsx,"ATR 1. Point Township Dr, south of Ridge Rd",Point Township Dr,EB,2026-04-22,18:15:00,18:30:00,>240 to 300,3,,
input_xlsx.xlsx,"ATR 1. Point Township Dr, south of Ridge Rd",Point Township Dr,EB,2026-04-22,18:15:00,18:30:00,>300 to 360,1,,
input_xlsx.xlsx,"ATR 1. Point Township Dr, south of Ridge Rd",Point Township Dr,EB,2026-04-22,18:15:00,18:30:00,>360 to 480,1,,
input_xlsx.xlsx,"ATR 1. Point Township Dr, south of Ridge Rd",Point Township Dr,EB,2026-04-22,18:15:00,18:30:00,>480 to 600,2,,
input_xlsx.xlsx,"ATR 1. Point Township Dr, south of Ridge Rd",Point Township Dr,EB,2026-04-22,18:15:00,18:30:00,>600 to 720,0,,
input_xlsx.xlsx,"ATR 1. Point Township Dr, south of Ridge Rd",Point Township Dr,EB,2026-04-22,18:15:00,18:30:00,>720 to 840,0,,
input_xlsx.xlsx,"ATR 1. Point Township Dr, south of Ridge Rd",Point Township Dr,EB,2026-04-22,18:15:00,18:30:00,>840 to 960,0,,
input_xlsx.xlsx,"ATR 1. Point Township Dr, south of Ridge Rd",Point Township Dr,EB,2026-04-22,18:15:00,18:30:00,> 960,0,,
input_xlsx.xlsx,"ATR 1. Point Township Dr, south of Ridge Rd",Point Township Dr,EB,2026-04-22,18:30:00,18:45:00,0 to 72,1,,
input_xlsx.xlsx,"ATR 1. Point Township Dr, south of Ridge Rd",Point Township Dr,EB,2026-04-22,18:30:00,18:45:00,>72 to 120,0,,
input_xlsx.xlsx,"ATR 1. Point Township Dr, south of Ridge Rd",Point Township Dr,EB,2026-04-22,18:30:00,18:45:00,>120 to 180,35,,
input_xlsx.xlsx,"ATR 1. Point Township Dr, south of Ridge Rd",Point Township Dr,EB,2026-04-22,18:30:00,18:45:00,>180 to 240,15,,
input_xlsx.xlsx,"ATR 1. Point Township Dr, south of Ridge Rd",Point Township Dr,EB,2026-04-22,18:30:00,18:45:00,>240 to 300,2,,
input_xlsx.xlsx,"ATR 1. Point Township Dr, south of Ridge Rd",Point Township Dr,EB,2026-04-22,18:30:00,18:45:00,>300 to 360,0,,
input_xlsx.xlsx,"ATR 1. Point Township Dr, south of Ridge Rd",Point Township Dr,EB,2026-04-22,18:30:00,18:45:00,>360 to 480,1,,
input_xlsx.xlsx,"ATR 1. Point Township Dr, south of Ridge Rd",Point Township Dr,EB,2026-04-22,18:30:00,18:45:00,>480 to 600,0,,
input_xlsx.xlsx,"ATR 1. Point Township Dr, south of Ridge Rd",Point Township Dr,EB,2026-04-22,18:30:00,18:45:00,>600 to 720,0,,
input_xlsx.xlsx,"ATR 1. Point Township Dr, south of Ridge Rd",Point Township Dr,EB,2026-04-22,18:30:00,18:45:00,>720 to 840,1,,
input_xlsx.xlsx,"ATR 1. Point Township Dr, south of Ridge Rd",Point Township Dr,EB,2026-04-22,18:30:00,18:45:00,>840 to 960,1,,
input_xlsx.xlsx,"ATR 1. Point Township Dr, south of Ridge Rd",Point Township Dr,EB,2026-04-22,18:30:00,18:45:00,> 960,0,,
input_xlsx.xlsx,"ATR 1. Point Township Dr, south of Ridge Rd",Point Township Dr,EB,2026-04-22,18:45:00,19:00:00,0 to 72,0,,
input_xlsx.xlsx,"ATR 1. Point Township Dr, south of Ridge Rd",Point Township Dr,EB,2026-04-22,18:45:00,19:00:00,>72 to 120,0,,
input_xlsx.xlsx,"ATR 1. Point Township Dr, south of Ridge Rd",Point Township Dr,EB,2026-04-22,18:45:00,19:00:00,>120 to 180,45,,
input_xlsx.xlsx,"ATR 1. Point Township Dr, south of Ridge Rd",Point Township Dr,EB,2026-04-22,18:45:00,19:00:00,>180 to 240,31,,
input_xlsx.xlsx,"ATR 1. Point Township Dr, south of Ridge Rd",Point Township Dr,EB,2026-04-22,18:45:00,19:00:00,>240 to 300,2,,
input_xlsx.xlsx,"ATR 1. Point Township Dr, south of Ridge Rd",Point Township Dr,EB,2026-04-22,18:45:00,19:00:00,>300 to 360,0,,
input_xlsx.xlsx,"ATR 1. Point Township Dr, south of Ridge Rd",Point Township Dr,EB,2026-04-22,18:45:00,19:00:00,>360 to 480,2,,
input_xlsx.xlsx,"ATR 1. Point Township Dr, south of Ridge Rd",Point Township Dr,EB,2026-04-22,18:45:00,19:00:00,>480 to 600,0,,
input_xlsx.xlsx,"ATR 1. Point Township Dr, south of Ridge Rd",Point Township Dr,EB,2026-04-22,18:45:00,19:00:00,>600 to 720,1,,
input_xlsx.xlsx,"ATR 1. Point Township Dr, south of Ridge Rd",Point Township Dr,EB,2026-04-22,18:45:00,19:00:00,>720 to 840,1,,
input_xlsx.xlsx,"ATR 1. Point Township Dr, south of Ridge Rd",Point Township Dr,EB,2026-04-22,18:45:00,19:00:00,>840 to 960,1,,
input_xlsx.xlsx,"ATR 1. Point Township Dr, south of Ridge Rd",Point Township Dr,EB,2026-04-22,18:45:00,19:00:00,> 960,0,,
input_xlsx.xlsx,"ATR 1. Point Township Dr, south of Ridge Rd",Point Township Dr,EB,2026-04-22,19:00:00,19:15:00,0 to 72,0,,
input_xlsx.xlsx,"ATR 1. Point Township Dr, south of Ridge Rd",Point Township Dr,EB,2026-04-22,19:00:00,19:15:00,>72 to 120,0,,
input_xlsx.xlsx,"ATR 1. Point Township Dr, south of Ridge Rd",Point Township Dr,EB,2026-04-22,19:00:00,19:15:00,>120 to 180,29,,
input_xlsx.xlsx,"ATR 1. Point Township Dr, south of Ridge Rd",Point Township Dr,EB,2026-04-22,19:00:00,19:15:00,>180 to 240,13,,
input_xlsx.xlsx,"ATR 1. Point Township Dr, south of Ridge Rd",Point Township Dr,EB,2026-04-22,19:00:00,19:15:00,>240 to 300,0,,
input_xlsx.xlsx,"ATR 1. Point Township Dr, south of Ridge Rd",Point Township Dr,EB,2026-04-22,19:00:00,19:15:00,>300 to 360,0,,
input_xlsx.xlsx,"ATR 1. Point Township Dr, south of Ridge Rd",Point Township Dr,EB,2026-04-22,19:00:00,19:15:00,>360 to 480,0,,
input_xlsx.xlsx,"ATR 1. Point Township Dr, south of Ridge Rd",Point Township Dr,EB,2026-04-22,19:00:00,19:15:00,>480 to 600,1,,
input_xlsx.xlsx,"ATR 1. Point Township Dr, south of Ridge Rd",Point Township Dr,EB,2026-04-22,19:00:00,19:15:00,>600 to 720,0,,
input_xlsx.xlsx,"ATR 1. Point Township Dr, south of Ridge Rd",Point Township Dr,EB,2026-04-22,19:00:00,19:15:00,>720 to 840,2,,
input_xlsx.xlsx,"ATR 1. Point Township Dr, south of Ridge Rd",Point Township Dr,EB,2026-04-22,19:00:00,19:15:00,>840 to 960,1,,
input_xlsx.xlsx,"ATR 1. Point Township Dr, south of Ridge Rd",Point Township Dr,EB,2026-04-22,19:00:00,19:15:00,> 960,0,,
input_xlsx.xlsx,"ATR 1. Point Township Dr, south of Ridge Rd",Point Township Dr,EB,2026-04-22,19:15:00,19:30:00,0 to 72,0,,
input_xlsx.xlsx,"ATR 1. Point Township Dr, south of Ridge Rd",Point Township Dr,EB,2026-04-22,19:15:00,19:30:00,>72 to 120,1,,
input_xlsx.xlsx,"ATR 1. Point Township Dr, south of Ridge Rd",Point Township Dr,EB,2026-04-22,19:15:00,19:30:00,>120 to 180,29,,
input_xlsx.xlsx,"ATR 1. Point Township Dr, south of Ridge Rd",Point Township Dr,EB,2026-04-22,19:15:00,19:30:00,>180 to 240,8,,
input_xlsx.xlsx,"ATR 1. Point Township Dr, south of Ridge Rd",Point Township Dr,EB,2026-04-22,19:15:00,19:30:00,>240 to 300,0,,
input_xlsx.xlsx,"ATR 1. Point Township Dr, south of Ridge Rd",Point Township Dr,EB,2026-04-22,19:15:00,19:30:00,>300 to 360,0,,
input_xlsx.xlsx,"ATR 1. Point Township Dr, south of Ridge Rd",Point Township Dr,EB,2026-04-22,19:15:00,19:30:00,>360 to 480,2,,
input_xlsx.xlsx,"ATR 1. Point Township Dr, south of Ridge Rd",Point Township Dr,EB,2026-04-22,19:15:00,19:30:00,>480 to 600,0,,
input_xlsx.xlsx,"ATR 1. Point Township Dr, south of Ridge Rd",Point Township Dr,EB,2026-04-22,19:15:00,19:30:00,>600 to 720,0,,
input_xlsx.xlsx,"ATR 1. Point Township Dr, south of Ridge Rd",Point Township Dr,EB,2026-04-22,19:15:00,19:30:00,>720 to 840,0,,
input_xlsx.xlsx,"ATR 1. Point Township Dr, south of Ridge Rd",Point Township Dr,EB,2026-04-22,19:15:00,19:30:00,>840 to 960,0,,
input_xlsx.xlsx,"ATR 1. Point Township Dr, south of Ridge Rd",Point Township Dr,EB,2026-04-22,19:15:00,19:30:00,> 960,0,,
input_xlsx.xlsx,"ATR 1. Point Township Dr, south of Ridge Rd",Point Township Dr,EB,2026-04-22,19:30:00,19:45:00,0 to 72,0,,
input_xlsx.xlsx,"ATR 1. Point Township Dr, south of Ridge Rd",Point Township Dr,EB,2026-04-22,19:30:00,19:45:00,>72 to 120,0,,
input_xlsx.xlsx,"ATR 1. Point Township Dr, south of Ridge Rd",Point Township Dr,EB,2026-04-22,19:30:00,19:45:00,>120 to 180,23,,
input_xlsx.xlsx,"ATR 1. Point Township Dr, south of Ridge Rd",Point Township Dr,EB,2026-04-22,19:30:00,19:45:00,>180 to 240,10,,
input_xlsx.xlsx,"ATR 1. Point Township Dr, south of Ridge Rd",Point Township Dr,EB,2026-04-22,19:30:00,19:45:00,>240 to 300,0,,
input_xlsx.xlsx,"ATR 1. Point Township Dr, south of Ridge Rd",Point Township Dr,EB,2026-04-22,19:30:00,19:45:00,>300 to 360,0,,
input_xlsx.xlsx,"ATR 1. Point Township Dr, south of Ridge Rd",Point Township Dr,EB,2026-04-22,19:30:00,19:45:00,>360 to 480,0,,
input_xlsx.xlsx,"ATR 1. Point Township Dr, south of Ridge Rd",Point Township Dr,EB,2026-04-22,19:30:00,19:45:00,>480 to 600,0,,
input_xlsx.xlsx,"ATR 1. Point Township Dr, south of Ridge Rd",Point Township Dr,EB,2026-04-22,19:30:00,19:45:00,>600 to 720,1,,
input_xlsx.xlsx,"ATR 1. Point Township Dr, south of Ridge Rd",Point Township Dr,EB,2026-04-22,19:30:00,19:45:00,>720 to 840,2,,
input_xlsx.xlsx,"ATR 1. Point Township Dr, south of Ridge Rd",Point Township Dr,EB,2026-04-22,19:30:00,19:45:00,>840 to 960,0,,
input_xlsx.xlsx,"ATR 1. Point Township Dr, south of Ridge Rd",Point Township Dr,EB,2026-04-22,19:30:00,19:45:00,> 960,0,,
input_xlsx.xlsx,"ATR 1. Point Township Dr, south of Ridge Rd",Point Township Dr,EB,2026-04-22,19:45:00,20:00:00,0 to 72,0,,
input_xlsx.xlsx,"ATR 1. Point Township Dr, south of Ridge Rd",Point Township Dr,EB,2026-04-22,19:45:00,20:00:00,>72 to 120,0,,
input_xlsx.xlsx,"ATR 1. Point Township Dr, south of Ridge Rd",Point Township Dr,EB,2026-04-22,19:45:00,20:00:00,>120 to 180,28,,
input_xlsx.xlsx,"ATR 1. Point Township Dr, south of Ridge Rd",Point Township Dr,EB,2026-04-22,19:45:00,20:00:00,>180 to 240,7,,
input_xlsx.xlsx,"ATR 1. Point Township Dr, south of Ridge Rd",Point Township Dr,EB,2026-04-22,19:45:00,20:00:00,>240 to 300,1,,
input_xlsx.xlsx,"ATR 1. Point Township Dr, south of Ridge Rd",Point Township Dr,EB,2026-04-22,19:45:00,20:00:00,>300 to 360,0,,
input_xlsx.xlsx,"ATR 1. Point Township Dr, south of Ridge Rd",Point Township Dr,EB,2026-04-22,19:45:00,20:00:00,>360 to 480,2,,
input_xlsx.xlsx,"ATR 1. Point Township Dr, south of Ridge Rd",Point Township Dr,EB,2026-04-22,19:45:00,20:00:00,>480 to 600,0,,
input_xlsx.xlsx,"ATR 1. Point Township Dr, south of Ridge Rd",Point Township Dr,EB,2026-04-22,19:45:00,20:00:00,>600 to 720,0,,
input_xlsx.xlsx,"ATR 1. Point Township Dr, south of Ridge Rd",Point Township Dr,EB,2026-04-22,19:45:00,20:00:00,>720 to 840,1,,
input_xlsx.xlsx,"ATR 1. Point Township Dr, south of Ridge Rd",Point Township Dr,EB,2026-04-22,19:45:00,20:00:00,>840 to 960,1,,
input_xlsx.xlsx,"ATR 1. Point Township Dr, south of Ridge Rd",Point Township Dr,EB,2026-04-22,19:45:00,20:00:00,> 960,0,,
input_xlsx.xlsx,"ATR 1. Point Township Dr, south of Ridge Rd",Point Township Dr,EB,2026-04-22,20:00:00,20:15:00,0 to 72,0,,
input_xlsx.xlsx,"ATR 1. Point Township Dr, south of Ridge Rd",Point Township Dr,EB,2026-04-22,20:00:00,20:15:00,>72 to 120,0,,
input_xlsx.xlsx,"ATR 1. Point Township Dr, south of Ridge Rd",Point Township Dr,EB,2026-04-22,20:00:00,20:15:00,>120 to 180,20,,
input_xlsx.xlsx,"ATR 1. Point Township Dr, south of Ridge Rd",Point Township Dr,EB,2026-04-22,20:00:00,20:15:00,>180 to 240,14,,
input_xlsx.xlsx,"ATR 1. Point Township Dr, south of Ridge Rd",Point Township Dr,EB,2026-04-22,20:00:00,20:15:00,>240 to 300,1,,
input_xlsx.xlsx,"ATR 1. Point Township Dr, south of Ridge Rd",Point Township Dr,EB,2026-04-22,20:00:00,20:15:00,>300 to 360,1,,
input_xlsx.xlsx,"ATR 1. Point Township Dr, south of Ridge Rd",Point Township Dr,EB,2026-04-22,20:00:00,20:15:00,>360 to 480,1,,
input_xlsx.xlsx,"ATR 1. Point Township Dr, south of Ridge Rd",Point Township Dr,EB,2026-04-22,20:00:00,20:15:00,>480 to 600,0,,
input_xlsx.xlsx,"ATR 1. Point Township Dr, south of Ridge Rd",Point Township Dr,EB,2026-04-22,20:00:00,20:15:00,>600 to 720,1,,
input_xlsx.xlsx,"ATR 1. Point Township Dr, south of Ridge Rd",Point Township Dr,EB,2026-04-22,20:00:00,20:15:00,>720 to 840,1,,
input_xlsx.xlsx,"ATR 1. Point Township Dr, south of Ridge Rd",Point Township Dr,EB,2026-04-22,20:00:00,20:15:00,>840 to 960,0,,
input_xlsx.xlsx,"ATR 1. Point Township Dr, south of Ridge Rd",Point Township Dr,EB,2026-04-22,20:00:00,20:15:00,> 960,0,,
input_xlsx.xlsx,"ATR 1. Point Township Dr, south of Ridge Rd",Point Township Dr,EB,2026-04-22,20:15:00,20:30:00,0 to 72,0,,
input_xlsx.xlsx,"ATR 1. Point Township Dr, south of Ridge Rd",Point Township Dr,EB,2026-04-22,20:15:00,20:30:00,>72 to 120,0,,
input_xlsx.xlsx,"ATR 1. Point Township Dr, south of Ridge Rd",Point Township Dr,EB,2026-04-22,20:15:00,20:30:00,>120 to 180,21,,
input_xlsx.xlsx,"ATR 1. Point Township Dr, south of Ridge Rd",Point Township Dr,EB,2026-04-22,20:15:00,20:30:00,>180 to 240,10,,
input_xlsx.xlsx,"ATR 1. Point Township Dr, south of Ridge Rd",Point Township Dr,EB,2026-04-22,20:15:00,20:30:00,>240 to 300,0,,
input_xlsx.xlsx,"ATR 1. Point Township Dr, south of Ridge Rd",Point Township Dr,EB,2026-04-22,20:15:00,20:30:00,>300 to 360,1,,
input_xlsx.xlsx,"ATR 1. Point Township Dr, south of Ridge Rd",Point Township Dr,EB,2026-04-22,20:15:00,20:30:00,>360 to 480,1,,
input_xlsx.xlsx,"ATR 1. Point Township Dr, south of Ridge Rd",Point Township Dr,EB,2026-04-22,20:15:00,20:30:00,>480 to 600,0,,
input_xlsx.xlsx,"ATR 1. Point Township Dr, south of Ridge Rd",Point Township Dr,EB,2026-04-22,20:15:00,20:30:00,>600 to 720,1,,
input_xlsx.xlsx,"ATR 1. Point Township Dr, south of Ridge Rd",Point Township Dr,EB,2026-04-22,20:15:00,20:30:00,>720 to 840,2,,
input_xlsx.xlsx,"ATR 1. Point Township Dr, south of Ridge Rd",Point Township Dr,EB,2026-04-22,20:15:00,20:30:00,>840 to 960,0,,
input_xlsx.xlsx,"ATR 1. Point Township Dr, south of Ridge Rd",Point Township Dr,EB,2026-04-22,20:15:00,20:30:00,> 960,0,,
input_xlsx.xlsx,"ATR 1. Point Township Dr, south of Ridge Rd",Point Township Dr,EB,2026-04-22,20:30:00,20:45:00,0 to 72,0,,
input_xlsx.xlsx,"ATR 1. Point Township Dr, south of Ridge Rd",Point Township Dr,EB,2026-04-22,20:30:00,20:45:00,>72 to 120,0,,
input_xlsx.xlsx,"ATR 1. Point Township Dr, south of Ridge Rd",Point Township Dr,EB,2026-04-22,20:30:00,20:45:00,>120 to 180,28,,
input_xlsx.xlsx,"ATR 1. Point Township Dr, south of Ridge Rd",Point Township Dr,EB,2026-04-22,20:30:00,20:45:00,>180 to 240,9,,
input_xlsx.xlsx,"ATR 1. Point Township Dr, south of Ridge Rd",Point Township Dr,EB,2026-04-22,20:30:00,20:45:00,>240 to 300,1,,
input_xlsx.xlsx,"ATR 1. Point Township Dr, south of Ridge Rd",Point Township Dr,EB,2026-04-22,20:30:00,20:45:00,>300 to 360,0,,
input_xlsx.xlsx,"ATR 1. Point Township Dr, south of Ridge Rd",Point Township Dr,EB,2026-04-22,20:30:00,20:45:00,>360 to 480,0,,
input_xlsx.xlsx,"ATR 1. Point Township Dr, south of Ridge Rd",Point Township Dr,EB,2026-04-22,20:30:00,20:45:00,>480 to 600,0,,
input_xlsx.xlsx,"ATR 1. Point Township Dr, south of Ridge Rd",Point Township Dr,EB,2026-04-22,20:30:00,20:45:00,>600 to 720,0,,
input_xlsx.xlsx,"ATR 1. Point Township Dr, south of Ridge Rd",Point Township Dr,EB,2026-04-22,20:30:00,20:45:00,>720 to 840,0,,
input_xlsx.xlsx,"ATR 1. Point Township Dr, south of Ridge Rd",Point Township Dr,EB,2026-04-22,20:30:00,20:45:00,>840 to 960,1,,
input_xlsx.xlsx,"ATR 1. Point Township Dr, south of Ridge Rd",Point Township Dr,EB,2026-04-22,20:30:00,20:45:00,> 960,0,,
input_xlsx.xlsx,"ATR 1. Point Township Dr, south of Ridge Rd",Point Township Dr,EB,2026-04-22,20:45:00,21:00:00,0 to 72,0,,
input_xlsx.xlsx,"ATR 1. Point Township Dr, south of Ridge Rd",Point Township Dr,EB,2026-04-22,20:45:00,21:00:00,>72 to 120,0,,
input_xlsx.xlsx,"ATR 1. Point Township Dr, south of Ridge Rd",Point Township Dr,EB,2026-04-22,20:45:00,21:00:00,>120 to 180,19,,
input_xlsx.xlsx,"ATR 1. Point Township Dr, south of Ridge Rd",Point Township Dr,EB,2026-04-22,20:45:00,21:00:00,>180 to 240,3,,
input_xlsx.xlsx,"ATR 1. Point Township Dr, south of Ridge Rd",Point Township Dr,EB,2026-04-22,20:45:00,21:00:00,>240 to 300,1,,
input_xlsx.xlsx,"ATR 1. Point Township Dr, south of Ridge Rd",Point Township Dr,EB,2026-04-22,20:45:00,21:00:00,>300 to 360,0,,
input_xlsx.xlsx,"ATR 1. Point Township Dr, south of Ridge Rd",Point Township Dr,EB,2026-04-22,20:45:00,21:00:00,>360 to 480,0,,
input_xlsx.xlsx,"ATR 1. Point Township Dr, south of Ridge Rd",Point Township Dr,EB,2026-04-22,20:45:00,21:00:00,>480 to 600,0,,
input_xlsx.xlsx,"ATR 1. Point Township Dr, south of Ridge Rd",Point Township Dr,EB,2026-04-22,20:45:00,21:00:00,>600 to 720,0,,
input_xlsx.xlsx,"ATR 1. Point Township Dr, south of Ridge Rd",Point Township Dr,EB,2026-04-22,20:45:00,21:00:00,>720 to 840,0,,
input_xlsx.xlsx,"ATR 1. Point Township Dr, south of Ridge Rd",Point Township Dr,EB,2026-04-22,20:45:00,21:00:00,>840 to 960,0,,
input_xlsx.xlsx,"ATR 1. Point Township Dr, south of Ridge Rd",Point Township Dr,EB,2026-04-22,20:45:00,21:00:00,> 960,0,,
input_xlsx.xlsx,"ATR 1. Point Township Dr, south of Ridge Rd",Point Township Dr,EB,2026-04-22,21:00:00,21:15:00,0 to 72,0,,
input_xlsx.xlsx,"ATR 1. Point Township Dr, south of Ridge Rd",Point Township Dr,EB,2026-04-22,21:00:00,21:15:00,>72 to 120,0,,
input_xlsx.xlsx,"ATR 1. Point Township Dr, south of Ridge Rd",Point Township Dr,EB,2026-04-22,21:00:00,21:15:00,>120 to 180,23,,
input_xlsx.xlsx,"ATR 1. Point Township Dr, south of Ridge Rd",Point Township Dr,EB,2026-04-22,21:00:00,21:15:00,>180 to 240,7,,
input_xlsx.xlsx,"ATR 1. Point Township Dr, south of Ridge Rd",Point Township Dr,EB,2026-04-22,21:00:00,21:15:00,>240 to 300,0,,
input_xlsx.xlsx,"ATR 1. Point Township Dr, south of Ridge Rd",Point Township Dr,EB,2026-04-22,21:00:00,21:15:00,>300 to 360,1,,
input_xlsx.xlsx,"ATR 1. Point Township Dr, south of Ridge Rd",Point Township Dr,EB,2026-04-22,21:00:00,21:15:00,>360 to 480,0,,
input_xlsx.xlsx,"ATR 1. Point Township Dr, south of Ridge Rd",Point Township Dr,EB,2026-04-22,21:00:00,21:15:00,>480 to 600,0,,
input_xlsx.xlsx,"ATR 1. Point Township Dr, south of Ridge Rd",Point Township Dr,EB,2026-04-22,21:00:00,21:15:00,>600 to 720,0,,
input_xlsx.xlsx,"ATR 1. Point Township Dr, south of Ridge Rd",Point Township Dr,EB,2026-04-22,21:00:00,21:15:00,>720 to 840,2,,
input_xlsx.xlsx,"ATR 1. Point Township Dr, south of Ridge Rd",Point Township Dr,EB,2026-04-22,21:00:00,21:15:00,>840 to 960,1,,
input_xlsx.xlsx,"ATR 1. Point Township Dr, south of Ridge Rd",Point Township Dr,EB,2026-04-22,21:00:00,21:15:00,> 960,0,,
input_xlsx.xlsx,"ATR 1. Point Township Dr, south of Ridge Rd",Point Township Dr,EB,2026-04-22,21:15:00,21:30:00,0 to 72,0,,
input_xlsx.xlsx,"ATR 1. Point Township Dr, south of Ridge Rd",Point Township Dr,EB,2026-04-22,21:15:00,21:30:00,>72 to 120,0,,
input_xlsx.xlsx,"ATR 1. Point Township Dr, south of Ridge Rd",Point Township Dr,EB,2026-04-22,21:15:00,21:30:00,>120 to 180,15,,
input_xlsx.xlsx,"ATR 1. Point Township Dr, south of Ridge Rd",Point Township Dr,EB,2026-04-22,21:15:00,21:30:00,>180 to 240,6,,
input_xlsx.xlsx,"ATR 1. Point Township Dr, south of Ridge Rd",Point Township Dr,EB,2026-04-22,21:15:00,21:30:00,>240 to 300,2,,
input_xlsx.xlsx,"ATR 1. Point Township Dr, south of Ridge Rd",Point Township Dr,EB,2026-04-22,21:15:00,21:30:00,>300 to 360,0,,
input_xlsx.xlsx,"ATR 1. Point Township Dr, south of Ridge Rd",Point Township Dr,EB,2026-04-22,21:15:00,21:30:00,>360 to 480,0,,
input_xlsx.xlsx,"ATR 1. Point Township Dr, south of Ridge Rd",Point Township Dr,EB,2026-04-22,21:15:00,21:30:00,>480 to 600,0,,
input_xlsx.xlsx,"ATR 1. Point Township Dr, south of Ridge Rd",Point Township Dr,EB,2026-04-22,21:15:00,21:30:00,>600 to 720,1,,
input_xlsx.xlsx,"ATR 1. Point Township Dr, south of Ridge Rd",Point Township Dr,EB,2026-04-22,21:15:00,21:30:00,>720 to 840,1,,
input_xlsx.xlsx,"ATR 1. Point Township Dr, south of Ridge Rd",Point Township Dr,EB,2026-04-22,21:15:00,21:30:00,>840 to 960,2,,
input_xlsx.xlsx,"ATR 1. Point Township Dr, south of Ridge Rd",Point Township Dr,EB,2026-04-22,21:15:00,21:30:00,> 960,0,,
input_xlsx.xlsx,"ATR 1. Point Township Dr, south of Ridge Rd",Point Township Dr,EB,2026-04-22,21:30:00,21:45:00,0 to 72,0,,
input_xlsx.xlsx,"ATR 1. Point Township Dr, south of Ridge Rd",Point Township Dr,EB,2026-04-22,21:30:00,21:45:00,>72 to 120,1,,
input_xlsx.xlsx,"ATR 1. Point Township Dr, south of Ridge Rd",Point Township Dr,EB,2026-04-22,21:30:00,21:45:00,>120 to 180,11,,
input_xlsx.xlsx,"ATR 1. Point Township Dr, south of Ridge Rd",Point Township Dr,EB,2026-04-22,21:30:00,21:45:00,>180 to 240,5,,
input_xlsx.xlsx,"ATR 1. Point Township Dr, south of Ridge Rd",Point Township Dr,EB,2026-04-22,21:30:00,21:45:00,>240 to 300,0,,
input_xlsx.xlsx,"ATR 1. Point Township Dr, south of Ridge Rd",Point Township Dr,EB,2026-04-22,21:30:00,21:45:00,>300 to 360,0,,
input_xlsx.xlsx,"ATR 1. Point Township Dr, south of Ridge Rd",Point Township Dr,EB,2026-04-22,21:30:00,21:45:00,>360 to 480,1,,
input_xlsx.xlsx,"ATR 1. Point Township Dr, south of Ridge Rd",Point Township Dr,EB,2026-04-22,21:30:00,21:45:00,>480 to 600,0,,
input_xlsx.xlsx,"ATR 1. Point Township Dr, south of Ridge Rd",Point Township Dr,EB,2026-04-22,21:30:00,21:45:00,>600 to 720,0,,
input_xlsx.xlsx,"ATR 1. Point Township Dr, south of Ridge Rd",Point Township Dr,EB,2026-04-22,21:30:00,21:45:00,>720 to 840,2,,
input_xlsx.xlsx,"ATR 1. Point Township Dr, south of Ridge Rd",Point Township Dr,EB,2026-04-22,21:30:00,21:45:00,>840 to 960,0,,
input_xlsx.xlsx,"ATR 1. Point Township Dr, south of Ridge Rd",Point Township Dr,EB,2026-04-22,21:30:00,21:45:00,> 960,0,,
input_xlsx.xlsx,"ATR 1. Point Township Dr, south of Ridge Rd",Point Township Dr,EB,2026-04-22,21:45:00,22:00:00,0 to 72,0,,
input_xlsx.xlsx,"ATR 1. Point Township Dr, south of Ridge Rd",Point Township Dr,EB,2026-04-22,21:45:00,22:00:00,>72 to 120,0,,
input_xlsx.xlsx,"ATR 1. Point Township Dr, south of Ridge Rd",Point Township Dr,EB,2026-04-22,21:45:00,22:00:00,>120 to 180,11,,
input_xlsx.xlsx,"ATR 1. Point Township Dr, south of Ridge Rd",Point Township Dr,EB,2026-04-22,21:45:00,22:00:00,>180 to 240,6,,
input_xlsx.xlsx,"ATR 1. Point Township Dr, south of Ridge Rd",Point Township Dr,EB,2026-04-22,21:45:00,22:00:00,>240 to 300,0,,
input_xlsx.xlsx,"ATR 1. Point Township Dr, south of Ridge Rd",Point Township Dr,EB,2026-04-22,21:45:00,22:00:00,>300 to 360,0,,
input_xlsx.xlsx,"ATR 1. Point Township Dr, south of Ridge Rd",Point Township Dr,EB,2026-04-22,21:45:00,22:00:00,>360 to 480,0,,
input_xlsx.xlsx,"ATR 1. Point Township Dr, south of Ridge Rd",Point Township Dr,EB,2026-04-22,21:45:00,22:00:00,>480 to 600,1,,
input_xlsx.xlsx,"ATR 1. Point Township Dr, south of Ridge Rd",Point Township Dr,EB,2026-04-22,21:45:00,22:00:00,>600 to 720,1,,
input_xlsx.xlsx,"ATR 1. Point Township Dr, south of Ridge Rd",Point Township Dr,EB,2026-04-22,21:45:00,22:00:00,>720 to 840,1,,
input_xlsx.xlsx,"ATR 1. Point Township Dr, south of Ridge Rd",Point Township Dr,EB,2026-04-22,21:45:00,22:00:00,>840 to 960,1,,
input_xlsx.xlsx,"ATR 1. Point Township Dr, south of Ridge Rd",Point Township Dr,EB,2026-04-22,21:45:00,22:00:00,> 960,0,,
input_xlsx.xlsx,"ATR 1. Point Township Dr, south of Ridge Rd",Point Township Dr,EB,2026-04-22,22:00:00,22:15:00,0 to 72,0,,
input_xlsx.xlsx,"ATR 1. Point Township Dr, south of Ridge Rd",Point Township Dr,EB,2026-04-22,22:00:00,22:15:00,>72 to 120,0,,
input_xlsx.xlsx,"ATR 1. Point Township Dr, south of Ridge Rd",Point Township Dr,EB,2026-04-22,22:00:00,22:15:00,>120 to 180,12,,
input_xlsx.xlsx,"ATR 1. Point Township Dr, south of Ridge Rd",Point Township Dr,EB,2026-04-22,22:00:00,22:15:00,>180 to 240,4,,
input_xlsx.xlsx,"ATR 1. Point Township Dr, south of Ridge Rd",Point Township Dr,EB,2026-04-22,22:00:00,22:15:00,>240 to 300,0,,
input_xlsx.xlsx,"ATR 1. Point Township Dr, south of Ridge Rd",Point Township Dr,EB,2026-04-22,22:00:00,22:15:00,>300 to 360,1,,
input_xlsx.xlsx,"ATR 1. Point Township Dr, south of Ridge Rd",Point Township Dr,EB,2026-04-22,22:00:00,22:15:00,>360 to 480,0,,
input_xlsx.xlsx,"ATR 1. Point Township Dr, south of Ridge Rd",Point Township Dr,EB,2026-04-22,22:00:00,22:15:00,>480 to 600,1,,
input_xlsx.xlsx,"ATR 1. Point Township Dr, south of Ridge Rd",Point Township Dr,EB,2026-04-22,22:00:00,22:15:00,>600 to 720,0,,
input_xlsx.xlsx,"ATR 1. Point Township Dr, south of Ridge Rd",Point Township Dr,EB,2026-04-22,22:00:00,22:15:00,>720 to 840,1,,
input_xlsx.xlsx,"ATR 1. Point Township Dr, south of Ridge Rd",Point Township Dr,EB,2026-04-22,22:00:00,22:15:00,>840 to 960,2,,
input_xlsx.xlsx,"ATR 1. Point Township Dr, south of Ridge Rd",Point Township Dr,EB,2026-04-22,22:00:00,22:15:00,> 960,0,,
input_xlsx.xlsx,"ATR 1. Point Township Dr, south of Ridge Rd",Point Township Dr,EB,2026-04-22,22:15:00,22:30:00,0 to 72,0,,
input_xlsx.xlsx,"ATR 1. Point Township Dr, south of Ridge Rd",Point Township Dr,EB,2026-04-22,22:15:00,22:30:00,>72 to 120,0,,
input_xlsx.xlsx,"ATR 1. Point Township Dr, south of Ridge Rd",Point Township Dr,EB,2026-04-22,22:15:00,22:30:00,>120 to 180,17,,
input_xlsx.xlsx,"ATR 1. Point Township Dr, south of Ridge Rd",Point Township Dr,EB,2026-04-22,22:15:00,22:30:00,>180 to 240,2,,
input_xlsx.xlsx,"ATR 1. Point Township Dr, south of Ridge Rd",Point Township Dr,EB,2026-04-22,22:15:00,22:30:00,>240 to 300,0,,
input_xlsx.xlsx,"ATR 1. Point Township Dr, south of Ridge Rd",Point Township Dr,EB,2026-04-22,22:15:00,22:30:00,>300 to 360,0,,
input_xlsx.xlsx,"ATR 1. Point Township Dr, south of Ridge Rd",Point Township Dr,EB,2026-04-22,22:15:00,22:30:00,>360 to 480,0,,
input_xlsx.xlsx,"ATR 1. Point Township Dr, south of Ridge Rd",Point Township Dr,EB,2026-04-22,22:15:00,22:30:00,>480 to 600,0,,
input_xlsx.xlsx,"ATR 1. Point Township Dr, south of Ridge Rd",Point Township Dr,EB,2026-04-22,22:15:00,22:30:00,>600 to 720,1,,
input_xlsx.xlsx,"ATR 1. Point Township Dr, south of Ridge Rd",Point Township Dr,EB,2026-04-22,22:15:00,22:30:00,>720 to 840,1,,
input_xlsx.xlsx,"ATR 1. Point Township Dr, south of Ridge Rd",Point Township Dr,EB,2026-04-22,22:15:00,22:30:00,>840 to 960,0,,
input_xlsx.xlsx,"ATR 1. Point Township Dr, south of Ridge Rd",Point Township Dr,EB,2026-04-22,22:15:00,22:30:00,> 960,0,,
input_xlsx.xlsx,"ATR 1. Point Township Dr, south of Ridge Rd",Point Township Dr,EB,2026-04-22,22:30:00,22:45:00,0 to 72,0,,
input_xlsx.xlsx,"ATR 1. Point Township Dr, south of Ridge Rd",Point Township Dr,EB,2026-04-22,22:30:00,22:45:00,>72 to 120,0,,
input_xlsx.xlsx,"ATR 1. Point Township Dr, south of Ridge Rd",Point Township Dr,EB,2026-04-22,22:30:00,22:45:00,>120 to 180,8,,
input_xlsx.xlsx,"ATR 1. Point Township Dr, south of Ridge Rd",Point Township Dr,EB,2026-04-22,22:30:00,22:45:00,>180 to 240,8,,
input_xlsx.xlsx,"ATR 1. Point Township Dr, south of Ridge Rd",Point Township Dr,EB,2026-04-22,22:30:00,22:45:00,>240 to 300,0,,
input_xlsx.xlsx,"ATR 1. Point Township Dr, south of Ridge Rd",Point Township Dr,EB,2026-04-22,22:30:00,22:45:00,>300 to 360,0,,
input_xlsx.xlsx,"ATR 1. Point Township Dr, south of Ridge Rd",Point Township Dr,EB,2026-04-22,22:30:00,22:45:00,>360 to 480,0,,
input_xlsx.xlsx,"ATR 1. Point Township Dr, south of Ridge Rd",Point Township Dr,EB,2026-04-22,22:30:00,22:45:00,>480 to 600,0,,
input_xlsx.xlsx,"ATR 1. Point Township Dr, south of Ridge Rd",Point Township Dr,EB,2026-04-22,22:30:00,22:45:00,>600 to 720,0,,
input_xlsx.xlsx,"ATR 1. Point Township Dr, south of Ridge Rd",Point Township Dr,EB,2026-04-22,22:30:00,22:45:00,>720 to 840,0,,
input_xlsx.xlsx,"ATR 1. Point Township Dr, south of Ridge Rd",Point Township Dr,EB,2026-04-22,22:30:00,22:45:00,>840 to 960,0,,
input_xlsx.xlsx,"ATR 1. Point Township Dr, south of Ridge Rd",Point Township Dr,EB,2026-04-22,22:30:00,22:45:00,> 960,0,,
input_xlsx.xlsx,"ATR 1. Point Township Dr, south of Ridge Rd",Point Township Dr,EB,2026-04-22,22:45:00,23:00:00,0 to 72,0,,
input_xlsx.xlsx,"ATR 1. Point Township Dr, south of Ridge Rd",Point Township Dr,EB,2026-04-22,22:45:00,23:00:00,>72 to 120,0,,
input_xlsx.xlsx,"ATR 1. Point Township Dr, south of Ridge Rd",Point Township Dr,EB,2026-04-22,22:45:00,23:00:00,>120 to 180,11,,
input_xlsx.xlsx,"ATR 1. Point Township Dr, south of Ridge Rd",Point Township Dr,EB,2026-04-22,22:45:00,23:00:00,>180 to 240,5,,
input_xlsx.xlsx,"ATR 1. Point Township Dr, south of Ridge Rd",Point Township Dr,EB,2026-04-22,22:45:00,23:00:00,>240 to 300,0,,
input_xlsx.xlsx,"ATR 1. Point Township Dr, south of Ridge Rd",Point Township Dr,EB,2026-04-22,22:45:00,23:00:00,>300 to 360,0,,
input_xlsx.xlsx,"ATR 1. Point Township Dr, south of Ridge Rd",Point Township Dr,EB,2026-04-22,22:45:00,23:00:00,>360 to 480,0,,
input_xlsx.xlsx,"ATR 1. Point Township Dr, south of Ridge Rd",Point Township Dr,EB,2026-04-22,22:45:00,23:00:00,>480 to 600,0,,
input_xlsx.xlsx,"ATR 1. Point Township Dr, south of Ridge Rd",Point Township Dr,EB,2026-04-22,22:45:00,23:00:00,>600 to 720,0,,
input_xlsx.xlsx,"ATR 1. Point Township Dr, south of Ridge Rd",Point Township Dr,EB,2026-04-22,22:45:00,23:00:00,>720 to 840,1,,
input_xlsx.xlsx,"ATR 1. Point Township Dr, south of Ridge Rd",Point Township Dr,EB,2026-04-22,22:45:00,23:00:00,>840 to 960,0,,
input_xlsx.xlsx,"ATR 1. Point Township Dr, south of Ridge Rd",Point Township Dr,EB,2026-04-22,22:45:00,23:00:00,> 960,0,,
input_xlsx.xlsx,"ATR 1. Point Township Dr, south of Ridge Rd",Point Township Dr,EB,2026-04-22,23:00:00,23:15:00,0 to 72,0,,
input_xlsx.xlsx,"ATR 1. Point Township Dr, south of Ridge Rd",Point Township Dr,EB,2026-04-22,23:00:00,23:15:00,>72 to 120,0,,
input_xlsx.xlsx,"ATR 1. Point Township Dr, south of Ridge Rd",Point Township Dr,EB,2026-04-22,23:00:00,23:15:00,>120 to 180,8,,
input_xlsx.xlsx,"ATR 1. Point Township Dr, south of Ridge Rd",Point Township Dr,EB,2026-04-22,23:00:00,23:15:00,>180 to 240,3,,
input_xlsx.xlsx,"ATR 1. Point Township Dr, south of Ridge Rd",Point Township Dr,EB,2026-04-22,23:00:00,23:15:00,>240 to 300,1,,
input_xlsx.xlsx,"ATR 1. Point Township Dr, south of Ridge Rd",Point Township Dr,EB,2026-04-22,23:00:00,23:15:00,>300 to 360,0,,
input_xlsx.xlsx,"ATR 1. Point Township Dr, south of Ridge Rd",Point Township Dr,EB,2026-04-22,23:00:00,23:15:00,>360 to 480,0,,
input_xlsx.xlsx,"ATR 1. Point Township Dr, south of Ridge Rd",Point Township Dr,EB,2026-04-22,23:00:00,23:15:00,>480 to 600,0,,
input_xlsx.xlsx,"ATR 1. Point Township Dr, south of Ridge Rd",Point Township Dr,EB,2026-04-22,23:00:00,23:15:00,>600 to 720,0,,
input_xlsx.xlsx,"ATR 1. Point Township Dr, south of Ridge Rd",Point Township Dr,EB,2026-04-22,23:00:00,23:15:00,>720 to 840,1,,
input_xlsx.xlsx,"ATR 1. Point Township Dr, south of Ridge Rd",Point Township Dr,EB,2026-04-22,23:00:00,23:15:00,>840 to 960,2,,
input_xlsx.xlsx,"ATR 1. Point Township Dr, south of Ridge Rd",Point Township Dr,EB,2026-04-22,23:00:00,23:15:00,> 960,0,,
input_xlsx.xlsx,"ATR 1. Point Township Dr, south of Ridge Rd",Point Township Dr,EB,2026-04-22,23:15:00,23:30:00,0 to 72,0,,
input_xlsx.xlsx,"ATR 1. Point Township Dr, south of Ridge Rd",Point Township Dr,EB,2026-04-22,23:15:00,23:30:00,>72 to 120,0,,
input_xlsx.xlsx,"ATR 1. Point Township Dr, south of Ridge Rd",Point Township Dr,EB,2026-04-22,23:15:00,23:30:00,>120 to 180,10,,
input_xlsx.xlsx,"ATR 1. Point Township Dr, south of Ridge Rd",Point Township Dr,EB,2026-04-22,23:15:00,23:30:00,>180 to 240,4,,
input_xlsx.xlsx,"ATR 1. Point Township Dr, south of Ridge Rd",Point Township Dr,EB,2026-04-22,23:15:00,23:30:00,>240 to 300,0,,
input_xlsx.xlsx,"ATR 1. Point Township Dr, south of Ridge Rd",Point Township Dr,EB,2026-04-22,23:15:00,23:30:00,>300 to 360,0,,
input_xlsx.xlsx,"ATR 1. Point Township Dr, south of Ridge Rd",Point Township Dr,EB,2026-04-22,23:15:00,23:30:00,>360 to 480,0,,
input_xlsx.xlsx,"ATR 1. Point Township Dr, south of Ridge Rd",Point Township Dr,EB,2026-04-22,23:15:00,23:30:00,>480 to 600,0,,
input_xlsx.xlsx,"ATR 1. Point Township Dr, south of Ridge Rd",Point Township Dr,EB,2026-04-22,23:15:00,23:30:00,>600 to 720,0,,
input_xlsx.xlsx,"ATR 1. Point Township Dr, south of Ridge Rd",Point Township Dr,EB,2026-04-22,23:15:00,23:30:00,>720 to 840,1,,
input_xlsx.xlsx,"ATR 1. Point Township Dr, south of Ridge Rd",Point Township Dr,EB,2026-04-22,23:15:00,23:30:00,>840 to 960,0,,
input_xlsx.xlsx,"ATR 1. Point Township Dr, south of Ridge Rd",Point Township Dr,EB,2026-04-22,23:15:00,23:30:00,> 960,0,,
input_xlsx.xlsx,"ATR 1. Point Township Dr, south of Ridge Rd",Point Township Dr,EB,2026-04-22,23:30:00,23:45:00,0 to 72,0,,
input_xlsx.xlsx,"ATR 1. Point Township Dr, south of Ridge Rd",Point Township Dr,EB,2026-04-22,23:30:00,23:45:00,>72 to 120,0,,
input_xlsx.xlsx,"ATR 1. Point Township Dr, south of Ridge Rd",Point Township Dr,EB,2026-04-22,23:30:00,23:45:00,>120 to 180,3,,
input_xlsx.xlsx,"ATR 1. Point Township Dr, south of Ridge Rd",Point Township Dr,EB,2026-04-22,23:30:00,23:45:00,>180 to 240,3,,
input_xlsx.xlsx,"ATR 1. Point Township Dr, south of Ridge Rd",Point Township Dr,EB,2026-04-22,23:30:00,23:45:00,>240 to 300,0,,
input_xlsx.xlsx,"ATR 1. Point Township Dr, south of Ridge Rd",Point Township Dr,EB,2026-04-22,23:30:00,23:45:00,>300 to 360,0,,
input_xlsx.xlsx,"ATR 1. Point Township Dr, south of Ridge Rd",Point Township Dr,EB,2026-04-22,23:30:00,23:45:00,>360 to 480,0,,
input_xlsx.xlsx,"ATR 1. Point Township Dr, south of Ridge Rd",Point Township Dr,EB,2026-04-22,23:30:00,23:45:00,>480 to 600,0,,
input_xlsx.xlsx,"ATR 1. Point Township Dr, south of Ridge Rd",Point Township Dr,EB,2026-04-22,23:30:00,23:45:00,>600 to 720,0,,
input_xlsx.xlsx,"ATR 1. Point Township Dr, south of Ridge Rd",Point Township Dr,EB,2026-04-22,23:30:00,23:45:00,>720 to 840,1,,
input_xlsx.xlsx,"ATR 1. Point Township Dr, south of Ridge Rd",Point Township Dr,EB,2026-04-22,23:30:00,23:45:00,>840 to 960,0,,
input_xlsx.xlsx,"ATR 1. Point Township Dr, south of Ridge Rd",Point Township Dr,EB,2026-04-22,23:30:00,23:45:00,> 960,0,,
input_xlsx.xlsx,"ATR 1. Point Township Dr, south of Ridge Rd",Point Township Dr,EB,2026-04-22,23:45:00,00:00:00,0 to 72,0,,
input_xlsx.xlsx,"ATR 1. Point Township Dr, south of Ridge Rd",Point Township Dr,EB,2026-04-22,23:45:00,00:00:00,>72 to 120,0,,
input_xlsx.xlsx,"ATR 1. Point Township Dr, south of Ridge Rd",Point Township Dr,EB,2026-04-22,23:45:00,00:00:00,>120 to 180,3,,
input_xlsx.xlsx,"ATR 1. Point Township Dr, south of Ridge Rd",Point Township Dr,EB,2026-04-22,23:45:00,00:00:00,>180 to 240,3,,
input_xlsx.xlsx,"ATR 1. Point Township Dr, south of Ridge Rd",Point Township Dr,EB,2026-04-22,23:45:00,00:00:00,>240 to 300,0,,
input_xlsx.xlsx,"ATR 1. Point Township Dr, south of Ridge Rd",Point Township Dr,EB,2026-04-22,23:45:00,00:00:00,>300 to 360,0,,
input_xlsx.xlsx,"ATR 1. Point Township Dr, south of Ridge Rd",Point Township Dr,EB,2026-04-22,23:45:00,00:00:00,>360 to 480,1,,
input_xlsx.xlsx,"ATR 1. Point Township Dr, south of Ridge Rd",Point Township Dr,EB,2026-04-22,23:45:00,00:00:00,>480 to 600,0,,
input_xlsx.xlsx,"ATR 1. Point Township Dr, south of Ridge Rd",Point Township Dr,EB,2026-04-22,23:45:00,00:00:00,>600 to 720,0,,
input_xlsx.xlsx,"ATR 1. Point Township Dr, south of Ridge Rd",Point Township Dr,EB,2026-04-22,23:45:00,00:00:00,>720 to 840,0,,
input_xlsx.xlsx,"ATR 1. Point Township Dr, south of Ridge Rd",Point Township Dr,EB,2026-04-22,23:45:00,00:00:00,>840 to 960,0,,
input_xlsx.xlsx,"ATR 1. Point Township Dr, south of Ridge Rd",Point Township Dr,EB,2026-04-22,23:45:00,00:00:00,> 960,0,,
input_xlsx.xlsx,"ATR 1. Point Township Dr, south of Ridge Rd",Point Township Dr,EB,2026-04-23,00:00:00,00:15:00,0 to 72,0,,
input_xlsx.xlsx,"ATR 1. Point Township Dr, south of Ridge Rd",Point Township Dr,EB,2026-04-23,00:00:00,00:15:00,>72 to 120,0,,
input_xlsx.xlsx,"ATR 1. Point Township Dr, south of Ridge Rd",Point Township Dr,EB,2026-04-23,00:00:00,00:15:00,>120 to 180,5,,
input_xlsx.xlsx,"ATR 1. Point Township Dr, south of Ridge Rd",Point Township Dr,EB,2026-04-23,00:00:00,00:15:00,>180 to 240,1,,
input_xlsx.xlsx,"ATR 1. Point Township Dr, south of Ridge Rd",Point Township Dr,EB,2026-04-23,00:00:00,00:15:00,>240 to 300,0,,
input_xlsx.xlsx,"ATR 1. Point Township Dr, south of Ridge Rd",Point Township Dr,EB,2026-04-23,00:00:00,00:15:00,>300 to 360,0,,
input_xlsx.xlsx,"ATR 1. Point Township Dr, south of Ridge Rd",Point Township Dr,EB,2026-04-23,00:00:00,00:15:00,>360 to 480,0,,
input_xlsx.xlsx,"ATR 1. Point Township Dr, south of Ridge Rd",Point Township Dr,EB,2026-04-23,00:00:00,00:15:00,>480 to 600,0,,
input_xlsx.xlsx,"ATR 1. Point Township Dr, south of Ridge Rd",Point Township Dr,EB,2026-04-23,00:00:00,00:15:00,>600 to 720,0,,
input_xlsx.xlsx,"ATR 1. Point Township Dr, south of Ridge Rd",Point Township Dr,EB,2026-04-23,00:00:00,00:15:00,>720 to 840,3,,
input_xlsx.xlsx,"ATR 1. Point Township Dr, south of Ridge Rd",Point Township Dr,EB,2026-04-23,00:00:00,00:15:00,>840 to 960,1,,
input_xlsx.xlsx,"ATR 1. Point Township Dr, south of Ridge Rd",Point Township Dr,EB,2026-04-23,00:00:00,00:15:00,> 960,0,,
input_xlsx.xlsx,"ATR 1. Point Township Dr, south of Ridge Rd",Point Township Dr,EB,2026-04-23,00:15:00,00:30:00,0 to 72,0,,
input_xlsx.xlsx,"ATR 1. Point Township Dr, south of Ridge Rd",Point Township Dr,EB,2026-04-23,00:15:00,00:30:00,>72 to 120,0,,
input_xlsx.xlsx,"ATR 1. Point Township Dr, south of Ridge Rd",Point Township Dr,EB,2026-04-23,00:15:00,00:30:00,>120 to 180,4,,
input_xlsx.xlsx,"ATR 1. Point Township Dr, south of Ridge Rd",Point Township Dr,EB,2026-04-23,00:15:00,00:30:00,>180 to 240,1,,
input_xlsx.xlsx,"ATR 1. Point Township Dr, south of Ridge Rd",Point Township Dr,EB,2026-04-23,00:15:00,00:30:00,>240 to 300,0,,
input_xlsx.xlsx,"ATR 1. Point Township Dr, south of Ridge Rd",Point Township Dr,EB,2026-04-23,00:15:00,00:30:00,>300 to 360,1,,
input_xlsx.xlsx,"ATR 1. Point Township Dr, south of Ridge Rd",Point Township Dr,EB,2026-04-23,00:15:00,00:30:00,>360 to 480,0,,
input_xlsx.xlsx,"ATR 1. Point Township Dr, south of Ridge Rd",Point Township Dr,EB,2026-04-23,00:15:00,00:30:00,>480 to 600,0,,
input_xlsx.xlsx,"ATR 1. Point Township Dr, south of Ridge Rd",Point Township Dr,EB,2026-04-23,00:15:00,00:30:00,>600 to 720,0,,
input_xlsx.xlsx,"ATR 1. Point Township Dr, south of Ridge Rd",Point Township Dr,EB,2026-04-23,00:15:00,00:30:00,>720 to 840,2,,
input_xlsx.xlsx,"ATR 1. Point Township Dr, south of Ridge Rd",Point Township Dr,EB,2026-04-23,00:15:00,00:30:00,>840 to 960,2,,
input_xlsx.xlsx,"ATR 1. Point Township Dr, south of Ridge Rd",Point Township Dr,EB,2026-04-23,00:15:00,00:30:00,> 960,0,,
input_xlsx.xlsx,"ATR 1. Point Township Dr, south of Ridge Rd",Point Township Dr,EB,2026-04-23,00:30:00,00:45:00,0 to 72,0,,
input_xlsx.xlsx,"ATR 1. Point Township Dr, south of Ridge Rd",Point Township Dr,EB,2026-04-23,00:30:00,00:45:00,>72 to 120,0,,
input_xlsx.xlsx,"ATR 1. Point Township Dr, south of Ridge Rd",Point Township Dr,EB,2026-04-23,00:30:00,00:45:00,>120 to 180,8,,
input_xlsx.xlsx,"ATR 1. Point Township Dr, south of Ridge Rd",Point Township Dr,EB,2026-04-23,00:30:00,00:45:00,>180 to 240,1,,
input_xlsx.xlsx,"ATR 1. Point Township Dr, south of Ridge Rd",Point Township Dr,EB,2026-04-23,00:30:00,00:45:00,>240 to 300,1,,
input_xlsx.xlsx,"ATR 1. Point Township Dr, south of Ridge Rd",Point Township Dr,EB,2026-04-23,00:30:00,00:45:00,>300 to 360,0,,
input_xlsx.xlsx,"ATR 1. Point Township Dr, south of Ridge Rd",Point Township Dr,EB,2026-04-23,00:30:00,00:45:00,>360 to 480,0,,
input_xlsx.xlsx,"ATR 1. Point Township Dr, south of Ridge Rd",Point Township Dr,EB,2026-04-23,00:30:00,00:45:00,>480 to 600,0,,
input_xlsx.xlsx,"ATR 1. Point Township Dr, south of Ridge Rd",Point Township Dr,EB,2026-04-23,00:30:00,00:45:00,>600 to 720,0,,
input_xlsx.xlsx,"ATR 1. Point Township Dr, south of Ridge Rd",Point Township Dr,EB,2026-04-23,00:30:00,00:45:00,>720 to 840,0,,
input_xlsx.xlsx,"ATR 1. Point Township Dr, south of Ridge Rd",Point Township Dr,EB,2026-04-23,00:30:00,00:45:00,>840 to 960,0,,
input_xlsx.xlsx,"ATR 1. Point Township Dr, south of Ridge Rd",Point Township Dr,EB,2026-04-23,00:30:00,00:45:00,> 960,0,,
input_xlsx.xlsx,"ATR 1. Point Township Dr, south of Ridge Rd",Point Township Dr,EB,2026-04-23,00:45:00,01:00:00,0 to 72,0,,
input_xlsx.xlsx,"ATR 1. Point Township Dr, south of Ridge Rd",Point Township Dr,EB,2026-04-23,00:45:00,01:00:00,>72 to 120,0,,
input_xlsx.xlsx,"ATR 1. Point Township Dr, south of Ridge Rd",Point Township Dr,EB,2026-04-23,00:45:00,01:00:00,>120 to 180,3,,
input_xlsx.xlsx,"ATR 1. Point Township Dr, south of Ridge Rd",Point Township Dr,EB,2026-04-23,00:45:00,01:00:00,>180 to 240,1,,
input_xlsx.xlsx,"ATR 1. Point Township Dr, south of Ridge Rd",Point Township Dr,EB,2026-04-23,00:45:00,01:00:00,>240 to 300,0,,
input_xlsx.xlsx,"ATR 1. Point Township Dr, south of Ridge Rd",Point Township Dr,EB,2026-04-23,00:45:00,01:00:00,>300 to 360,1,,
input_xlsx.xlsx,"ATR 1. Point Township Dr, south of Ridge Rd",Point Township Dr,EB,2026-04-23,00:45:00,01:00:00,>360 to 480,0,,
input_xlsx.xlsx,"ATR 1. Point Township Dr, south of Ridge Rd",Point Township Dr,EB,2026-04-23,00:45:00,01:00:00,>480 to 600,1,,
input_xlsx.xlsx,"ATR 1. Point Township Dr, south of Ridge Rd",Point Township Dr,EB,2026-04-23,00:45:00,01:00:00,>600 to 720,0,,
input_xlsx.xlsx,"ATR 1. Point Township Dr, south of Ridge Rd",Point Township Dr,EB,2026-04-23,00:45:00,01:00:00,>720 to 840,1,,
input_xlsx.xlsx,"ATR 1. Point Township Dr, south of Ridge Rd",Point Township Dr,EB,2026-04-23,00:45:00,01:00:00,>840 to 960,0,,
input_xlsx.xlsx,"ATR 1. Point Township Dr, south of Ridge Rd",Point Township Dr,EB,2026-04-23,00:45:00,01:00:00,> 960,0,,
input_xlsx.xlsx,"ATR 1. Point Township Dr, south of Ridge Rd",Point Township Dr,EB,2026-04-23,01:00:00,01:15:00,0 to 72,0,,
input_xlsx.xlsx,"ATR 1. Point Township Dr, south of Ridge Rd",Point Township Dr,EB,2026-04-23,01:00:00,01:15:00,>72 to 120,0,,
input_xlsx.xlsx,"ATR 1. Point Township Dr, south of Ridge Rd",Point Township Dr,EB,2026-04-23,01:00:00,01:15:00,>120 to 180,2,,
input_xlsx.xlsx,"ATR 1. Point Township Dr, south of Ridge Rd",Point Township Dr,EB,2026-04-23,01:00:00,01:15:00,>180 to 240,1,,
input_xlsx.xlsx,"ATR 1. Point Township Dr, south of Ridge Rd",Point Township Dr,EB,2026-04-23,01:00:00,01:15:00,>240 to 300,0,,
input_xlsx.xlsx,"ATR 1. Point Township Dr, south of Ridge Rd",Point Township Dr,EB,2026-04-23,01:00:00,01:15:00,>300 to 360,0,,
input_xlsx.xlsx,"ATR 1. Point Township Dr, south of Ridge Rd",Point Township Dr,EB,2026-04-23,01:00:00,01:15:00,>360 to 480,0,,
input_xlsx.xlsx,"ATR 1. Point Township Dr, south of Ridge Rd",Point Township Dr,EB,2026-04-23,01:00:00,01:15:00,>480 to 600,0,,
input_xlsx.xlsx,"ATR 1. Point Township Dr, south of Ridge Rd",Point Township Dr,EB,2026-04-23,01:00:00,01:15:00,>600 to 720,0,,
input_xlsx.xlsx,"ATR 1. Point Township Dr, south of Ridge Rd",Point Township Dr,EB,2026-04-23,01:00:00,01:15:00,>720 to 840,3,,
input_xlsx.xlsx,"ATR 1. Point Township Dr, south of Ridge Rd",Point Township Dr,EB,2026-04-23,01:00:00,01:15:00,>840 to 960,0,,
input_xlsx.xlsx,"ATR 1. Point Township Dr, south of Ridge Rd",Point Township Dr,EB,2026-04-23,01:00:00,01:15:00,> 960,0,,
input_xlsx.xlsx,"ATR 1. Point Township Dr, south of Ridge Rd",Point Township Dr,EB,2026-04-23,01:15:00,01:30:00,0 to 72,0,,
input_xlsx.xlsx,"ATR 1. Point Township Dr, south of Ridge Rd",Point Township Dr,EB,2026-04-23,01:15:00,01:30:00,>72 to 120,0,,
input_xlsx.xlsx,"ATR 1. Point Township Dr, south of Ridge Rd",Point Township Dr,EB,2026-04-23,01:15:00,01:30:00,>120 to 180,3,,
input_xlsx.xlsx,"ATR 1. Point Township Dr, south of Ridge Rd",Point Township Dr,EB,2026-04-23,01:15:00,01:30:00,>180 to 240,3,,
input_xlsx.xlsx,"ATR 1. Point Township Dr, south of Ridge Rd",Point Township Dr,EB,2026-04-23,01:15:00,01:30:00,>240 to 300,0,,
input_xlsx.xlsx,"ATR 1. Point Township Dr, south of Ridge Rd",Point Township Dr,EB,2026-04-23,01:15:00,01:30:00,>300 to 360,0,,
input_xlsx.xlsx,"ATR 1. Point Township Dr, south of Ridge Rd",Point Township Dr,EB,2026-04-23,01:15:00,01:30:00,>360 to 480,1,,
input_xlsx.xlsx,"ATR 1. Point Township Dr, south of Ridge Rd",Point Township Dr,EB,2026-04-23,01:15:00,01:30:00,>480 to 600,0,,
input_xlsx.xlsx,"ATR 1. Point Township Dr, south of Ridge Rd",Point Township Dr,EB,2026-04-23,01:15:00,01:30:00,>600 to 720,0,,
input_xlsx.xlsx,"ATR 1. Point Township Dr, south of Ridge Rd",Point Township Dr,EB,2026-04-23,01:15:00,01:30:00,>720 to 840,0,,
input_xlsx.xlsx,"ATR 1. Point Township Dr, south of Ridge Rd",Point Township Dr,EB,2026-04-23,01:15:00,01:30:00,>840 to 960,0,,
input_xlsx.xlsx,"ATR 1. Point Township Dr, south of Ridge Rd",Point Township Dr,EB,2026-04-23,01:15:00,01:30:00,> 960,0,,
input_xlsx.xlsx,"ATR 1. Point Township Dr, south of Ridge Rd",Point Township Dr,EB,2026-04-23,01:30:00,01:45:00,0 to 72,1,,
input_xlsx.xlsx,"ATR 1. Point Township Dr, south of Ridge Rd",Point Township Dr,EB,2026-04-23,01:30:00,01:45:00,>72 to 120,0,,
input_xlsx.xlsx,"ATR 1. Point Township Dr, south of Ridge Rd",Point Township Dr,EB,2026-04-23,01:30:00,01:45:00,>120 to 180,0,,
input_xlsx.xlsx,"ATR 1. Point Township Dr, south of Ridge Rd",Point Township Dr,EB,2026-04-23,01:30:00,01:45:00,>180 to 240,2,,
input_xlsx.xlsx,"ATR 1. Point Township Dr, south of Ridge Rd",Point Township Dr,EB,2026-04-23,01:30:00,01:45:00,>240 to 300,0,,
input_xlsx.xlsx,"ATR 1. Point Township Dr, south of Ridge Rd",Point Township Dr,EB,2026-04-23,01:30:00,01:45:00,>300 to 360,0,,
input_xlsx.xlsx,"ATR 1. Point Township Dr, south of Ridge Rd",Point Township Dr,EB,2026-04-23,01:30:00,01:45:00,>360 to 480,0,,
input_xlsx.xlsx,"ATR 1. Point Township Dr, south of Ridge Rd",Point Township Dr,EB,2026-04-23,01:30:00,01:45:00,>480 to 600,0,,
input_xlsx.xlsx,"ATR 1. Point Township Dr, south of Ridge Rd",Point Township Dr,EB,2026-04-23,01:30:00,01:45:00,>600 to 720,0,,
input_xlsx.xlsx,"ATR 1. Point Township Dr, south of Ridge Rd",Point Township Dr,EB,2026-04-23,01:30:00,01:45:00,>720 to 840,2,,
input_xlsx.xlsx,"ATR 1. Point Township Dr, south of Ridge Rd",Point Township Dr,EB,2026-04-23,01:30:00,01:45:00,>840 to 960,0,,
input_xlsx.xlsx,"ATR 1. Point Township Dr, south of Ridge Rd",Point Township Dr,EB,2026-04-23,01:30:00,01:45:00,> 960,0,,
input_xlsx.xlsx,"ATR 1. Point Township Dr, south of Ridge Rd",Point Township Dr,EB,2026-04-23,01:45:00,02:00:00,0 to 72,0,,
input_xlsx.xlsx,"ATR 1. Point Township Dr, south of Ridge Rd",Point Township Dr,EB,2026-04-23,01:45:00,02:00:00,>72 to 120,0,,
input_xlsx.xlsx,"ATR 1. Point Township Dr, south of Ridge Rd",Point Township Dr,EB,2026-04-23,01:45:00,02:00:00,>120 to 180,3,,
input_xlsx.xlsx,"ATR 1. Point Township Dr, south of Ridge Rd",Point Township Dr,EB,2026-04-23,01:45:00,02:00:00,>180 to 240,0,,
input_xlsx.xlsx,"ATR 1. Point Township Dr, south of Ridge Rd",Point Township Dr,EB,2026-04-23,01:45:00,02:00:00,>240 to 300,1,,
input_xlsx.xlsx,"ATR 1. Point Township Dr, south of Ridge Rd",Point Township Dr,EB,2026-04-23,01:45:00,02:00:00,>300 to 360,2,,
input_xlsx.xlsx,"ATR 1. Point Township Dr, south of Ridge Rd",Point Township Dr,EB,2026-04-23,01:45:00,02:00:00,>360 to 480,0,,
input_xlsx.xlsx,"ATR 1. Point Township Dr, south of Ridge Rd",Point Township Dr,EB,2026-04-23,01:45:00,02:00:00,>480 to 600,0,,
input_xlsx.xlsx,"ATR 1. Point Township Dr, south of Ridge Rd",Point Township Dr,EB,2026-04-23,01:45:00,02:00:00,>600 to 720,0,,
input_xlsx.xlsx,"ATR 1. Point Township Dr, south of Ridge Rd",Point Township Dr,EB,2026-04-23,01:45:00,02:00:00,>720 to 840,1,,
input_xlsx.xlsx,"ATR 1. Point Township Dr, south of Ridge Rd",Point Township Dr,EB,2026-04-23,01:45:00,02:00:00,>840 to 960,0,,
input_xlsx.xlsx,"ATR 1. Point Township Dr, south of Ridge Rd",Point Township Dr,EB,2026-04-23,01:45:00,02:00:00,> 960,0,,
input_xlsx.xlsx,"ATR 1. Point Township Dr, south of Ridge Rd",Point Township Dr,EB,2026-04-23,02:00:00,02:15:00,0 to 72,0,,
input_xlsx.xlsx,"ATR 1. Point Township Dr, south of Ridge Rd",Point Township Dr,EB,2026-04-23,02:00:00,02:15:00,>72 to 120,0,,
input_xlsx.xlsx,"ATR 1. Point Township Dr, south of Ridge Rd",Point Township Dr,EB,2026-04-23,02:00:00,02:15:00,>120 to 180,1,,
input_xlsx.xlsx,"ATR 1. Point Township Dr, south of Ridge Rd",Point Township Dr,EB,2026-04-23,02:00:00,02:15:00,>180 to 240,1,,
input_xlsx.xlsx,"ATR 1. Point Township Dr, south of Ridge Rd",Point Township Dr,EB,2026-04-23,02:00:00,02:15:00,>240 to 300,0,,
input_xlsx.xlsx,"ATR 1. Point Township Dr, south of Ridge Rd",Point Township Dr,EB,2026-04-23,02:00:00,02:15:00,>300 to 360,0,,
input_xlsx.xlsx,"ATR 1. Point Township Dr, south of Ridge Rd",Point Township Dr,EB,2026-04-23,02:00:00,02:15:00,>360 to 480,1,,
input_xlsx.xlsx,"ATR 1. Point Township Dr, south of Ridge Rd",Point Township Dr,EB,2026-04-23,02:00:00,02:15:00,>480 to 600,0,,
input_xlsx.xlsx,"ATR 1. Point Township Dr, south of Ridge Rd",Point Township Dr,EB,2026-04-23,02:00:00,02:15:00,>600 to 720,0,,
input_xlsx.xlsx,"ATR 1. Point Township Dr, south of Ridge Rd",Point Township Dr,EB,2026-04-23,02:00:00,02:15:00,>720 to 840,1,,
input_xlsx.xlsx,"ATR 1. Point Township Dr, south of Ridge Rd",Point Township Dr,EB,2026-04-23,02:00:00,02:15:00,>840 to 960,1,,
input_xlsx.xlsx,"ATR 1. Point Township Dr, south of Ridge Rd",Point Township Dr,EB,2026-04-23,02:00:00,02:15:00,> 960,0,,
input_xlsx.xlsx,"ATR 1. Point Township Dr, south of Ridge Rd",Point Township Dr,EB,2026-04-23,02:15:00,02:30:00,0 to 72,0,,
input_xlsx.xlsx,"ATR 1. Point Township Dr, south of Ridge Rd",Point Township Dr,EB,2026-04-23,02:15:00,02:30:00,>72 to 120,0,,
input_xlsx.xlsx,"ATR 1. Point Township Dr, south of Ridge Rd",Point Township Dr,EB,2026-04-23,02:15:00,02:30:00,>120 to 180,2,,
input_xlsx.xlsx,"ATR 1. Point Township Dr, south of Ridge Rd",Point Township Dr,EB,2026-04-23,02:15:00,02:30:00,>180 to 240,1,,
input_xlsx.xlsx,"ATR 1. Point Township Dr, south of Ridge Rd",Point Township Dr,EB,2026-04-23,02:15:00,02:30:00,>240 to 300,0,,
input_xlsx.xlsx,"ATR 1. Point Township Dr, south of Ridge Rd",Point Township Dr,EB,2026-04-23,02:15:00,02:30:00,>300 to 360,0,,
input_xlsx.xlsx,"ATR 1. Point Township Dr, south of Ridge Rd",Point Township Dr,EB,2026-04-23,02:15:00,02:30:00,>360 to 480,0,,
input_xlsx.xlsx,"ATR 1. Point Township Dr, south of Ridge Rd",Point Township Dr,EB,2026-04-23,02:15:00,02:30:00,>480 to 600,0,,
input_xlsx.xlsx,"ATR 1. Point Township Dr, south of Ridge Rd",Point Township Dr,EB,2026-04-23,02:15:00,02:30:00,>600 to 720,1,,
input_xlsx.xlsx,"ATR 1. Point Township Dr, south of Ridge Rd",Point Township Dr,EB,2026-04-23,02:15:00,02:30:00,>720 to 840,1,,
input_xlsx.xlsx,"ATR 1. Point Township Dr, south of Ridge Rd",Point Township Dr,EB,2026-04-23,02:15:00,02:30:00,>840 to 960,0,,
input_xlsx.xlsx,"ATR 1. Point Township Dr, south of Ridge Rd",Point Township Dr,EB,2026-04-23,02:15:00,02:30:00,> 960,0,,
input_xlsx.xlsx,"ATR 1. Point Township Dr, south of Ridge Rd",Point Township Dr,EB,2026-04-23,02:30:00,02:45:00,0 to 72,0,,
input_xlsx.xlsx,"ATR 1. Point Township Dr, south of Ridge Rd",Point Township Dr,EB,2026-04-23,02:30:00,02:45:00,>72 to 120,0,,
input_xlsx.xlsx,"ATR 1. Point Township Dr, south of Ridge Rd",Point Township Dr,EB,2026-04-23,02:30:00,02:45:00,>120 to 180,3,,
input_xlsx.xlsx,"ATR 1. Point Township Dr, south of Ridge Rd",Point Township Dr,EB,2026-04-23,02:30:00,02:45:00,>180 to 240,1,,
input_xlsx.xlsx,"ATR 1. Point Township Dr, south of Ridge Rd",Point Township Dr,EB,2026-04-23,02:30:00,02:45:00,>240 to 300,1,,
input_xlsx.xlsx,"ATR 1. Point Township Dr, south of Ridge Rd",Point Township Dr,EB,2026-04-23,02:30:00,02:45:00,>300 to 360,1,,
input_xlsx.xlsx,"ATR 1. Point Township Dr, south of Ridge Rd",Point Township Dr,EB,2026-04-23,02:30:00,02:45:00,>360 to 480,0,,
input_xlsx.xlsx,"ATR 1. Point Township Dr, south of Ridge Rd",Point Township Dr,EB,2026-04-23,02:30:00,02:45:00,>480 to 600,0,,
input_xlsx.xlsx,"ATR 1. Point Township Dr, south of Ridge Rd",Point Township Dr,EB,2026-04-23,02:30:00,02:45:00,>600 to 720,0,,
input_xlsx.xlsx,"ATR 1. Point Township Dr, south of Ridge Rd",Point Township Dr,EB,2026-04-23,02:30:00,02:45:00,>720 to 840,0,,
input_xlsx.xlsx,"ATR 1. Point Township Dr, south of Ridge Rd",Point Township Dr,EB,2026-04-23,02:30:00,02:45:00,>840 to 960,0,,
input_xlsx.xlsx,"ATR 1. Point Township Dr, south of Ridge Rd",Point Township Dr,EB,2026-04-23,02:30:00,02:45:00,> 960,0,,
input_xlsx.xlsx,"ATR 1. Point Township Dr, south of Ridge Rd",Point Township Dr,EB,2026-04-23,02:45:00,03:00:00,0 to 72,0,,
input_xlsx.xlsx,"ATR 1. Point Township Dr, south of Ridge Rd",Point Township Dr,EB,2026-04-23,02:45:00,03:00:00,>72 to 120,0,,
input_xlsx.xlsx,"ATR 1. Point Township Dr, south of Ridge Rd",Point Township Dr,EB,2026-04-23,02:45:00,03:00:00,>120 to 180,2,,
input_xlsx.xlsx,"ATR 1. Point Township Dr, south of Ridge Rd",Point Township Dr,EB,2026-04-23,02:45:00,03:00:00,>180 to 240,0,,
input_xlsx.xlsx,"ATR 1. Point Township Dr, south of Ridge Rd",Point Township Dr,EB,2026-04-23,02:45:00,03:00:00,>240 to 300,0,,
input_xlsx.xlsx,"ATR 1. Point Township Dr, south of Ridge Rd",Point Township Dr,EB,2026-04-23,02:45:00,03:00:00,>300 to 360,0,,
input_xlsx.xlsx,"ATR 1. Point Township Dr, south of Ridge Rd",Point Township Dr,EB,2026-04-23,02:45:00,03:00:00,>360 to 480,0,,
input_xlsx.xlsx,"ATR 1. Point Township Dr, south of Ridge Rd",Point Township Dr,EB,2026-04-23,02:45:00,03:00:00,>480 to 600,0,,
input_xlsx.xlsx,"ATR 1. Point Township Dr, south of Ridge Rd",Point Township Dr,EB,2026-04-23,02:45:00,03:00:00,>600 to 720,0,,
input_xlsx.xlsx,"ATR 1. Point Township Dr, south of Ridge Rd",Point Township Dr,EB,2026-04-23,02:45:00,03:00:00,>720 to 840,0,,
input_xlsx.xlsx,"ATR 1. Point Township Dr, south of Ridge Rd",Point Township Dr,EB,2026-04-23,02:45:00,03:00:00,>840 to 960,2,,
input_xlsx.xlsx,"ATR 1. Point Township Dr, south of Ridge Rd",Point Township Dr,EB,2026-04-23,02:45:00,03:00:00,> 960,0,,
input_xlsx.xlsx,"ATR 1. Point Township Dr, south of Ridge Rd",Point Township Dr,EB,2026-04-23,03:00:00,03:15:00,0 to 72,0,,
input_xlsx.xlsx,"ATR 1. Point Township Dr, south of Ridge Rd",Point Township Dr,EB,2026-04-23,03:00:00,03:15:00,>72 to 120,0,,
input_xlsx.xlsx,"ATR 1. Point Township Dr, south of Ridge Rd",Point Township Dr,EB,2026-04-23,03:00:00,03:15:00,>120 to 180,6,,
input_xlsx.xlsx,"ATR 1. Point Township Dr, south of Ridge Rd",Point Township Dr,EB,2026-04-23,03:00:00,03:15:00,>180 to 240,0,,
input_xlsx.xlsx,"ATR 1. Point Township Dr, south of Ridge Rd",Point Township Dr,EB,2026-04-23,03:00:00,03:15:00,>240 to 300,3,,
input_xlsx.xlsx,"ATR 1. Point Township Dr, south of Ridge Rd",Point Township Dr,EB,2026-04-23,03:00:00,03:15:00,>300 to 360,0,,
input_xlsx.xlsx,"ATR 1. Point Township Dr, south of Ridge Rd",Point Township Dr,EB,2026-04-23,03:00:00,03:15:00,>360 to 480,0,,
input_xlsx.xlsx,"ATR 1. Point Township Dr, south of Ridge Rd",Point Township Dr,EB,2026-04-23,03:00:00,03:15:00,>480 to 600,0,,
input_xlsx.xlsx,"ATR 1. Point Township Dr, south of Ridge Rd",Point Township Dr,EB,2026-04-23,03:00:00,03:15:00,>600 to 720,0,,
input_xlsx.xlsx,"ATR 1. Point Township Dr, south of Ridge Rd",Point Township Dr,EB,2026-04-23,03:00:00,03:15:00,>720 to 840,1,,
input_xlsx.xlsx,"ATR 1. Point Township Dr, south of Ridge Rd",Point Township Dr,EB,2026-04-23,03:00:00,03:15:00,>840 to 960,1,,
input_xlsx.xlsx,"ATR 1. Point Township Dr, south of Ridge Rd",Point Township Dr,EB,2026-04-23,03:00:00,03:15:00,> 960,0,,
input_xlsx.xlsx,"ATR 1. Point Township Dr, south of Ridge Rd",Point Township Dr,EB,2026-04-23,03:15:00,03:30:00,0 to 72,0,,
input_xlsx.xlsx,"ATR 1. Point Township Dr, south of Ridge Rd",Point Township Dr,EB,2026-04-23,03:15:00,03:30:00,>72 to 120,0,,
input_xlsx.xlsx,"ATR 1. Point Township Dr, south of Ridge Rd",Point Township Dr,EB,2026-04-23,03:15:00,03:30:00,>120 to 180,1,,
input_xlsx.xlsx,"ATR 1. Point Township Dr, south of Ridge Rd",Point Township Dr,EB,2026-04-23,03:15:00,03:30:00,>180 to 240,2,,
input_xlsx.xlsx,"ATR 1. Point Township Dr, south of Ridge Rd",Point Township Dr,EB,2026-04-23,03:15:00,03:30:00,>240 to 300,0,,
input_xlsx.xlsx,"ATR 1. Point Township Dr, south of Ridge Rd",Point Township Dr,EB,2026-04-23,03:15:00,03:30:00,>300 to 360,0,,
input_xlsx.xlsx,"ATR 1. Point Township Dr, south of Ridge Rd",Point Township Dr,EB,2026-04-23,03:15:00,03:30:00,>360 to 480,1,,
input_xlsx.xlsx,"ATR 1. Point Township Dr, south of Ridge Rd",Point Township Dr,EB,2026-04-23,03:15:00,03:30:00,>480 to 600,0,,
input_xlsx.xlsx,"ATR 1. Point Township Dr, south of Ridge Rd",Point Township Dr,EB,2026-04-23,03:15:00,03:30:00,>600 to 720,2,,
input_xlsx.xlsx,"ATR 1. Point Township Dr, south of Ridge Rd",Point Township Dr,EB,2026-04-23,03:15:00,03:30:00,>720 to 840,0,,
input_xlsx.xlsx,"ATR 1. Point Township Dr, south of Ridge Rd",Point Township Dr,EB,2026-04-23,03:15:00,03:30:00,>840 to 960,0,,
input_xlsx.xlsx,"ATR 1. Point Township Dr, south of Ridge Rd",Point Township Dr,EB,2026-04-23,03:15:00,03:30:00,> 960,0,,
input_xlsx.xlsx,"ATR 1. Point Township Dr, south of Ridge Rd",Point Township Dr,EB,2026-04-23,03:30:00,03:45:00,0 to 72,0,,
input_xlsx.xlsx,"ATR 1. Point Township Dr, south of Ridge Rd",Point Township Dr,EB,2026-04-23,03:30:00,03:45:00,>72 to 120,0,,
input_xlsx.xlsx,"ATR 1. Point Township Dr, south of Ridge Rd",Point Township Dr,EB,2026-04-23,03:30:00,03:45:00,>120 to 180,1,,
input_xlsx.xlsx,"ATR 1. Point Township Dr, south of Ridge Rd",Point Township Dr,EB,2026-04-23,03:30:00,03:45:00,>180 to 240,2,,
input_xlsx.xlsx,"ATR 1. Point Township Dr, south of Ridge Rd",Point Township Dr,EB,2026-04-23,03:30:00,03:45:00,>240 to 300,1,,
input_xlsx.xlsx,"ATR 1. Point Township Dr, south of Ridge Rd",Point Township Dr,EB,2026-04-23,03:30:00,03:45:00,>300 to 360,1,,
input_xlsx.xlsx,"ATR 1. Point Township Dr, south of Ridge Rd",Point Township Dr,EB,2026-04-23,03:30:00,03:45:00,>360 to 480,0,,
input_xlsx.xlsx,"ATR 1. Point Township Dr, south of Ridge Rd",Point Township Dr,EB,2026-04-23,03:30:00,03:45:00,>480 to 600,1,,
input_xlsx.xlsx,"ATR 1. Point Township Dr, south of Ridge Rd",Point Township Dr,EB,2026-04-23,03:30:00,03:45:00,>600 to 720,0,,
input_xlsx.xlsx,"ATR 1. Point Township Dr, south of Ridge Rd",Point Township Dr,EB,2026-04-23,03:30:00,03:45:00,>720 to 840,0,,
input_xlsx.xlsx,"ATR 1. Point Township Dr, south of Ridge Rd",Point Township Dr,EB,2026-04-23,03:30:00,03:45:00,>840 to 960,1,,
input_xlsx.xlsx,"ATR 1. Point Township Dr, south of Ridge Rd",Point Township Dr,EB,2026-04-23,03:30:00,03:45:00,> 960,0,,
input_xlsx.xlsx,"ATR 1. Point Township Dr, south of Ridge Rd",Point Township Dr,EB,2026-04-23,03:45:00,04:00:00,0 to 72,0,,
input_xlsx.xlsx,"ATR 1. Point Township Dr, south of Ridge Rd",Point Township Dr,EB,2026-04-23,03:45:00,04:00:00,>72 to 120,0,,
input_xlsx.xlsx,"ATR 1. Point Township Dr, south of Ridge Rd",Point Township Dr,EB,2026-04-23,03:45:00,04:00:00,>120 to 180,4,,
input_xlsx.xlsx,"ATR 1. Point Township Dr, south of Ridge Rd",Point Township Dr,EB,2026-04-23,03:45:00,04:00:00,>180 to 240,3,,
input_xlsx.xlsx,"ATR 1. Point Township Dr, south of Ridge Rd",Point Township Dr,EB,2026-04-23,03:45:00,04:00:00,>240 to 300,0,,
input_xlsx.xlsx,"ATR 1. Point Township Dr, south of Ridge Rd",Point Township Dr,EB,2026-04-23,03:45:00,04:00:00,>300 to 360,0,,
input_xlsx.xlsx,"ATR 1. Point Township Dr, south of Ridge Rd",Point Township Dr,EB,2026-04-23,03:45:00,04:00:00,>360 to 480,0,,
input_xlsx.xlsx,"ATR 1. Point Township Dr, south of Ridge Rd",Point Township Dr,EB,2026-04-23,03:45:00,04:00:00,>480 to 600,0,,
input_xlsx.xlsx,"ATR 1. Point Township Dr, south of Ridge Rd",Point Township Dr,EB,2026-04-23,03:45:00,04:00:00,>600 to 720,0,,
input_xlsx.xlsx,"ATR 1. Point Township Dr, south of Ridge Rd",Point Township Dr,EB,2026-04-23,03:45:00,04:00:00,>720 to 840,1,,
input_xlsx.xlsx,"ATR 1. Point Township Dr, south of Ridge Rd",Point Township Dr,EB,2026-04-23,03:45:00,04:00:00,>840 to 960,0,,
input_xlsx.xlsx,"ATR 1. Point Township Dr, south of Ridge Rd",Point Township Dr,EB,2026-04-23,03:45:00,04:00:00,> 960,0,,
input_xlsx.xlsx,"ATR 1. Point Township Dr, south of Ridge Rd",Point Township Dr,EB,2026-04-23,04:00:00,04:15:00,0 to 72,0,,
input_xlsx.xlsx,"ATR 1. Point Township Dr, south of Ridge Rd",Point Township Dr,EB,2026-04-23,04:00:00,04:15:00,>72 to 120,0,,
input_xlsx.xlsx,"ATR 1. Point Township Dr, south of Ridge Rd",Point Township Dr,EB,2026-04-23,04:00:00,04:15:00,>120 to 180,3,,
input_xlsx.xlsx,"ATR 1. Point Township Dr, south of Ridge Rd",Point Township Dr,EB,2026-04-23,04:00:00,04:15:00,>180 to 240,3,,
input_xlsx.xlsx,"ATR 1. Point Township Dr, south of Ridge Rd",Point Township Dr,EB,2026-04-23,04:00:00,04:15:00,>240 to 300,1,,
input_xlsx.xlsx,"ATR 1. Point Township Dr, south of Ridge Rd",Point Township Dr,EB,2026-04-23,04:00:00,04:15:00,>300 to 360,0,,
input_xlsx.xlsx,"ATR 1. Point Township Dr, south of Ridge Rd",Point Township Dr,EB,2026-04-23,04:00:00,04:15:00,>360 to 480,0,,
input_xlsx.xlsx,"ATR 1. Point Township Dr, south of Ridge Rd",Point Township Dr,EB,2026-04-23,04:00:00,04:15:00,>480 to 600,0,,
input_xlsx.xlsx,"ATR 1. Point Township Dr, south of Ridge Rd",Point Township Dr,EB,2026-04-23,04:00:00,04:15:00,>600 to 720,1,,
input_xlsx.xlsx,"ATR 1. Point Township Dr, south of Ridge Rd",Point Township Dr,EB,2026-04-23,04:00:00,04:15:00,>720 to 840,2,,
input_xlsx.xlsx,"ATR 1. Point Township Dr, south of Ridge Rd",Point Township Dr,EB,2026-04-23,04:00:00,04:15:00,>840 to 960,1,,
input_xlsx.xlsx,"ATR 1. Point Township Dr, south of Ridge Rd",Point Township Dr,EB,2026-04-23,04:00:00,04:15:00,> 960,0,,
input_xlsx.xlsx,"ATR 1. Point Township Dr, south of Ridge Rd",Point Township Dr,EB,2026-04-23,04:15:00,04:30:00,0 to 72,0,,
input_xlsx.xlsx,"ATR 1. Point Township Dr, south of Ridge Rd",Point Township Dr,EB,2026-04-23,04:15:00,04:30:00,>72 to 120,0,,
input_xlsx.xlsx,"ATR 1. Point Township Dr, south of Ridge Rd",Point Township Dr,EB,2026-04-23,04:15:00,04:30:00,>120 to 180,6,,
input_xlsx.xlsx,"ATR 1. Point Township Dr, south of Ridge Rd",Point Township Dr,EB,2026-04-23,04:15:00,04:30:00,>180 to 240,4,,
input_xlsx.xlsx,"ATR 1. Point Township Dr, south of Ridge Rd",Point Township Dr,EB,2026-04-23,04:15:00,04:30:00,>240 to 300,0,,
input_xlsx.xlsx,"ATR 1. Point Township Dr, south of Ridge Rd",Point Township Dr,EB,2026-04-23,04:15:00,04:30:00,>300 to 360,0,,
input_xlsx.xlsx,"ATR 1. Point Township Dr, south of Ridge Rd",Point Township Dr,EB,2026-04-23,04:15:00,04:30:00,>360 to 480,0,,
input_xlsx.xlsx,"ATR 1. Point Township Dr, south of Ridge Rd",Point Township Dr,EB,2026-04-23,04:15:00,04:30:00,>480 to 600,0,,
input_xlsx.xlsx,"ATR 1. Point Township Dr, south of Ridge Rd",Point Township Dr,EB,2026-04-23,04:15:00,04:30:00,>600 to 720,0,,
input_xlsx.xlsx,"ATR 1. Point Township Dr, south of Ridge Rd",Point Township Dr,EB,2026-04-23,04:15:00,04:30:00,>720 to 840,2,,
input_xlsx.xlsx,"ATR 1. Point Township Dr, south of Ridge Rd",Point Township Dr,EB,2026-04-23,04:15:00,04:30:00,>840 to 960,0,,
input_xlsx.xlsx,"ATR 1. Point Township Dr, south of Ridge Rd",Point Township Dr,EB,2026-04-23,04:15:00,04:30:00,> 960,0,,
input_xlsx.xlsx,"ATR 1. Point Township Dr, south of Ridge Rd",Point Township Dr,EB,2026-04-23,04:30:00,04:45:00,0 to 72,0,,
input_xlsx.xlsx,"ATR 1. Point Township Dr, south of Ridge Rd",Point Township Dr,EB,2026-04-23,04:30:00,04:45:00,>72 to 120,0,,
input_xlsx.xlsx,"ATR 1. Point Township Dr, south of Ridge Rd",Point Township Dr,EB,2026-04-23,04:30:00,04:45:00,>120 to 180,9,,
input_xlsx.xlsx,"ATR 1. Point Township Dr, south of Ridge Rd",Point Township Dr,EB,2026-04-23,04:30:00,04:45:00,>180 to 240,2,,
input_xlsx.xlsx,"ATR 1. Point Township Dr, south of Ridge Rd",Point Township Dr,EB,2026-04-23,04:30:00,04:45:00,>240 to 300,3,,
input_xlsx.xlsx,"ATR 1. Point Township Dr, south of Ridge Rd",Point Township Dr,EB,2026-04-23,04:30:00,04:45:00,>300 to 360,0,,
input_xlsx.xlsx,"ATR 1. Point Township Dr, south of Ridge Rd",Point Township Dr,EB,2026-04-23,04:30:00,04:45:00,>360 to 480,2,,
input_xlsx.xlsx,"ATR 1. Point Township Dr, south of Ridge Rd",Point Township Dr,EB,2026-04-23,04:30:00,04:45:00,>480 to 600,0,,
input_xlsx.xlsx,"ATR 1. Point Township Dr, south of Ridge Rd",Point Township Dr,EB,2026-04-23,04:30:00,04:45:00,>600 to 720,0,,
input_xlsx.xlsx,"ATR 1. Point Township Dr, south of Ridge Rd",Point Township Dr,EB,2026-04-23,04:30:00,04:45:00,>720 to 840,2,,
input_xlsx.xlsx,"ATR 1. Point Township Dr, south of Ridge Rd",Point Township Dr,EB,2026-04-23,04:30:00,04:45:00,>840 to 960,1,,
input_xlsx.xlsx,"ATR 1. Point Township Dr, south of Ridge Rd",Point Township Dr,EB,2026-04-23,04:30:00,04:45:00,> 960,0,,
input_xlsx.xlsx,"ATR 1. Point Township Dr, south of Ridge Rd",Point Township Dr,EB,2026-04-23,04:45:00,05:00:00,0 to 72,0,,
input_xlsx.xlsx,"ATR 1. Point Township Dr, south of Ridge Rd",Point Township Dr,EB,2026-04-23,04:45:00,05:00:00,>72 to 120,0,,
input_xlsx.xlsx,"ATR 1. Point Township Dr, south of Ridge Rd",Point Township Dr,EB,2026-04-23,04:45:00,05:00:00,>120 to 180,9,,
input_xlsx.xlsx,"ATR 1. Point Township Dr, south of Ridge Rd",Point Township Dr,EB,2026-04-23,04:45:00,05:00:00,>180 to 240,11,,
input_xlsx.xlsx,"ATR 1. Point Township Dr, south of Ridge Rd",Point Township Dr,EB,2026-04-23,04:45:00,05:00:00,>240 to 300,3,,
input_xlsx.xlsx,"ATR 1. Point Township Dr, south of Ridge Rd",Point Township Dr,EB,2026-04-23,04:45:00,05:00:00,>300 to 360,0,,
input_xlsx.xlsx,"ATR 1. Point Township Dr, south of Ridge Rd",Point Township Dr,EB,2026-04-23,04:45:00,05:00:00,>360 to 480,1,,
input_xlsx.xlsx,"ATR 1. Point Township Dr, south of Ridge Rd",Point Township Dr,EB,2026-04-23,04:45:00,05:00:00,>480 to 600,0,,
input_xlsx.xlsx,"ATR 1. Point Township Dr, south of Ridge Rd",Point Township Dr,EB,2026-04-23,04:45:00,05:00:00,>600 to 720,0,,
input_xlsx.xlsx,"ATR 1. Point Township Dr, south of Ridge Rd",Point Township Dr,EB,2026-04-23,04:45:00,05:00:00,>720 to 840,3,,
input_xlsx.xlsx,"ATR 1. Point Township Dr, south of Ridge Rd",Point Township Dr,EB,2026-04-23,04:45:00,05:00:00,>840 to 960,0,,
input_xlsx.xlsx,"ATR 1. Point Township Dr, south of Ridge Rd",Point Township Dr,EB,2026-04-23,04:45:00,05:00:00,> 960,2,,
input_xlsx.xlsx,"ATR 1. Point Township Dr, south of Ridge Rd",Point Township Dr,EB,2026-04-23,05:00:00,05:15:00,0 to 72,0,,
input_xlsx.xlsx,"ATR 1. Point Township Dr, south of Ridge Rd",Point Township Dr,EB,2026-04-23,05:00:00,05:15:00,>72 to 120,1,,
input_xlsx.xlsx,"ATR 1. Point Township Dr, south of Ridge Rd",Point Township Dr,EB,2026-04-23,05:00:00,05:15:00,>120 to 180,14,,
input_xlsx.xlsx,"ATR 1. Point Township Dr, south of Ridge Rd",Point Township Dr,EB,2026-04-23,05:00:00,05:15:00,>180 to 240,10,,
input_xlsx.xlsx,"ATR 1. Point Township Dr, south of Ridge Rd",Point Township Dr,EB,2026-04-23,05:00:00,05:15:00,>240 to 300,1,,
input_xlsx.xlsx,"ATR 1. Point Township Dr, south of Ridge Rd",Point Township Dr,EB,2026-04-23,05:00:00,05:15:00,>300 to 360,2,,
input_xlsx.xlsx,"ATR 1. Point Township Dr, south of Ridge Rd",Point Township Dr,EB,2026-04-23,05:00:00,05:15:00,>360 to 480,1,,
input_xlsx.xlsx,"ATR 1. Point Township Dr, south of Ridge Rd",Point Township Dr,EB,2026-04-23,05:00:00,05:15:00,>480 to 600,0,,
input_xlsx.xlsx,"ATR 1. Point Township Dr, south of Ridge Rd",Point Township Dr,EB,2026-04-23,05:00:00,05:15:00,>600 to 720,0,,
input_xlsx.xlsx,"ATR 1. Point Township Dr, south of Ridge Rd",Point Township Dr,EB,2026-04-23,05:00:00,05:15:00,>720 to 840,1,,
input_xlsx.xlsx,"ATR 1. Point Township Dr, south of Ridge Rd",Point Township Dr,EB,2026-04-23,05:00:00,05:15:00,>840 to 960,0,,
input_xlsx.xlsx,"ATR 1. Point Township Dr, south of Ridge Rd",Point Township Dr,EB,2026-04-23,05:00:00,05:15:00,> 960,0,,
input_xlsx.xlsx,"ATR 1. Point Township Dr, south of Ridge Rd",Point Township Dr,EB,2026-04-23,05:15:00,05:30:00,0 to 72,1,,
input_xlsx.xlsx,"ATR 1. Point Township Dr, south of Ridge Rd",Point Township Dr,EB,2026-04-23,05:15:00,05:30:00,>72 to 120,0,,
input_xlsx.xlsx,"ATR 1. Point Township Dr, south of Ridge Rd",Point Township Dr,EB,2026-04-23,05:15:00,05:30:00,>120 to 180,30,,
input_xlsx.xlsx,"ATR 1. Point Township Dr, south of Ridge Rd",Point Township Dr,EB,2026-04-23,05:15:00,05:30:00,>180 to 240,17,,
input_xlsx.xlsx,"ATR 1. Point Township Dr, south of Ridge Rd",Point Township Dr,EB,2026-04-23,05:15:00,05:30:00,>240 to 300,3,,
input_xlsx.xlsx,"ATR 1. Point Township Dr, south of Ridge Rd",Point Township Dr,EB,2026-04-23,05:15:00,05:30:00,>300 to 360,0,,
input_xlsx.xlsx,"ATR 1. Point Township Dr, south of Ridge Rd",Point Township Dr,EB,2026-04-23,05:15:00,05:30:00,>360 to 480,1,,
input_xlsx.xlsx,"ATR 1. Point Township Dr, south of Ridge Rd",Point Township Dr,EB,2026-04-23,05:15:00,05:30:00,>480 to 600,1,,
input_xlsx.xlsx,"ATR 1. Point Township Dr, south of Ridge Rd",Point Township Dr,EB,2026-04-23,05:15:00,05:30:00,>600 to 720,0,,
input_xlsx.xlsx,"ATR 1. Point Township Dr, south of Ridge Rd",Point Township Dr,EB,2026-04-23,05:15:00,05:30:00,>720 to 840,0,,
input_xlsx.xlsx,"ATR 1. Point Township Dr, south of Ridge Rd",Point Township Dr,EB,2026-04-23,05:15:00,05:30:00,>840 to 960,0,,
input_xlsx.xlsx,"ATR 1. Point Township Dr, south of Ridge Rd",Point Township Dr,EB,2026-04-23,05:15:00,05:30:00,> 960,0,,
input_xlsx.xlsx,"ATR 1. Point Township Dr, south of Ridge Rd",Point Township Dr,EB,2026-04-23,05:30:00,05:45:00,0 to 72,0,,
input_xlsx.xlsx,"ATR 1. Point Township Dr, south of Ridge Rd",Point Township Dr,EB,2026-04-23,05:30:00,05:45:00,>72 to 120,0,,
input_xlsx.xlsx,"ATR 1. Point Township Dr, south of Ridge Rd",Point Township Dr,EB,2026-04-23,05:30:00,05:45:00,>120 to 180,47,,
input_xlsx.xlsx,"ATR 1. Point Township Dr, south of Ridge Rd",Point Township Dr,EB,2026-04-23,05:30:00,05:45:00,>180 to 240,26,,
input_xlsx.xlsx,"ATR 1. Point Township Dr, south of Ridge Rd",Point Township Dr,EB,2026-04-23,05:30:00,05:45:00,>240 to 300,1,,
input_xlsx.xlsx,"ATR 1. Point Township Dr, south of Ridge Rd",Point Township Dr,EB,2026-04-23,05:30:00,05:45:00,>300 to 360,1,,
input_xlsx.xlsx,"ATR 1. Point Township Dr, south of Ridge Rd",Point Township Dr,EB,2026-04-23,05:30:00,05:45:00,>360 to 480,0,,
input_xlsx.xlsx,"ATR 1. Point Township Dr, south of Ridge Rd",Point Township Dr,EB,2026-04-23,05:30:00,05:45:00,>480 to 600,0,,
input_xlsx.xlsx,"ATR 1. Point Township Dr, south of Ridge Rd",Point Township Dr,EB,2026-04-23,05:30:00,05:45:00,>600 to 720,0,,
input_xlsx.xlsx,"ATR 1. Point Township Dr, south of Ridge Rd",Point Township Dr,EB,2026-04-23,05:30:00,05:45:00,>720 to 840,3,,
input_xlsx.xlsx,"ATR 1. Point Township Dr, south of Ridge Rd",Point Township Dr,EB,2026-04-23,05:30:00,05:45:00,>840 to 960,1,,
input_xlsx.xlsx,"ATR 1. Point Township Dr, south of Ridge Rd",Point Township Dr,EB,2026-04-23,05:30:00,05:45:00,> 960,0,,
input_xlsx.xlsx,"ATR 1. Point Township Dr, south of Ridge Rd",Point Township Dr,EB,2026-04-23,05:45:00,06:00:00,0 to 72,0,,
input_xlsx.xlsx,"ATR 1. Point Township Dr, south of Ridge Rd",Point Township Dr,EB,2026-04-23,05:45:00,06:00:00,>72 to 120,1,,
input_xlsx.xlsx,"ATR 1. Point Township Dr, south of Ridge Rd",Point Township Dr,EB,2026-04-23,05:45:00,06:00:00,>120 to 180,38,,
input_xlsx.xlsx,"ATR 1. Point Township Dr, south of Ridge Rd",Point Township Dr,EB,2026-04-23,05:45:00,06:00:00,>180 to 240,17,,
input_xlsx.xlsx,"ATR 1. Point Township Dr, south of Ridge Rd",Point Township Dr,EB,2026-04-23,05:45:00,06:00:00,>240 to 300,0,,
input_xlsx.xlsx,"ATR 1. Point Township Dr, south of Ridge Rd",Point Township Dr,EB,2026-04-23,05:45:00,06:00:00,>300 to 360,1,,
input_xlsx.xlsx,"ATR 1. Point Township Dr, south of Ridge Rd",Point Township Dr,EB,2026-04-23,05:45:00,06:00:00,>360 to 480,2,,
input_xlsx.xlsx,"ATR 1. Point Township Dr, south of Ridge Rd",Point Township Dr,EB,2026-04-23,05:45:00,06:00:00,>480 to 600,1,,
input_xlsx.xlsx,"ATR 1. Point Township Dr, south of Ridge Rd",Point Township Dr,EB,2026-04-23,05:45:00,06:00:00,>600 to 720,0,,
input_xlsx.xlsx,"ATR 1. Point Township Dr, south of Ridge Rd",Point Township Dr,EB,2026-04-23,05:45:00,06:00:00,>720 to 840,1,,
input_xlsx.xlsx,"ATR 1. Point Township Dr, south of Ridge Rd",Point Township Dr,EB,2026-04-23,05:45:00,06:00:00,>840 to 960,1,,
input_xlsx.xlsx,"ATR 1. Point Township Dr, south of Ridge Rd",Point Township Dr,EB,2026-04-23,05:45:00,06:00:00,> 960,0,,
input_xlsx.xlsx,"ATR 1. Point Township Dr, south of Ridge Rd",Point Township Dr,EB,2026-04-23,06:00:00,06:15:00,0 to 72,0,,
input_xlsx.xlsx,"ATR 1. Point Township Dr, south of Ridge Rd",Point Township Dr,EB,2026-04-23,06:00:00,06:15:00,>72 to 120,0,,
input_xlsx.xlsx,"ATR 1. Point Township Dr, south of Ridge Rd",Point Township Dr,EB,2026-04-23,06:00:00,06:15:00,>120 to 180,65,,
input_xlsx.xlsx,"ATR 1. Point Township Dr, south of Ridge Rd",Point Township Dr,EB,2026-04-23,06:00:00,06:15:00,>180 to 240,38,,
input_xlsx.xlsx,"ATR 1. Point Township Dr, south of Ridge Rd",Point Township Dr,EB,2026-04-23,06:00:00,06:15:00,>240 to 300,3,,
input_xlsx.xlsx,"ATR 1. Point Township Dr, south of Ridge Rd",Point Township Dr,EB,2026-04-23,06:00:00,06:15:00,>300 to 360,1,,
input_xlsx.xlsx,"ATR 1. Point Township Dr, south of Ridge Rd",Point Township Dr,EB,2026-04-23,06:00:00,06:15:00,>360 to 480,3,,
input_xlsx.xlsx,"ATR 1. Point Township Dr, south of Ridge Rd",Point Township Dr,EB,2026-04-23,06:00:00,06:15:00,>480 to 600,0,,
input_xlsx.xlsx,"ATR 1. Point Township Dr, south of Ridge Rd",Point Township Dr,EB,2026-04-23,06:00:00,06:15:00,>600 to 720,0,,
input_xlsx.xlsx,"ATR 1. Point Township Dr, south of Ridge Rd",Point Township Dr,EB,2026-04-23,06:00:00,06:15:00,>720 to 840,2,,
input_xlsx.xlsx,"ATR 1. Point Township Dr, south of Ridge Rd",Point Township Dr,EB,2026-04-23,06:00:00,06:15:00,>840 to 960,2,,
input_xlsx.xlsx,"ATR 1. Point Township Dr, south of Ridge Rd",Point Township Dr,EB,2026-04-23,06:00:00,06:15:00,> 960,0,,
input_xlsx.xlsx,"ATR 1. Point Township Dr, south of Ridge Rd",Point Township Dr,EB,2026-04-23,06:15:00,06:30:00,0 to 72,0,,
input_xlsx.xlsx,"ATR 1. Point Township Dr, south of Ridge Rd",Point Township Dr,EB,2026-04-23,06:15:00,06:30:00,>72 to 120,0,,
input_xlsx.xlsx,"ATR 1. Point Township Dr, south of Ridge Rd",Point Township Dr,EB,2026-04-23,06:15:00,06:30:00,>120 to 180,87,,
input_xlsx.xlsx,"ATR 1. Point Township Dr, south of Ridge Rd",Point Township Dr,EB,2026-04-23,06:15:00,06:30:00,>180 to 240,45,,
input_xlsx.xlsx,"ATR 1. Point Township Dr, south of Ridge Rd",Point Township Dr,EB,2026-04-23,06:15:00,06:30:00,>240 to 300,5,,
input_xlsx.xlsx,"ATR 1. Point Township Dr, south of Ridge Rd",Point Township Dr,EB,2026-04-23,06:15:00,06:30:00,>300 to 360,3,,
input_xlsx.xlsx,"ATR 1. Point Township Dr, south of Ridge Rd",Point Township Dr,EB,2026-04-23,06:15:00,06:30:00,>360 to 480,2,,
input_xlsx.xlsx,"ATR 1. Point Township Dr, south of Ridge Rd",Point Township Dr,EB,2026-04-23,06:15:00,06:30:00,>480 to 600,1,,
input_xlsx.xlsx,"ATR 1. Point Township Dr, south of Ridge Rd",Point Township Dr,EB,2026-04-23,06:15:00,06:30:00,>600 to 720,1,,
input_xlsx.xlsx,"ATR 1. Point Township Dr, south of Ridge Rd",Point Township Dr,EB,2026-04-23,06:15:00,06:30:00,>720 to 840,1,,
input_xlsx.xlsx,"ATR 1. Point Township Dr, south of Ridge Rd",Point Township Dr,EB,2026-04-23,06:15:00,06:30:00,>840 to 960,0,,
input_xlsx.xlsx,"ATR 1. Point Township Dr, south of Ridge Rd",Point Township Dr,EB,2026-04-23,06:15:00,06:30:00,> 960,0,,
input_xlsx.xlsx,"ATR 1. Point Township Dr, south of Ridge Rd",Point Township Dr,EB,2026-04-23,06:30:00,06:45:00,0 to 72,0,,
input_xlsx.xlsx,"ATR 1. Point Township Dr, south of Ridge Rd",Point Township Dr,EB,2026-04-23,06:30:00,06:45:00,>72 to 120,0,,
input_xlsx.xlsx,"ATR 1. Point Township Dr, south of Ridge Rd",Point Township Dr,EB,2026-04-23,06:30:00,06:45:00,>120 to 180,75,,
input_xlsx.xlsx,"ATR 1. Point Township Dr, south of Ridge Rd",Point Township Dr,EB,2026-04-23,06:30:00,06:45:00,>180 to 240,35,,
input_xlsx.xlsx,"ATR 1. Point Township Dr, south of Ridge Rd",Point Township Dr,EB,2026-04-23,06:30:00,06:45:00,>240 to 300,2,,
input_xlsx.xlsx,"ATR 1. Point Township Dr, south of Ridge Rd",Point Township Dr,EB,2026-04-23,06:30:00,06:45:00,>300 to 360,1,,
input_xlsx.xlsx,"ATR 1. Point Township Dr, south of Ridge Rd",Point Township Dr,EB,2026-04-23,06:30:00,06:45:00,>360 to 480,5,,
input_xlsx.xlsx,"ATR 1. Point Township Dr, south of Ridge Rd",Point Township Dr,EB,2026-04-23,06:30:00,06:45:00,>480 to 600,2,,
input_xlsx.xlsx,"ATR 1. Point Township Dr, south of Ridge Rd",Point Township Dr,EB,2026-04-23,06:30:00,06:45:00,>600 to 720,0,,
input_xlsx.xlsx,"ATR 1. Point Township Dr, south of Ridge Rd",Point Township Dr,EB,2026-04-23,06:30:00,06:45:00,>720 to 840,1,,
input_xlsx.xlsx,"ATR 1. Point Township Dr, south of Ridge Rd",Point Township Dr,EB,2026-04-23,06:30:00,06:45:00,>840 to 960,1,,
input_xlsx.xlsx,"ATR 1. Point Township Dr, south of Ridge Rd",Point Township Dr,EB,2026-04-23,06:30:00,06:45:00,> 960,0,,
input_xlsx.xlsx,"ATR 1. Point Township Dr, south of Ridge Rd",Point Township Dr,EB,2026-04-23,06:45:00,07:00:00,0 to 72,1,,
input_xlsx.xlsx,"ATR 1. Point Township Dr, south of Ridge Rd",Point Township Dr,EB,2026-04-23,06:45:00,07:00:00,>72 to 120,0,,
input_xlsx.xlsx,"ATR 1. Point Township Dr, south of Ridge Rd",Point Township Dr,EB,2026-04-23,06:45:00,07:00:00,>120 to 180,42,,
input_xlsx.xlsx,"ATR 1. Point Township Dr, south of Ridge Rd",Point Township Dr,EB,2026-04-23,06:45:00,07:00:00,>180 to 240,33,,
input_xlsx.xlsx,"ATR 1. Point Township Dr, south of Ridge Rd",Point Township Dr,EB,2026-04-23,06:45:00,07:00:00,>240 to 300,4,,
input_xlsx.xlsx,"ATR 1. Point Township Dr, south of Ridge Rd",Point Township Dr,EB,2026-04-23,06:45:00,07:00:00,>300 to 360,5,,
input_xlsx.xlsx,"ATR 1. Point Township Dr, south of Ridge Rd",Point Township Dr,EB,2026-04-23,06:45:00,07:00:00,>360 to 480,4,,
input_xlsx.xlsx,"ATR 1. Point Township Dr, south of Ridge Rd",Point Township Dr,EB,2026-04-23,06:45:00,07:00:00,>480 to 600,1,,
input_xlsx.xlsx,"ATR 1. Point Township Dr, south of Ridge Rd",Point Township Dr,EB,2026-04-23,06:45:00,07:00:00,>600 to 720,1,,
input_xlsx.xlsx,"ATR 1. Point Township Dr, south of Ridge Rd",Point Township Dr,EB,2026-04-23,06:45:00,07:00:00,>720 to 840,0,,
input_xlsx.xlsx,"ATR 1. Point Township Dr, south of Ridge Rd",Point Township Dr,EB,2026-04-23,06:45:00,07:00:00,>840 to 960,0,,
input_xlsx.xlsx,"ATR 1. Point Township Dr, south of Ridge Rd",Point Township Dr,EB,2026-04-23,06:45:00,07:00:00,> 960,0,,
input_xlsx.xlsx,"ATR 1. Point Township Dr, south of Ridge Rd",Point Township Dr,EB,2026-04-23,07:00:00,07:15:00,0 to 72,0,,
input_xlsx.xlsx,"ATR 1. Point Township Dr, south of Ridge Rd",Point Township Dr,EB,2026-04-23,07:00:00,07:15:00,>72 to 120,1,,
input_xlsx.xlsx,"ATR 1. Point Township Dr, south of Ridge Rd",Point Township Dr,EB,2026-04-23,07:00:00,07:15:00,>120 to 180,73,,
input_xlsx.xlsx,"ATR 1. Point Township Dr, south of Ridge Rd",Point Township Dr,EB,2026-04-23,07:00:00,07:15:00,>180 to 240,37,,
input_xlsx.xlsx,"ATR 1. Point Township Dr, south of Ridge Rd",Point Township Dr,EB,2026-04-23,07:00:00,07:15:00,>240 to 300,4,,
input_xlsx.xlsx,"ATR 1. Point Township Dr, south of Ridge Rd",Point Township Dr,EB,2026-04-23,07:00:00,07:15:00,>300 to 360,3,,
input_xlsx.xlsx,"ATR 1. Point Township Dr, south of Ridge Rd",Point Township Dr,EB,2026-04-23,07:00:00,07:15:00,>360 to 480,2,,
input_xlsx.xlsx,"ATR 1. Point Township Dr, south of Ridge Rd",Point Township Dr,EB,2026-04-23,07:00:00,07:15:00,>480 to 600,1,,
input_xlsx.xlsx,"ATR 1. Point Township Dr, south of Ridge Rd",Point Township Dr,EB,2026-04-23,07:00:00,07:15:00,>600 to 720,1,,
input_xlsx.xlsx,"ATR 1. Point Township Dr, south of Ridge Rd",Point Township Dr,EB,2026-04-23,07:00:00,07:15:00,>720 to 840,1,,
input_xlsx.xlsx,"ATR 1. Point Township Dr, south of Ridge Rd",Point Township Dr,EB,2026-04-23,07:00:00,07:15:00,>840 to 960,2,,
input_xlsx.xlsx,"ATR 1. Point Township Dr, south of Ridge Rd",Point Township Dr,EB,2026-04-23,07:00:00,07:15:00,> 960,0,,
input_xlsx.xlsx,"ATR 1. Point Township Dr, south of Ridge Rd",Point Township Dr,EB,2026-04-23,07:15:00,07:30:00,0 to 72,0,,
input_xlsx.xlsx,"ATR 1. Point Township Dr, south of Ridge Rd",Point Township Dr,EB,2026-04-23,07:15:00,07:30:00,>72 to 120,0,,
input_xlsx.xlsx,"ATR 1. Point Township Dr, south of Ridge Rd",Point Township Dr,EB,2026-04-23,07:15:00,07:30:00,>120 to 180,81,,
input_xlsx.xlsx,"ATR 1. Point Township Dr, south of Ridge Rd",Point Township Dr,EB,2026-04-23,07:15:00,07:30:00,>180 to 240,33,,
input_xlsx.xlsx,"ATR 1. Point Township Dr, south of Ridge Rd",Point Township Dr,EB,2026-04-23,07:15:00,07:30:00,>240 to 300,5,,
input_xlsx.xlsx,"ATR 1. Point Township Dr, south of Ridge Rd",Point Township Dr,EB,2026-04-23,07:15:00,07:30:00,>300 to 360,2,,
input_xlsx.xlsx,"ATR 1. Point Township Dr, south of Ridge Rd",Point Township Dr,EB,2026-04-23,07:15:00,07:30:00,>360 to 480,0,,
input_xlsx.xlsx,"ATR 1. Point Township Dr, south of Ridge Rd",Point Township Dr,EB,2026-04-23,07:15:00,07:30:00,>480 to 600,2,,
input_xlsx.xlsx,"ATR 1. Point Township Dr, south of Ridge Rd",Point Township Dr,EB,2026-04-23,07:15:00,07:30:00,>600 to 720,0,,
input_xlsx.xlsx,"ATR 1. Point Township Dr, south of Ridge Rd",Point Township Dr,EB,2026-04-23,07:15:00,07:30:00,>720 to 840,1,,
input_xlsx.xlsx,"ATR 1. Point Township Dr, south of Ridge Rd",Point Township Dr,EB,2026-04-23,07:15:00,07:30:00,>840 to 960,0,,
input_xlsx.xlsx,"ATR 1. Point Township Dr, south of Ridge Rd",Point Township Dr,EB,2026-04-23,07:15:00,07:30:00,> 960,0,,
input_xlsx.xlsx,"ATR 1. Point Township Dr, south of Ridge Rd",Point Township Dr,EB,2026-04-23,07:30:00,07:45:00,0 to 72,0,,
input_xlsx.xlsx,"ATR 1. Point Township Dr, south of Ridge Rd",Point Township Dr,EB,2026-04-23,07:30:00,07:45:00,>72 to 120,1,,
input_xlsx.xlsx,"ATR 1. Point Township Dr, south of Ridge Rd",Point Township Dr,EB,2026-04-23,07:30:00,07:45:00,>120 to 180,69,,
input_xlsx.xlsx,"ATR 1. Point Township Dr, south of Ridge Rd",Point Township Dr,EB,2026-04-23,07:30:00,07:45:00,>180 to 240,27,,
input_xlsx.xlsx,"ATR 1. Point Township Dr, south of Ridge Rd",Point Township Dr,EB,2026-04-23,07:30:00,07:45:00,>240 to 300,5,,
input_xlsx.xlsx,"ATR 1. Point Township Dr, south of Ridge Rd",Point Township Dr,EB,2026-04-23,07:30:00,07:45:00,>300 to 360,0,,
input_xlsx.xlsx,"ATR 1. Point Township Dr, south of Ridge Rd",Point Township Dr,EB,2026-04-23,07:30:00,07:45:00,>360 to 480,2,,
input_xlsx.xlsx,"ATR 1. Point Township Dr, south of Ridge Rd",Point Township Dr,EB,2026-04-23,07:30:00,07:45:00,>480 to 600,1,,
input_xlsx.xlsx,"ATR 1. Point Township Dr, south of Ridge Rd",Point Township Dr,EB,2026-04-23,07:30:00,07:45:00,>600 to 720,0,,
input_xlsx.xlsx,"ATR 1. Point Township Dr, south of Ridge Rd",Point Township Dr,EB,2026-04-23,07:30:00,07:45:00,>720 to 840,1,,
input_xlsx.xlsx,"ATR 1. Point Township Dr, south of Ridge Rd",Point Township Dr,EB,2026-04-23,07:30:00,07:45:00,>840 to 960,0,,
input_xlsx.xlsx,"ATR 1. Point Township Dr, south of Ridge Rd",Point Township Dr,EB,2026-04-23,07:30:00,07:45:00,> 960,0,,
input_xlsx.xlsx,"ATR 1. Point Township Dr, south of Ridge Rd",Point Township Dr,EB,2026-04-23,07:45:00,08:00:00,0 to 72,0,,
input_xlsx.xlsx,"ATR 1. Point Township Dr, south of Ridge Rd",Point Township Dr,EB,2026-04-23,07:45:00,08:00:00,>72 to 120,0,,
input_xlsx.xlsx,"ATR 1. Point Township Dr, south of Ridge Rd",Point Township Dr,EB,2026-04-23,07:45:00,08:00:00,>120 to 180,56,,
input_xlsx.xlsx,"ATR 1. Point Township Dr, south of Ridge Rd",Point Township Dr,EB,2026-04-23,07:45:00,08:00:00,>180 to 240,24,,
input_xlsx.xlsx,"ATR 1. Point Township Dr, south of Ridge Rd",Point Township Dr,EB,2026-04-23,07:45:00,08:00:00,>240 to 300,4,,
input_xlsx.xlsx,"ATR 1. Point Township Dr, south of Ridge Rd",Point Township Dr,EB,2026-04-23,07:45:00,08:00:00,>300 to 360,1,,
input_xlsx.xlsx,"ATR 1. Point Township Dr, south of Ridge Rd",Point Township Dr,EB,2026-04-23,07:45:00,08:00:00,>360 to 480,4,,
input_xlsx.xlsx,"ATR 1. Point Township Dr, south of Ridge Rd",Point Township Dr,EB,2026-04-23,07:45:00,08:00:00,>480 to 600,0,,
input_xlsx.xlsx,"ATR 1. Point Township Dr, south of Ridge Rd",Point Township Dr,EB,2026-04-23,07:45:00,08:00:00,>600 to 720,0,,
input_xlsx.xlsx,"ATR 1. Point Township Dr, south of Ridge Rd",Point Township Dr,EB,2026-04-23,07:45:00,08:00:00,>720 to 840,0,,
input_xlsx.xlsx,"ATR 1. Point Township Dr, south of Ridge Rd",Point Township Dr,EB,2026-04-23,07:45:00,08:00:00,>840 to 960,0,,
input_xlsx.xlsx,"ATR 1. Point Township Dr, south of Ridge Rd",Point Township Dr,EB,2026-04-23,07:45:00,08:00:00,> 960,0,,
input_xlsx.xlsx,"ATR 1. Point Township Dr, south of Ridge Rd",Point Township Dr,EB,2026-04-23,08:00:00,08:15:00,0 to 72,0,,
input_xlsx.xlsx,"ATR 1. Point Township Dr, south of Ridge Rd",Point Township Dr,EB,2026-04-23,08:00:00,08:15:00,>72 to 120,0,,
input_xlsx.xlsx,"ATR 1. Point Township Dr, south of Ridge Rd",Point Township Dr,EB,2026-04-23,08:00:00,08:15:00,>120 to 180,51,,
input_xlsx.xlsx,"ATR 1. Point Township Dr, south of Ridge Rd",Point Township Dr,EB,2026-04-23,08:00:00,08:15:00,>180 to 240,29,,
input_xlsx.xlsx,"ATR 1. Point Township Dr, south of Ridge Rd",Point Township Dr,EB,2026-04-23,08:00:00,08:15:00,>240 to 300,1,,
input_xlsx.xlsx,"ATR 1. Point Township Dr, south of Ridge Rd",Point Township Dr,EB,2026-04-23,08:00:00,08:15:00,>300 to 360,2,,
input_xlsx.xlsx,"ATR 1. Point Township Dr, south of Ridge Rd",Point Township Dr,EB,2026-04-23,08:00:00,08:15:00,>360 to 480,4,,
input_xlsx.xlsx,"ATR 1. Point Township Dr, south of Ridge Rd",Point Township Dr,EB,2026-04-23,08:00:00,08:15:00,>480 to 600,1,,
input_xlsx.xlsx,"ATR 1. Point Township Dr, south of Ridge Rd",Point Township Dr,EB,2026-04-23,08:00:00,08:15:00,>600 to 720,2,,
input_xlsx.xlsx,"ATR 1. Point Township Dr, south of Ridge Rd",Point Township Dr,EB,2026-04-23,08:00:00,08:15:00,>720 to 840,3,,
input_xlsx.xlsx,"ATR 1. Point Township Dr, south of Ridge Rd",Point Township Dr,EB,2026-04-23,08:00:00,08:15:00,>840 to 960,1,,
input_xlsx.xlsx,"ATR 1. Point Township Dr, south of Ridge Rd",Point Township Dr,EB,2026-04-23,08:00:00,08:15:00,> 960,0,,
input_xlsx.xlsx,"ATR 1. Point Township Dr, south of Ridge Rd",Point Township Dr,EB,2026-04-23,08:15:00,08:30:00,0 to 72,0,,
input_xlsx.xlsx,"ATR 1. Point Township Dr, south of Ridge Rd",Point Township Dr,EB,2026-04-23,08:15:00,08:30:00,>72 to 120,2,,
input_xlsx.xlsx,"ATR 1. Point Township Dr, south of Ridge Rd",Point Township Dr,EB,2026-04-23,08:15:00,08:30:00,>120 to 180,55,,
input_xlsx.xlsx,"ATR 1. Point Township Dr, south of Ridge Rd",Point Township Dr,EB,2026-04-23,08:15:00,08:30:00,>180 to 240,26,,
input_xlsx.xlsx,"ATR 1. Point Township Dr, south of Ridge Rd",Point Township Dr,EB,2026-04-23,08:15:00,08:30:00,>240 to 300,7,,
input_xlsx.xlsx,"ATR 1. Point Township Dr, south of Ridge Rd",Point Township Dr,EB,2026-04-23,08:15:00,08:30:00,>300 to 360,0,,
input_xlsx.xlsx,"ATR 1. Point Township Dr, south of Ridge Rd",Point Township Dr,EB,2026-04-23,08:15:00,08:30:00,>360 to 480,6,,
input_xlsx.xlsx,"ATR 1. Point Township Dr, south of Ridge Rd",Point Township Dr,EB,2026-04-23,08:15:00,08:30:00,>480 to 600,0,,
input_xlsx.xlsx,"ATR 1. Point Township Dr, south of Ridge Rd",Point Township Dr,EB,2026-04-23,08:15:00,08:30:00,>600 to 720,3,,
input_xlsx.xlsx,"ATR 1. Point Township Dr, south of Ridge Rd",Point Township Dr,EB,2026-04-23,08:15:00,08:30:00,>720 to 840,4,,
input_xlsx.xlsx,"ATR 1. Point Township Dr, south of Ridge Rd",Point Township Dr,EB,2026-04-23,08:15:00,08:30:00,>840 to 960,2,,
input_xlsx.xlsx,"ATR 1. Point Township Dr, south of Ridge Rd",Point Township Dr,EB,2026-04-23,08:15:00,08:30:00,> 960,0,,
input_xlsx.xlsx,"ATR 1. Point Township Dr, south of Ridge Rd",Point Township Dr,EB,2026-04-23,08:30:00,08:45:00,0 to 72,0,,
input_xlsx.xlsx,"ATR 1. Point Township Dr, south of Ridge Rd",Point Township Dr,EB,2026-04-23,08:30:00,08:45:00,>72 to 120,0,,
input_xlsx.xlsx,"ATR 1. Point Township Dr, south of Ridge Rd",Point Township Dr,EB,2026-04-23,08:30:00,08:45:00,>120 to 180,50,,
input_xlsx.xlsx,"ATR 1. Point Township Dr, south of Ridge Rd",Point Township Dr,EB,2026-04-23,08:30:00,08:45:00,>180 to 240,22,,
input_xlsx.xlsx,"ATR 1. Point Township Dr, south of Ridge Rd",Point Township Dr,EB,2026-04-23,08:30:00,08:45:00,>240 to 300,5,,
input_xlsx.xlsx,"ATR 1. Point Township Dr, south of Ridge Rd",Point Township Dr,EB,2026-04-23,08:30:00,08:45:00,>300 to 360,3,,
input_xlsx.xlsx,"ATR 1. Point Township Dr, south of Ridge Rd",Point Township Dr,EB,2026-04-23,08:30:00,08:45:00,>360 to 480,1,,
input_xlsx.xlsx,"ATR 1. Point Township Dr, south of Ridge Rd",Point Township Dr,EB,2026-04-23,08:30:00,08:45:00,>480 to 600,1,,
input_xlsx.xlsx,"ATR 1. Point Township Dr, south of Ridge Rd",Point Township Dr,EB,2026-04-23,08:30:00,08:45:00,>600 to 720,2,,
input_xlsx.xlsx,"ATR 1. Point Township Dr, south of Ridge Rd",Point Township Dr,EB,2026-04-23,08:30:00,08:45:00,>720 to 840,0,,
input_xlsx.xlsx,"ATR 1. Point Township Dr, south of Ridge Rd",Point Township Dr,EB,2026-04-23,08:30:00,08:45:00,>840 to 960,0,,
input_xlsx.xlsx,"ATR 1. Point Township Dr, south of Ridge Rd",Point Township Dr,EB,2026-04-23,08:30:00,08:45:00,> 960,0,,
input_xlsx.xlsx,"ATR 1. Point Township Dr, south of Ridge Rd",Point Township Dr,EB,2026-04-23,08:45:00,09:00:00,0 to 72,0,,
input_xlsx.xlsx,"ATR 1. Point Township Dr, south of Ridge Rd",Point Township Dr,EB,2026-04-23,08:45:00,09:00:00,>72 to 120,0,,
input_xlsx.xlsx,"ATR 1. Point Township Dr, south of Ridge Rd",Point Township Dr,EB,2026-04-23,08:45:00,09:00:00,>120 to 180,49,,
input_xlsx.xlsx,"ATR 1. Point Township Dr, south of Ridge Rd",Point Township Dr,EB,2026-04-23,08:45:00,09:00:00,>180 to 240,30,,
input_xlsx.xlsx,"ATR 1. Point Township Dr, south of Ridge Rd",Point Township Dr,EB,2026-04-23,08:45:00,09:00:00,>240 to 300,5,,
input_xlsx.xlsx,"ATR 1. Point Township Dr, south of Ridge Rd",Point Township Dr,EB,2026-04-23,08:45:00,09:00:00,>300 to 360,0,,
input_xlsx.xlsx,"ATR 1. Point Township Dr, south of Ridge Rd",Point Township Dr,EB,2026-04-23,08:45:00,09:00:00,>360 to 480,3,,
input_xlsx.xlsx,"ATR 1. Point Township Dr, south of Ridge Rd",Point Township Dr,EB,2026-04-23,08:45:00,09:00:00,>480 to 600,1,,
input_xlsx.xlsx,"ATR 1. Point Township Dr, south of Ridge Rd",Point Township Dr,EB,2026-04-23,08:45:00,09:00:00,>600 to 720,2,,
input_xlsx.xlsx,"ATR 1. Point Township Dr, south of Ridge Rd",Point Township Dr,EB,2026-04-23,08:45:00,09:00:00,>720 to 840,2,,
input_xlsx.xlsx,"ATR 1. Point Township Dr, south of Ridge Rd",Point Township Dr,EB,2026-04-23,08:45:00,09:00:00,>840 to 960,0,,
input_xlsx.xlsx,"ATR 1. Point Township Dr, south of Ridge Rd",Point Township Dr,EB,2026-04-23,08:45:00,09:00:00,> 960,0,,
input_xlsx.xlsx,"ATR 1. Point Township Dr, south of Ridge Rd",Point Township Dr,EB,2026-04-23,09:00:00,09:15:00,0 to 72,0,,
input_xlsx.xlsx,"ATR 1. Point Township Dr, south of Ridge Rd",Point Township Dr,EB,2026-04-23,09:00:00,09:15:00,>72 to 120,1,,
input_xlsx.xlsx,"ATR 1. Point Township Dr, south of Ridge Rd",Point Township Dr,EB,2026-04-23,09:00:00,09:15:00,>120 to 180,35,,
input_xlsx.xlsx,"ATR 1. Point Township Dr, south of Ridge Rd",Point Township Dr,EB,2026-04-23,09:00:00,09:15:00,>180 to 240,23,,
input_xlsx.xlsx,"ATR 1. Point Township Dr, south of Ridge Rd",Point Township Dr,EB,2026-04-23,09:00:00,09:15:00,>240 to 300,10,,
input_xlsx.xlsx,"ATR 1. Point Township Dr, south of Ridge Rd",Point Township Dr,EB,2026-04-23,09:00:00,09:15:00,>300 to 360,6,,
input_xlsx.xlsx,"ATR 1. Point Township Dr, south of Ridge Rd",Point Township Dr,EB,2026-04-23,09:00:00,09:15:00,>360 to 480,4,,
input_xlsx.xlsx,"ATR 1. Point Township Dr, south of Ridge Rd",Point Township Dr,EB,2026-04-23,09:00:00,09:15:00,>480 to 600,2,,
input_xlsx.xlsx,"ATR 1. Point Township Dr, south of Ridge Rd",Point Township Dr,EB,2026-04-23,09:00:00,09:15:00,>600 to 720,0,,
input_xlsx.xlsx,"ATR 1. Point Township Dr, south of Ridge Rd",Point Township Dr,EB,2026-04-23,09:00:00,09:15:00,>720 to 840,4,,
input_xlsx.xlsx,"ATR 1. Point Township Dr, south of Ridge Rd",Point Township Dr,EB,2026-04-23,09:00:00,09:15:00,>840 to 960,4,,
input_xlsx.xlsx,"ATR 1. Point Township Dr, south of Ridge Rd",Point Township Dr,EB,2026-04-23,09:00:00,09:15:00,> 960,1,,
input_xlsx.xlsx,"ATR 1. Point Township Dr, south of Ridge Rd",Point Township Dr,EB,2026-04-23,09:15:00,09:30:00,0 to 72,0,,
input_xlsx.xlsx,"ATR 1. Point Township Dr, south of Ridge Rd",Point Township Dr,EB,2026-04-23,09:15:00,09:30:00,>72 to 120,0,,
input_xlsx.xlsx,"ATR 1. Point Township Dr, south of Ridge Rd",Point Township Dr,EB,2026-04-23,09:15:00,09:30:00,>120 to 180,59,,
input_xlsx.xlsx,"ATR 1. Point Township Dr, south of Ridge Rd",Point Township Dr,EB,2026-04-23,09:15:00,09:30:00,>180 to 240,25,,
input_xlsx.xlsx,"ATR 1. Point Township Dr, south of Ridge Rd",Point Township Dr,EB,2026-04-23,09:15:00,09:30:00,>240 to 300,3,,
input_xlsx.xlsx,"ATR 1. Point Township Dr, south of Ridge Rd",Point Township Dr,EB,2026-04-23,09:15:00,09:30:00,>300 to 360,1,,
input_xlsx.xlsx,"ATR 1. Point Township Dr, south of Ridge Rd",Point Township Dr,EB,2026-04-23,09:15:00,09:30:00,>360 to 480,2,,
input_xlsx.xlsx,"ATR 1. Point Township Dr, south of Ridge Rd",Point Township Dr,EB,2026-04-23,09:15:00,09:30:00,>480 to 600,2,,
input_xlsx.xlsx,"ATR 1. Point Township Dr, south of Ridge Rd",Point Township Dr,EB,2026-04-23,09:15:00,09:30:00,>600 to 720,1,,
input_xlsx.xlsx,"ATR 1. Point Township Dr, south of Ridge Rd",Point Township Dr,EB,2026-04-23,09:15:00,09:30:00,>720 to 840,1,,
input_xlsx.xlsx,"ATR 1. Point Township Dr, south of Ridge Rd",Point Township Dr,EB,2026-04-23,09:15:00,09:30:00,>840 to 960,1,,
input_xlsx.xlsx,"ATR 1. Point Township Dr, south of Ridge Rd",Point Township Dr,EB,2026-04-23,09:15:00,09:30:00,> 960,0,,
input_xlsx.xlsx,"ATR 1. Point Township Dr, south of Ridge Rd",Point Township Dr,EB,2026-04-23,09:30:00,09:45:00,0 to 72,0,,
input_xlsx.xlsx,"ATR 1. Point Township Dr, south of Ridge Rd",Point Township Dr,EB,2026-04-23,09:30:00,09:45:00,>72 to 120,0,,
input_xlsx.xlsx,"ATR 1. Point Township Dr, south of Ridge Rd",Point Township Dr,EB,2026-04-23,09:30:00,09:45:00,>120 to 180,47,,
input_xlsx.xlsx,"ATR 1. Point Township Dr, south of Ridge Rd",Point Township Dr,EB,2026-04-23,09:30:00,09:45:00,>180 to 240,22,,
input_xlsx.xlsx,"ATR 1. Point Township Dr, south of Ridge Rd",Point Township Dr,EB,2026-04-23,09:30:00,09:45:00,>240 to 300,5,,
input_xlsx.xlsx,"ATR 1. Point Township Dr, south of Ridge Rd",Point Township Dr,EB,2026-04-23,09:30:00,09:45:00,>300 to 360,1,,
input_xlsx.xlsx,"ATR 1. Point Township Dr, south of Ridge Rd",Point Township Dr,EB,2026-04-23,09:30:00,09:45:00,>360 to 480,3,,
input_xlsx.xlsx,"ATR 1. Point Township Dr, south of Ridge Rd",Point Township Dr,EB,2026-04-23,09:30:00,09:45:00,>480 to 600,2,,
input_xlsx.xlsx,"ATR 1. Point Township Dr, south of Ridge Rd",Point Township Dr,EB,2026-04-23,09:30:00,09:45:00,>600 to 720,0,,
input_xlsx.xlsx,"ATR 1. Point Township Dr, south of Ridge Rd",Point Township Dr,EB,2026-04-23,09:30:00,09:45:00,>720 to 840,3,,
input_xlsx.xlsx,"ATR 1. Point Township Dr, south of Ridge Rd",Point Township Dr,EB,2026-04-23,09:30:00,09:45:00,>840 to 960,0,,
input_xlsx.xlsx,"ATR 1. Point Township Dr, south of Ridge Rd",Point Township Dr,EB,2026-04-23,09:30:00,09:45:00,> 960,0,,
input_xlsx.xlsx,"ATR 1. Point Township Dr, south of Ridge Rd",Point Township Dr,EB,2026-04-23,09:45:00,10:00:00,0 to 72,0,,
input_xlsx.xlsx,"ATR 1. Point Township Dr, south of Ridge Rd",Point Township Dr,EB,2026-04-23,09:45:00,10:00:00,>72 to 120,0,,
input_xlsx.xlsx,"ATR 1. Point Township Dr, south of Ridge Rd",Point Township Dr,EB,2026-04-23,09:45:00,10:00:00,>120 to 180,45,,
input_xlsx.xlsx,"ATR 1. Point Township Dr, south of Ridge Rd",Point Township Dr,EB,2026-04-23,09:45:00,10:00:00,>180 to 240,23,,
input_xlsx.xlsx,"ATR 1. Point Township Dr, south of Ridge Rd",Point Township Dr,EB,2026-04-23,09:45:00,10:00:00,>240 to 300,4,,
input_xlsx.xlsx,"ATR 1. Point Township Dr, south of Ridge Rd",Point Township Dr,EB,2026-04-23,09:45:00,10:00:00,>300 to 360,1,,
input_xlsx.xlsx,"ATR 1. Point Township Dr, south of Ridge Rd",Point Township Dr,EB,2026-04-23,09:45:00,10:00:00,>360 to 480,2,,
input_xlsx.xlsx,"ATR 1. Point Township Dr, south of Ridge Rd",Point Township Dr,EB,2026-04-23,09:45:00,10:00:00,>480 to 600,0,,
input_xlsx.xlsx,"ATR 1. Point Township Dr, south of Ridge Rd",Point Township Dr,EB,2026-04-23,09:45:00,10:00:00,>600 to 720,2,,
input_xlsx.xlsx,"ATR 1. Point Township Dr, south of Ridge Rd",Point Township Dr,EB,2026-04-23,09:45:00,10:00:00,>720 to 840,1,,
input_xlsx.xlsx,"ATR 1. Point Township Dr, south of Ridge Rd",Point Township Dr,EB,2026-04-23,09:45:00,10:00:00,>840 to 960,2,,
input_xlsx.xlsx,"ATR 1. Point Township Dr, south of Ridge Rd",Point Township Dr,EB,2026-04-23,09:45:00,10:00:00,> 960,0,,
input_xlsx.xlsx,"ATR 1. Point Township Dr, south of Ridge Rd",Point Township Dr,EB,2026-04-23,10:00:00,10:15:00,0 to 72,0,,
input_xlsx.xlsx,"ATR 1. Point Township Dr, south of Ridge Rd",Point Township Dr,EB,2026-04-23,10:00:00,10:15:00,>72 to 120,1,,
input_xlsx.xlsx,"ATR 1. Point Township Dr, south of Ridge Rd",Point Township Dr,EB,2026-04-23,10:00:00,10:15:00,>120 to 180,36,,
input_xlsx.xlsx,"ATR 1. Point Township Dr, south of Ridge Rd",Point Township Dr,EB,2026-04-23,10:00:00,10:15:00,>180 to 240,20,,
input_xlsx.xlsx,"ATR 1. Point Township Dr, south of Ridge Rd",Point Township Dr,EB,2026-04-23,10:00:00,10:15:00,>240 to 300,0,,
input_xlsx.xlsx,"ATR 1. Point Township Dr, south of Ridge Rd",Point Township Dr,EB,2026-04-23,10:00:00,10:15:00,>300 to 360,1,,
input_xlsx.xlsx,"ATR 1. Point Township Dr, south of Ridge Rd",Point Township Dr,EB,2026-04-23,10:00:00,10:15:00,>360 to 480,3,,
input_xlsx.xlsx,"ATR 1. Point Township Dr, south of Ridge Rd",Point Township Dr,EB,2026-04-23,10:00:00,10:15:00,>480 to 600,0,,
input_xlsx.xlsx,"ATR 1. Point Township Dr, south of Ridge Rd",Point Township Dr,EB,2026-04-23,10:00:00,10:15:00,>600 to 720,1,,
input_xlsx.xlsx,"ATR 1. Point Township Dr, south of Ridge Rd",Point Township Dr,EB,2026-04-23,10:00:00,10:15:00,>720 to 840,1,,
input_xlsx.xlsx,"ATR 1. Point Township Dr, south of Ridge Rd",Point Township Dr,EB,2026-04-23,10:00:00,10:15:00,>840 to 960,0,,
input_xlsx.xlsx,"ATR 1. Point Township Dr, south of Ridge Rd",Point Township Dr,EB,2026-04-23,10:00:00,10:15:00,> 960,0,,
input_xlsx.xlsx,"ATR 1. Point Township Dr, south of Ridge Rd",Point Township Dr,EB,2026-04-23,10:15:00,10:30:00,0 to 72,1,,
input_xlsx.xlsx,"ATR 1. Point Township Dr, south of Ridge Rd",Point Township Dr,EB,2026-04-23,10:15:00,10:30:00,>72 to 120,0,,
input_xlsx.xlsx,"ATR 1. Point Township Dr, south of Ridge Rd",Point Township Dr,EB,2026-04-23,10:15:00,10:30:00,>120 to 180,54,,
input_xlsx.xlsx,"ATR 1. Point Township Dr, south of Ridge Rd",Point Township Dr,EB,2026-04-23,10:15:00,10:30:00,>180 to 240,21,,
input_xlsx.xlsx,"ATR 1. Point Township Dr, south of Ridge Rd",Point Township Dr,EB,2026-04-23,10:15:00,10:30:00,>240 to 300,6,,
input_xlsx.xlsx,"ATR 1. Point Township Dr, south of Ridge Rd",Point Township Dr,EB,2026-04-23,10:15:00,10:30:00,>300 to 360,1,,
input_xlsx.xlsx,"ATR 1. Point Township Dr, south of Ridge Rd",Point Township Dr,EB,2026-04-23,10:15:00,10:30:00,>360 to 480,3,,
input_xlsx.xlsx,"ATR 1. Point Township Dr, south of Ridge Rd",Point Township Dr,EB,2026-04-23,10:15:00,10:30:00,>480 to 600,1,,
input_xlsx.xlsx,"ATR 1. Point Township Dr, south of Ridge Rd",Point Township Dr,EB,2026-04-23,10:15:00,10:30:00,>600 to 720,1,,
input_xlsx.xlsx,"ATR 1. Point Township Dr, south of Ridge Rd",Point Township Dr,EB,2026-04-23,10:15:00,10:30:00,>720 to 840,1,,
input_xlsx.xlsx,"ATR 1. Point Township Dr, south of Ridge Rd",Point Township Dr,EB,2026-04-23,10:15:00,10:30:00,>840 to 960,0,,
input_xlsx.xlsx,"ATR 1. Point Township Dr, south of Ridge Rd",Point Township Dr,EB,2026-04-23,10:15:00,10:30:00,> 960,0,,
input_xlsx.xlsx,"ATR 1. Point Township Dr, south of Ridge Rd",Point Township Dr,EB,2026-04-23,10:30:00,10:45:00,0 to 72,0,,
input_xlsx.xlsx,"ATR 1. Point Township Dr, south of Ridge Rd",Point Township Dr,EB,2026-04-23,10:30:00,10:45:00,>72 to 120,0,,
input_xlsx.xlsx,"ATR 1. Point Township Dr, south of Ridge Rd",Point Township Dr,EB,2026-04-23,10:30:00,10:45:00,>120 to 180,35,,
input_xlsx.xlsx,"ATR 1. Point Township Dr, south of Ridge Rd",Point Township Dr,EB,2026-04-23,10:30:00,10:45:00,>180 to 240,16,,
input_xlsx.xlsx,"ATR 1. Point Township Dr, south of Ridge Rd",Point Township Dr,EB,2026-04-23,10:30:00,10:45:00,>240 to 300,6,,
input_xlsx.xlsx,"ATR 1. Point Township Dr, south of Ridge Rd",Point Township Dr,EB,2026-04-23,10:30:00,10:45:00,>300 to 360,5,,
input_xlsx.xlsx,"ATR 1. Point Township Dr, south of Ridge Rd",Point Township Dr,EB,2026-04-23,10:30:00,10:45:00,>360 to 480,1,,
input_xlsx.xlsx,"ATR 1. Point Township Dr, south of Ridge Rd",Point Township Dr,EB,2026-04-23,10:30:00,10:45:00,>480 to 600,0,,
input_xlsx.xlsx,"ATR 1. Point Township Dr, south of Ridge Rd",Point Township Dr,EB,2026-04-23,10:30:00,10:45:00,>600 to 720,1,,
input_xlsx.xlsx,"ATR 1. Point Township Dr, south of Ridge Rd",Point Township Dr,EB,2026-04-23,10:30:00,10:45:00,>720 to 840,4,,
input_xlsx.xlsx,"ATR 1. Point Township Dr, south of Ridge Rd",Point Township Dr,EB,2026-04-23,10:30:00,10:45:00,>840 to 960,1,,
input_xlsx.xlsx,"ATR 1. Point Township Dr, south of Ridge Rd",Point Township Dr,EB,2026-04-23,10:30:00,10:45:00,> 960,0,,
input_xlsx.xlsx,"ATR 1. Point Township Dr, south of Ridge Rd",Point Township Dr,EB,2026-04-23,10:45:00,11:00:00,0 to 72,0,,
input_xlsx.xlsx,"ATR 1. Point Township Dr, south of Ridge Rd",Point Township Dr,EB,2026-04-23,10:45:00,11:00:00,>72 to 120,0,,
input_xlsx.xlsx,"ATR 1. Point Township Dr, south of Ridge Rd",Point Township Dr,EB,2026-04-23,10:45:00,11:00:00,>120 to 180,36,,
input_xlsx.xlsx,"ATR 1. Point Township Dr, south of Ridge Rd",Point Township Dr,EB,2026-04-23,10:45:00,11:00:00,>180 to 240,13,,
input_xlsx.xlsx,"ATR 1. Point Township Dr, south of Ridge Rd",Point Township Dr,EB,2026-04-23,10:45:00,11:00:00,>240 to 300,3,,
input_xlsx.xlsx,"ATR 1. Point Township Dr, south of Ridge Rd",Point Township Dr,EB,2026-04-23,10:45:00,11:00:00,>300 to 360,4,,
input_xlsx.xlsx,"ATR 1. Point Township Dr, south of Ridge Rd",Point Township Dr,EB,2026-04-23,10:45:00,11:00:00,>360 to 480,2,,
input_xlsx.xlsx,"ATR 1. Point Township Dr, south of Ridge Rd",Point Township Dr,EB,2026-04-23,10:45:00,11:00:00,>480 to 600,0,,
input_xlsx.xlsx,"ATR 1. Point Township Dr, south of Ridge Rd",Point Township Dr,EB,2026-04-23,10:45:00,11:00:00,>600 to 720,2,,
input_xlsx.xlsx,"ATR 1. Point Township Dr, south of Ridge Rd",Point Township Dr,EB,2026-04-23,10:45:00,11:00:00,>720 to 840,1,,
input_xlsx.xlsx,"ATR 1. Point Township Dr, south of Ridge Rd",Point Township Dr,EB,2026-04-23,10:45:00,11:00:00,>840 to 960,2,,
input_xlsx.xlsx,"ATR 1. Point Township Dr, south of Ridge Rd",Point Township Dr,EB,2026-04-23,10:45:00,11:00:00,> 960,0,,
input_xlsx.xlsx,"ATR 1. Point Township Dr, south of Ridge Rd",Point Township Dr,EB,2026-04-23,11:00:00,11:15:00,0 to 72,0,,
input_xlsx.xlsx,"ATR 1. Point Township Dr, south of Ridge Rd",Point Township Dr,EB,2026-04-23,11:00:00,11:15:00,>72 to 120,0,,
input_xlsx.xlsx,"ATR 1. Point Township Dr, south of Ridge Rd",Point Township Dr,EB,2026-04-23,11:00:00,11:15:00,>120 to 180,36,,
input_xlsx.xlsx,"ATR 1. Point Township Dr, south of Ridge Rd",Point Township Dr,EB,2026-04-23,11:00:00,11:15:00,>180 to 240,31,,
input_xlsx.xlsx,"ATR 1. Point Township Dr, south of Ridge Rd",Point Township Dr,EB,2026-04-23,11:00:00,11:15:00,>240 to 300,1,,
input_xlsx.xlsx,"ATR 1. Point Township Dr, south of Ridge Rd",Point Township Dr,EB,2026-04-23,11:00:00,11:15:00,>300 to 360,2,,
input_xlsx.xlsx,"ATR 1. Point Township Dr, south of Ridge Rd",Point Township Dr,EB,2026-04-23,11:00:00,11:15:00,>360 to 480,3,,
input_xlsx.xlsx,"ATR 1. Point Township Dr, south of Ridge Rd",Point Township Dr,EB,2026-04-23,11:00:00,11:15:00,>480 to 600,0,,
input_xlsx.xlsx,"ATR 1. Point Township Dr, south of Ridge Rd",Point Township Dr,EB,2026-04-23,11:00:00,11:15:00,>600 to 720,1,,
input_xlsx.xlsx,"ATR 1. Point Township Dr, south of Ridge Rd",Point Township Dr,EB,2026-04-23,11:00:00,11:15:00,>720 to 840,2,,
input_xlsx.xlsx,"ATR 1. Point Township Dr, south of Ridge Rd",Point Township Dr,EB,2026-04-23,11:00:00,11:15:00,>840 to 960,0,,
input_xlsx.xlsx,"ATR 1. Point Township Dr, south of Ridge Rd",Point Township Dr,EB,2026-04-23,11:00:00,11:15:00,> 960,0,,
input_xlsx.xlsx,"ATR 1. Point Township Dr, south of Ridge Rd",Point Township Dr,EB,2026-04-23,11:15:00,11:30:00,0 to 72,0,,
input_xlsx.xlsx,"ATR 1. Point Township Dr, south of Ridge Rd",Point Township Dr,EB,2026-04-23,11:15:00,11:30:00,>72 to 120,0,,
input_xlsx.xlsx,"ATR 1. Point Township Dr, south of Ridge Rd",Point Township Dr,EB,2026-04-23,11:15:00,11:30:00,>120 to 180,29,,
input_xlsx.xlsx,"ATR 1. Point Township Dr, south of Ridge Rd",Point Township Dr,EB,2026-04-23,11:15:00,11:30:00,>180 to 240,16,,
input_xlsx.xlsx,"ATR 1. Point Township Dr, south of Ridge Rd",Point Township Dr,EB,2026-04-23,11:15:00,11:30:00,>240 to 300,3,,
input_xlsx.xlsx,"ATR 1. Point Township Dr, south of Ridge Rd",Point Township Dr,EB,2026-04-23,11:15:00,11:30:00,>300 to 360,3,,
input_xlsx.xlsx,"ATR 1. Point Township Dr, south of Ridge Rd",Point Township Dr,EB,2026-04-23,11:15:00,11:30:00,>360 to 480,1,,
input_xlsx.xlsx,"ATR 1. Point Township Dr, south of Ridge Rd",Point Township Dr,EB,2026-04-23,11:15:00,11:30:00,>480 to 600,2,,
input_xlsx.xlsx,"ATR 1. Point Township Dr, south of Ridge Rd",Point Township Dr,EB,2026-04-23,11:15:00,11:30:00,>600 to 720,2,,
input_xlsx.xlsx,"ATR 1. Point Township Dr, south of Ridge Rd",Point Township Dr,EB,2026-04-23,11:15:00,11:30:00,>720 to 840,3,,
input_xlsx.xlsx,"ATR 1. Point Township Dr, south of Ridge Rd",Point Township Dr,EB,2026-04-23,11:15:00,11:30:00,>840 to 960,0,,
input_xlsx.xlsx,"ATR 1. Point Township Dr, south of Ridge Rd",Point Township Dr,EB,2026-04-23,11:15:00,11:30:00,> 960,0,,
input_xlsx.xlsx,"ATR 1. Point Township Dr, south of Ridge Rd",Point Township Dr,EB,2026-04-23,11:30:00,11:45:00,0 to 72,0,,
input_xlsx.xlsx,"ATR 1. Point Township Dr, south of Ridge Rd",Point Township Dr,EB,2026-04-23,11:30:00,11:45:00,>72 to 120,0,,
input_xlsx.xlsx,"ATR 1. Point Township Dr, south of Ridge Rd",Point Township Dr,EB,2026-04-23,11:30:00,11:45:00,>120 to 180,57,,
input_xlsx.xlsx,"ATR 1. Point Township Dr, south of Ridge Rd",Point Township Dr,EB,2026-04-23,11:30:00,11:45:00,>180 to 240,26,,
input_xlsx.xlsx,"ATR 1. Point Township Dr, south of Ridge Rd",Point Township Dr,EB,2026-04-23,11:30:00,11:45:00,>240 to 300,1,,
input_xlsx.xlsx,"ATR 1. Point Township Dr, south of Ridge Rd",Point Township Dr,EB,2026-04-23,11:30:00,11:45:00,>300 to 360,3,,
input_xlsx.xlsx,"ATR 1. Point Township Dr, south of Ridge Rd",Point Township Dr,EB,2026-04-23,11:30:00,11:45:00,>360 to 480,2,,
input_xlsx.xlsx,"ATR 1. Point Township Dr, south of Ridge Rd",Point Township Dr,EB,2026-04-23,11:30:00,11:45:00,>480 to 600,1,,
input_xlsx.xlsx,"ATR 1. Point Township Dr, south of Ridge Rd",Point Township Dr,EB,2026-04-23,11:30:00,11:45:00,>600 to 720,1,,
input_xlsx.xlsx,"ATR 1. Point Township Dr, south of Ridge Rd",Point Township Dr,EB,2026-04-23,11:30:00,11:45:00,>720 to 840,4,,
input_xlsx.xlsx,"ATR 1. Point Township Dr, south of Ridge Rd",Point Township Dr,EB,2026-04-23,11:30:00,11:45:00,>840 to 960,1,,
input_xlsx.xlsx,"ATR 1. Point Township Dr, south of Ridge Rd",Point Township Dr,EB,2026-04-23,11:30:00,11:45:00,> 960,0,,
input_xlsx.xlsx,"ATR 1. Point Township Dr, south of Ridge Rd",Point Township Dr,EB,2026-04-23,11:45:00,12:00:00,0 to 72,0,,
input_xlsx.xlsx,"ATR 1. Point Township Dr, south of Ridge Rd",Point Township Dr,EB,2026-04-23,11:45:00,12:00:00,>72 to 120,0,,
input_xlsx.xlsx,"ATR 1. Point Township Dr, south of Ridge Rd",Point Township Dr,EB,2026-04-23,11:45:00,12:00:00,>120 to 180,48,,
input_xlsx.xlsx,"ATR 1. Point Township Dr, south of Ridge Rd",Point Township Dr,EB,2026-04-23,11:45:00,12:00:00,>180 to 240,35,,
input_xlsx.xlsx,"ATR 1. Point Township Dr, south of Ridge Rd",Point Township Dr,EB,2026-04-23,11:45:00,12:00:00,>240 to 300,5,,
input_xlsx.xlsx,"ATR 1. Point Township Dr, south of Ridge Rd",Point Township Dr,EB,2026-04-23,11:45:00,12:00:00,>300 to 360,1,,
input_xlsx.xlsx,"ATR 1. Point Township Dr, south of Ridge Rd",Point Township Dr,EB,2026-04-23,11:45:00,12:00:00,>360 to 480,4,,
input_xlsx.xlsx,"ATR 1. Point Township Dr, south of Ridge Rd",Point Township Dr,EB,2026-04-23,11:45:00,12:00:00,>480 to 600,0,,
input_xlsx.xlsx,"ATR 1. Point Township Dr, south of Ridge Rd",Point Township Dr,EB,2026-04-23,11:45:00,12:00:00,>600 to 720,2,,
input_xlsx.xlsx,"ATR 1. Point Township Dr, south of Ridge Rd",Point Township Dr,EB,2026-04-23,11:45:00,12:00:00,>720 to 840,2,,
input_xlsx.xlsx,"ATR 1. Point Township Dr, south of Ridge Rd",Point Township Dr,EB,2026-04-23,11:45:00,12:00:00,>840 to 960,0,,
input_xlsx.xlsx,"ATR 1. Point Township Dr, south of Ridge Rd",Point Township Dr,EB,2026-04-23,11:45:00,12:00:00,> 960,0,,
input_xlsx.xlsx,"ATR 1. Point Township Dr, south of Ridge Rd",Point Township Dr,EB,2026-04-23,12:00:00,12:15:00,0 to 72,0,,
input_xlsx.xlsx,"ATR 1. Point Township Dr, south of Ridge Rd",Point Township Dr,EB,2026-04-23,12:00:00,12:15:00,>72 to 120,0,,
input_xlsx.xlsx,"ATR 1. Point Township Dr, south of Ridge Rd",Point Township Dr,EB,2026-04-23,12:00:00,12:15:00,>120 to 180,40,,
input_xlsx.xlsx,"ATR 1. Point Township Dr, south of Ridge Rd",Point Township Dr,EB,2026-04-23,12:00:00,12:15:00,>180 to 240,26,,
input_xlsx.xlsx,"ATR 1. Point Township Dr, south of Ridge Rd",Point Township Dr,EB,2026-04-23,12:00:00,12:15:00,>240 to 300,1,,
input_xlsx.xlsx,"ATR 1. Point Township Dr, south of Ridge Rd",Point Township Dr,EB,2026-04-23,12:00:00,12:15:00,>300 to 360,0,,
input_xlsx.xlsx,"ATR 1. Point Township Dr, south of Ridge Rd",Point Township Dr,EB,2026-04-23,12:00:00,12:15:00,>360 to 480,3,,
input_xlsx.xlsx,"ATR 1. Point Township Dr, south of Ridge Rd",Point Township Dr,EB,2026-04-23,12:00:00,12:15:00,>480 to 600,0,,
input_xlsx.xlsx,"ATR 1. Point Township Dr, south of Ridge Rd",Point Township Dr,EB,2026-04-23,12:00:00,12:15:00,>600 to 720,0,,
input_xlsx.xlsx,"ATR 1. Point Township Dr, south of Ridge Rd",Point Township Dr,EB,2026-04-23,12:00:00,12:15:00,>720 to 840,0,,
input_xlsx.xlsx,"ATR 1. Point Township Dr, south of Ridge Rd",Point Township Dr,EB,2026-04-23,12:00:00,12:15:00,>840 to 960,3,,
input_xlsx.xlsx,"ATR 1. Point Township Dr, south of Ridge Rd",Point Township Dr,EB,2026-04-23,12:00:00,12:15:00,> 960,0,,
input_xlsx.xlsx,"ATR 1. Point Township Dr, south of Ridge Rd",Point Township Dr,EB,2026-04-23,12:15:00,12:30:00,0 to 72,3,,
input_xlsx.xlsx,"ATR 1. Point Township Dr, south of Ridge Rd",Point Township Dr,EB,2026-04-23,12:15:00,12:30:00,>72 to 120,1,,
input_xlsx.xlsx,"ATR 1. Point Township Dr, south of Ridge Rd",Point Township Dr,EB,2026-04-23,12:15:00,12:30:00,>120 to 180,47,,
input_xlsx.xlsx,"ATR 1. Point Township Dr, south of Ridge Rd",Point Township Dr,EB,2026-04-23,12:15:00,12:30:00,>180 to 240,31,,
input_xlsx.xlsx,"ATR 1. Point Township Dr, south of Ridge Rd",Point Township Dr,EB,2026-04-23,12:15:00,12:30:00,>240 to 300,1,,
input_xlsx.xlsx,"ATR 1. Point Township Dr, south of Ridge Rd",Point Township Dr,EB,2026-04-23,12:15:00,12:30:00,>300 to 360,1,,
input_xlsx.xlsx,"ATR 1. Point Township Dr, south of Ridge Rd",Point Township Dr,EB,2026-04-23,12:15:00,12:30:00,>360 to 480,3,,
input_xlsx.xlsx,"ATR 1. Point Township Dr, south of Ridge Rd",Point Township Dr,EB,2026-04-23,12:15:00,12:30:00,>480 to 600,0,,
input_xlsx.xlsx,"ATR 1. Point Township Dr, south of Ridge Rd",Point Township Dr,EB,2026-04-23,12:15:00,12:30:00,>600 to 720,0,,
input_xlsx.xlsx,"ATR 1. Point Township Dr, south of Ridge Rd",Point Township Dr,EB,2026-04-23,12:15:00,12:30:00,>720 to 840,2,,
input_xlsx.xlsx,"ATR 1. Point Township Dr, south of Ridge Rd",Point Township Dr,EB,2026-04-23,12:15:00,12:30:00,>840 to 960,2,,
input_xlsx.xlsx,"ATR 1. Point Township Dr, south of Ridge Rd",Point Township Dr,EB,2026-04-23,12:15:00,12:30:00,> 960,0,,
input_xlsx.xlsx,"ATR 1. Point Township Dr, south of Ridge Rd",Point Township Dr,EB,2026-04-23,12:30:00,12:45:00,0 to 72,0,,
input_xlsx.xlsx,"ATR 1. Point Township Dr, south of Ridge Rd",Point Township Dr,EB,2026-04-23,12:30:00,12:45:00,>72 to 120,2,,
input_xlsx.xlsx,"ATR 1. Point Township Dr, south of Ridge Rd",Point Township Dr,EB,2026-04-23,12:30:00,12:45:00,>120 to 180,52,,
input_xlsx.xlsx,"ATR 1. Point Township Dr, south of Ridge Rd",Point Township Dr,EB,2026-04-23,12:30:00,12:45:00,>180 to 240,23,,
input_xlsx.xlsx,"ATR 1. Point Township Dr, south of Ridge Rd",Point Township Dr,EB,2026-04-23,12:30:00,12:45:00,>240 to 300,5,,
input_xlsx.xlsx,"ATR 1. Point Township Dr, south of Ridge Rd",Point Township Dr,EB,2026-04-23,12:30:00,12:45:00,>300 to 360,2,,
input_xlsx.xlsx,"ATR 1. Point Township Dr, south of Ridge Rd",Point Township Dr,EB,2026-04-23,12:30:00,12:45:00,>360 to 480,5,,
input_xlsx.xlsx,"ATR 1. Point Township Dr, south of Ridge Rd",Point Township Dr,EB,2026-04-23,12:30:00,12:45:00,>480 to 600,1,,
input_xlsx.xlsx,"ATR 1. Point Township Dr, south of Ridge Rd",Point Township Dr,EB,2026-04-23,12:30:00,12:45:00,>600 to 720,0,,
input_xlsx.xlsx,"ATR 1. Point Township Dr, south of Ridge Rd",Point Township Dr,EB,2026-04-23,12:30:00,12:45:00,>720 to 840,3,,
input_xlsx.xlsx,"ATR 1. Point Township Dr, south of Ridge Rd",Point Township Dr,EB,2026-04-23,12:30:00,12:45:00,>840 to 960,1,,
input_xlsx.xlsx,"ATR 1. Point Township Dr, south of Ridge Rd",Point Township Dr,EB,2026-04-23,12:30:00,12:45:00,> 960,0,,
input_xlsx.xlsx,"ATR 1. Point Township Dr, south of Ridge Rd",Point Township Dr,EB,2026-04-23,12:45:00,13:00:00,0 to 72,0,,
input_xlsx.xlsx,"ATR 1. Point Township Dr, south of Ridge Rd",Point Township Dr,EB,2026-04-23,12:45:00,13:00:00,>72 to 120,2,,
input_xlsx.xlsx,"ATR 1. Point Township Dr, south of Ridge Rd",Point Township Dr,EB,2026-04-23,12:45:00,13:00:00,>120 to 180,40,,
input_xlsx.xlsx,"ATR 1. Point Township Dr, south of Ridge Rd",Point Township Dr,EB,2026-04-23,12:45:00,13:00:00,>180 to 240,23,,
input_xlsx.xlsx,"ATR 1. Point Township Dr, south of Ridge Rd",Point Township Dr,EB,2026-04-23,12:45:00,13:00:00,>240 to 300,3,,
input_xlsx.xlsx,"ATR 1. Point Township Dr, south of Ridge Rd",Point Township Dr,EB,2026-04-23,12:45:00,13:00:00,>300 to 360,3,,
input_xlsx.xlsx,"ATR 1. Point Township Dr, south of Ridge Rd",Point Township Dr,EB,2026-04-23,12:45:00,13:00:00,>360 to 480,1,,
input_xlsx.xlsx,"ATR 1. Point Township Dr, south of Ridge Rd",Point Township Dr,EB,2026-04-23,12:45:00,13:00:00,>480 to 600,0,,
input_xlsx.xlsx,"ATR 1. Point Township Dr, south of Ridge Rd",Point Township Dr,EB,2026-04-23,12:45:00,13:00:00,>600 to 720,0,,
input_xlsx.xlsx,"ATR 1. Point Township Dr, south of Ridge Rd",Point Township Dr,EB,2026-04-23,12:45:00,13:00:00,>720 to 840,1,,
input_xlsx.xlsx,"ATR 1. Point Township Dr, south of Ridge Rd",Point Township Dr,EB,2026-04-23,12:45:00,13:00:00,>840 to 960,3,,
input_xlsx.xlsx,"ATR 1. Point Township Dr, south of Ridge Rd",Point Township Dr,EB,2026-04-23,12:45:00,13:00:00,> 960,0,,
input_xlsx.xlsx,"ATR 1. Point Township Dr, south of Ridge Rd",Point Township Dr,EB,2026-04-23,13:00:00,13:15:00,0 to 72,0,,
input_xlsx.xlsx,"ATR 1. Point Township Dr, south of Ridge Rd",Point Township Dr,EB,2026-04-23,13:00:00,13:15:00,>72 to 120,0,,
input_xlsx.xlsx,"ATR 1. Point Township Dr, south of Ridge Rd",Point Township Dr,EB,2026-04-23,13:00:00,13:15:00,>120 to 180,42,,
input_xlsx.xlsx,"ATR 1. Point Township Dr, south of Ridge Rd",Point Township Dr,EB,2026-04-23,13:00:00,13:15:00,>180 to 240,23,,
input_xlsx.xlsx,"ATR 1. Point Township Dr, south of Ridge Rd",Point Township Dr,EB,2026-04-23,13:00:00,13:15:00,>240 to 300,2,,
input_xlsx.xlsx,"ATR 1. Point Township Dr, south of Ridge Rd",Point Township Dr,EB,2026-04-23,13:00:00,13:15:00,>300 to 360,5,,
input_xlsx.xlsx,"ATR 1. Point Township Dr, south of Ridge Rd",Point Township Dr,EB,2026-04-23,13:00:00,13:15:00,>360 to 480,1,,
input_xlsx.xlsx,"ATR 1. Point Township Dr, south of Ridge Rd",Point Township Dr,EB,2026-04-23,13:00:00,13:15:00,>480 to 600,1,,
input_xlsx.xlsx,"ATR 1. Point Township Dr, south of Ridge Rd",Point Township Dr,EB,2026-04-23,13:00:00,13:15:00,>600 to 720,1,,
input_xlsx.xlsx,"ATR 1. Point Township Dr, south of Ridge Rd",Point Township Dr,EB,2026-04-23,13:00:00,13:15:00,>720 to 840,1,,
input_xlsx.xlsx,"ATR 1. Point Township Dr, south of Ridge Rd",Point Township Dr,EB,2026-04-23,13:00:00,13:15:00,>840 to 960,1,,
input_xlsx.xlsx,"ATR 1. Point Township Dr, south of Ridge Rd",Point Township Dr,EB,2026-04-23,13:00:00,13:15:00,> 960,0,,
input_xlsx.xlsx,"ATR 1. Point Township Dr, south of Ridge Rd",Point Township Dr,EB,2026-04-23,13:15:00,13:30:00,0 to 72,1,,
input_xlsx.xlsx,"ATR 1. Point Township Dr, south of Ridge Rd",Point Township Dr,EB,2026-04-23,13:15:00,13:30:00,>72 to 120,1,,
input_xlsx.xlsx,"ATR 1. Point Township Dr, south of Ridge Rd",Point Township Dr,EB,2026-04-23,13:15:00,13:30:00,>120 to 180,46,,
input_xlsx.xlsx,"ATR 1. Point Township Dr, south of Ridge Rd",Point Township Dr,EB,2026-04-23,13:15:00,13:30:00,>180 to 240,36,,
input_xlsx.xlsx,"ATR 1. Point Township Dr, south of Ridge Rd",Point Township Dr,EB,2026-04-23,13:15:00,13:30:00,>240 to 300,4,,
input_xlsx.xlsx,"ATR 1. Point Township Dr, south of Ridge Rd",Point Township Dr,EB,2026-04-23,13:15:00,13:30:00,>300 to 360,3,,
input_xlsx.xlsx,"ATR 1. Point Township Dr, south of Ridge Rd",Point Township Dr,EB,2026-04-23,13:15:00,13:30:00,>360 to 480,1,,
input_xlsx.xlsx,"ATR 1. Point Township Dr, south of Ridge Rd",Point Township Dr,EB,2026-04-23,13:15:00,13:30:00,>480 to 600,1,,
input_xlsx.xlsx,"ATR 1. Point Township Dr, south of Ridge Rd",Point Township Dr,EB,2026-04-23,13:15:00,13:30:00,>600 to 720,1,,
input_xlsx.xlsx,"ATR 1. Point Township Dr, south of Ridge Rd",Point Township Dr,EB,2026-04-23,13:15:00,13:30:00,>720 to 840,0,,
input_xlsx.xlsx,"ATR 1. Point Township Dr, south of Ridge Rd",Point Township Dr,EB,2026-04-23,13:15:00,13:30:00,>840 to 960,0,,
input_xlsx.xlsx,"ATR 1. Point Township Dr, south of Ridge Rd",Point Township Dr,EB,2026-04-23,13:15:00,13:30:00,> 960,0,,
input_xlsx.xlsx,"ATR 1. Point Township Dr, south of Ridge Rd",Point Township Dr,EB,2026-04-23,13:30:00,13:45:00,0 to 72,0,,
input_xlsx.xlsx,"ATR 1. Point Township Dr, south of Ridge Rd",Point Township Dr,EB,2026-04-23,13:30:00,13:45:00,>72 to 120,1,,
input_xlsx.xlsx,"ATR 1. Point Township Dr, south of Ridge Rd",Point Township Dr,EB,2026-04-23,13:30:00,13:45:00,>120 to 180,43,,
input_xlsx.xlsx,"ATR 1. Point Township Dr, south of Ridge Rd",Point Township Dr,EB,2026-04-23,13:30:00,13:45:00,>180 to 240,20,,
input_xlsx.xlsx,"ATR 1. Point Township Dr, south of Ridge Rd",Point Township Dr,EB,2026-04-23,13:30:00,13:45:00,>240 to 300,7,,
input_xlsx.xlsx,"ATR 1. Point Township Dr, south of Ridge Rd",Point Township Dr,EB,2026-04-23,13:30:00,13:45:00,>300 to 360,4,,
input_xlsx.xlsx,"ATR 1. Point Township Dr, south of Ridge Rd",Point Township Dr,EB,2026-04-23,13:30:00,13:45:00,>360 to 480,2,,
input_xlsx.xlsx,"ATR 1. Point Township Dr, south of Ridge Rd",Point Township Dr,EB,2026-04-23,13:30:00,13:45:00,>480 to 600,1,,
input_xlsx.xlsx,"ATR 1. Point Township Dr, south of Ridge Rd",Point Township Dr,EB,2026-04-23,13:30:00,13:45:00,>600 to 720,1,,
input_xlsx.xlsx,"ATR 1. Point Township Dr, south of Ridge Rd",Point Township Dr,EB,2026-04-23,13:30:00,13:45:00,>720 to 840,0,,
input_xlsx.xlsx,"ATR 1. Point Township Dr, south of Ridge Rd",Point Township Dr,EB,2026-04-23,13:30:00,13:45:00,>840 to 960,0,,
input_xlsx.xlsx,"ATR 1. Point Township Dr, south of Ridge Rd",Point Township Dr,EB,2026-04-23,13:30:00,13:45:00,> 960,0,,
input_xlsx.xlsx,"ATR 1. Point Township Dr, south of Ridge Rd",Point Township Dr,EB,2026-04-23,13:45:00,14:00:00,0 to 72,1,,
input_xlsx.xlsx,"ATR 1. Point Township Dr, south of Ridge Rd",Point Township Dr,EB,2026-04-23,13:45:00,14:00:00,>72 to 120,0,,
input_xlsx.xlsx,"ATR 1. Point Township Dr, south of Ridge Rd",Point Township Dr,EB,2026-04-23,13:45:00,14:00:00,>120 to 180,40,,
input_xlsx.xlsx,"ATR 1. Point Township Dr, south of Ridge Rd",Point Township Dr,EB,2026-04-23,13:45:00,14:00:00,>180 to 240,18,,
input_xlsx.xlsx,"ATR 1. Point Township Dr, south of Ridge Rd",Point Township Dr,EB,2026-04-23,13:45:00,14:00:00,>240 to 300,2,,
input_xlsx.xlsx,"ATR 1. Point Township Dr, south of Ridge Rd",Point Township Dr,EB,2026-04-23,13:45:00,14:00:00,>300 to 360,0,,
input_xlsx.xlsx,"ATR 1. Point Township Dr, south of Ridge Rd",Point Township Dr,EB,2026-04-23,13:45:00,14:00:00,>360 to 480,4,,
input_xlsx.xlsx,"ATR 1. Point Township Dr, south of Ridge Rd",Point Township Dr,EB,2026-04-23,13:45:00,14:00:00,>480 to 600,3,,
input_xlsx.xlsx,"ATR 1. Point Township Dr, south of Ridge Rd",Point Township Dr,EB,2026-04-23,13:45:00,14:00:00,>600 to 720,2,,
input_xlsx.xlsx,"ATR 1. Point Township Dr, south of Ridge Rd",Point Township Dr,EB,2026-04-23,13:45:00,14:00:00,>720 to 840,0,,
input_xlsx.xlsx,"ATR 1. Point Township Dr, south of Ridge Rd",Point Township Dr,EB,2026-04-23,13:45:00,14:00:00,>840 to 960,0,,
input_xlsx.xlsx,"ATR 1. Point Township Dr, south of Ridge Rd",Point Township Dr,EB,2026-04-23,13:45:00,14:00:00,> 960,0,,
input_xlsx.xlsx,"ATR 1. Point Township Dr, south of Ridge Rd",Point Township Dr,EB,2026-04-23,14:00:00,14:15:00,0 to 72,0,,
input_xlsx.xlsx,"ATR 1. Point Township Dr, south of Ridge Rd",Point Township Dr,EB,2026-04-23,14:00:00,14:15:00,>72 to 120,0,,
input_xlsx.xlsx,"ATR 1. Point Township Dr, south of Ridge Rd",Point Township Dr,EB,2026-04-23,14:00:00,14:15:00,>120 to 180,48,,
input_xlsx.xlsx,"ATR 1. Point Township Dr, south of Ridge Rd",Point Township Dr,EB,2026-04-23,14:00:00,14:15:00,>180 to 240,21,,
input_xlsx.xlsx,"ATR 1. Point Township Dr, south of Ridge Rd",Point Township Dr,EB,2026-04-23,14:00:00,14:15:00,>240 to 300,2,,
input_xlsx.xlsx,"ATR 1. Point Township Dr, south of Ridge Rd",Point Township Dr,EB,2026-04-23,14:00:00,14:15:00,>300 to 360,0,,
input_xlsx.xlsx,"ATR 1. Point Township Dr, south of Ridge Rd",Point Township Dr,EB,2026-04-23,14:00:00,14:15:00,>360 to 480,1,,
input_xlsx.xlsx,"ATR 1. Point Township Dr, south of Ridge Rd",Point Township Dr,EB,2026-04-23,14:00:00,14:15:00,>480 to 600,0,,
input_xlsx.xlsx,"ATR 1. Point Township Dr, south of Ridge Rd",Point Township Dr,EB,2026-04-23,14:00:00,14:15:00,>600 to 720,0,,
input_xlsx.xlsx,"ATR 1. Point Township Dr, south of Ridge Rd",Point Township Dr,EB,2026-04-23,14:00:00,14:15:00,>720 to 840,1,,
input_xlsx.xlsx,"ATR 1. Point Township Dr, south of Ridge Rd",Point Township Dr,EB,2026-04-23,14:00:00,14:15:00,>840 to 960,0,,
input_xlsx.xlsx,"ATR 1. Point Township Dr, south of Ridge Rd",Point Township Dr,EB,2026-04-23,14:00:00,14:15:00,> 960,0,,
input_xlsx.xlsx,"ATR 1. Point Township Dr, south of Ridge Rd",Point Township Dr,EB,2026-04-23,14:15:00,14:30:00,0 to 72,0,,
input_xlsx.xlsx,"ATR 1. Point Township Dr, south of Ridge Rd",Point Township Dr,EB,2026-04-23,14:15:00,14:30:00,>72 to 120,0,,
input_xlsx.xlsx,"ATR 1. Point Township Dr, south of Ridge Rd",Point Township Dr,EB,2026-04-23,14:15:00,14:30:00,>120 to 180,50,,
input_xlsx.xlsx,"ATR 1. Point Township Dr, south of Ridge Rd",Point Township Dr,EB,2026-04-23,14:15:00,14:30:00,>180 to 240,28,,
input_xlsx.xlsx,"ATR 1. Point Township Dr, south of Ridge Rd",Point Township Dr,EB,2026-04-23,14:15:00,14:30:00,>240 to 300,1,,
input_xlsx.xlsx,"ATR 1. Point Township Dr, south of Ridge Rd",Point Township Dr,EB,2026-04-23,14:15:00,14:30:00,>300 to 360,2,,
input_xlsx.xlsx,"ATR 1. Point Township Dr, south of Ridge Rd",Point Township Dr,EB,2026-04-23,14:15:00,14:30:00,>360 to 480,4,,
input_xlsx.xlsx,"ATR 1. Point Township Dr, south of Ridge Rd",Point Township Dr,EB,2026-04-23,14:15:00,14:30:00,>480 to 600,2,,
input_xlsx.xlsx,"ATR 1. Point Township Dr, south of Ridge Rd",Point Township Dr,EB,2026-04-23,14:15:00,14:30:00,>600 to 720,0,,
input_xlsx.xlsx,"ATR 1. Point Township Dr, south of Ridge Rd",Point Township Dr,EB,2026-04-23,14:15:00,14:30:00,>720 to 840,0,,
input_xlsx.xlsx,"ATR 1. Point Township Dr, south of Ridge Rd",Point Township Dr,EB,2026-04-23,14:15:00,14:30:00,>840 to 960,1,,
input_xlsx.xlsx,"ATR 1. Point Township Dr, south of Ridge Rd",Point Township Dr,EB,2026-04-23,14:15:00,14:30:00,> 960,0,,
input_xlsx.xlsx,"ATR 1. Point Township Dr, south of Ridge Rd",Point Township Dr,EB,2026-04-23,14:30:00,14:45:00,0 to 72,1,,
input_xlsx.xlsx,"ATR 1. Point Township Dr, south of Ridge Rd",Point Township Dr,EB,2026-04-23,14:30:00,14:45:00,>72 to 120,0,,
input_xlsx.xlsx,"ATR 1. Point Township Dr, south of Ridge Rd",Point Township Dr,EB,2026-04-23,14:30:00,14:45:00,>120 to 180,60,,
input_xlsx.xlsx,"ATR 1. Point Township Dr, south of Ridge Rd",Point Township Dr,EB,2026-04-23,14:30:00,14:45:00,>180 to 240,35,,
input_xlsx.xlsx,"ATR 1. Point Township Dr, south of Ridge Rd",Point Township Dr,EB,2026-04-23,14:30:00,14:45:00,>240 to 300,4,,
input_xlsx.xlsx,"ATR 1. Point Township Dr, south of Ridge Rd",Point Township Dr,EB,2026-04-23,14:30:00,14:45:00,>300 to 360,2,,
input_xlsx.xlsx,"ATR 1. Point Township Dr, south of Ridge Rd",Point Township Dr,EB,2026-04-23,14:30:00,14:45:00,>360 to 480,4,,
input_xlsx.xlsx,"ATR 1. Point Township Dr, south of Ridge Rd",Point Township Dr,EB,2026-04-23,14:30:00,14:45:00,>480 to 600,0,,
input_xlsx.xlsx,"ATR 1. Point Township Dr, south of Ridge Rd",Point Township Dr,EB,2026-04-23,14:30:00,14:45:00,>600 to 720,4,,
input_xlsx.xlsx,"ATR 1. Point Township Dr, south of Ridge Rd",Point Township Dr,EB,2026-04-23,14:30:00,14:45:00,>720 to 840,0,,
input_xlsx.xlsx,"ATR 1. Point Township Dr, south of Ridge Rd",Point Township Dr,EB,2026-04-23,14:30:00,14:45:00,>840 to 960,0,,
input_xlsx.xlsx,"ATR 1. Point Township Dr, south of Ridge Rd",Point Township Dr,EB,2026-04-23,14:30:00,14:45:00,> 960,0,,
input_xlsx.xlsx,"ATR 1. Point Township Dr, south of Ridge Rd",Point Township Dr,EB,2026-04-23,14:45:00,15:00:00,0 to 72,0,,
input_xlsx.xlsx,"ATR 1. Point Township Dr, south of Ridge Rd",Point Township Dr,EB,2026-04-23,14:45:00,15:00:00,>72 to 120,0,,
input_xlsx.xlsx,"ATR 1. Point Township Dr, south of Ridge Rd",Point Township Dr,EB,2026-04-23,14:45:00,15:00:00,>120 to 180,61,,
input_xlsx.xlsx,"ATR 1. Point Township Dr, south of Ridge Rd",Point Township Dr,EB,2026-04-23,14:45:00,15:00:00,>180 to 240,29,,
input_xlsx.xlsx,"ATR 1. Point Township Dr, south of Ridge Rd",Point Township Dr,EB,2026-04-23,14:45:00,15:00:00,>240 to 300,2,,
input_xlsx.xlsx,"ATR 1. Point Township Dr, south of Ridge Rd",Point Township Dr,EB,2026-04-23,14:45:00,15:00:00,>300 to 360,0,,
input_xlsx.xlsx,"ATR 1. Point Township Dr, south of Ridge Rd",Point Township Dr,EB,2026-04-23,14:45:00,15:00:00,>360 to 480,5,,
input_xlsx.xlsx,"ATR 1. Point Township Dr, south of Ridge Rd",Point Township Dr,EB,2026-04-23,14:45:00,15:00:00,>480 to 600,0,,
input_xlsx.xlsx,"ATR 1. Point Township Dr, south of Ridge Rd",Point Township Dr,EB,2026-04-23,14:45:00,15:00:00,>600 to 720,0,,
input_xlsx.xlsx,"ATR 1. Point Township Dr, south of Ridge Rd",Point Township Dr,EB,2026-04-23,14:45:00,15:00:00,>720 to 840,0,,
input_xlsx.xlsx,"ATR 1. Point Township Dr, south of Ridge Rd",Point Township Dr,EB,2026-04-23,14:45:00,15:00:00,>840 to 960,0,,
input_xlsx.xlsx,"ATR 1. Point Township Dr, south of Ridge Rd",Point Township Dr,EB,2026-04-23,14:45:00,15:00:00,> 960,0,,
input_xlsx.xlsx,"ATR 1. Point Township Dr, south of Ridge Rd",Point Township Dr,EB,2026-04-23,15:00:00,15:15:00,0 to 72,0,,
input_xlsx.xlsx,"ATR 1. Point Township Dr, south of Ridge Rd",Point Township Dr,EB,2026-04-23,15:00:00,15:15:00,>72 to 120,1,,
input_xlsx.xlsx,"ATR 1. Point Township Dr, south of Ridge Rd",Point Township Dr,EB,2026-04-23,15:00:00,15:15:00,>120 to 180,60,,
input_xlsx.xlsx,"ATR 1. Point Township Dr, south of Ridge Rd",Point Township Dr,EB,2026-04-23,15:00:00,15:15:00,>180 to 240,33,,
input_xlsx.xlsx,"ATR 1. Point Township Dr, south of Ridge Rd",Point Township Dr,EB,2026-04-23,15:00:00,15:15:00,>240 to 300,2,,
input_xlsx.xlsx,"ATR 1. Point Township Dr, south of Ridge Rd",Point Township Dr,EB,2026-04-23,15:00:00,15:15:00,>300 to 360,0,,
input_xlsx.xlsx,"ATR 1. Point Township Dr, south of Ridge Rd",Point Township Dr,EB,2026-04-23,15:00:00,15:15:00,>360 to 480,3,,
input_xlsx.xlsx,"ATR 1. Point Township Dr, south of Ridge Rd",Point Township Dr,EB,2026-04-23,15:00:00,15:15:00,>480 to 600,2,,
input_xlsx.xlsx,"ATR 1. Point Township Dr, south of Ridge Rd",Point Township Dr,EB,2026-04-23,15:00:00,15:15:00,>600 to 720,1,,
input_xlsx.xlsx,"ATR 1. Point Township Dr, south of Ridge Rd",Point Township Dr,EB,2026-04-23,15:00:00,15:15:00,>720 to 840,2,,
input_xlsx.xlsx,"ATR 1. Point Township Dr, south of Ridge Rd",Point Township Dr,EB,2026-04-23,15:00:00,15:15:00,>840 to 960,1,,
input_xlsx.xlsx,"ATR 1. Point Township Dr, south of Ridge Rd",Point Township Dr,EB,2026-04-23,15:00:00,15:15:00,> 960,1,,
input_xlsx.xlsx,"ATR 1. Point Township Dr, south of Ridge Rd",Point Township Dr,EB,2026-04-23,15:15:00,15:30:00,0 to 72,0,,
input_xlsx.xlsx,"ATR 1. Point Township Dr, south of Ridge Rd",Point Township Dr,EB,2026-04-23,15:15:00,15:30:00,>72 to 120,2,,
input_xlsx.xlsx,"ATR 1. Point Township Dr, south of Ridge Rd",Point Township Dr,EB,2026-04-23,15:15:00,15:30:00,>120 to 180,60,,
input_xlsx.xlsx,"ATR 1. Point Township Dr, south of Ridge Rd",Point Township Dr,EB,2026-04-23,15:15:00,15:30:00,>180 to 240,26,,
input_xlsx.xlsx,"ATR 1. Point Township Dr, south of Ridge Rd",Point Township Dr,EB,2026-04-23,15:15:00,15:30:00,>240 to 300,4,,
input_xlsx.xlsx,"ATR 1. Point Township Dr, south of Ridge Rd",Point Township Dr,EB,2026-04-23,15:15:00,15:30:00,>300 to 360,3,,
input_xlsx.xlsx,"ATR 1. Point Township Dr, south of Ridge Rd",Point Township Dr,EB,2026-04-23,15:15:00,15:30:00,>360 to 480,5,,
input_xlsx.xlsx,"ATR 1. Point Township Dr, south of Ridge Rd",Point Township Dr,EB,2026-04-23,15:15:00,15:30:00,>480 to 600,1,,
input_xlsx.xlsx,"ATR 1. Point Township Dr, south of Ridge Rd",Point Township Dr,EB,2026-04-23,15:15:00,15:30:00,>600 to 720,0,,
input_xlsx.xlsx,"ATR 1. Point Township Dr, south of Ridge Rd",Point Township Dr,EB,2026-04-23,15:15:00,15:30:00,>720 to 840,1,,
input_xlsx.xlsx,"ATR 1. Point Township Dr, south of Ridge Rd",Point Township Dr,EB,2026-04-23,15:15:00,15:30:00,>840 to 960,3,,
input_xlsx.xlsx,"ATR 1. Point Township Dr, south of Ridge Rd",Point Township Dr,EB,2026-04-23,15:15:00,15:30:00,> 960,0,,
input_xlsx.xlsx,"ATR 1. Point Township Dr, south of Ridge Rd",Point Township Dr,EB,2026-04-23,15:30:00,15:45:00,0 to 72,0,,
input_xlsx.xlsx,"ATR 1. Point Township Dr, south of Ridge Rd",Point Township Dr,EB,2026-04-23,15:30:00,15:45:00,>72 to 120,1,,
input_xlsx.xlsx,"ATR 1. Point Township Dr, south of Ridge Rd",Point Township Dr,EB,2026-04-23,15:30:00,15:45:00,>120 to 180,61,,
input_xlsx.xlsx,"ATR 1. Point Township Dr, south of Ridge Rd",Point Township Dr,EB,2026-04-23,15:30:00,15:45:00,>180 to 240,37,,
input_xlsx.xlsx,"ATR 1. Point Township Dr, south of Ridge Rd",Point Township Dr,EB,2026-04-23,15:30:00,15:45:00,>240 to 300,3,,
input_xlsx.xlsx,"ATR 1. Point Township Dr, south of Ridge Rd",Point Township Dr,EB,2026-04-23,15:30:00,15:45:00,>300 to 360,3,,
input_xlsx.xlsx,"ATR 1. Point Township Dr, south of Ridge Rd",Point Township Dr,EB,2026-04-23,15:30:00,15:45:00,>360 to 480,3,,
input_xlsx.xlsx,"ATR 1. Point Township Dr, south of Ridge Rd",Point Township Dr,EB,2026-04-23,15:30:00,15:45:00,>480 to 600,0,,
input_xlsx.xlsx,"ATR 1. Point Township Dr, south of Ridge Rd",Point Township Dr,EB,2026-04-23,15:30:00,15:45:00,>600 to 720,1,,
input_xlsx.xlsx,"ATR 1. Point Township Dr, south of Ridge Rd",Point Township Dr,EB,2026-04-23,15:30:00,15:45:00,>720 to 840,1,,
input_xlsx.xlsx,"ATR 1. Point Township Dr, south of Ridge Rd",Point Township Dr,EB,2026-04-23,15:30:00,15:45:00,>840 to 960,3,,
input_xlsx.xlsx,"ATR 1. Point Township Dr, south of Ridge Rd",Point Township Dr,EB,2026-04-23,15:30:00,15:45:00,> 960,0,,
input_xlsx.xlsx,"ATR 1. Point Township Dr, south of Ridge Rd",Point Township Dr,EB,2026-04-23,15:45:00,16:00:00,0 to 72,0,,
input_xlsx.xlsx,"ATR 1. Point Township Dr, south of Ridge Rd",Point Township Dr,EB,2026-04-23,15:45:00,16:00:00,>72 to 120,0,,
input_xlsx.xlsx,"ATR 1. Point Township Dr, south of Ridge Rd",Point Township Dr,EB,2026-04-23,15:45:00,16:00:00,>120 to 180,62,,
input_xlsx.xlsx,"ATR 1. Point Township Dr, south of Ridge Rd",Point Township Dr,EB,2026-04-23,15:45:00,16:00:00,>180 to 240,30,,
input_xlsx.xlsx,"ATR 1. Point Township Dr, south of Ridge Rd",Point Township Dr,EB,2026-04-23,15:45:00,16:00:00,>240 to 300,5,,
input_xlsx.xlsx,"ATR 1. Point Township Dr, south of Ridge Rd",Point Township Dr,EB,2026-04-23,15:45:00,16:00:00,>300 to 360,1,,
input_xlsx.xlsx,"ATR 1. Point Township Dr, south of Ridge Rd",Point Township Dr,EB,2026-04-23,15:45:00,16:00:00,>360 to 480,1,,
input_xlsx.xlsx,"ATR 1. Point Township Dr, south of Ridge Rd",Point Township Dr,EB,2026-04-23,15:45:00,16:00:00,>480 to 600,0,,
input_xlsx.xlsx,"ATR 1. Point Township Dr, south of Ridge Rd",Point Township Dr,EB,2026-04-23,15:45:00,16:00:00,>600 to 720,0,,
input_xlsx.xlsx,"ATR 1. Point Township Dr, south of Ridge Rd",Point Township Dr,EB,2026-04-23,15:45:00,16:00:00,>720 to 840,0,,
input_xlsx.xlsx,"ATR 1. Point Township Dr, south of Ridge Rd",Point Township Dr,EB,2026-04-23,15:45:00,16:00:00,>840 to 960,1,,
input_xlsx.xlsx,"ATR 1. Point Township Dr, south of Ridge Rd",Point Township Dr,EB,2026-04-23,15:45:00,16:00:00,> 960,0,,
input_xlsx.xlsx,"ATR 1. Point Township Dr, south of Ridge Rd",Point Township Dr,EB,2026-04-23,16:00:00,16:15:00,0 to 72,0,,
input_xlsx.xlsx,"ATR 1. Point Township Dr, south of Ridge Rd",Point Township Dr,EB,2026-04-23,16:00:00,16:15:00,>72 to 120,0,,
input_xlsx.xlsx,"ATR 1. Point Township Dr, south of Ridge Rd",Point Township Dr,EB,2026-04-23,16:00:00,16:15:00,>120 to 180,61,,
input_xlsx.xlsx,"ATR 1. Point Township Dr, south of Ridge Rd",Point Township Dr,EB,2026-04-23,16:00:00,16:15:00,>180 to 240,29,,
input_xlsx.xlsx,"ATR 1. Point Township Dr, south of Ridge Rd",Point Township Dr,EB,2026-04-23,16:00:00,16:15:00,>240 to 300,4,,
input_xlsx.xlsx,"ATR 1. Point Township Dr, south of Ridge Rd",Point Township Dr,EB,2026-04-23,16:00:00,16:15:00,>300 to 360,0,,
input_xlsx.xlsx,"ATR 1. Point Township Dr, south of Ridge Rd",Point Township Dr,EB,2026-04-23,16:00:00,16:15:00,>360 to 480,2,,
input_xlsx.xlsx,"ATR 1. Point Township Dr, south of Ridge Rd",Point Township Dr,EB,2026-04-23,16:00:00,16:15:00,>480 to 600,1,,
input_xlsx.xlsx,"ATR 1. Point Township Dr, south of Ridge Rd",Point Township Dr,EB,2026-04-23,16:00:00,16:15:00,>600 to 720,0,,
input_xlsx.xlsx,"ATR 1. Point Township Dr, south of Ridge Rd",Point Township Dr,EB,2026-04-23,16:00:00,16:15:00,>720 to 840,2,,
input_xlsx.xlsx,"ATR 1. Point Township Dr, south of Ridge Rd",Point Township Dr,EB,2026-04-23,16:00:00,16:15:00,>840 to 960,1,,
input_xlsx.xlsx,"ATR 1. Point Township Dr, south of Ridge Rd",Point Township Dr,EB,2026-04-23,16:00:00,16:15:00,> 960,0,,
input_xlsx.xlsx,"ATR 1. Point Township Dr, south of Ridge Rd",Point Township Dr,EB,2026-04-23,16:15:00,16:30:00,0 to 72,1,,
input_xlsx.xlsx,"ATR 1. Point Township Dr, south of Ridge Rd",Point Township Dr,EB,2026-04-23,16:15:00,16:30:00,>72 to 120,0,,
input_xlsx.xlsx,"ATR 1. Point Township Dr, south of Ridge Rd",Point Township Dr,EB,2026-04-23,16:15:00,16:30:00,>120 to 180,71,,
input_xlsx.xlsx,"ATR 1. Point Township Dr, south of Ridge Rd",Point Township Dr,EB,2026-04-23,16:15:00,16:30:00,>180 to 240,38,,
input_xlsx.xlsx,"ATR 1. Point Township Dr, south of Ridge Rd",Point Township Dr,EB,2026-04-23,16:15:00,16:30:00,>240 to 300,2,,
input_xlsx.xlsx,"ATR 1. Point Township Dr, south of Ridge Rd",Point Township Dr,EB,2026-04-23,16:15:00,16:30:00,>300 to 360,2,,
input_xlsx.xlsx,"ATR 1. Point Township Dr, south of Ridge Rd",Point Township Dr,EB,2026-04-23,16:15:00,16:30:00,>360 to 480,0,,
input_xlsx.xlsx,"ATR 1. Point Township Dr, south of Ridge Rd",Point Township Dr,EB,2026-04-23,16:15:00,16:30:00,>480 to 600,0,,
input_xlsx.xlsx,"ATR 1. Point Township Dr, south of Ridge Rd",Point Township Dr,EB,2026-04-23,16:15:00,16:30:00,>600 to 720,1,,
input_xlsx.xlsx,"ATR 1. Point Township Dr, south of Ridge Rd",Point Township Dr,EB,2026-04-23,16:15:00,16:30:00,>720 to 840,1,,
input_xlsx.xlsx,"ATR 1. Point Township Dr, south of Ridge Rd",Point Township Dr,EB,2026-04-23,16:15:00,16:30:00,>840 to 960,1,,
input_xlsx.xlsx,"ATR 1. Point Township Dr, south of Ridge Rd",Point Township Dr,EB,2026-04-23,16:15:00,16:30:00,> 960,0,,
input_xlsx.xlsx,"ATR 1. Point Township Dr, south of Ridge Rd",Point Township Dr,EB,2026-04-23,16:30:00,16:45:00,0 to 72,0,,
input_xlsx.xlsx,"ATR 1. Point Township Dr, south of Ridge Rd",Point Township Dr,EB,2026-04-23,16:30:00,16:45:00,>72 to 120,0,,
input_xlsx.xlsx,"ATR 1. Point Township Dr, south of Ridge Rd",Point Township Dr,EB,2026-04-23,16:30:00,16:45:00,>120 to 180,61,,
input_xlsx.xlsx,"ATR 1. Point Township Dr, south of Ridge Rd",Point Township Dr,EB,2026-04-23,16:30:00,16:45:00,>180 to 240,32,,
input_xlsx.xlsx,"ATR 1. Point Township Dr, south of Ridge Rd",Point Township Dr,EB,2026-04-23,16:30:00,16:45:00,>240 to 300,5,,
input_xlsx.xlsx,"ATR 1. Point Township Dr, south of Ridge Rd",Point Township Dr,EB,2026-04-23,16:30:00,16:45:00,>300 to 360,0,,
input_xlsx.xlsx,"ATR 1. Point Township Dr, south of Ridge Rd",Point Township Dr,EB,2026-04-23,16:30:00,16:45:00,>360 to 480,0,,
input_xlsx.xlsx,"ATR 1. Point Township Dr, south of Ridge Rd",Point Township Dr,EB,2026-04-23,16:30:00,16:45:00,>480 to 600,1,,
input_xlsx.xlsx,"ATR 1. Point Township Dr, south of Ridge Rd",Point Township Dr,EB,2026-04-23,16:30:00,16:45:00,>600 to 720,0,,
input_xlsx.xlsx,"ATR 1. Point Township Dr, south of Ridge Rd",Point Township Dr,EB,2026-04-23,16:30:00,16:45:00,>720 to 840,1,,
input_xlsx.xlsx,"ATR 1. Point Township Dr, south of Ridge Rd",Point Township Dr,EB,2026-04-23,16:30:00,16:45:00,>840 to 960,0,,
input_xlsx.xlsx,"ATR 1. Point Township Dr, south of Ridge Rd",Point Township Dr,EB,2026-04-23,16:30:00,16:45:00,> 960,0,,
input_xlsx.xlsx,"ATR 1. Point Township Dr, south of Ridge Rd",Point Township Dr,EB,2026-04-23,16:45:00,17:00:00,0 to 72,0,,
input_xlsx.xlsx,"ATR 1. Point Township Dr, south of Ridge Rd",Point Township Dr,EB,2026-04-23,16:45:00,17:00:00,>72 to 120,0,,
input_xlsx.xlsx,"ATR 1. Point Township Dr, south of Ridge Rd",Point Township Dr,EB,2026-04-23,16:45:00,17:00:00,>120 to 180,68,,
input_xlsx.xlsx,"ATR 1. Point Township Dr, south of Ridge Rd",Point Township Dr,EB,2026-04-23,16:45:00,17:00:00,>180 to 240,30,,
input_xlsx.xlsx,"ATR 1. Point Township Dr, south of Ridge Rd",Point Township Dr,EB,2026-04-23,16:45:00,17:00:00,>240 to 300,4,,
input_xlsx.xlsx,"ATR 1. Point Township Dr, south of Ridge Rd",Point Township Dr,EB,2026-04-23,16:45:00,17:00:00,>300 to 360,1,,
input_xlsx.xlsx,"ATR 1. Point Township Dr, south of Ridge Rd",Point Township Dr,EB,2026-04-23,16:45:00,17:00:00,>360 to 480,0,,
input_xlsx.xlsx,"ATR 1. Point Township Dr, south of Ridge Rd",Point Township Dr,EB,2026-04-23,16:45:00,17:00:00,>480 to 600,0,,
input_xlsx.xlsx,"ATR 1. Point Township Dr, south of Ridge Rd",Point Township Dr,EB,2026-04-23,16:45:00,17:00:00,>600 to 720,0,,
input_xlsx.xlsx,"ATR 1. Point Township Dr, south of Ridge Rd",Point Township Dr,EB,2026-04-23,16:45:00,17:00:00,>720 to 840,1,,
input_xlsx.xlsx,"ATR 1. Point Township Dr, south of Ridge Rd",Point Township Dr,EB,2026-04-23,16:45:00,17:00:00,>840 to 960,0,,
input_xlsx.xlsx,"ATR 1. Point Township Dr, south of Ridge Rd",Point Township Dr,EB,2026-04-23,16:45:00,17:00:00,> 960,0,,
input_xlsx.xlsx,"ATR 1. Point Township Dr, south of Ridge Rd",Point Township Dr,EB,2026-04-23,17:00:00,17:15:00,0 to 72,0,,
input_xlsx.xlsx,"ATR 1. Point Township Dr, south of Ridge Rd",Point Township Dr,EB,2026-04-23,17:00:00,17:15:00,>72 to 120,1,,
input_xlsx.xlsx,"ATR 1. Point Township Dr, south of Ridge Rd",Point Township Dr,EB,2026-04-23,17:00:00,17:15:00,>120 to 180,69,,
input_xlsx.xlsx,"ATR 1. Point Township Dr, south of Ridge Rd",Point Township Dr,EB,2026-04-23,17:00:00,17:15:00,>180 to 240,32,,
input_xlsx.xlsx,"ATR 1. Point Township Dr, south of Ridge Rd",Point Township Dr,EB,2026-04-23,17:00:00,17:15:00,>240 to 300,6,,
input_xlsx.xlsx,"ATR 1. Point Township Dr, south of Ridge Rd",Point Township Dr,EB,2026-04-23,17:00:00,17:15:00,>300 to 360,1,,
input_xlsx.xlsx,"ATR 1. Point Township Dr, south of Ridge Rd",Point Township Dr,EB,2026-04-23,17:00:00,17:15:00,>360 to 480,1,,
input_xlsx.xlsx,"ATR 1. Point Township Dr, south of Ridge Rd",Point Township Dr,EB,2026-04-23,17:00:00,17:15:00,>480 to 600,0,,
input_xlsx.xlsx,"ATR 1. Point Township Dr, south of Ridge Rd",Point Township Dr,EB,2026-04-23,17:00:00,17:15:00,>600 to 720,1,,
input_xlsx.xlsx,"ATR 1. Point Township Dr, south of Ridge Rd",Point Township Dr,EB,2026-04-23,17:00:00,17:15:00,>720 to 840,2,,
input_xlsx.xlsx,"ATR 1. Point Township Dr, south of Ridge Rd",Point Township Dr,EB,2026-04-23,17:00:00,17:15:00,>840 to 960,0,,
input_xlsx.xlsx,"ATR 1. Point Township Dr, south of Ridge Rd",Point Township Dr,EB,2026-04-23,17:00:00,17:15:00,> 960,0,,
input_xlsx.xlsx,"ATR 1. Point Township Dr, south of Ridge Rd",Point Township Dr,EB,2026-04-23,17:15:00,17:30:00,0 to 72,0,,
input_xlsx.xlsx,"ATR 1. Point Township Dr, south of Ridge Rd",Point Township Dr,EB,2026-04-23,17:15:00,17:30:00,>72 to 120,0,,
input_xlsx.xlsx,"ATR 1. Point Township Dr, south of Ridge Rd",Point Township Dr,EB,2026-04-23,17:15:00,17:30:00,>120 to 180,66,,
input_xlsx.xlsx,"ATR 1. Point Township Dr, south of Ridge Rd",Point Township Dr,EB,2026-04-23,17:15:00,17:30:00,>180 to 240,29,,
input_xlsx.xlsx,"ATR 1. Point Township Dr, south of Ridge Rd",Point Township Dr,EB,2026-04-23,17:15:00,17:30:00,>240 to 300,2,,
input_xlsx.xlsx,"ATR 1. Point Township Dr, south of Ridge Rd",Point Township Dr,EB,2026-04-23,17:15:00,17:30:00,>300 to 360,0,,
input_xlsx.xlsx,"ATR 1. Point Township Dr, south of Ridge Rd",Point Township Dr,EB,2026-04-23,17:15:00,17:30:00,>360 to 480,0,,
input_xlsx.xlsx,"ATR 1. Point Township Dr, south of Ridge Rd",Point Township Dr,EB,2026-04-23,17:15:00,17:30:00,>480 to 600,0,,
input_xlsx.xlsx,"ATR 1. Point Township Dr, south of Ridge Rd",Point Township Dr,EB,2026-04-23,17:15:00,17:30:00,>600 to 720,0,,
input_xlsx.xlsx,"ATR 1. Point Township Dr, south of Ridge Rd",Point Township Dr,EB,2026-04-23,17:15:00,17:30:00,>720 to 840,1,,
input_xlsx.xlsx,"ATR 1. Point Township Dr, south of Ridge Rd",Point Township Dr,EB,2026-04-23,17:15:00,17:30:00,>840 to 960,0,,
input_xlsx.xlsx,"ATR 1. Point Township Dr, south of Ridge Rd",Point Township Dr,EB,2026-04-23,17:15:00,17:30:00,> 960,0,,
input_xlsx.xlsx,"ATR 1. Point Township Dr, south of Ridge Rd",Point Township Dr,EB,2026-04-23,17:30:00,17:45:00,0 to 72,1,,
input_xlsx.xlsx,"ATR 1. Point Township Dr, south of Ridge Rd",Point Township Dr,EB,2026-04-23,17:30:00,17:45:00,>72 to 120,2,,
input_xlsx.xlsx,"ATR 1. Point Township Dr, south of Ridge Rd",Point Township Dr,EB,2026-04-23,17:30:00,17:45:00,>120 to 180,36,,
input_xlsx.xlsx,"ATR 1. Point Township Dr, south of Ridge Rd",Point Township Dr,EB,2026-04-23,17:30:00,17:45:00,>180 to 240,30,,
input_xlsx.xlsx,"ATR 1. Point Township Dr, south of Ridge Rd",Point Township Dr,EB,2026-04-23,17:30:00,17:45:00,>240 to 300,2,,
input_xlsx.xlsx,"ATR 1. Point Township Dr, south of Ridge Rd",Point Township Dr,EB,2026-04-23,17:30:00,17:45:00,>300 to 360,0,,
input_xlsx.xlsx,"ATR 1. Point Township Dr, south of Ridge Rd",Point Township Dr,EB,2026-04-23,17:30:00,17:45:00,>360 to 480,3,,
input_xlsx.xlsx,"ATR 1. Point Township Dr, south of Ridge Rd",Point Township Dr,EB,2026-04-23,17:30:00,17:45:00,>480 to 600,0,,
input_xlsx.xlsx,"ATR 1. Point Township Dr, south of Ridge Rd",Point Township Dr,EB,2026-04-23,17:30:00,17:45:00,>600 to 720,0,,
input_xlsx.xlsx,"ATR 1. Point Township Dr, south of Ridge Rd",Point Township Dr,EB,2026-04-23,17:30:00,17:45:00,>720 to 840,2,,
input_xlsx.xlsx,"ATR 1. Point Township Dr, south of Ridge Rd",Point Township Dr,EB,2026-04-23,17:30:00,17:45:00,>840 to 960,1,,
input_xlsx.xlsx,"ATR 1. Point Township Dr, south of Ridge Rd",Point Township Dr,EB,2026-04-23,17:30:00,17:45:00,> 960,0,,
input_xlsx.xlsx,"ATR 1. Point Township Dr, south of Ridge Rd",Point Township Dr,EB,2026-04-23,17:45:00,18:00:00,0 to 72,1,,
input_xlsx.xlsx,"ATR 1. Point Township Dr, south of Ridge Rd",Point Township Dr,EB,2026-04-23,17:45:00,18:00:00,>72 to 120,0,,
input_xlsx.xlsx,"ATR 1. Point Township Dr, south of Ridge Rd",Point Township Dr,EB,2026-04-23,17:45:00,18:00:00,>120 to 180,45,,
input_xlsx.xlsx,"ATR 1. Point Township Dr, south of Ridge Rd",Point Township Dr,EB,2026-04-23,17:45:00,18:00:00,>180 to 240,24,,
input_xlsx.xlsx,"ATR 1. Point Township Dr, south of Ridge Rd",Point Township Dr,EB,2026-04-23,17:45:00,18:00:00,>240 to 300,1,,
input_xlsx.xlsx,"ATR 1. Point Township Dr, south of Ridge Rd",Point Township Dr,EB,2026-04-23,17:45:00,18:00:00,>300 to 360,0,,
input_xlsx.xlsx,"ATR 1. Point Township Dr, south of Ridge Rd",Point Township Dr,EB,2026-04-23,17:45:00,18:00:00,>360 to 480,1,,
input_xlsx.xlsx,"ATR 1. Point Township Dr, south of Ridge Rd",Point Township Dr,EB,2026-04-23,17:45:00,18:00:00,>480 to 600,0,,
input_xlsx.xlsx,"ATR 1. Point Township Dr, south of Ridge Rd",Point Township Dr,EB,2026-04-23,17:45:00,18:00:00,>600 to 720,0,,
input_xlsx.xlsx,"ATR 1. Point Township Dr, south of Ridge Rd",Point Township Dr,EB,2026-04-23,17:45:00,18:00:00,>720 to 840,0,,
input_xlsx.xlsx,"ATR 1. Point Township Dr, south of Ridge Rd",Point Township Dr,EB,2026-04-23,17:45:00,18:00:00,>840 to 960,0,,
input_xlsx.xlsx,"ATR 1. Point Township Dr, south of Ridge Rd",Point Township Dr,EB,2026-04-23,17:45:00,18:00:00,> 960,0,,
input_xlsx.xlsx,"ATR 1. Point Township Dr, south of Ridge Rd",Point Township Dr,EB,2026-04-23,18:00:00,18:15:00,0 to 72,0,,
input_xlsx.xlsx,"ATR 1. Point Township Dr, south of Ridge Rd",Point Township Dr,EB,2026-04-23,18:00:00,18:15:00,>72 to 120,0,,
input_xlsx.xlsx,"ATR 1. Point Township Dr, south of Ridge Rd",Point Township Dr,EB,2026-04-23,18:00:00,18:15:00,>120 to 180,32,,
input_xlsx.xlsx,"ATR 1. Point Township Dr, south of Ridge Rd",Point Township Dr,EB,2026-04-23,18:00:00,18:15:00,>180 to 240,17,,
input_xlsx.xlsx,"ATR 1. Point Township Dr, south of Ridge Rd",Point Township Dr,EB,2026-04-23,18:00:00,18:15:00,>240 to 300,3,,
input_xlsx.xlsx,"ATR 1. Point Township Dr, south of Ridge Rd",Point Township Dr,EB,2026-04-23,18:00:00,18:15:00,>300 to 360,1,,
input_xlsx.xlsx,"ATR 1. Point Township Dr, south of Ridge Rd",Point Township Dr,EB,2026-04-23,18:00:00,18:15:00,>360 to 480,1,,
input_xlsx.xlsx,"ATR 1. Point Township Dr, south of Ridge Rd",Point Township Dr,EB,2026-04-23,18:00:00,18:15:00,>480 to 600,1,,
input_xlsx.xlsx,"ATR 1. Point Township Dr, south of Ridge Rd",Point Township Dr,EB,2026-04-23,18:00:00,18:15:00,>600 to 720,1,,
input_xlsx.xlsx,"ATR 1. Point Township Dr, south of Ridge Rd",Point Township Dr,EB,2026-04-23,18:00:00,18:15:00,>720 to 840,0,,
input_xlsx.xlsx,"ATR 1. Point Township Dr, south of Ridge Rd",Point Township Dr,EB,2026-04-23,18:00:00,18:15:00,>840 to 960,0,,
input_xlsx.xlsx,"ATR 1. Point Township Dr, south of Ridge Rd",Point Township Dr,EB,2026-04-23,18:00:00,18:15:00,> 960,0,,
input_xlsx.xlsx,"ATR 1. Point Township Dr, south of Ridge Rd",Point Township Dr,EB,2026-04-23,18:15:00,18:30:00,0 to 72,0,,
input_xlsx.xlsx,"ATR 1. Point Township Dr, south of Ridge Rd",Point Township Dr,EB,2026-04-23,18:15:00,18:30:00,>72 to 120,0,,
input_xlsx.xlsx,"ATR 1. Point Township Dr, south of Ridge Rd",Point Township Dr,EB,2026-04-23,18:15:00,18:30:00,>120 to 180,43,,
input_xlsx.xlsx,"ATR 1. Point Township Dr, south of Ridge Rd",Point Township Dr,EB,2026-04-23,18:15:00,18:30:00,>180 to 240,30,,
input_xlsx.xlsx,"ATR 1. Point Township Dr, south of Ridge Rd",Point Township Dr,EB,2026-04-23,18:15:00,18:30:00,>240 to 300,2,,
input_xlsx.xlsx,"ATR 1. Point Township Dr, south of Ridge Rd",Point Township Dr,EB,2026-04-23,18:15:00,18:30:00,>300 to 360,0,,
input_xlsx.xlsx,"ATR 1. Point Township Dr, south of Ridge Rd",Point Township Dr,EB,2026-04-23,18:15:00,18:30:00,>360 to 480,0,,
input_xlsx.xlsx,"ATR 1. Point Township Dr, south of Ridge Rd",Point Township Dr,EB,2026-04-23,18:15:00,18:30:00,>480 to 600,0,,
input_xlsx.xlsx,"ATR 1. Point Township Dr, south of Ridge Rd",Point Township Dr,EB,2026-04-23,18:15:00,18:30:00,>600 to 720,1,,
input_xlsx.xlsx,"ATR 1. Point Township Dr, south of Ridge Rd",Point Township Dr,EB,2026-04-23,18:15:00,18:30:00,>720 to 840,2,,
input_xlsx.xlsx,"ATR 1. Point Township Dr, south of Ridge Rd",Point Township Dr,EB,2026-04-23,18:15:00,18:30:00,>840 to 960,1,,
input_xlsx.xlsx,"ATR 1. Point Township Dr, south of Ridge Rd",Point Township Dr,EB,2026-04-23,18:15:00,18:30:00,> 960,0,,
input_xlsx.xlsx,"ATR 1. Point Township Dr, south of Ridge Rd",Point Township Dr,EB,2026-04-23,18:30:00,18:45:00,0 to 72,0,,
input_xlsx.xlsx,"ATR 1. Point Township Dr, south of Ridge Rd",Point Township Dr,EB,2026-04-23,18:30:00,18:45:00,>72 to 120,0,,
input_xlsx.xlsx,"ATR 1. Point Township Dr, south of Ridge Rd",Point Township Dr,EB,2026-04-23,18:30:00,18:45:00,>120 to 180,45,,
input_xlsx.xlsx,"ATR 1. Point Township Dr, south of Ridge Rd",Point Township Dr,EB,2026-04-23,18:30:00,18:45:00,>180 to 240,15,,
input_xlsx.xlsx,"ATR 1. Point Township Dr, south of Ridge Rd",Point Township Dr,EB,2026-04-23,18:30:00,18:45:00,>240 to 300,2,,
input_xlsx.xlsx,"ATR 1. Point Township Dr, south of Ridge Rd",Point Township Dr,EB,2026-04-23,18:30:00,18:45:00,>300 to 360,0,,
input_xlsx.xlsx,"ATR 1. Point Township Dr, south of Ridge Rd",Point Township Dr,EB,2026-04-23,18:30:00,18:45:00,>360 to 480,1,,
input_xlsx.xlsx,"ATR 1. Point Township Dr, south of Ridge Rd",Point Township Dr,EB,2026-04-23,18:30:00,18:45:00,>480 to 600,0,,
input_xlsx.xlsx,"ATR 1. Point Township Dr, south of Ridge Rd",Point Township Dr,EB,2026-04-23,18:30:00,18:45:00,>600 to 720,0,,
input_xlsx.xlsx,"ATR 1. Point Township Dr, south of Ridge Rd",Point Township Dr,EB,2026-04-23,18:30:00,18:45:00,>720 to 840,0,,
input_xlsx.xlsx,"ATR 1. Point Township Dr, south of Ridge Rd",Point Township Dr,EB,2026-04-23,18:30:00,18:45:00,>840 to 960,0,,
input_xlsx.xlsx,"ATR 1. Point Township Dr, south of Ridge Rd",Point Township Dr,EB,2026-04-23,18:30:00,18:45:00,> 960,0,,
input_xlsx.xlsx,"ATR 1. Point Township Dr, south of Ridge Rd",Point Township Dr,EB,2026-04-23,18:45:00,19:00:00,0 to 72,0,,
input_xlsx.xlsx,"ATR 1. Point Township Dr, south of Ridge Rd",Point Township Dr,EB,2026-04-23,18:45:00,19:00:00,>72 to 120,0,,
input_xlsx.xlsx,"ATR 1. Point Township Dr, south of Ridge Rd",Point Township Dr,EB,2026-04-23,18:45:00,19:00:00,>120 to 180,32,,
input_xlsx.xlsx,"ATR 1. Point Township Dr, south of Ridge Rd",Point Township Dr,EB,2026-04-23,18:45:00,19:00:00,>180 to 240,17,,
input_xlsx.xlsx,"ATR 1. Point Township Dr, south of Ridge Rd",Point Township Dr,EB,2026-04-23,18:45:00,19:00:00,>240 to 300,1,,
input_xlsx.xlsx,"ATR 1. Point Township Dr, south of Ridge Rd",Point Township Dr,EB,2026-04-23,18:45:00,19:00:00,>300 to 360,0,,
input_xlsx.xlsx,"ATR 1. Point Township Dr, south of Ridge Rd",Point Township Dr,EB,2026-04-23,18:45:00,19:00:00,>360 to 480,0,,
input_xlsx.xlsx,"ATR 1. Point Township Dr, south of Ridge Rd",Point Township Dr,EB,2026-04-23,18:45:00,19:00:00,>480 to 600,0,,
input_xlsx.xlsx,"ATR 1. Point Township Dr, south of Ridge Rd",Point Township Dr,EB,2026-04-23,18:45:00,19:00:00,>600 to 720,0,,
input_xlsx.xlsx,"ATR 1. Point Township Dr, south of Ridge Rd",Point Township Dr,EB,2026-04-23,18:45:00,19:00:00,>720 to 840,0,,
input_xlsx.xlsx,"ATR 1. Point Township Dr, south of Ridge Rd",Point Township Dr,EB,2026-04-23,18:45:00,19:00:00,>840 to 960,0,,
input_xlsx.xlsx,"ATR 1. Point Township Dr, south of Ridge Rd",Point Township Dr,EB,2026-04-23,18:45:00,19:00:00,> 960,0,,
input_xlsx.xlsx,"ATR 1. Point Township Dr, south of Ridge Rd",Point Township Dr,EB,2026-04-23,19:00:00,19:15:00,0 to 72,0,,
input_xlsx.xlsx,"ATR 1. Point Township Dr, south of Ridge Rd",Point Township Dr,EB,2026-04-23,19:00:00,19:15:00,>72 to 120,1,,
input_xlsx.xlsx,"ATR 1. Point Township Dr, south of Ridge Rd",Point Township Dr,EB,2026-04-23,19:00:00,19:15:00,>120 to 180,24,,
input_xlsx.xlsx,"ATR 1. Point Township Dr, south of Ridge Rd",Point Township Dr,EB,2026-04-23,19:00:00,19:15:00,>180 to 240,11,,
input_xlsx.xlsx,"ATR 1. Point Township Dr, south of Ridge Rd",Point Township Dr,EB,2026-04-23,19:00:00,19:15:00,>240 to 300,0,,
input_xlsx.xlsx,"ATR 1. Point Township Dr, south of Ridge Rd",Point Township Dr,EB,2026-04-23,19:00:00,19:15:00,>300 to 360,0,,
input_xlsx.xlsx,"ATR 1. Point Township Dr, south of Ridge Rd",Point Township Dr,EB,2026-04-23,19:00:00,19:15:00,>360 to 480,0,,
input_xlsx.xlsx,"ATR 1. Point Township Dr, south of Ridge Rd",Point Township Dr,EB,2026-04-23,19:00:00,19:15:00,>480 to 600,1,,
input_xlsx.xlsx,"ATR 1. Point Township Dr, south of Ridge Rd",Point Township Dr,EB,2026-04-23,19:00:00,19:15:00,>600 to 720,1,,
input_xlsx.xlsx,"ATR 1. Point Township Dr, south of Ridge Rd",Point Township Dr,EB,2026-04-23,19:00:00,19:15:00,>720 to 840,0,,
input_xlsx.xlsx,"ATR 1. Point Township Dr, south of Ridge Rd",Point Township Dr,EB,2026-04-23,19:00:00,19:15:00,>840 to 960,2,,
input_xlsx.xlsx,"ATR 1. Point Township Dr, south of Ridge Rd",Point Township Dr,EB,2026-04-23,19:00:00,19:15:00,> 960,0,,
input_xlsx.xlsx,"ATR 1. Point Township Dr, south of Ridge Rd",Point Township Dr,EB,2026-04-23,19:15:00,19:30:00,0 to 72,0,,
input_xlsx.xlsx,"ATR 1. Point Township Dr, south of Ridge Rd",Point Township Dr,EB,2026-04-23,19:15:00,19:30:00,>72 to 120,0,,
input_xlsx.xlsx,"ATR 1. Point Township Dr, south of Ridge Rd",Point Township Dr,EB,2026-04-23,19:15:00,19:30:00,>120 to 180,26,,
input_xlsx.xlsx,"ATR 1. Point Township Dr, south of Ridge Rd",Point Township Dr,EB,2026-04-23,19:15:00,19:30:00,>180 to 240,16,,
input_xlsx.xlsx,"ATR 1. Point Township Dr, south of Ridge Rd",Point Township Dr,EB,2026-04-23,19:15:00,19:30:00,>240 to 300,2,,
input_xlsx.xlsx,"ATR 1. Point Township Dr, south of Ridge Rd",Point Township Dr,EB,2026-04-23,19:15:00,19:30:00,>300 to 360,0,,
input_xlsx.xlsx,"ATR 1. Point Township Dr, south of Ridge Rd",Point Township Dr,EB,2026-04-23,19:15:00,19:30:00,>360 to 480,1,,
input_xlsx.xlsx,"ATR 1. Point Township Dr, south of Ridge Rd",Point Township Dr,EB,2026-04-23,19:15:00,19:30:00,>480 to 600,0,,
input_xlsx.xlsx,"ATR 1. Point Township Dr, south of Ridge Rd",Point Township Dr,EB,2026-04-23,19:15:00,19:30:00,>600 to 720,0,,
input_xlsx.xlsx,"ATR 1. Point Township Dr, south of Ridge Rd",Point Township Dr,EB,2026-04-23,19:15:00,19:30:00,>720 to 840,1,,
input_xlsx.xlsx,"ATR 1. Point Township Dr, south of Ridge Rd",Point Township Dr,EB,2026-04-23,19:15:00,19:30:00,>840 to 960,1,,
input_xlsx.xlsx,"ATR 1. Point Township Dr, south of Ridge Rd",Point Township Dr,EB,2026-04-23,19:15:00,19:30:00,> 960,0,,
input_xlsx.xlsx,"ATR 1. Point Township Dr, south of Ridge Rd",Point Township Dr,EB,2026-04-23,19:30:00,19:45:00,0 to 72,0,,
input_xlsx.xlsx,"ATR 1. Point Township Dr, south of Ridge Rd",Point Township Dr,EB,2026-04-23,19:30:00,19:45:00,>72 to 120,0,,
input_xlsx.xlsx,"ATR 1. Point Township Dr, south of Ridge Rd",Point Township Dr,EB,2026-04-23,19:30:00,19:45:00,>120 to 180,46,,
input_xlsx.xlsx,"ATR 1. Point Township Dr, south of Ridge Rd",Point Township Dr,EB,2026-04-23,19:30:00,19:45:00,>180 to 240,18,,
input_xlsx.xlsx,"ATR 1. Point Township Dr, south of Ridge Rd",Point Township Dr,EB,2026-04-23,19:30:00,19:45:00,>240 to 300,2,,
input_xlsx.xlsx,"ATR 1. Point Township Dr, south of Ridge Rd",Point Township Dr,EB,2026-04-23,19:30:00,19:45:00,>300 to 360,0,,
input_xlsx.xlsx,"ATR 1. Point Township Dr, south of Ridge Rd",Point Township Dr,EB,2026-04-23,19:30:00,19:45:00,>360 to 480,0,,
input_xlsx.xlsx,"ATR 1. Point Township Dr, south of Ridge Rd",Point Township Dr,EB,2026-04-23,19:30:00,19:45:00,>480 to 600,0,,
input_xlsx.xlsx,"ATR 1. Point Township Dr, south of Ridge Rd",Point Township Dr,EB,2026-04-23,19:30:00,19:45:00,>600 to 720,0,,
input_xlsx.xlsx,"ATR 1. Point Township Dr, south of Ridge Rd",Point Township Dr,EB,2026-04-23,19:30:00,19:45:00,>720 to 840,0,,
input_xlsx.xlsx,"ATR 1. Point Township Dr, south of Ridge Rd",Point Township Dr,EB,2026-04-23,19:30:00,19:45:00,>840 to 960,0,,
input_xlsx.xlsx,"ATR 1. Point Township Dr, south of Ridge Rd",Point Township Dr,EB,2026-04-23,19:30:00,19:45:00,> 960,0,,
input_xlsx.xlsx,"ATR 1. Point Township Dr, south of Ridge Rd",Point Township Dr,EB,2026-04-23,19:45:00,20:00:00,0 to 72,0,,
input_xlsx.xlsx,"ATR 1. Point Township Dr, south of Ridge Rd",Point Township Dr,EB,2026-04-23,19:45:00,20:00:00,>72 to 120,0,,
input_xlsx.xlsx,"ATR 1. Point Township Dr, south of Ridge Rd",Point Township Dr,EB,2026-04-23,19:45:00,20:00:00,>120 to 180,27,,
input_xlsx.xlsx,"ATR 1. Point Township Dr, south of Ridge Rd",Point Township Dr,EB,2026-04-23,19:45:00,20:00:00,>180 to 240,17,,
input_xlsx.xlsx,"ATR 1. Point Township Dr, south of Ridge Rd",Point Township Dr,EB,2026-04-23,19:45:00,20:00:00,>240 to 300,2,,
input_xlsx.xlsx,"ATR 1. Point Township Dr, south of Ridge Rd",Point Township Dr,EB,2026-04-23,19:45:00,20:00:00,>300 to 360,0,,
input_xlsx.xlsx,"ATR 1. Point Township Dr, south of Ridge Rd",Point Township Dr,EB,2026-04-23,19:45:00,20:00:00,>360 to 480,0,,
input_xlsx.xlsx,"ATR 1. Point Township Dr, south of Ridge Rd",Point Township Dr,EB,2026-04-23,19:45:00,20:00:00,>480 to 600,0,,
input_xlsx.xlsx,"ATR 1. Point Township Dr, south of Ridge Rd",Point Township Dr,EB,2026-04-23,19:45:00,20:00:00,>600 to 720,0,,
input_xlsx.xlsx,"ATR 1. Point Township Dr, south of Ridge Rd",Point Township Dr,EB,2026-04-23,19:45:00,20:00:00,>720 to 840,1,,
input_xlsx.xlsx,"ATR 1. Point Township Dr, south of Ridge Rd",Point Township Dr,EB,2026-04-23,19:45:00,20:00:00,>840 to 960,0,,
input_xlsx.xlsx,"ATR 1. Point Township Dr, south of Ridge Rd",Point Township Dr,EB,2026-04-23,19:45:00,20:00:00,> 960,0,,
input_xlsx.xlsx,"ATR 1. Point Township Dr, south of Ridge Rd",Point Township Dr,EB,2026-04-23,20:00:00,20:15:00,0 to 72,0,,
input_xlsx.xlsx,"ATR 1. Point Township Dr, south of Ridge Rd",Point Township Dr,EB,2026-04-23,20:00:00,20:15:00,>72 to 120,0,,
input_xlsx.xlsx,"ATR 1. Point Township Dr, south of Ridge Rd",Point Township Dr,EB,2026-04-23,20:00:00,20:15:00,>120 to 180,23,,
input_xlsx.xlsx,"ATR 1. Point Township Dr, south of Ridge Rd",Point Township Dr,EB,2026-04-23,20:00:00,20:15:00,>180 to 240,13,,
input_xlsx.xlsx,"ATR 1. Point Township Dr, south of Ridge Rd",Point Township Dr,EB,2026-04-23,20:00:00,20:15:00,>240 to 300,0,,
input_xlsx.xlsx,"ATR 1. Point Township Dr, south of Ridge Rd",Point Township Dr,EB,2026-04-23,20:00:00,20:15:00,>300 to 360,2,,
input_xlsx.xlsx,"ATR 1. Point Township Dr, south of Ridge Rd",Point Township Dr,EB,2026-04-23,20:00:00,20:15:00,>360 to 480,0,,
input_xlsx.xlsx,"ATR 1. Point Township Dr, south of Ridge Rd",Point Township Dr,EB,2026-04-23,20:00:00,20:15:00,>480 to 600,1,,
input_xlsx.xlsx,"ATR 1. Point Township Dr, south of Ridge Rd",Point Township Dr,EB,2026-04-23,20:00:00,20:15:00,>600 to 720,0,,
input_xlsx.xlsx,"ATR 1. Point Township Dr, south of Ridge Rd",Point Township Dr,EB,2026-04-23,20:00:00,20:15:00,>720 to 840,0,,
input_xlsx.xlsx,"ATR 1. Point Township Dr, south of Ridge Rd",Point Township Dr,EB,2026-04-23,20:00:00,20:15:00,>840 to 960,2,,
input_xlsx.xlsx,"ATR 1. Point Township Dr, south of Ridge Rd",Point Township Dr,EB,2026-04-23,20:00:00,20:15:00,> 960,0,,
input_xlsx.xlsx,"ATR 1. Point Township Dr, south of Ridge Rd",Point Township Dr,EB,2026-04-23,20:15:00,20:30:00,0 to 72,0,,
input_xlsx.xlsx,"ATR 1. Point Township Dr, south of Ridge Rd",Point Township Dr,EB,2026-04-23,20:15:00,20:30:00,>72 to 120,0,,
input_xlsx.xlsx,"ATR 1. Point Township Dr, south of Ridge Rd",Point Township Dr,EB,2026-04-23,20:15:00,20:30:00,>120 to 180,20,,
input_xlsx.xlsx,"ATR 1. Point Township Dr, south of Ridge Rd",Point Township Dr,EB,2026-04-23,20:15:00,20:30:00,>180 to 240,20,,
input_xlsx.xlsx,"ATR 1. Point Township Dr, south of Ridge Rd",Point Township Dr,EB,2026-04-23,20:15:00,20:30:00,>240 to 300,1,,
input_xlsx.xlsx,"ATR 1. Point Township Dr, south of Ridge Rd",Point Township Dr,EB,2026-04-23,20:15:00,20:30:00,>300 to 360,0,,
input_xlsx.xlsx,"ATR 1. Point Township Dr, south of Ridge Rd",Point Township Dr,EB,2026-04-23,20:15:00,20:30:00,>360 to 480,0,,
input_xlsx.xlsx,"ATR 1. Point Township Dr, south of Ridge Rd",Point Township Dr,EB,2026-04-23,20:15:00,20:30:00,>480 to 600,1,,
input_xlsx.xlsx,"ATR 1. Point Township Dr, south of Ridge Rd",Point Township Dr,EB,2026-04-23,20:15:00,20:30:00,>600 to 720,2,,
input_xlsx.xlsx,"ATR 1. Point Township Dr, south of Ridge Rd",Point Township Dr,EB,2026-04-23,20:15:00,20:30:00,>720 to 840,3,,
input_xlsx.xlsx,"ATR 1. Point Township Dr, south of Ridge Rd",Point Township Dr,EB,2026-04-23,20:15:00,20:30:00,>840 to 960,0,,
input_xlsx.xlsx,"ATR 1. Point Township Dr, south of Ridge Rd",Point Township Dr,EB,2026-04-23,20:15:00,20:30:00,> 960,0,,
input_xlsx.xlsx,"ATR 1. Point Township Dr, south of Ridge Rd",Point Township Dr,EB,2026-04-23,20:30:00,20:45:00,0 to 72,0,,
input_xlsx.xlsx,"ATR 1. Point Township Dr, south of Ridge Rd",Point Township Dr,EB,2026-04-23,20:30:00,20:45:00,>72 to 120,0,,
input_xlsx.xlsx,"ATR 1. Point Township Dr, south of Ridge Rd",Point Township Dr,EB,2026-04-23,20:30:00,20:45:00,>120 to 180,26,,
input_xlsx.xlsx,"ATR 1. Point Township Dr, south of Ridge Rd",Point Township Dr,EB,2026-04-23,20:30:00,20:45:00,>180 to 240,13,,
input_xlsx.xlsx,"ATR 1. Point Township Dr, south of Ridge Rd",Point Township Dr,EB,2026-04-23,20:30:00,20:45:00,>240 to 300,3,,
input_xlsx.xlsx,"ATR 1. Point Township Dr, south of Ridge Rd",Point Township Dr,EB,2026-04-23,20:30:00,20:45:00,>300 to 360,0,,
input_xlsx.xlsx,"ATR 1. Point Township Dr, south of Ridge Rd",Point Township Dr,EB,2026-04-23,20:30:00,20:45:00,>360 to 480,0,,
input_xlsx.xlsx,"ATR 1. Point Township Dr, south of Ridge Rd",Point Township Dr,EB,2026-04-23,20:30:00,20:45:00,>480 to 600,0,,
input_xlsx.xlsx,"ATR 1. Point Township Dr, south of Ridge Rd",Point Township Dr,EB,2026-04-23,20:30:00,20:45:00,>600 to 720,0,,
input_xlsx.xlsx,"ATR 1. Point Township Dr, south of Ridge Rd",Point Township Dr,EB,2026-04-23,20:30:00,20:45:00,>720 to 840,3,,
input_xlsx.xlsx,"ATR 1. Point Township Dr, south of Ridge Rd",Point Township Dr,EB,2026-04-23,20:30:00,20:45:00,>840 to 960,1,,
input_xlsx.xlsx,"ATR 1. Point Township Dr, south of Ridge Rd",Point Township Dr,EB,2026-04-23,20:30:00,20:45:00,> 960,0,,
input_xlsx.xlsx,"ATR 1. Point Township Dr, south of Ridge Rd",Point Township Dr,EB,2026-04-23,20:45:00,21:00:00,0 to 72,0,,
input_xlsx.xlsx,"ATR 1. Point Township Dr, south of Ridge Rd",Point Township Dr,EB,2026-04-23,20:45:00,21:00:00,>72 to 120,0,,
input_xlsx.xlsx,"ATR 1. Point Township Dr, south of Ridge Rd",Point Township Dr,EB,2026-04-23,20:45:00,21:00:00,>120 to 180,20,,
input_xlsx.xlsx,"ATR 1. Point Township Dr, south of Ridge Rd",Point Township Dr,EB,2026-04-23,20:45:00,21:00:00,>180 to 240,4,,
input_xlsx.xlsx,"ATR 1. Point Township Dr, south of Ridge Rd",Point Township Dr,EB,2026-04-23,20:45:00,21:00:00,>240 to 300,0,,
input_xlsx.xlsx,"ATR 1. Point Township Dr, south of Ridge Rd",Point Township Dr,EB,2026-04-23,20:45:00,21:00:00,>300 to 360,0,,
input_xlsx.xlsx,"ATR 1. Point Township Dr, south of Ridge Rd",Point Township Dr,EB,2026-04-23,20:45:00,21:00:00,>360 to 480,1,,
input_xlsx.xlsx,"ATR 1. Point Township Dr, south of Ridge Rd",Point Township Dr,EB,2026-04-23,20:45:00,21:00:00,>480 to 600,0,,
input_xlsx.xlsx,"ATR 1. Point Township Dr, south of Ridge Rd",Point Township Dr,EB,2026-04-23,20:45:00,21:00:00,>600 to 720,0,,
input_xlsx.xlsx,"ATR 1. Point Township Dr, south of Ridge Rd",Point Township Dr,EB,2026-04-23,20:45:00,21:00:00,>720 to 840,0,,
input_xlsx.xlsx,"ATR 1. Point Township Dr, south of Ridge Rd",Point Township Dr,EB,2026-04-23,20:45:00,21:00:00,>840 to 960,1,,
input_xlsx.xlsx,"ATR 1. Point Township Dr, south of Ridge Rd",Point Township Dr,EB,2026-04-23,20:45:00,21:00:00,> 960,0,,
input_xlsx.xlsx,"ATR 1. Point Township Dr, south of Ridge Rd",Point Township Dr,EB,2026-04-23,21:00:00,21:15:00,0 to 72,1,,
input_xlsx.xlsx,"ATR 1. Point Township Dr, south of Ridge Rd",Point Township Dr,EB,2026-04-23,21:00:00,21:15:00,>72 to 120,0,,
input_xlsx.xlsx,"ATR 1. Point Township Dr, south of Ridge Rd",Point Township Dr,EB,2026-04-23,21:00:00,21:15:00,>120 to 180,24,,
input_xlsx.xlsx,"ATR 1. Point Township Dr, south of Ridge Rd",Point Township Dr,EB,2026-04-23,21:00:00,21:15:00,>180 to 240,18,,
input_xlsx.xlsx,"ATR 1. Point Township Dr, south of Ridge Rd",Point Township Dr,EB,2026-04-23,21:00:00,21:15:00,>240 to 300,1,,
input_xlsx.xlsx,"ATR 1. Point Township Dr, south of Ridge Rd",Point Township Dr,EB,2026-04-23,21:00:00,21:15:00,>300 to 360,2,,
input_xlsx.xlsx,"ATR 1. Point Township Dr, south of Ridge Rd",Point Township Dr,EB,2026-04-23,21:00:00,21:15:00,>360 to 480,0,,
input_xlsx.xlsx,"ATR 1. Point Township Dr, south of Ridge Rd",Point Township Dr,EB,2026-04-23,21:00:00,21:15:00,>480 to 600,0,,
input_xlsx.xlsx,"ATR 1. Point Township Dr, south of Ridge Rd",Point Township Dr,EB,2026-04-23,21:00:00,21:15:00,>600 to 720,1,,
input_xlsx.xlsx,"ATR 1. Point Township Dr, south of Ridge Rd",Point Township Dr,EB,2026-04-23,21:00:00,21:15:00,>720 to 840,0,,
input_xlsx.xlsx,"ATR 1. Point Township Dr, south of Ridge Rd",Point Township Dr,EB,2026-04-23,21:00:00,21:15:00,>840 to 960,0,,
input_xlsx.xlsx,"ATR 1. Point Township Dr, south of Ridge Rd",Point Township Dr,EB,2026-04-23,21:00:00,21:15:00,> 960,0,,
input_xlsx.xlsx,"ATR 1. Point Township Dr, south of Ridge Rd",Point Township Dr,EB,2026-04-23,21:15:00,21:30:00,0 to 72,0,,
input_xlsx.xlsx,"ATR 1. Point Township Dr, south of Ridge Rd",Point Township Dr,EB,2026-04-23,21:15:00,21:30:00,>72 to 120,1,,
input_xlsx.xlsx,"ATR 1. Point Township Dr, south of Ridge Rd",Point Township Dr,EB,2026-04-23,21:15:00,21:30:00,>120 to 180,21,,
input_xlsx.xlsx,"ATR 1. Point Township Dr, south of Ridge Rd",Point Township Dr,EB,2026-04-23,21:15:00,21:30:00,>180 to 240,8,,
input_xlsx.xlsx,"ATR 1. Point Township Dr, south of Ridge Rd",Point Township Dr,EB,2026-04-23,21:15:00,21:30:00,>240 to 300,1,,
input_xlsx.xlsx,"ATR 1. Point Township Dr, south of Ridge Rd",Point Township Dr,EB,2026-04-23,21:15:00,21:30:00,>300 to 360,0,,
input_xlsx.xlsx,"ATR 1. Point Township Dr, south of Ridge Rd",Point Township Dr,EB,2026-04-23,21:15:00,21:30:00,>360 to 480,1,,
input_xlsx.xlsx,"ATR 1. Point Township Dr, south of Ridge Rd",Point Township Dr,EB,2026-04-23,21:15:00,21:30:00,>480 to 600,0,,
input_xlsx.xlsx,"ATR 1. Point Township Dr, south of Ridge Rd",Point Township Dr,EB,2026-04-23,21:15:00,21:30:00,>600 to 720,1,,
input_xlsx.xlsx,"ATR 1. Point Township Dr, south of Ridge Rd",Point Township Dr,EB,2026-04-23,21:15:00,21:30:00,>720 to 840,1,,
input_xlsx.xlsx,"ATR 1. Point Township Dr, south of Ridge Rd",Point Township Dr,EB,2026-04-23,21:15:00,21:30:00,>840 to 960,1,,
input_xlsx.xlsx,"ATR 1. Point Township Dr, south of Ridge Rd",Point Township Dr,EB,2026-04-23,21:15:00,21:30:00,> 960,0,,
input_xlsx.xlsx,"ATR 1. Point Township Dr, south of Ridge Rd",Point Township Dr,EB,2026-04-23,21:30:00,21:45:00,0 to 72,0,,
input_xlsx.xlsx,"ATR 1. Point Township Dr, south of Ridge Rd",Point Township Dr,EB,2026-04-23,21:30:00,21:45:00,>72 to 120,0,,
input_xlsx.xlsx,"ATR 1. Point Township Dr, south of Ridge Rd",Point Township Dr,EB,2026-04-23,21:30:00,21:45:00,>120 to 180,19,,
input_xlsx.xlsx,"ATR 1. Point Township Dr, south of Ridge Rd",Point Township Dr,EB,2026-04-23,21:30:00,21:45:00,>180 to 240,8,,
input_xlsx.xlsx,"ATR 1. Point Township Dr, south of Ridge Rd",Point Township Dr,EB,2026-04-23,21:30:00,21:45:00,>240 to 300,1,,
input_xlsx.xlsx,"ATR 1. Point Township Dr, south of Ridge Rd",Point Township Dr,EB,2026-04-23,21:30:00,21:45:00,>300 to 360,0,,
input_xlsx.xlsx,"ATR 1. Point Township Dr, south of Ridge Rd",Point Township Dr,EB,2026-04-23,21:30:00,21:45:00,>360 to 480,2,,
input_xlsx.xlsx,"ATR 1. Point Township Dr, south of Ridge Rd",Point Township Dr,EB,2026-04-23,21:30:00,21:45:00,>480 to 600,1,,
input_xlsx.xlsx,"ATR 1. Point Township Dr, south of Ridge Rd",Point Township Dr,EB,2026-04-23,21:30:00,21:45:00,>600 to 720,0,,
input_xlsx.xlsx,"ATR 1. Point Township Dr, south of Ridge Rd",Point Township Dr,EB,2026-04-23,21:30:00,21:45:00,>720 to 840,1,,
input_xlsx.xlsx,"ATR 1. Point Township Dr, south of Ridge Rd",Point Township Dr,EB,2026-04-23,21:30:00,21:45:00,>840 to 960,0,,
input_xlsx.xlsx,"ATR 1. Point Township Dr, south of Ridge Rd",Point Township Dr,EB,2026-04-23,21:30:00,21:45:00,> 960,0,,
input_xlsx.xlsx,"ATR 1. Point Township Dr, south of Ridge Rd",Point Township Dr,EB,2026-04-23,21:45:00,22:00:00,0 to 72,0,,
input_xlsx.xlsx,"ATR 1. Point Township Dr, south of Ridge Rd",Point Township Dr,EB,2026-04-23,21:45:00,22:00:00,>72 to 120,0,,
input_xlsx.xlsx,"ATR 1. Point Township Dr, south of Ridge Rd",Point Township Dr,EB,2026-04-23,21:45:00,22:00:00,>120 to 180,18,,
input_xlsx.xlsx,"ATR 1. Point Township Dr, south of Ridge Rd",Point Township Dr,EB,2026-04-23,21:45:00,22:00:00,>180 to 240,9,,
input_xlsx.xlsx,"ATR 1. Point Township Dr, south of Ridge Rd",Point Township Dr,EB,2026-04-23,21:45:00,22:00:00,>240 to 300,1,,
input_xlsx.xlsx,"ATR 1. Point Township Dr, south of Ridge Rd",Point Township Dr,EB,2026-04-23,21:45:00,22:00:00,>300 to 360,1,,
input_xlsx.xlsx,"ATR 1. Point Township Dr, south of Ridge Rd",Point Township Dr,EB,2026-04-23,21:45:00,22:00:00,>360 to 480,0,,
input_xlsx.xlsx,"ATR 1. Point Township Dr, south of Ridge Rd",Point Township Dr,EB,2026-04-23,21:45:00,22:00:00,>480 to 600,1,,
input_xlsx.xlsx,"ATR 1. Point Township Dr, south of Ridge Rd",Point Township Dr,EB,2026-04-23,21:45:00,22:00:00,>600 to 720,0,,
input_xlsx.xlsx,"ATR 1. Point Township Dr, south of Ridge Rd",Point Township Dr,EB,2026-04-23,21:45:00,22:00:00,>720 to 840,1,,
input_xlsx.xlsx,"ATR 1. Point Township Dr, south of Ridge Rd",Point Township Dr,EB,2026-04-23,21:45:00,22:00:00,>840 to 960,0,,
input_xlsx.xlsx,"ATR 1. Point Township Dr, south of Ridge Rd",Point Township Dr,EB,2026-04-23,21:45:00,22:00:00,> 960,0,,
input_xlsx.xlsx,"ATR 1. Point Township Dr, south of Ridge Rd",Point Township Dr,EB,2026-04-23,22:00:00,22:15:00,0 to 72,0,,
input_xlsx.xlsx,"ATR 1. Point Township Dr, south of Ridge Rd",Point Township Dr,EB,2026-04-23,22:00:00,22:15:00,>72 to 120,0,,
input_xlsx.xlsx,"ATR 1. Point Township Dr, south of Ridge Rd",Point Township Dr,EB,2026-04-23,22:00:00,22:15:00,>120 to 180,5,,
input_xlsx.xlsx,"ATR 1. Point Township Dr, south of Ridge Rd",Point Township Dr,EB,2026-04-23,22:00:00,22:15:00,>180 to 240,3,,
input_xlsx.xlsx,"ATR 1. Point Township Dr, south of Ridge Rd",Point Township Dr,EB,2026-04-23,22:00:00,22:15:00,>240 to 300,1,,
input_xlsx.xlsx,"ATR 1. Point Township Dr, south of Ridge Rd",Point Township Dr,EB,2026-04-23,22:00:00,22:15:00,>300 to 360,0,,
input_xlsx.xlsx,"ATR 1. Point Township Dr, south of Ridge Rd",Point Township Dr,EB,2026-04-23,22:00:00,22:15:00,>360 to 480,0,,
input_xlsx.xlsx,"ATR 1. Point Township Dr, south of Ridge Rd",Point Township Dr,EB,2026-04-23,22:00:00,22:15:00,>480 to 600,0,,
input_xlsx.xlsx,"ATR 1. Point Township Dr, south of Ridge Rd",Point Township Dr,EB,2026-04-23,22:00:00,22:15:00,>600 to 720,0,,
input_xlsx.xlsx,"ATR 1. Point Township Dr, south of Ridge Rd",Point Township Dr,EB,2026-04-23,22:00:00,22:15:00,>720 to 840,0,,
input_xlsx.xlsx,"ATR 1. Point Township Dr, south of Ridge Rd",Point Township Dr,EB,2026-04-23,22:00:00,22:15:00,>840 to 960,1,,
input_xlsx.xlsx,"ATR 1. Point Township Dr, south of Ridge Rd",Point Township Dr,EB,2026-04-23,22:00:00,22:15:00,> 960,0,,
input_xlsx.xlsx,"ATR 1. Point Township Dr, south of Ridge Rd",Point Township Dr,EB,2026-04-23,22:15:00,22:30:00,0 to 72,0,,
input_xlsx.xlsx,"ATR 1. Point Township Dr, south of Ridge Rd",Point Township Dr,EB,2026-04-23,22:15:00,22:30:00,>72 to 120,0,,
input_xlsx.xlsx,"ATR 1. Point Township Dr, south of Ridge Rd",Point Township Dr,EB,2026-04-23,22:15:00,22:30:00,>120 to 180,15,,
input_xlsx.xlsx,"ATR 1. Point Township Dr, south of Ridge Rd",Point Township Dr,EB,2026-04-23,22:15:00,22:30:00,>180 to 240,8,,
input_xlsx.xlsx,"ATR 1. Point Township Dr, south of Ridge Rd",Point Township Dr,EB,2026-04-23,22:15:00,22:30:00,>240 to 300,1,,
input_xlsx.xlsx,"ATR 1. Point Township Dr, south of Ridge Rd",Point Township Dr,EB,2026-04-23,22:15:00,22:30:00,>300 to 360,1,,
input_xlsx.xlsx,"ATR 1. Point Township Dr, south of Ridge Rd",Point Township Dr,EB,2026-04-23,22:15:00,22:30:00,>360 to 480,0,,
input_xlsx.xlsx,"ATR 1. Point Township Dr, south of Ridge Rd",Point Township Dr,EB,2026-04-23,22:15:00,22:30:00,>480 to 600,1,,
input_xlsx.xlsx,"ATR 1. Point Township Dr, south of Ridge Rd",Point Township Dr,EB,2026-04-23,22:15:00,22:30:00,>600 to 720,0,,
input_xlsx.xlsx,"ATR 1. Point Township Dr, south of Ridge Rd",Point Township Dr,EB,2026-04-23,22:15:00,22:30:00,>720 to 840,0,,
input_xlsx.xlsx,"ATR 1. Point Township Dr, south of Ridge Rd",Point Township Dr,EB,2026-04-23,22:15:00,22:30:00,>840 to 960,0,,
input_xlsx.xlsx,"ATR 1. Point Township Dr, south of Ridge Rd",Point Township Dr,EB,2026-04-23,22:15:00,22:30:00,> 960,0,,
input_xlsx.xlsx,"ATR 1. Point Township Dr, south of Ridge Rd",Point Township Dr,EB,2026-04-23,22:30:00,22:45:00,0 to 72,0,,
input_xlsx.xlsx,"ATR 1. Point Township Dr, south of Ridge Rd",Point Township Dr,EB,2026-04-23,22:30:00,22:45:00,>72 to 120,0,,
input_xlsx.xlsx,"ATR 1. Point Township Dr, south of Ridge Rd",Point Township Dr,EB,2026-04-23,22:30:00,22:45:00,>120 to 180,12,,
input_xlsx.xlsx,"ATR 1. Point Township Dr, south of Ridge Rd",Point Township Dr,EB,2026-04-23,22:30:00,22:45:00,>180 to 240,5,,
input_xlsx.xlsx,"ATR 1. Point Township Dr, south of Ridge Rd",Point Township Dr,EB,2026-04-23,22:30:00,22:45:00,>240 to 300,0,,
input_xlsx.xlsx,"ATR 1. Point Township Dr, south of Ridge Rd",Point Township Dr,EB,2026-04-23,22:30:00,22:45:00,>300 to 360,0,,
input_xlsx.xlsx,"ATR 1. Point Township Dr, south of Ridge Rd",Point Township Dr,EB,2026-04-23,22:30:00,22:45:00,>360 to 480,0,,
input_xlsx.xlsx,"ATR 1. Point Township Dr, south of Ridge Rd",Point Township Dr,EB,2026-04-23,22:30:00,22:45:00,>480 to 600,0,,
input_xlsx.xlsx,"ATR 1. Point Township Dr, south of Ridge Rd",Point Township Dr,EB,2026-04-23,22:30:00,22:45:00,>600 to 720,0,,
input_xlsx.xlsx,"ATR 1. Point Township Dr, south of Ridge Rd",Point Township Dr,EB,2026-04-23,22:30:00,22:45:00,>720 to 840,1,,
input_xlsx.xlsx,"ATR 1. Point Township Dr, south of Ridge Rd",Point Township Dr,EB,2026-04-23,22:30:00,22:45:00,>840 to 960,0,,
input_xlsx.xlsx,"ATR 1. Point Township Dr, south of Ridge Rd",Point Township Dr,EB,2026-04-23,22:30:00,22:45:00,> 960,0,,
input_xlsx.xlsx,"ATR 1. Point Township Dr, south of Ridge Rd",Point Township Dr,EB,2026-04-23,22:45:00,23:00:00,0 to 72,0,,
input_xlsx.xlsx,"ATR 1. Point Township Dr, south of Ridge Rd",Point Township Dr,EB,2026-04-23,22:45:00,23:00:00,>72 to 120,0,,
input_xlsx.xlsx,"ATR 1. Point Township Dr, south of Ridge Rd",Point Township Dr,EB,2026-04-23,22:45:00,23:00:00,>120 to 180,14,,
input_xlsx.xlsx,"ATR 1. Point Township Dr, south of Ridge Rd",Point Township Dr,EB,2026-04-23,22:45:00,23:00:00,>180 to 240,8,,
input_xlsx.xlsx,"ATR 1. Point Township Dr, south of Ridge Rd",Point Township Dr,EB,2026-04-23,22:45:00,23:00:00,>240 to 300,0,,
input_xlsx.xlsx,"ATR 1. Point Township Dr, south of Ridge Rd",Point Township Dr,EB,2026-04-23,22:45:00,23:00:00,>300 to 360,0,,
input_xlsx.xlsx,"ATR 1. Point Township Dr, south of Ridge Rd",Point Township Dr,EB,2026-04-23,22:45:00,23:00:00,>360 to 480,0,,
input_xlsx.xlsx,"ATR 1. Point Township Dr, south of Ridge Rd",Point Township Dr,EB,2026-04-23,22:45:00,23:00:00,>480 to 600,1,,
input_xlsx.xlsx,"ATR 1. Point Township Dr, south of Ridge Rd",Point Township Dr,EB,2026-04-23,22:45:00,23:00:00,>600 to 720,0,,
input_xlsx.xlsx,"ATR 1. Point Township Dr, south of Ridge Rd",Point Township Dr,EB,2026-04-23,22:45:00,23:00:00,>720 to 840,0,,
input_xlsx.xlsx,"ATR 1. Point Township Dr, south of Ridge Rd",Point Township Dr,EB,2026-04-23,22:45:00,23:00:00,>840 to 960,0,,
input_xlsx.xlsx,"ATR 1. Point Township Dr, south of Ridge Rd",Point Township Dr,EB,2026-04-23,22:45:00,23:00:00,> 960,0,,
input_xlsx.xlsx,"ATR 1. Point Township Dr, south of Ridge Rd",Point Township Dr,EB,2026-04-23,23:00:00,23:15:00,0 to 72,0,,
input_xlsx.xlsx,"ATR 1. Point Township Dr, south of Ridge Rd",Point Township Dr,EB,2026-04-23,23:00:00,23:15:00,>72 to 120,0,,
input_xlsx.xlsx,"ATR 1. Point Township Dr, south of Ridge Rd",Point Township Dr,EB,2026-04-23,23:00:00,23:15:00,>120 to 180,4,,
input_xlsx.xlsx,"ATR 1. Point Township Dr, south of Ridge Rd",Point Township Dr,EB,2026-04-23,23:00:00,23:15:00,>180 to 240,8,,
input_xlsx.xlsx,"ATR 1. Point Township Dr, south of Ridge Rd",Point Township Dr,EB,2026-04-23,23:00:00,23:15:00,>240 to 300,0,,
input_xlsx.xlsx,"ATR 1. Point Township Dr, south of Ridge Rd",Point Township Dr,EB,2026-04-23,23:00:00,23:15:00,>300 to 360,0,,
input_xlsx.xlsx,"ATR 1. Point Township Dr, south of Ridge Rd",Point Township Dr,EB,2026-04-23,23:00:00,23:15:00,>360 to 480,0,,
input_xlsx.xlsx,"ATR 1. Point Township Dr, south of Ridge Rd",Point Township Dr,EB,2026-04-23,23:00:00,23:15:00,>480 to 600,0,,
input_xlsx.xlsx,"ATR 1. Point Township Dr, south of Ridge Rd",Point Township Dr,EB,2026-04-23,23:00:00,23:15:00,>600 to 720,0,,
input_xlsx.xlsx,"ATR 1. Point Township Dr, south of Ridge Rd",Point Township Dr,EB,2026-04-23,23:00:00,23:15:00,>720 to 840,0,,
input_xlsx.xlsx,"ATR 1. Point Township Dr, south of Ridge Rd",Point Township Dr,EB,2026-04-23,23:00:00,23:15:00,>840 to 960,0,,
input_xlsx.xlsx,"ATR 1. Point Township Dr, south of Ridge Rd",Point Township Dr,EB,2026-04-23,23:00:00,23:15:00,> 960,0,,
input_xlsx.xlsx,"ATR 1. Point Township Dr, south of Ridge Rd",Point Township Dr,EB,2026-04-23,23:15:00,23:30:00,0 to 72,0,,
input_xlsx.xlsx,"ATR 1. Point Township Dr, south of Ridge Rd",Point Township Dr,EB,2026-04-23,23:15:00,23:30:00,>72 to 120,0,,
input_xlsx.xlsx,"ATR 1. Point Township Dr, south of Ridge Rd",Point Township Dr,EB,2026-04-23,23:15:00,23:30:00,>120 to 180,8,,
input_xlsx.xlsx,"ATR 1. Point Township Dr, south of Ridge Rd",Point Township Dr,EB,2026-04-23,23:15:00,23:30:00,>180 to 240,3,,
input_xlsx.xlsx,"ATR 1. Point Township Dr, south of Ridge Rd",Point Township Dr,EB,2026-04-23,23:15:00,23:30:00,>240 to 300,0,,
input_xlsx.xlsx,"ATR 1. Point Township Dr, south of Ridge Rd",Point Township Dr,EB,2026-04-23,23:15:00,23:30:00,>300 to 360,0,,
input_xlsx.xlsx,"ATR 1. Point Township Dr, south of Ridge Rd",Point Township Dr,EB,2026-04-23,23:15:00,23:30:00,>360 to 480,0,,
input_xlsx.xlsx,"ATR 1. Point Township Dr, south of Ridge Rd",Point Township Dr,EB,2026-04-23,23:15:00,23:30:00,>480 to 600,0,,
input_xlsx.xlsx,"ATR 1. Point Township Dr, south of Ridge Rd",Point Township Dr,EB,2026-04-23,23:15:00,23:30:00,>600 to 720,0,,
input_xlsx.xlsx,"ATR 1. Point Township Dr, south of Ridge Rd",Point Township Dr,EB,2026-04-23,23:15:00,23:30:00,>720 to 840,0,,
input_xlsx.xlsx,"ATR 1. Point Township Dr, south of Ridge Rd",Point Township Dr,EB,2026-04-23,23:15:00,23:30:00,>840 to 960,0,,
input_xlsx.xlsx,"ATR 1. Point Township Dr, south of Ridge Rd",Point Township Dr,EB,2026-04-23,23:15:00,23:30:00,> 960,0,,
input_xlsx.xlsx,"ATR 1. Point Township Dr, south of Ridge Rd",Point Township Dr,EB,2026-04-23,23:30:00,23:45:00,0 to 72,0,,
input_xlsx.xlsx,"ATR 1. Point Township Dr, south of Ridge Rd",Point Township Dr,EB,2026-04-23,23:30:00,23:45:00,>72 to 120,0,,
input_xlsx.xlsx,"ATR 1. Point Township Dr, south of Ridge Rd",Point Township Dr,EB,2026-04-23,23:30:00,23:45:00,>120 to 180,5,,
input_xlsx.xlsx,"ATR 1. Point Township Dr, south of Ridge Rd",Point Township Dr,EB,2026-04-23,23:30:00,23:45:00,>180 to 240,5,,
input_xlsx.xlsx,"ATR 1. Point Township Dr, south of Ridge Rd",Point Township Dr,EB,2026-04-23,23:30:00,23:45:00,>240 to 300,0,,
input_xlsx.xlsx,"ATR 1. Point Township Dr, south of Ridge Rd",Point Township Dr,EB,2026-04-23,23:30:00,23:45:00,>300 to 360,0,,
input_xlsx.xlsx,"ATR 1. Point Township Dr, south of Ridge Rd",Point Township Dr,EB,2026-04-23,23:30:00,23:45:00,>360 to 480,1,,
input_xlsx.xlsx,"ATR 1. Point Township Dr, south of Ridge Rd",Point Township Dr,EB,2026-04-23,23:30:00,23:45:00,>480 to 600,0,,
input_xlsx.xlsx,"ATR 1. Point Township Dr, south of Ridge Rd",Point Township Dr,EB,2026-04-23,23:30:00,23:45:00,>600 to 720,0,,
input_xlsx.xlsx,"ATR 1. Point Township Dr, south of Ridge Rd",Point Township Dr,EB,2026-04-23,23:30:00,23:45:00,>720 to 840,0,,
input_xlsx.xlsx,"ATR 1. Point Township Dr, south of Ridge Rd",Point Township Dr,EB,2026-04-23,23:30:00,23:45:00,>840 to 960,1,,
input_xlsx.xlsx,"ATR 1. Point Township Dr, south of Ridge Rd",Point Township Dr,EB,2026-04-23,23:30:00,23:45:00,> 960,0,,
input_xlsx.xlsx,"ATR 1. Point Township Dr, south of Ridge Rd",Point Township Dr,EB,2026-04-23,23:45:00,00:00:00,0 to 72,0,,
input_xlsx.xlsx,"ATR 1. Point Township Dr, south of Ridge Rd",Point Township Dr,EB,2026-04-23,23:45:00,00:00:00,>72 to 120,0,,
input_xlsx.xlsx,"ATR 1. Point Township Dr, south of Ridge Rd",Point Township Dr,EB,2026-04-23,23:45:00,00:00:00,>120 to 180,1,,
input_xlsx.xlsx,"ATR 1. Point Township Dr, south of Ridge Rd",Point Township Dr,EB,2026-04-23,23:45:00,00:00:00,>180 to 240,1,,
input_xlsx.xlsx,"ATR 1. Point Township Dr, south of Ridge Rd",Point Township Dr,EB,2026-04-23,23:45:00,00:00:00,>240 to 300,1,,
input_xlsx.xlsx,"ATR 1. Point Township Dr, south of Ridge Rd",Point Township Dr,EB,2026-04-23,23:45:00,00:00:00,>300 to 360,0,,
input_xlsx.xlsx,"ATR 1. Point Township Dr, south of Ridge Rd",Point Township Dr,EB,2026-04-23,23:45:00,00:00:00,>360 to 480,0,,
input_xlsx.xlsx,"ATR 1. Point Township Dr, south of Ridge Rd",Point Township Dr,EB,2026-04-23,23:45:00,00:00:00,>480 to 600,0,,
input_xlsx.xlsx,"ATR 1. Point Township Dr, south of Ridge Rd",Point Township Dr,EB,2026-04-23,23:45:00,00:00:00,>600 to 720,1,,
input_xlsx.xlsx,"ATR 1. Point Township Dr, south of Ridge Rd",Point Township Dr,EB,2026-04-23,23:45:00,00:00:00,>720 to 840,1,,
input_xlsx.xlsx,"ATR 1. Point Township Dr, south of Ridge Rd",Point Township Dr,EB,2026-04-23,23:45:00,00:00:00,>840 to 960,1,,
input_xlsx.xlsx,"ATR 1. Point Township Dr, south of Ridge Rd",Point Township Dr,EB,2026-04-23,23:45:00,00:00:00,> 960,0,,
input_xlsx.xlsx,"ATR 1. Point Township Dr, south of Ridge Rd",Point Township Dr,EB,2026-04-24,00:00:00,00:15:00,0 to 72,0,,
input_xlsx.xlsx,"ATR 1. Point Township Dr, south of Ridge Rd",Point Township Dr,EB,2026-04-24,00:00:00,00:15:00,>72 to 120,0,,
input_xlsx.xlsx,"ATR 1. Point Township Dr, south of Ridge Rd",Point Township Dr,EB,2026-04-24,00:00:00,00:15:00,>120 to 180,4,,
input_xlsx.xlsx,"ATR 1. Point Township Dr, south of Ridge Rd",Point Township Dr,EB,2026-04-24,00:00:00,00:15:00,>180 to 240,2,,
input_xlsx.xlsx,"ATR 1. Point Township Dr, south of Ridge Rd",Point Township Dr,EB,2026-04-24,00:00:00,00:15:00,>240 to 300,2,,
input_xlsx.xlsx,"ATR 1. Point Township Dr, south of Ridge Rd",Point Township Dr,EB,2026-04-24,00:00:00,00:15:00,>300 to 360,0,,
input_xlsx.xlsx,"ATR 1. Point Township Dr, south of Ridge Rd",Point Township Dr,EB,2026-04-24,00:00:00,00:15:00,>360 to 480,0,,
input_xlsx.xlsx,"ATR 1. Point Township Dr, south of Ridge Rd",Point Township Dr,EB,2026-04-24,00:00:00,00:15:00,>480 to 600,0,,
input_xlsx.xlsx,"ATR 1. Point Township Dr, south of Ridge Rd",Point Township Dr,EB,2026-04-24,00:00:00,00:15:00,>600 to 720,0,,
input_xlsx.xlsx,"ATR 1. Point Township Dr, south of Ridge Rd",Point Township Dr,EB,2026-04-24,00:00:00,00:15:00,>720 to 840,1,,
input_xlsx.xlsx,"ATR 1. Point Township Dr, south of Ridge Rd",Point Township Dr,EB,2026-04-24,00:00:00,00:15:00,>840 to 960,2,,
input_xlsx.xlsx,"ATR 1. Point Township Dr, south of Ridge Rd",Point Township Dr,EB,2026-04-24,00:00:00,00:15:00,> 960,0,,
input_xlsx.xlsx,"ATR 1. Point Township Dr, south of Ridge Rd",Point Township Dr,EB,2026-04-24,00:15:00,00:30:00,0 to 72,0,,
input_xlsx.xlsx,"ATR 1. Point Township Dr, south of Ridge Rd",Point Township Dr,EB,2026-04-24,00:15:00,00:30:00,>72 to 120,0,,
input_xlsx.xlsx,"ATR 1. Point Township Dr, south of Ridge Rd",Point Township Dr,EB,2026-04-24,00:15:00,00:30:00,>120 to 180,7,,
input_xlsx.xlsx,"ATR 1. Point Township Dr, south of Ridge Rd",Point Township Dr,EB,2026-04-24,00:15:00,00:30:00,>180 to 240,2,,
input_xlsx.xlsx,"ATR 1. Point Township Dr, south of Ridge Rd",Point Township Dr,EB,2026-04-24,00:15:00,00:30:00,>240 to 300,2,,
input_xlsx.xlsx,"ATR 1. Point Township Dr, south of Ridge Rd",Point Township Dr,EB,2026-04-24,00:15:00,00:30:00,>300 to 360,3,,
input_xlsx.xlsx,"ATR 1. Point Township Dr, south of Ridge Rd",Point Township Dr,EB,2026-04-24,00:15:00,00:30:00,>360 to 480,0,,
input_xlsx.xlsx,"ATR 1. Point Township Dr, south of Ridge Rd",Point Township Dr,EB,2026-04-24,00:15:00,00:30:00,>480 to 600,0,,
input_xlsx.xlsx,"ATR 1. Point Township Dr, south of Ridge Rd",Point Township Dr,EB,2026-04-24,00:15:00,00:30:00,>600 to 720,0,,
input_xlsx.xlsx,"ATR 1. Point Township Dr, south of Ridge Rd",Point Township Dr,EB,2026-04-24,00:15:00,00:30:00,>720 to 840,0,,
input_xlsx.xlsx,"ATR 1. Point Township Dr, south of Ridge Rd",Point Township Dr,EB,2026-04-24,00:15:00,00:30:00,>840 to 960,0,,
input_xlsx.xlsx,"ATR 1. Point Township Dr, south of Ridge Rd",Point Township Dr,EB,2026-04-24,00:15:00,00:30:00,> 960,0,,
input_xlsx.xlsx,"ATR 1. Point Township Dr, south of Ridge Rd",Point Township Dr,EB,2026-04-24,00:30:00,00:45:00,0 to 72,0,,
input_xlsx.xlsx,"ATR 1. Point Township Dr, south of Ridge Rd",Point Township Dr,EB,2026-04-24,00:30:00,00:45:00,>72 to 120,0,,
input_xlsx.xlsx,"ATR 1. Point Township Dr, south of Ridge Rd",Point Township Dr,EB,2026-04-24,00:30:00,00:45:00,>120 to 180,8,,
input_xlsx.xlsx,"ATR 1. Point Township Dr, south of Ridge Rd",Point Township Dr,EB,2026-04-24,00:30:00,00:45:00,>180 to 240,1,,
input_xlsx.xlsx,"ATR 1. Point Township Dr, south of Ridge Rd",Point Township Dr,EB,2026-04-24,00:30:00,00:45:00,>240 to 300,0,,
input_xlsx.xlsx,"ATR 1. Point Township Dr, south of Ridge Rd",Point Township Dr,EB,2026-04-24,00:30:00,00:45:00,>300 to 360,2,,
input_xlsx.xlsx,"ATR 1. Point Township Dr, south of Ridge Rd",Point Township Dr,EB,2026-04-24,00:30:00,00:45:00,>360 to 480,0,,
input_xlsx.xlsx,"ATR 1. Point Township Dr, south of Ridge Rd",Point Township Dr,EB,2026-04-24,00:30:00,00:45:00,>480 to 600,0,,
input_xlsx.xlsx,"ATR 1. Point Township Dr, south of Ridge Rd",Point Township Dr,EB,2026-04-24,00:30:00,00:45:00,>600 to 720,0,,
input_xlsx.xlsx,"ATR 1. Point Township Dr, south of Ridge Rd",Point Township Dr,EB,2026-04-24,00:30:00,00:45:00,>720 to 840,1,,
input_xlsx.xlsx,"ATR 1. Point Township Dr, south of Ridge Rd",Point Township Dr,EB,2026-04-24,00:30:00,00:45:00,>840 to 960,1,,
input_xlsx.xlsx,"ATR 1. Point Township Dr, south of Ridge Rd",Point Township Dr,EB,2026-04-24,00:30:00,00:45:00,> 960,0,,
input_xlsx.xlsx,"ATR 1. Point Township Dr, south of Ridge Rd",Point Township Dr,EB,2026-04-24,00:45:00,01:00:00,0 to 72,0,,
input_xlsx.xlsx,"ATR 1. Point Township Dr, south of Ridge Rd",Point Township Dr,EB,2026-04-24,00:45:00,01:00:00,>72 to 120,0,,
input_xlsx.xlsx,"ATR 1. Point Township Dr, south of Ridge Rd",Point Township Dr,EB,2026-04-24,00:45:00,01:00:00,>120 to 180,3,,
input_xlsx.xlsx,"ATR 1. Point Township Dr, south of Ridge Rd",Point Township Dr,EB,2026-04-24,00:45:00,01:00:00,>180 to 240,1,,
input_xlsx.xlsx,"ATR 1. Point Township Dr, south of Ridge Rd",Point Township Dr,EB,2026-04-24,00:45:00,01:00:00,>240 to 300,0,,
input_xlsx.xlsx,"ATR 1. Point Township Dr, south of Ridge Rd",Point Township Dr,EB,2026-04-24,00:45:00,01:00:00,>300 to 360,0,,
input_xlsx.xlsx,"ATR 1. Point Township Dr, south of Ridge Rd",Point Township Dr,EB,2026-04-24,00:45:00,01:00:00,>360 to 480,0,,
input_xlsx.xlsx,"ATR 1. Point Township Dr, south of Ridge Rd",Point Township Dr,EB,2026-04-24,00:45:00,01:00:00,>480 to 600,0,,
input_xlsx.xlsx,"ATR 1. Point Township Dr, south of Ridge Rd",Point Township Dr,EB,2026-04-24,00:45:00,01:00:00,>600 to 720,0,,
input_xlsx.xlsx,"ATR 1. Point Township Dr, south of Ridge Rd",Point Township Dr,EB,2026-04-24,00:45:00,01:00:00,>720 to 840,0,,
input_xlsx.xlsx,"ATR 1. Point Township Dr, south of Ridge Rd",Point Township Dr,EB,2026-04-24,00:45:00,01:00:00,>840 to 960,0,,
input_xlsx.xlsx,"ATR 1. Point Township Dr, south of Ridge Rd",Point Township Dr,EB,2026-04-24,00:45:00,01:00:00,> 960,0,,
input_xlsx.xlsx,"ATR 1. Point Township Dr, south of Ridge Rd",Point Township Dr,EB,2026-04-24,01:00:00,01:15:00,0 to 72,0,,
input_xlsx.xlsx,"ATR 1. Point Township Dr, south of Ridge Rd",Point Township Dr,EB,2026-04-24,01:00:00,01:15:00,>72 to 120,0,,
input_xlsx.xlsx,"ATR 1. Point Township Dr, south of Ridge Rd",Point Township Dr,EB,2026-04-24,01:00:00,01:15:00,>120 to 180,2,,
input_xlsx.xlsx,"ATR 1. Point Township Dr, south of Ridge Rd",Point Township Dr,EB,2026-04-24,01:00:00,01:15:00,>180 to 240,1,,
input_xlsx.xlsx,"ATR 1. Point Township Dr, south of Ridge Rd",Point Township Dr,EB,2026-04-24,01:00:00,01:15:00,>240 to 300,0,,
input_xlsx.xlsx,"ATR 1. Point Township Dr, south of Ridge Rd",Point Township Dr,EB,2026-04-24,01:00:00,01:15:00,>300 to 360,1,,
input_xlsx.xlsx,"ATR 1. Point Township Dr, south of Ridge Rd",Point Township Dr,EB,2026-04-24,01:00:00,01:15:00,>360 to 480,0,,
input_xlsx.xlsx,"ATR 1. Point Township Dr, south of Ridge Rd",Point Township Dr,EB,2026-04-24,01:00:00,01:15:00,>480 to 600,0,,
input_xlsx.xlsx,"ATR 1. Point Township Dr, south of Ridge Rd",Point Township Dr,EB,2026-04-24,01:00:00,01:15:00,>600 to 720,1,,
input_xlsx.xlsx,"ATR 1. Point Township Dr, south of Ridge Rd",Point Township Dr,EB,2026-04-24,01:00:00,01:15:00,>720 to 840,3,,
input_xlsx.xlsx,"ATR 1. Point Township Dr, south of Ridge Rd",Point Township Dr,EB,2026-04-24,01:00:00,01:15:00,>840 to 960,2,,
input_xlsx.xlsx,"ATR 1. Point Township Dr, south of Ridge Rd",Point Township Dr,EB,2026-04-24,01:00:00,01:15:00,> 960,0,,
input_xlsx.xlsx,"ATR 1. Point Township Dr, south of Ridge Rd",Point Township Dr,EB,2026-04-24,01:15:00,01:30:00,0 to 72,0,,
input_xlsx.xlsx,"ATR 1. Point Township Dr, south of Ridge Rd",Point Township Dr,EB,2026-04-24,01:15:00,01:30:00,>72 to 120,0,,
input_xlsx.xlsx,"ATR 1. Point Township Dr, south of Ridge Rd",Point Township Dr,EB,2026-04-24,01:15:00,01:30:00,>120 to 180,2,,
input_xlsx.xlsx,"ATR 1. Point Township Dr, south of Ridge Rd",Point Township Dr,EB,2026-04-24,01:15:00,01:30:00,>180 to 240,1,,
input_xlsx.xlsx,"ATR 1. Point Township Dr, south of Ridge Rd",Point Township Dr,EB,2026-04-24,01:15:00,01:30:00,>240 to 300,0,,
input_xlsx.xlsx,"ATR 1. Point Township Dr, south of Ridge Rd",Point Township Dr,EB,2026-04-24,01:15:00,01:30:00,>300 to 360,0,,
input_xlsx.xlsx,"ATR 1. Point Township Dr, south of Ridge Rd",Point Township Dr,EB,2026-04-24,01:15:00,01:30:00,>360 to 480,0,,
input_xlsx.xlsx,"ATR 1. Point Township Dr, south of Ridge Rd",Point Township Dr,EB,2026-04-24,01:15:00,01:30:00,>480 to 600,0,,
input_xlsx.xlsx,"ATR 1. Point Township Dr, south of Ridge Rd",Point Township Dr,EB,2026-04-24,01:15:00,01:30:00,>600 to 720,0,,
input_xlsx.xlsx,"ATR 1. Point Township Dr, south of Ridge Rd",Point Township Dr,EB,2026-04-24,01:15:00,01:30:00,>720 to 840,0,,
input_xlsx.xlsx,"ATR 1. Point Township Dr, south of Ridge Rd",Point Township Dr,EB,2026-04-24,01:15:00,01:30:00,>840 to 960,0,,
input_xlsx.xlsx,"ATR 1. Point Township Dr, south of Ridge Rd",Point Township Dr,EB,2026-04-24,01:15:00,01:30:00,> 960,0,,
input_xlsx.xlsx,"ATR 1. Point Township Dr, south of Ridge Rd",Point Township Dr,EB,2026-04-24,01:30:00,01:45:00,0 to 72,0,,
input_xlsx.xlsx,"ATR 1. Point Township Dr, south of Ridge Rd",Point Township Dr,EB,2026-04-24,01:30:00,01:45:00,>72 to 120,0,,
input_xlsx.xlsx,"ATR 1. Point Township Dr, south of Ridge Rd",Point Township Dr,EB,2026-04-24,01:30:00,01:45:00,>120 to 180,4,,
input_xlsx.xlsx,"ATR 1. Point Township Dr, south of Ridge Rd",Point Township Dr,EB,2026-04-24,01:30:00,01:45:00,>180 to 240,2,,
input_xlsx.xlsx,"ATR 1. Point Township Dr, south of Ridge Rd",Point Township Dr,EB,2026-04-24,01:30:00,01:45:00,>240 to 300,1,,
input_xlsx.xlsx,"ATR 1. Point Township Dr, south of Ridge Rd",Point Township Dr,EB,2026-04-24,01:30:00,01:45:00,>300 to 360,0,,
input_xlsx.xlsx,"ATR 1. Point Township Dr, south of Ridge Rd",Point Township Dr,EB,2026-04-24,01:30:00,01:45:00,>360 to 480,0,,
input_xlsx.xlsx,"ATR 1. Point Township Dr, south of Ridge Rd",Point Township Dr,EB,2026-04-24,01:30:00,01:45:00,>480 to 600,0,,
input_xlsx.xlsx,"ATR 1. Point Township Dr, south of Ridge Rd",Point Township Dr,EB,2026-04-24,01:30:00,01:45:00,>600 to 720,0,,
input_xlsx.xlsx,"ATR 1. Point Township Dr, south of Ridge Rd",Point Township Dr,EB,2026-04-24,01:30:00,01:45:00,>720 to 840,0,,
input_xlsx.xlsx,"ATR 1. Point Township Dr, south of Ridge Rd",Point Township Dr,EB,2026-04-24,01:30:00,01:45:00,>840 to 960,1,,
input_xlsx.xlsx,"ATR 1. Point Township Dr, south of Ridge Rd",Point Township Dr,EB,2026-04-24,01:30:00,01:45:00,> 960,0,,
input_xlsx.xlsx,"ATR 1. Point Township Dr, south of Ridge Rd",Point Township Dr,EB,2026-04-24,01:45:00,02:00:00,0 to 72,0,,
input_xlsx.xlsx,"ATR 1. Point Township Dr, south of Ridge Rd",Point Township Dr,EB,2026-04-24,01:45:00,02:00:00,>72 to 120,0,,
input_xlsx.xlsx,"ATR 1. Point Township Dr, south of Ridge Rd",Point Township Dr,EB,2026-04-24,01:45:00,02:00:00,>120 to 180,4,,
input_xlsx.xlsx,"ATR 1. Point Township Dr, south of Ridge Rd",Point Township Dr,EB,2026-04-24,01:45:00,02:00:00,>180 to 240,1,,
input_xlsx.xlsx,"ATR 1. Point Township Dr, south of Ridge Rd",Point Township Dr,EB,2026-04-24,01:45:00,02:00:00,>240 to 300,0,,
input_xlsx.xlsx,"ATR 1. Point Township Dr, south of Ridge Rd",Point Township Dr,EB,2026-04-24,01:45:00,02:00:00,>300 to 360,0,,
input_xlsx.xlsx,"ATR 1. Point Township Dr, south of Ridge Rd",Point Township Dr,EB,2026-04-24,01:45:00,02:00:00,>360 to 480,1,,
input_xlsx.xlsx,"ATR 1. Point Township Dr, south of Ridge Rd",Point Township Dr,EB,2026-04-24,01:45:00,02:00:00,>480 to 600,0,,
input_xlsx.xlsx,"ATR 1. Point Township Dr, south of Ridge Rd",Point Township Dr,EB,2026-04-24,01:45:00,02:00:00,>600 to 720,0,,
input_xlsx.xlsx,"ATR 1. Point Township Dr, south of Ridge Rd",Point Township Dr,EB,2026-04-24,01:45:00,02:00:00,>720 to 840,0,,
input_xlsx.xlsx,"ATR 1. Point Township Dr, south of Ridge Rd",Point Township Dr,EB,2026-04-24,01:45:00,02:00:00,>840 to 960,1,,
input_xlsx.xlsx,"ATR 1. Point Township Dr, south of Ridge Rd",Point Township Dr,EB,2026-04-24,01:45:00,02:00:00,> 960,0,,
input_xlsx.xlsx,"ATR 1. Point Township Dr, south of Ridge Rd",Point Township Dr,EB,2026-04-24,02:00:00,02:15:00,0 to 72,0,,
input_xlsx.xlsx,"ATR 1. Point Township Dr, south of Ridge Rd",Point Township Dr,EB,2026-04-24,02:00:00,02:15:00,>72 to 120,0,,
input_xlsx.xlsx,"ATR 1. Point Township Dr, south of Ridge Rd",Point Township Dr,EB,2026-04-24,02:00:00,02:15:00,>120 to 180,5,,
input_xlsx.xlsx,"ATR 1. Point Township Dr, south of Ridge Rd",Point Township Dr,EB,2026-04-24,02:00:00,02:15:00,>180 to 240,1,,
input_xlsx.xlsx,"ATR 1. Point Township Dr, south of Ridge Rd",Point Township Dr,EB,2026-04-24,02:00:00,02:15:00,>240 to 300,1,,
input_xlsx.xlsx,"ATR 1. Point Township Dr, south of Ridge Rd",Point Township Dr,EB,2026-04-24,02:00:00,02:15:00,>300 to 360,1,,
input_xlsx.xlsx,"ATR 1. Point Township Dr, south of Ridge Rd",Point Township Dr,EB,2026-04-24,02:00:00,02:15:00,>360 to 480,0,,
input_xlsx.xlsx,"ATR 1. Point Township Dr, south of Ridge Rd",Point Township Dr,EB,2026-04-24,02:00:00,02:15:00,>480 to 600,0,,
input_xlsx.xlsx,"ATR 1. Point Township Dr, south of Ridge Rd",Point Township Dr,EB,2026-04-24,02:00:00,02:15:00,>600 to 720,0,,
input_xlsx.xlsx,"ATR 1. Point Township Dr, south of Ridge Rd",Point Township Dr,EB,2026-04-24,02:00:00,02:15:00,>720 to 840,1,,
input_xlsx.xlsx,"ATR 1. Point Township Dr, south of Ridge Rd",Point Township Dr,EB,2026-04-24,02:00:00,02:15:00,>840 to 960,0,,
input_xlsx.xlsx,"ATR 1. Point Township Dr, south of Ridge Rd",Point Township Dr,EB,2026-04-24,02:00:00,02:15:00,> 960,0,,
input_xlsx.xlsx,"ATR 1. Point Township Dr, south of Ridge Rd",Point Township Dr,EB,2026-04-24,02:15:00,02:30:00,0 to 72,0,,
input_xlsx.xlsx,"ATR 1. Point Township Dr, south of Ridge Rd",Point Township Dr,EB,2026-04-24,02:15:00,02:30:00,>72 to 120,0,,
input_xlsx.xlsx,"ATR 1. Point Township Dr, south of Ridge Rd",Point Township Dr,EB,2026-04-24,02:15:00,02:30:00,>120 to 180,0,,
input_xlsx.xlsx,"ATR 1. Point Township Dr, south of Ridge Rd",Point Township Dr,EB,2026-04-24,02:15:00,02:30:00,>180 to 240,1,,
input_xlsx.xlsx,"ATR 1. Point Township Dr, south of Ridge Rd",Point Township Dr,EB,2026-04-24,02:15:00,02:30:00,>240 to 300,0,,
input_xlsx.xlsx,"ATR 1. Point Township Dr, south of Ridge Rd",Point Township Dr,EB,2026-04-24,02:15:00,02:30:00,>300 to 360,0,,
input_xlsx.xlsx,"ATR 1. Point Township Dr, south of Ridge Rd",Point Township Dr,EB,2026-04-24,02:15:00,02:30:00,>360 to 480,1,,
input_xlsx.xlsx,"ATR 1. Point Township Dr, south of Ridge Rd",Point Township Dr,EB,2026-04-24,02:15:00,02:30:00,>480 to 600,0,,
input_xlsx.xlsx,"ATR 1. Point Township Dr, south of Ridge Rd",Point Township Dr,EB,2026-04-24,02:15:00,02:30:00,>600 to 720,1,,
input_xlsx.xlsx,"ATR 1. Point Township Dr, south of Ridge Rd",Point Township Dr,EB,2026-04-24,02:15:00,02:30:00,>720 to 840,1,,
input_xlsx.xlsx,"ATR 1. Point Township Dr, south of Ridge Rd",Point Township Dr,EB,2026-04-24,02:15:00,02:30:00,>840 to 960,0,,
input_xlsx.xlsx,"ATR 1. Point Township Dr, south of Ridge Rd",Point Township Dr,EB,2026-04-24,02:15:00,02:30:00,> 960,0,,
input_xlsx.xlsx,"ATR 1. Point Township Dr, south of Ridge Rd",Point Township Dr,EB,2026-04-24,02:30:00,02:45:00,0 to 72,0,,
input_xlsx.xlsx,"ATR 1. Point Township Dr, south of Ridge Rd",Point Township Dr,EB,2026-04-24,02:30:00,02:45:00,>72 to 120,0,,
input_xlsx.xlsx,"ATR 1. Point Township Dr, south of Ridge Rd",Point Township Dr,EB,2026-04-24,02:30:00,02:45:00,>120 to 180,1,,
input_xlsx.xlsx,"ATR 1. Point Township Dr, south of Ridge Rd",Point Township Dr,EB,2026-04-24,02:30:00,02:45:00,>180 to 240,1,,
input_xlsx.xlsx,"ATR 1. Point Township Dr, south of Ridge Rd",Point Township Dr,EB,2026-04-24,02:30:00,02:45:00,>240 to 300,1,,
input_xlsx.xlsx,"ATR 1. Point Township Dr, south of Ridge Rd",Point Township Dr,EB,2026-04-24,02:30:00,02:45:00,>300 to 360,0,,
input_xlsx.xlsx,"ATR 1. Point Township Dr, south of Ridge Rd",Point Township Dr,EB,2026-04-24,02:30:00,02:45:00,>360 to 480,1,,
input_xlsx.xlsx,"ATR 1. Point Township Dr, south of Ridge Rd",Point Township Dr,EB,2026-04-24,02:30:00,02:45:00,>480 to 600,0,,
input_xlsx.xlsx,"ATR 1. Point Township Dr, south of Ridge Rd",Point Township Dr,EB,2026-04-24,02:30:00,02:45:00,>600 to 720,0,,
input_xlsx.xlsx,"ATR 1. Point Township Dr, south of Ridge Rd",Point Township Dr,EB,2026-04-24,02:30:00,02:45:00,>720 to 840,0,,
input_xlsx.xlsx,"ATR 1. Point Township Dr, south of Ridge Rd",Point Township Dr,EB,2026-04-24,02:30:00,02:45:00,>840 to 960,1,,
input_xlsx.xlsx,"ATR 1. Point Township Dr, south of Ridge Rd",Point Township Dr,EB,2026-04-24,02:30:00,02:45:00,> 960,0,,
input_xlsx.xlsx,"ATR 1. Point Township Dr, south of Ridge Rd",Point Township Dr,EB,2026-04-24,02:45:00,03:00:00,0 to 72,0,,
input_xlsx.xlsx,"ATR 1. Point Township Dr, south of Ridge Rd",Point Township Dr,EB,2026-04-24,02:45:00,03:00:00,>72 to 120,0,,
input_xlsx.xlsx,"ATR 1. Point Township Dr, south of Ridge Rd",Point Township Dr,EB,2026-04-24,02:45:00,03:00:00,>120 to 180,5,,
input_xlsx.xlsx,"ATR 1. Point Township Dr, south of Ridge Rd",Point Township Dr,EB,2026-04-24,02:45:00,03:00:00,>180 to 240,0,,
input_xlsx.xlsx,"ATR 1. Point Township Dr, south of Ridge Rd",Point Township Dr,EB,2026-04-24,02:45:00,03:00:00,>240 to 300,0,,
input_xlsx.xlsx,"ATR 1. Point Township Dr, south of Ridge Rd",Point Township Dr,EB,2026-04-24,02:45:00,03:00:00,>300 to 360,0,,
input_xlsx.xlsx,"ATR 1. Point Township Dr, south of Ridge Rd",Point Township Dr,EB,2026-04-24,02:45:00,03:00:00,>360 to 480,0,,
input_xlsx.xlsx,"ATR 1. Point Township Dr, south of Ridge Rd",Point Township Dr,EB,2026-04-24,02:45:00,03:00:00,>480 to 600,0,,
input_xlsx.xlsx,"ATR 1. Point Township Dr, south of Ridge Rd",Point Township Dr,EB,2026-04-24,02:45:00,03:00:00,>600 to 720,1,,
input_xlsx.xlsx,"ATR 1. Point Township Dr, south of Ridge Rd",Point Township Dr,EB,2026-04-24,02:45:00,03:00:00,>720 to 840,1,,
input_xlsx.xlsx,"ATR 1. Point Township Dr, south of Ridge Rd",Point Township Dr,EB,2026-04-24,02:45:00,03:00:00,>840 to 960,1,,
input_xlsx.xlsx,"ATR 1. Point Township Dr, south of Ridge Rd",Point Township Dr,EB,2026-04-24,02:45:00,03:00:00,> 960,0,,
input_xlsx.xlsx,"ATR 1. Point Township Dr, south of Ridge Rd",Point Township Dr,EB,2026-04-24,03:00:00,03:15:00,0 to 72,0,,
input_xlsx.xlsx,"ATR 1. Point Township Dr, south of Ridge Rd",Point Township Dr,EB,2026-04-24,03:00:00,03:15:00,>72 to 120,0,,
input_xlsx.xlsx,"ATR 1. Point Township Dr, south of Ridge Rd",Point Township Dr,EB,2026-04-24,03:00:00,03:15:00,>120 to 180,1,,
input_xlsx.xlsx,"ATR 1. Point Township Dr, south of Ridge Rd",Point Township Dr,EB,2026-04-24,03:00:00,03:15:00,>180 to 240,1,,
input_xlsx.xlsx,"ATR 1. Point Township Dr, south of Ridge Rd",Point Township Dr,EB,2026-04-24,03:00:00,03:15:00,>240 to 300,1,,
input_xlsx.xlsx,"ATR 1. Point Township Dr, south of Ridge Rd",Point Township Dr,EB,2026-04-24,03:00:00,03:15:00,>300 to 360,0,,
input_xlsx.xlsx,"ATR 1. Point Township Dr, south of Ridge Rd",Point Township Dr,EB,2026-04-24,03:00:00,03:15:00,>360 to 480,1,,
input_xlsx.xlsx,"ATR 1. Point Township Dr, south of Ridge Rd",Point Township Dr,EB,2026-04-24,03:00:00,03:15:00,>480 to 600,0,,
input_xlsx.xlsx,"ATR 1. Point Township Dr, south of Ridge Rd",Point Township Dr,EB,2026-04-24,03:00:00,03:15:00,>600 to 720,0,,
input_xlsx.xlsx,"ATR 1. Point Township Dr, south of Ridge Rd",Point Township Dr,EB,2026-04-24,03:00:00,03:15:00,>720 to 840,2,,
input_xlsx.xlsx,"ATR 1. Point Township Dr, south of Ridge Rd",Point Township Dr,EB,2026-04-24,03:00:00,03:15:00,>840 to 960,0,,
input_xlsx.xlsx,"ATR 1. Point Township Dr, south of Ridge Rd",Point Township Dr,EB,2026-04-24,03:00:00,03:15:00,> 960,0,,
input_xlsx.xlsx,"ATR 1. Point Township Dr, south of Ridge Rd",Point Township Dr,EB,2026-04-24,03:15:00,03:30:00,0 to 72,0,,
input_xlsx.xlsx,"ATR 1. Point Township Dr, south of Ridge Rd",Point Township Dr,EB,2026-04-24,03:15:00,03:30:00,>72 to 120,0,,
input_xlsx.xlsx,"ATR 1. Point Township Dr, south of Ridge Rd",Point Township Dr,EB,2026-04-24,03:15:00,03:30:00,>120 to 180,2,,
input_xlsx.xlsx,"ATR 1. Point Township Dr, south of Ridge Rd",Point Township Dr,EB,2026-04-24,03:15:00,03:30:00,>180 to 240,1,,
input_xlsx.xlsx,"ATR 1. Point Township Dr, south of Ridge Rd",Point Township Dr,EB,2026-04-24,03:15:00,03:30:00,>240 to 300,0,,
input_xlsx.xlsx,"ATR 1. Point Township Dr, south of Ridge Rd",Point Township Dr,EB,2026-04-24,03:15:00,03:30:00,>300 to 360,1,,
input_xlsx.xlsx,"ATR 1. Point Township Dr, south of Ridge Rd",Point Township Dr,EB,2026-04-24,03:15:00,03:30:00,>360 to 480,1,,
input_xlsx.xlsx,"ATR 1. Point Township Dr, south of Ridge Rd",Point Township Dr,EB,2026-04-24,03:15:00,03:30:00,>480 to 600,1,,
input_xlsx.xlsx,"ATR 1. Point Township Dr, south of Ridge Rd",Point Township Dr,EB,2026-04-24,03:15:00,03:30:00,>600 to 720,1,,
input_xlsx.xlsx,"ATR 1. Point Township Dr, south of Ridge Rd",Point Township Dr,EB,2026-04-24,03:15:00,03:30:00,>720 to 840,0,,
input_xlsx.xlsx,"ATR 1. Point Township Dr, south of Ridge Rd",Point Township Dr,EB,2026-04-24,03:15:00,03:30:00,>840 to 960,1,,
input_xlsx.xlsx,"ATR 1. Point Township Dr, south of Ridge Rd",Point Township Dr,EB,2026-04-24,03:15:00,03:30:00,> 960,0,,
input_xlsx.xlsx,"ATR 1. Point Township Dr, south of Ridge Rd",Point Township Dr,EB,2026-04-24,03:30:00,03:45:00,0 to 72,0,,
input_xlsx.xlsx,"ATR 1. Point Township Dr, south of Ridge Rd",Point Township Dr,EB,2026-04-24,03:30:00,03:45:00,>72 to 120,0,,
input_xlsx.xlsx,"ATR 1. Point Township Dr, south of Ridge Rd",Point Township Dr,EB,2026-04-24,03:30:00,03:45:00,>120 to 180,7,,
input_xlsx.xlsx,"ATR 1. Point Township Dr, south of Ridge Rd",Point Township Dr,EB,2026-04-24,03:30:00,03:45:00,>180 to 240,2,,
input_xlsx.xlsx,"ATR 1. Point Township Dr, south of Ridge Rd",Point Township Dr,EB,2026-04-24,03:30:00,03:45:00,>240 to 300,0,,
input_xlsx.xlsx,"ATR 1. Point Township Dr, south of Ridge Rd",Point Township Dr,EB,2026-04-24,03:30:00,03:45:00,>300 to 360,0,,
input_xlsx.xlsx,"ATR 1. Point Township Dr, south of Ridge Rd",Point Township Dr,EB,2026-04-24,03:30:00,03:45:00,>360 to 480,0,,
input_xlsx.xlsx,"ATR 1. Point Township Dr, south of Ridge Rd",Point Township Dr,EB,2026-04-24,03:30:00,03:45:00,>480 to 600,0,,
input_xlsx.xlsx,"ATR 1. Point Township Dr, south of Ridge Rd",Point Township Dr,EB,2026-04-24,03:30:00,03:45:00,>600 to 720,0,,
input_xlsx.xlsx,"ATR 1. Point Township Dr, south of Ridge Rd",Point Township Dr,EB,2026-04-24,03:30:00,03:45:00,>720 to 840,1,,
input_xlsx.xlsx,"ATR 1. Point Township Dr, south of Ridge Rd",Point Township Dr,EB,2026-04-24,03:30:00,03:45:00,>840 to 960,0,,
input_xlsx.xlsx,"ATR 1. Point Township Dr, south of Ridge Rd",Point Township Dr,EB,2026-04-24,03:30:00,03:45:00,> 960,0,,
input_xlsx.xlsx,"ATR 1. Point Township Dr, south of Ridge Rd",Point Township Dr,EB,2026-04-24,03:45:00,04:00:00,0 to 72,0,,
input_xlsx.xlsx,"ATR 1. Point Township Dr, south of Ridge Rd",Point Township Dr,EB,2026-04-24,03:45:00,04:00:00,>72 to 120,0,,
input_xlsx.xlsx,"ATR 1. Point Township Dr, south of Ridge Rd",Point Township Dr,EB,2026-04-24,03:45:00,04:00:00,>120 to 180,2,,
input_xlsx.xlsx,"ATR 1. Point Township Dr, south of Ridge Rd",Point Township Dr,EB,2026-04-24,03:45:00,04:00:00,>180 to 240,1,,
input_xlsx.xlsx,"ATR 1. Point Township Dr, south of Ridge Rd",Point Township Dr,EB,2026-04-24,03:45:00,04:00:00,>240 to 300,1,,
input_xlsx.xlsx,"ATR 1. Point Township Dr, south of Ridge Rd",Point Township Dr,EB,2026-04-24,03:45:00,04:00:00,>300 to 360,0,,
input_xlsx.xlsx,"ATR 1. Point Township Dr, south of Ridge Rd",Point Township Dr,EB,2026-04-24,03:45:00,04:00:00,>360 to 480,0,,
input_xlsx.xlsx,"ATR 1. Point Township Dr, south of Ridge Rd",Point Township Dr,EB,2026-04-24,03:45:00,04:00:00,>480 to 600,0,,
input_xlsx.xlsx,"ATR 1. Point Township Dr, south of Ridge Rd",Point Township Dr,EB,2026-04-24,03:45:00,04:00:00,>600 to 720,0,,
input_xlsx.xlsx,"ATR 1. Point Township Dr, south of Ridge Rd",Point Township Dr,EB,2026-04-24,03:45:00,04:00:00,>720 to 840,1,,
input_xlsx.xlsx,"ATR 1. Point Township Dr, south of Ridge Rd",Point Township Dr,EB,2026-04-24,03:45:00,04:00:00,>840 to 960,1,,
input_xlsx.xlsx,"ATR 1. Point Township Dr, south of Ridge Rd",Point Township Dr,EB,2026-04-24,03:45:00,04:00:00,> 960,0,,
input_xlsx.xlsx,"ATR 1. Point Township Dr, south of Ridge Rd",Point Township Dr,EB,2026-04-24,04:00:00,04:15:00,0 to 72,0,,
input_xlsx.xlsx,"ATR 1. Point Township Dr, south of Ridge Rd",Point Township Dr,EB,2026-04-24,04:00:00,04:15:00,>72 to 120,0,,
input_xlsx.xlsx,"ATR 1. Point Township Dr, south of Ridge Rd",Point Township Dr,EB,2026-04-24,04:00:00,04:15:00,>120 to 180,1,,
input_xlsx.xlsx,"ATR 1. Point Township Dr, south of Ridge Rd",Point Township Dr,EB,2026-04-24,04:00:00,04:15:00,>180 to 240,4,,
input_xlsx.xlsx,"ATR 1. Point Township Dr, south of Ridge Rd",Point Township Dr,EB,2026-04-24,04:00:00,04:15:00,>240 to 300,3,,
input_xlsx.xlsx,"ATR 1. Point Township Dr, south of Ridge Rd",Point Township Dr,EB,2026-04-24,04:00:00,04:15:00,>300 to 360,1,,
input_xlsx.xlsx,"ATR 1. Point Township Dr, south of Ridge Rd",Point Township Dr,EB,2026-04-24,04:00:00,04:15:00,>360 to 480,0,,
input_xlsx.xlsx,"ATR 1. Point Township Dr, south of Ridge Rd",Point Township Dr,EB,2026-04-24,04:00:00,04:15:00,>480 to 600,0,,
input_xlsx.xlsx,"ATR 1. Point Township Dr, south of Ridge Rd",Point Township Dr,EB,2026-04-24,04:00:00,04:15:00,>600 to 720,0,,
input_xlsx.xlsx,"ATR 1. Point Township Dr, south of Ridge Rd",Point Township Dr,EB,2026-04-24,04:00:00,04:15:00,>720 to 840,1,,
input_xlsx.xlsx,"ATR 1. Point Township Dr, south of Ridge Rd",Point Township Dr,EB,2026-04-24,04:00:00,04:15:00,>840 to 960,0,,
input_xlsx.xlsx,"ATR 1. Point Township Dr, south of Ridge Rd",Point Township Dr,EB,2026-04-24,04:00:00,04:15:00,> 960,0,,
input_xlsx.xlsx,"ATR 1. Point Township Dr, south of Ridge Rd",Point Township Dr,EB,2026-04-24,04:15:00,04:30:00,0 to 72,0,,
input_xlsx.xlsx,"ATR 1. Point Township Dr, south of Ridge Rd",Point Township Dr,EB,2026-04-24,04:15:00,04:30:00,>72 to 120,0,,
input_xlsx.xlsx,"ATR 1. Point Township Dr, south of Ridge Rd",Point Township Dr,EB,2026-04-24,04:15:00,04:30:00,>120 to 180,8,,
input_xlsx.xlsx,"ATR 1. Point Township Dr, south of Ridge Rd",Point Township Dr,EB,2026-04-24,04:15:00,04:30:00,>180 to 240,5,,
input_xlsx.xlsx,"ATR 1. Point Township Dr, south of Ridge Rd",Point Township Dr,EB,2026-04-24,04:15:00,04:30:00,>240 to 300,0,,
input_xlsx.xlsx,"ATR 1. Point Township Dr, south of Ridge Rd",Point Township Dr,EB,2026-04-24,04:15:00,04:30:00,>300 to 360,1,,
input_xlsx.xlsx,"ATR 1. Point Township Dr, south of Ridge Rd",Point Township Dr,EB,2026-04-24,04:15:00,04:30:00,>360 to 480,1,,
input_xlsx.xlsx,"ATR 1. Point Township Dr, south of Ridge Rd",Point Township Dr,EB,2026-04-24,04:15:00,04:30:00,>480 to 600,1,,
input_xlsx.xlsx,"ATR 1. Point Township Dr, south of Ridge Rd",Point Township Dr,EB,2026-04-24,04:15:00,04:30:00,>600 to 720,0,,
input_xlsx.xlsx,"ATR 1. Point Township Dr, south of Ridge Rd",Point Township Dr,EB,2026-04-24,04:15:00,04:30:00,>720 to 840,0,,
input_xlsx.xlsx,"ATR 1. Point Township Dr, south of Ridge Rd",Point Township Dr,EB,2026-04-24,04:15:00,04:30:00,>840 to 960,1,,
input_xlsx.xlsx,"ATR 1. Point Township Dr, south of Ridge Rd",Point Township Dr,EB,2026-04-24,04:15:00,04:30:00,> 960,0,,
input_xlsx.xlsx,"ATR 1. Point Township Dr, south of Ridge Rd",Point Township Dr,EB,2026-04-24,04:30:00,04:45:00,0 to 72,0,,
input_xlsx.xlsx,"ATR 1. Point Township Dr, south of Ridge Rd",Point Township Dr,EB,2026-04-24,04:30:00,04:45:00,>72 to 120,0,,
input_xlsx.xlsx,"ATR 1. Point Township Dr, south of Ridge Rd",Point Township Dr,EB,2026-04-24,04:30:00,04:45:00,>120 to 180,5,,
input_xlsx.xlsx,"ATR 1. Point Township Dr, south of Ridge Rd",Point Township Dr,EB,2026-04-24,04:30:00,04:45:00,>180 to 240,2,,
input_xlsx.xlsx,"ATR 1. Point Township Dr, south of Ridge Rd",Point Township Dr,EB,2026-04-24,04:30:00,04:45:00,>240 to 300,2,,
input_xlsx.xlsx,"ATR 1. Point Township Dr, south of Ridge Rd",Point Township Dr,EB,2026-04-24,04:30:00,04:45:00,>300 to 360,0,,
input_xlsx.xlsx,"ATR 1. Point Township Dr, south of Ridge Rd",Point Township Dr,EB,2026-04-24,04:30:00,04:45:00,>360 to 480,0,,
input_xlsx.xlsx,"ATR 1. Point Township Dr, south of Ridge Rd",Point Township Dr,EB,2026-04-24,04:30:00,04:45:00,>480 to 600,0,,
input_xlsx.xlsx,"ATR 1. Point Township Dr, south of Ridge Rd",Point Township Dr,EB,2026-04-24,04:30:00,04:45:00,>600 to 720,0,,
input_xlsx.xlsx,"ATR 1. Point Township Dr, south of Ridge Rd",Point Township Dr,EB,2026-04-24,04:30:00,04:45:00,>720 to 840,1,,
input_xlsx.xlsx,"ATR 1. Point Township Dr, south of Ridge Rd",Point Township Dr,EB,2026-04-24,04:30:00,04:45:00,>840 to 960,0,,
input_xlsx.xlsx,"ATR 1. Point Township Dr, south of Ridge Rd",Point Township Dr,EB,2026-04-24,04:30:00,04:45:00,> 960,0,,
input_xlsx.xlsx,"ATR 1. Point Township Dr, south of Ridge Rd",Point Township Dr,EB,2026-04-24,04:45:00,05:00:00,0 to 72,0,,
input_xlsx.xlsx,"ATR 1. Point Township Dr, south of Ridge Rd",Point Township Dr,EB,2026-04-24,04:45:00,05:00:00,>72 to 120,0,,
input_xlsx.xlsx,"ATR 1. Point Township Dr, south of Ridge Rd",Point Township Dr,EB,2026-04-24,04:45:00,05:00:00,>120 to 180,12,,
input_xlsx.xlsx,"ATR 1. Point Township Dr, south of Ridge Rd",Point Township Dr,EB,2026-04-24,04:45:00,05:00:00,>180 to 240,8,,
input_xlsx.xlsx,"ATR 1. Point Township Dr, south of Ridge Rd",Point Township Dr,EB,2026-04-24,04:45:00,05:00:00,>240 to 300,2,,
input_xlsx.xlsx,"ATR 1. Point Township Dr, south of Ridge Rd",Point Township Dr,EB,2026-04-24,04:45:00,05:00:00,>300 to 360,0,,
input_xlsx.xlsx,"ATR 1. Point Township Dr, south of Ridge Rd",Point Township Dr,EB,2026-04-24,04:45:00,05:00:00,>360 to 480,2,,
input_xlsx.xlsx,"ATR 1. Point Township Dr, south of Ridge Rd",Point Township Dr,EB,2026-04-24,04:45:00,05:00:00,>480 to 600,0,,
input_xlsx.xlsx,"ATR 1. Point Township Dr, south of Ridge Rd",Point Township Dr,EB,2026-04-24,04:45:00,05:00:00,>600 to 720,0,,
input_xlsx.xlsx,"ATR 1. Point Township Dr, south of Ridge Rd",Point Township Dr,EB,2026-04-24,04:45:00,05:00:00,>720 to 840,2,,
input_xlsx.xlsx,"ATR 1. Point Township Dr, south of Ridge Rd",Point Township Dr,EB,2026-04-24,04:45:00,05:00:00,>840 to 960,0,,
input_xlsx.xlsx,"ATR 1. Point Township Dr, south of Ridge Rd",Point Township Dr,EB,2026-04-24,04:45:00,05:00:00,> 960,0,,
input_xlsx.xlsx,"ATR 1. Point Township Dr, south of Ridge Rd",Point Township Dr,EB,2026-04-24,05:00:00,05:15:00,0 to 72,0,,
input_xlsx.xlsx,"ATR 1. Point Township Dr, south of Ridge Rd",Point Township Dr,EB,2026-04-24,05:00:00,05:15:00,>72 to 120,0,,
input_xlsx.xlsx,"ATR 1. Point Township Dr, south of Ridge Rd",Point Township Dr,EB,2026-04-24,05:00:00,05:15:00,>120 to 180,13,,
input_xlsx.xlsx,"ATR 1. Point Township Dr, south of Ridge Rd",Point Township Dr,EB,2026-04-24,05:00:00,05:15:00,>180 to 240,15,,
input_xlsx.xlsx,"ATR 1. Point Township Dr, south of Ridge Rd",Point Township Dr,EB,2026-04-24,05:00:00,05:15:00,>240 to 300,0,,
input_xlsx.xlsx,"ATR 1. Point Township Dr, south of Ridge Rd",Point Township Dr,EB,2026-04-24,05:00:00,05:15:00,>300 to 360,1,,
input_xlsx.xlsx,"ATR 1. Point Township Dr, south of Ridge Rd",Point Township Dr,EB,2026-04-24,05:00:00,05:15:00,>360 to 480,2,,
input_xlsx.xlsx,"ATR 1. Point Township Dr, south of Ridge Rd",Point Township Dr,EB,2026-04-24,05:00:00,05:15:00,>480 to 600,0,,
input_xlsx.xlsx,"ATR 1. Point Township Dr, south of Ridge Rd",Point Township Dr,EB,2026-04-24,05:00:00,05:15:00,>600 to 720,0,,
input_xlsx.xlsx,"ATR 1. Point Township Dr, south of Ridge Rd",Point Township Dr,EB,2026-04-24,05:00:00,05:15:00,>720 to 840,1,,
input_xlsx.xlsx,"ATR 1. Point Township Dr, south of Ridge Rd",Point Township Dr,EB,2026-04-24,05:00:00,05:15:00,>840 to 960,0,,
input_xlsx.xlsx,"ATR 1. Point Township Dr, south of Ridge Rd",Point Township Dr,EB,2026-04-24,05:00:00,05:15:00,> 960,0,,
input_xlsx.xlsx,"ATR 1. Point Township Dr, south of Ridge Rd",Point Township Dr,EB,2026-04-24,05:15:00,05:30:00,0 to 72,0,,
input_xlsx.xlsx,"ATR 1. Point Township Dr, south of Ridge Rd",Point Township Dr,EB,2026-04-24,05:15:00,05:30:00,>72 to 120,0,,
input_xlsx.xlsx,"ATR 1. Point Township Dr, south of Ridge Rd",Point Township Dr,EB,2026-04-24,05:15:00,05:30:00,>120 to 180,31,,
input_xlsx.xlsx,"ATR 1. Point Township Dr, south of Ridge Rd",Point Township Dr,EB,2026-04-24,05:15:00,05:30:00,>180 to 240,15,,
input_xlsx.xlsx,"ATR 1. Point Township Dr, south of Ridge Rd",Point Township Dr,EB,2026-04-24,05:15:00,05:30:00,>240 to 300,3,,
input_xlsx.xlsx,"ATR 1. Point Township Dr, south of Ridge Rd",Point Township Dr,EB,2026-04-24,05:15:00,05:30:00,>300 to 360,0,,
input_xlsx.xlsx,"ATR 1. Point Township Dr, south of Ridge Rd",Point Township Dr,EB,2026-04-24,05:15:00,05:30:00,>360 to 480,3,,
input_xlsx.xlsx,"ATR 1. Point Township Dr, south of Ridge Rd",Point Township Dr,EB,2026-04-24,05:15:00,05:30:00,>480 to 600,0,,
input_xlsx.xlsx,"ATR 1. Point Township Dr, south of Ridge Rd",Point Township Dr,EB,2026-04-24,05:15:00,05:30:00,>600 to 720,2,,
input_xlsx.xlsx,"ATR 1. Point Township Dr, south of Ridge Rd",Point Township Dr,EB,2026-04-24,05:15:00,05:30:00,>720 to 840,2,,
input_xlsx.xlsx,"ATR 1. Point Township Dr, south of Ridge Rd",Point Township Dr,EB,2026-04-24,05:15:00,05:30:00,>840 to 960,0,,
input_xlsx.xlsx,"ATR 1. Point Township Dr, south of Ridge Rd",Point Township Dr,EB,2026-04-24,05:15:00,05:30:00,> 960,0,,
input_xlsx.xlsx,"ATR 1. Point Township Dr, south of Ridge Rd",Point Township Dr,EB,2026-04-24,05:30:00,05:45:00,0 to 72,0,,
input_xlsx.xlsx,"ATR 1. Point Township Dr, south of Ridge Rd",Point Township Dr,EB,2026-04-24,05:30:00,05:45:00,>72 to 120,0,,
input_xlsx.xlsx,"ATR 1. Point Township Dr, south of Ridge Rd",Point Township Dr,EB,2026-04-24,05:30:00,05:45:00,>120 to 180,28,,
input_xlsx.xlsx,"ATR 1. Point Township Dr, south of Ridge Rd",Point Township Dr,EB,2026-04-24,05:30:00,05:45:00,>180 to 240,16,,
input_xlsx.xlsx,"ATR 1. Point Township Dr, south of Ridge Rd",Point Township Dr,EB,2026-04-24,05:30:00,05:45:00,>240 to 300,2,,
input_xlsx.xlsx,"ATR 1. Point Township Dr, south of Ridge Rd",Point Township Dr,EB,2026-04-24,05:30:00,05:45:00,>300 to 360,1,,
input_xlsx.xlsx,"ATR 1. Point Township Dr, south of Ridge Rd",Point Township Dr,EB,2026-04-24,05:30:00,05:45:00,>360 to 480,2,,
input_xlsx.xlsx,"ATR 1. Point Township Dr, south of Ridge Rd",Point Township Dr,EB,2026-04-24,05:30:00,05:45:00,>480 to 600,2,,
input_xlsx.xlsx,"ATR 1. Point Township Dr, south of Ridge Rd",Point Township Dr,EB,2026-04-24,05:30:00,05:45:00,>600 to 720,1,,
input_xlsx.xlsx,"ATR 1. Point Township Dr, south of Ridge Rd",Point Township Dr,EB,2026-04-24,05:30:00,05:45:00,>720 to 840,1,,
input_xlsx.xlsx,"ATR 1. Point Township Dr, south of Ridge Rd",Point Township Dr,EB,2026-04-24,05:30:00,05:45:00,>840 to 960,0,,
input_xlsx.xlsx,"ATR 1. Point Township Dr, south of Ridge Rd",Point Township Dr,EB,2026-04-24,05:30:00,05:45:00,> 960,0,,
input_xlsx.xlsx,"ATR 1. Point Township Dr, south of Ridge Rd",Point Township Dr,EB,2026-04-24,05:45:00,06:00:00,0 to 72,0,,
input_xlsx.xlsx,"ATR 1. Point Township Dr, south of Ridge Rd",Point Township Dr,EB,2026-04-24,05:45:00,06:00:00,>72 to 120,0,,
input_xlsx.xlsx,"ATR 1. Point Township Dr, south of Ridge Rd",Point Township Dr,EB,2026-04-24,05:45:00,06:00:00,>120 to 180,37,,
input_xlsx.xlsx,"ATR 1. Point Township Dr, south of Ridge Rd",Point Township Dr,EB,2026-04-24,05:45:00,06:00:00,>180 to 240,12,,
input_xlsx.xlsx,"ATR 1. Point Township Dr, south of Ridge Rd",Point Township Dr,EB,2026-04-24,05:45:00,06:00:00,>240 to 300,2,,
input_xlsx.xlsx,"ATR 1. Point Township Dr, south of Ridge Rd",Point Township Dr,EB,2026-04-24,05:45:00,06:00:00,>300 to 360,0,,
input_xlsx.xlsx,"ATR 1. Point Township Dr, south of Ridge Rd",Point Township Dr,EB,2026-04-24,05:45:00,06:00:00,>360 to 480,1,,
input_xlsx.xlsx,"ATR 1. Point Township Dr, south of Ridge Rd",Point Township Dr,EB,2026-04-24,05:45:00,06:00:00,>480 to 600,0,,
input_xlsx.xlsx,"ATR 1. Point Township Dr, south of Ridge Rd",Point Township Dr,EB,2026-04-24,05:45:00,06:00:00,>600 to 720,2,,
input_xlsx.xlsx,"ATR 1. Point Township Dr, south of Ridge Rd",Point Township Dr,EB,2026-04-24,05:45:00,06:00:00,>720 to 840,1,,
input_xlsx.xlsx,"ATR 1. Point Township Dr, south of Ridge Rd",Point Township Dr,EB,2026-04-24,05:45:00,06:00:00,>840 to 960,2,,
input_xlsx.xlsx,"ATR 1. Point Township Dr, south of Ridge Rd",Point Township Dr,EB,2026-04-24,05:45:00,06:00:00,> 960,0,,
input_xlsx.xlsx,"ATR 1. Point Township Dr, south of Ridge Rd",Point Township Dr,EB,2026-04-24,06:00:00,06:15:00,0 to 72,0,,
input_xlsx.xlsx,"ATR 1. Point Township Dr, south of Ridge Rd",Point Township Dr,EB,2026-04-24,06:00:00,06:15:00,>72 to 120,0,,
input_xlsx.xlsx,"ATR 1. Point Township Dr, south of Ridge Rd",Point Township Dr,EB,2026-04-24,06:00:00,06:15:00,>120 to 180,58,,
input_xlsx.xlsx,"ATR 1. Point Township Dr, south of Ridge Rd",Point Township Dr,EB,2026-04-24,06:00:00,06:15:00,>180 to 240,19,,
input_xlsx.xlsx,"ATR 1. Point Township Dr, south of Ridge Rd",Point Township Dr,EB,2026-04-24,06:00:00,06:15:00,>240 to 300,4,,
input_xlsx.xlsx,"ATR 1. Point Township Dr, south of Ridge Rd",Point Township Dr,EB,2026-04-24,06:00:00,06:15:00,>300 to 360,4,,
input_xlsx.xlsx,"ATR 1. Point Township Dr, south of Ridge Rd",Point Township Dr,EB,2026-04-24,06:00:00,06:15:00,>360 to 480,0,,
input_xlsx.xlsx,"ATR 1. Point Township Dr, south of Ridge Rd",Point Township Dr,EB,2026-04-24,06:00:00,06:15:00,>480 to 600,0,,
input_xlsx.xlsx,"ATR 1. Point Township Dr, south of Ridge Rd",Point Township Dr,EB,2026-04-24,06:00:00,06:15:00,>600 to 720,0,,
input_xlsx.xlsx,"ATR 1. Point Township Dr, south of Ridge Rd",Point Township Dr,EB,2026-04-24,06:00:00,06:15:00,>720 to 840,2,,
input_xlsx.xlsx,"ATR 1. Point Township Dr, south of Ridge Rd",Point Township Dr,EB,2026-04-24,06:00:00,06:15:00,>840 to 960,0,,
input_xlsx.xlsx,"ATR 1. Point Township Dr, south of Ridge Rd",Point Township Dr,EB,2026-04-24,06:00:00,06:15:00,> 960,0,,
input_xlsx.xlsx,"ATR 1. Point Township Dr, south of Ridge Rd",Point Township Dr,EB,2026-04-24,06:15:00,06:30:00,0 to 72,0,,
input_xlsx.xlsx,"ATR 1. Point Township Dr, south of Ridge Rd",Point Township Dr,EB,2026-04-24,06:15:00,06:30:00,>72 to 120,0,,
input_xlsx.xlsx,"ATR 1. Point Township Dr, south of Ridge Rd",Point Township Dr,EB,2026-04-24,06:15:00,06:30:00,>120 to 180,72,,
input_xlsx.xlsx,"ATR 1. Point Township Dr, south of Ridge Rd",Point Township Dr,EB,2026-04-24,06:15:00,06:30:00,>180 to 240,38,,
input_xlsx.xlsx,"ATR 1. Point Township Dr, south of Ridge Rd",Point Township Dr,EB,2026-04-24,06:15:00,06:30:00,>240 to 300,7,,
input_xlsx.xlsx,"ATR 1. Point Township Dr, south of Ridge Rd",Point Township Dr,EB,2026-04-24,06:15:00,06:30:00,>300 to 360,2,,
input_xlsx.xlsx,"ATR 1. Point Township Dr, south of Ridge Rd",Point Township Dr,EB,2026-04-24,06:15:00,06:30:00,>360 to 480,1,,
input_xlsx.xlsx,"ATR 1. Point Township Dr, south of Ridge Rd",Point Township Dr,EB,2026-04-24,06:15:00,06:30:00,>480 to 600,0,,
input_xlsx.xlsx,"ATR 1. Point Township Dr, south of Ridge Rd",Point Township Dr,EB,2026-04-24,06:15:00,06:30:00,>600 to 720,1,,
input_xlsx.xlsx,"ATR 1. Point Township Dr, south of Ridge Rd",Point Township Dr,EB,2026-04-24,06:15:00,06:30:00,>720 to 840,1,,
input_xlsx.xlsx,"ATR 1. Point Township Dr, south of Ridge Rd",Point Township Dr,EB,2026-04-24,06:15:00,06:30:00,>840 to 960,1,,
input_xlsx.xlsx,"ATR 1. Point Township Dr, south of Ridge Rd",Point Township Dr,EB,2026-04-24,06:15:00,06:30:00,> 960,0,,
input_xlsx.xlsx,"ATR 1. Point Township Dr, south of Ridge Rd",Point Township Dr,EB,2026-04-24,06:30:00,06:45:00,0 to 72,1,,
input_xlsx.xlsx,"ATR 1. Point Township Dr, south of Ridge Rd",Point Township Dr,EB,2026-04-24,06:30:00,06:45:00,>72 to 120,1,,
input_xlsx.xlsx,"ATR 1. Point Township Dr, south of Ridge Rd",Point Township Dr,EB,2026-04-24,06:30:00,06:45:00,>120 to 180,84,,
input_xlsx.xlsx,"ATR 1. Point Township Dr, south of Ridge Rd",Point Township Dr,EB,2026-04-24,06:30:00,06:45:00,>180 to 240,42,,
input_xlsx.xlsx,"ATR 1. Point Township Dr, south of Ridge Rd",Point Township Dr,EB,2026-04-24,06:30:00,06:45:00,>240 to 300,3,,
input_xlsx.xlsx,"ATR 1. Point Township Dr, south of Ridge Rd",Point Township Dr,EB,2026-04-24,06:30:00,06:45:00,>300 to 360,2,,
input_xlsx.xlsx,"ATR 1. Point Township Dr, south of Ridge Rd",Point Township Dr,EB,2026-04-24,06:30:00,06:45:00,>360 to 480,4,,
input_xlsx.xlsx,"ATR 1. Point Township Dr, south of Ridge Rd",Point Township Dr,EB,2026-04-24,06:30:00,06:45:00,>480 to 600,1,,
input_xlsx.xlsx,"ATR 1. Point Township Dr, south of Ridge Rd",Point Township Dr,EB,2026-04-24,06:30:00,06:45:00,>600 to 720,1,,
input_xlsx.xlsx,"ATR 1. Point Township Dr, south of Ridge Rd",Point Township Dr,EB,2026-04-24,06:30:00,06:45:00,>720 to 840,1,,
input_xlsx.xlsx,"ATR 1. Point Township Dr, south of Ridge Rd",Point Township Dr,EB,2026-04-24,06:30:00,06:45:00,>840 to 960,1,,
input_xlsx.xlsx,"ATR 1. Point Township Dr, south of Ridge Rd",Point Township Dr,EB,2026-04-24,06:30:00,06:45:00,> 960,0,,
input_xlsx.xlsx,"ATR 1. Point Township Dr, south of Ridge Rd",Point Township Dr,EB,2026-04-24,06:45:00,07:00:00,0 to 72,0,,
input_xlsx.xlsx,"ATR 1. Point Township Dr, south of Ridge Rd",Point Township Dr,EB,2026-04-24,06:45:00,07:00:00,>72 to 120,0,,
input_xlsx.xlsx,"ATR 1. Point Township Dr, south of Ridge Rd",Point Township Dr,EB,2026-04-24,06:45:00,07:00:00,>120 to 180,41,,
input_xlsx.xlsx,"ATR 1. Point Township Dr, south of Ridge Rd",Point Township Dr,EB,2026-04-24,06:45:00,07:00:00,>180 to 240,25,,
input_xlsx.xlsx,"ATR 1. Point Township Dr, south of Ridge Rd",Point Township Dr,EB,2026-04-24,06:45:00,07:00:00,>240 to 300,4,,
input_xlsx.xlsx,"ATR 1. Point Township Dr, south of Ridge Rd",Point Township Dr,EB,2026-04-24,06:45:00,07:00:00,>300 to 360,1,,
input_xlsx.xlsx,"ATR 1. Point Township Dr, south of Ridge Rd",Point Township Dr,EB,2026-04-24,06:45:00,07:00:00,>360 to 480,4,,
input_xlsx.xlsx,"ATR 1. Point Township Dr, south of Ridge Rd",Point Township Dr,EB,2026-04-24,06:45:00,07:00:00,>480 to 600,2,,
input_xlsx.xlsx,"ATR 1. Point Township Dr, south of Ridge Rd",Point Township Dr,EB,2026-04-24,06:45:00,07:00:00,>600 to 720,0,,
input_xlsx.xlsx,"ATR 1. Point Township Dr, south of Ridge Rd",Point Township Dr,EB,2026-04-24,06:45:00,07:00:00,>720 to 840,2,,
input_xlsx.xlsx,"ATR 1. Point Township Dr, south of Ridge Rd",Point Township Dr,EB,2026-04-24,06:45:00,07:00:00,>840 to 960,0,,
input_xlsx.xlsx,"ATR 1. Point Township Dr, south of Ridge Rd",Point Township Dr,EB,2026-04-24,06:45:00,07:00:00,> 960,0,,
input_xlsx.xlsx,"ATR 1. Point Township Dr, south of Ridge Rd",Point Township Dr,EB,2026-04-24,07:00:00,07:15:00,0 to 72,1,,
input_xlsx.xlsx,"ATR 1. Point Township Dr, south of Ridge Rd",Point Township Dr,EB,2026-04-24,07:00:00,07:15:00,>72 to 120,0,,
input_xlsx.xlsx,"ATR 1. Point Township Dr, south of Ridge Rd",Point Township Dr,EB,2026-04-24,07:00:00,07:15:00,>120 to 180,47,,
input_xlsx.xlsx,"ATR 1. Point Township Dr, south of Ridge Rd",Point Township Dr,EB,2026-04-24,07:00:00,07:15:00,>180 to 240,27,,
input_xlsx.xlsx,"ATR 1. Point Township Dr, south of Ridge Rd",Point Township Dr,EB,2026-04-24,07:00:00,07:15:00,>240 to 300,1,,
input_xlsx.xlsx,"ATR 1. Point Township Dr, south of Ridge Rd",Point Township Dr,EB,2026-04-24,07:00:00,07:15:00,>300 to 360,3,,
input_xlsx.xlsx,"ATR 1. Point Township Dr, south of Ridge Rd",Point Township Dr,EB,2026-04-24,07:00:00,07:15:00,>360 to 480,0,,
input_xlsx.xlsx,"ATR 1. Point Township Dr, south of Ridge Rd",Point Township Dr,EB,2026-04-24,07:00:00,07:15:00,>480 to 600,1,,
input_xlsx.xlsx,"ATR 1. Point Township Dr, south of Ridge Rd",Point Township Dr,EB,2026-04-24,07:00:00,07:15:00,>600 to 720,1,,
input_xlsx.xlsx,"ATR 1. Point Township Dr, south of Ridge Rd",Point Township Dr,EB,2026-04-24,07:00:00,07:15:00,>720 to 840,2,,
input_xlsx.xlsx,"ATR 1. Point Township Dr, south of Ridge Rd",Point Township Dr,EB,2026-04-24,07:00:00,07:15:00,>840 to 960,1,,
input_xlsx.xlsx,"ATR 1. Point Township Dr, south of Ridge Rd",Point Township Dr,EB,2026-04-24,07:00:00,07:15:00,> 960,0,,
input_xlsx.xlsx,"ATR 1. Point Township Dr, south of Ridge Rd",Point Township Dr,EB,2026-04-24,07:15:00,07:30:00,0 to 72,0,,
input_xlsx.xlsx,"ATR 1. Point Township Dr, south of Ridge Rd",Point Township Dr,EB,2026-04-24,07:15:00,07:30:00,>72 to 120,2,,
input_xlsx.xlsx,"ATR 1. Point Township Dr, south of Ridge Rd",Point Township Dr,EB,2026-04-24,07:15:00,07:30:00,>120 to 180,88,,
input_xlsx.xlsx,"ATR 1. Point Township Dr, south of Ridge Rd",Point Township Dr,EB,2026-04-24,07:15:00,07:30:00,>180 to 240,35,,
input_xlsx.xlsx,"ATR 1. Point Township Dr, south of Ridge Rd",Point Township Dr,EB,2026-04-24,07:15:00,07:30:00,>240 to 300,4,,
input_xlsx.xlsx,"ATR 1. Point Township Dr, south of Ridge Rd",Point Township Dr,EB,2026-04-24,07:15:00,07:30:00,>300 to 360,3,,
input_xlsx.xlsx,"ATR 1. Point Township Dr, south of Ridge Rd",Point Township Dr,EB,2026-04-24,07:15:00,07:30:00,>360 to 480,2,,
input_xlsx.xlsx,"ATR 1. Point Township Dr, south of Ridge Rd",Point Township Dr,EB,2026-04-24,07:15:00,07:30:00,>480 to 600,0,,
input_xlsx.xlsx,"ATR 1. Point Township Dr, south of Ridge Rd",Point Township Dr,EB,2026-04-24,07:15:00,07:30:00,>600 to 720,0,,
input_xlsx.xlsx,"ATR 1. Point Township Dr, south of Ridge Rd",Point Township Dr,EB,2026-04-24,07:15:00,07:30:00,>720 to 840,2,,
input_xlsx.xlsx,"ATR 1. Point Township Dr, south of Ridge Rd",Point Township Dr,EB,2026-04-24,07:15:00,07:30:00,>840 to 960,1,,
input_xlsx.xlsx,"ATR 1. Point Township Dr, south of Ridge Rd",Point Township Dr,EB,2026-04-24,07:15:00,07:30:00,> 960,0,,
input_xlsx.xlsx,"ATR 1. Point Township Dr, south of Ridge Rd",Point Township Dr,EB,2026-04-24,07:30:00,07:45:00,0 to 72,0,,
input_xlsx.xlsx,"ATR 1. Point Township Dr, south of Ridge Rd",Point Township Dr,EB,2026-04-24,07:30:00,07:45:00,>72 to 120,0,,
input_xlsx.xlsx,"ATR 1. Point Township Dr, south of Ridge Rd",Point Township Dr,EB,2026-04-24,07:30:00,07:45:00,>120 to 180,50,,
input_xlsx.xlsx,"ATR 1. Point Township Dr, south of Ridge Rd",Point Township Dr,EB,2026-04-24,07:30:00,07:45:00,>180 to 240,26,,
input_xlsx.xlsx,"ATR 1. Point Township Dr, south of Ridge Rd",Point Township Dr,EB,2026-04-24,07:30:00,07:45:00,>240 to 300,4,,
input_xlsx.xlsx,"ATR 1. Point Township Dr, south of Ridge Rd",Point Township Dr,EB,2026-04-24,07:30:00,07:45:00,>300 to 360,2,,
input_xlsx.xlsx,"ATR 1. Point Township Dr, south of Ridge Rd",Point Township Dr,EB,2026-04-24,07:30:00,07:45:00,>360 to 480,1,,
input_xlsx.xlsx,"ATR 1. Point Township Dr, south of Ridge Rd",Point Township Dr,EB,2026-04-24,07:30:00,07:45:00,>480 to 600,0,,
input_xlsx.xlsx,"ATR 1. Point Township Dr, south of Ridge Rd",Point Township Dr,EB,2026-04-24,07:30:00,07:45:00,>600 to 720,0,,
input_xlsx.xlsx,"ATR 1. Point Township Dr, south of Ridge Rd",Point Township Dr,EB,2026-04-24,07:30:00,07:45:00,>720 to 840,1,,
input_xlsx.xlsx,"ATR 1. Point Township Dr, south of Ridge Rd",Point Township Dr,EB,2026-04-24,07:30:00,07:45:00,>840 to 960,0,,
input_xlsx.xlsx,"ATR 1. Point Township Dr, south of Ridge Rd",Point Township Dr,EB,2026-04-24,07:30:00,07:45:00,> 960,0,,
input_xlsx.xlsx,"ATR 1. Point Township Dr, south of Ridge Rd",Point Township Dr,EB,2026-04-24,07:45:00,08:00:00,0 to 72,0,,
input_xlsx.xlsx,"ATR 1. Point Township Dr, south of Ridge Rd",Point Township Dr,EB,2026-04-24,07:45:00,08:00:00,>72 to 120,0,,
input_xlsx.xlsx,"ATR 1. Point Township Dr, south of Ridge Rd",Point Township Dr,EB,2026-04-24,07:45:00,08:00:00,>120 to 180,42,,
input_xlsx.xlsx,"ATR 1. Point Township Dr, south of Ridge Rd",Point Township Dr,EB,2026-04-24,07:45:00,08:00:00,>180 to 240,15,,
input_xlsx.xlsx,"ATR 1. Point Township Dr, south of Ridge Rd",Point Township Dr,EB,2026-04-24,07:45:00,08:00:00,>240 to 300,2,,
input_xlsx.xlsx,"ATR 1. Point Township Dr, south of Ridge Rd",Point Township Dr,EB,2026-04-24,07:45:00,08:00:00,>300 to 360,0,,
input_xlsx.xlsx,"ATR 1. Point Township Dr, south of Ridge Rd",Point Township Dr,EB,2026-04-24,07:45:00,08:00:00,>360 to 480,4,,
input_xlsx.xlsx,"ATR 1. Point Township Dr, south of Ridge Rd",Point Township Dr,EB,2026-04-24,07:45:00,08:00:00,>480 to 600,1,,
input_xlsx.xlsx,"ATR 1. Point Township Dr, south of Ridge Rd",Point Township Dr,EB,2026-04-24,07:45:00,08:00:00,>600 to 720,0,,
input_xlsx.xlsx,"ATR 1. Point Township Dr, south of Ridge Rd",Point Township Dr,EB,2026-04-24,07:45:00,08:00:00,>720 to 840,0,,
input_xlsx.xlsx,"ATR 1. Point Township Dr, south of Ridge Rd",Point Township Dr,EB,2026-04-24,07:45:00,08:00:00,>840 to 960,1,,
input_xlsx.xlsx,"ATR 1. Point Township Dr, south of Ridge Rd",Point Township Dr,EB,2026-04-24,07:45:00,08:00:00,> 960,0,,
input_xlsx.xlsx,"ATR 1. Point Township Dr, south of Ridge Rd",Point Township Dr,EB,2026-04-24,08:00:00,08:15:00,0 to 72,0,,
input_xlsx.xlsx,"ATR 1. Point Township Dr, south of Ridge Rd",Point Township Dr,EB,2026-04-24,08:00:00,08:15:00,>72 to 120,0,,
input_xlsx.xlsx,"ATR 1. Point Township Dr, south of Ridge Rd",Point Township Dr,EB,2026-04-24,08:00:00,08:15:00,>120 to 180,56,,
input_xlsx.xlsx,"ATR 1. Point Township Dr, south of Ridge Rd",Point Township Dr,EB,2026-04-24,08:00:00,08:15:00,>180 to 240,21,,
input_xlsx.xlsx,"ATR 1. Point Township Dr, south of Ridge Rd",Point Township Dr,EB,2026-04-24,08:00:00,08:15:00,>240 to 300,2,,
input_xlsx.xlsx,"ATR 1. Point Township Dr, south of Ridge Rd",Point Township Dr,EB,2026-04-24,08:00:00,08:15:00,>300 to 360,0,,
input_xlsx.xlsx,"ATR 1. Point Township Dr, south of Ridge Rd",Point Township Dr,EB,2026-04-24,08:00:00,08:15:00,>360 to 480,2,,
input_xlsx.xlsx,"ATR 1. Point Township Dr, south of Ridge Rd",Point Township Dr,EB,2026-04-24,08:00:00,08:15:00,>480 to 600,1,,
input_xlsx.xlsx,"ATR 1. Point Township Dr, south of Ridge Rd",Point Township Dr,EB,2026-04-24,08:00:00,08:15:00,>600 to 720,0,,
input_xlsx.xlsx,"ATR 1. Point Township Dr, south of Ridge Rd",Point Township Dr,EB,2026-04-24,08:00:00,08:15:00,>720 to 840,2,,
input_xlsx.xlsx,"ATR 1. Point Township Dr, south of Ridge Rd",Point Township Dr,EB,2026-04-24,08:00:00,08:15:00,>840 to 960,1,,
input_xlsx.xlsx,"ATR 1. Point Township Dr, south of Ridge Rd",Point Township Dr,EB,2026-04-24,08:00:00,08:15:00,> 960,0,,
input_xlsx.xlsx,"ATR 1. Point Township Dr, south of Ridge Rd",Point Township Dr,EB,2026-04-24,08:15:00,08:30:00,0 to 72,0,,
input_xlsx.xlsx,"ATR 1. Point Township Dr, south of Ridge Rd",Point Township Dr,EB,2026-04-24,08:15:00,08:30:00,>72 to 120,0,,
input_xlsx.xlsx,"ATR 1. Point Township Dr, south of Ridge Rd",Point Township Dr,EB,2026-04-24,08:15:00,08:30:00,>120 to 180,54,,
input_xlsx.xlsx,"ATR 1. Point Township Dr, south of Ridge Rd",Point Township Dr,EB,2026-04-24,08:15:00,08:30:00,>180 to 240,37,,
input_xlsx.xlsx,"ATR 1. Point Township Dr, south of Ridge Rd",Point Township Dr,EB,2026-04-24,08:15:00,08:30:00,>240 to 300,6,,
input_xlsx.xlsx,"ATR 1. Point Township Dr, south of Ridge Rd",Point Township Dr,EB,2026-04-24,08:15:00,08:30:00,>300 to 360,0,,
input_xlsx.xlsx,"ATR 1. Point Township Dr, south of Ridge Rd",Point Township Dr,EB,2026-04-24,08:15:00,08:30:00,>360 to 480,2,,
input_xlsx.xlsx,"ATR 1. Point Township Dr, south of Ridge Rd",Point Township Dr,EB,2026-04-24,08:15:00,08:30:00,>480 to 600,1,,
input_xlsx.xlsx,"ATR 1. Point Township Dr, south of Ridge Rd",Point Township Dr,EB,2026-04-24,08:15:00,08:30:00,>600 to 720,0,,
input_xlsx.xlsx,"ATR 1. Point Township Dr, south of Ridge Rd",Point Township Dr,EB,2026-04-24,08:15:00,08:30:00,>720 to 840,2,,
input_xlsx.xlsx,"ATR 1. Point Township Dr, south of Ridge Rd",Point Township Dr,EB,2026-04-24,08:15:00,08:30:00,>840 to 960,1,,
input_xlsx.xlsx,"ATR 1. Point Township Dr, south of Ridge Rd",Point Township Dr,EB,2026-04-24,08:15:00,08:30:00,> 960,0,,
input_xlsx.xlsx,"ATR 1. Point Township Dr, south of Ridge Rd",Point Township Dr,EB,2026-04-24,08:30:00,08:45:00,0 to 72,0,,
input_xlsx.xlsx,"ATR 1. Point Township Dr, south of Ridge Rd",Point Township Dr,EB,2026-04-24,08:30:00,08:45:00,>72 to 120,0,,
input_xlsx.xlsx,"ATR 1. Point Township Dr, south of Ridge Rd",Point Township Dr,EB,2026-04-24,08:30:00,08:45:00,>120 to 180,40,,
input_xlsx.xlsx,"ATR 1. Point Township Dr, south of Ridge Rd",Point Township Dr,EB,2026-04-24,08:30:00,08:45:00,>180 to 240,23,,
input_xlsx.xlsx,"ATR 1. Point Township Dr, south of Ridge Rd",Point Township Dr,EB,2026-04-24,08:30:00,08:45:00,>240 to 300,5,,
input_xlsx.xlsx,"ATR 1. Point Township Dr, south of Ridge Rd",Point Township Dr,EB,2026-04-24,08:30:00,08:45:00,>300 to 360,1,,
input_xlsx.xlsx,"ATR 1. Point Township Dr, south of Ridge Rd",Point Township Dr,EB,2026-04-24,08:30:00,08:45:00,>360 to 480,0,,
input_xlsx.xlsx,"ATR 1. Point Township Dr, south of Ridge Rd",Point Township Dr,EB,2026-04-24,08:30:00,08:45:00,>480 to 600,2,,
input_xlsx.xlsx,"ATR 1. Point Township Dr, south of Ridge Rd",Point Township Dr,EB,2026-04-24,08:30:00,08:45:00,>600 to 720,1,,
input_xlsx.xlsx,"ATR 1. Point Township Dr, south of Ridge Rd",Point Township Dr,EB,2026-04-24,08:30:00,08:45:00,>720 to 840,1,,
input_xlsx.xlsx,"ATR 1. Point Township Dr, south of Ridge Rd",Point Township Dr,EB,2026-04-24,08:30:00,08:45:00,>840 to 960,1,,
input_xlsx.xlsx,"ATR 1. Point Township Dr, south of Ridge Rd",Point Township Dr,EB,2026-04-24,08:30:00,08:45:00,> 960,0,,
input_xlsx.xlsx,"ATR 1. Point Township Dr, south of Ridge Rd",Point Township Dr,EB,2026-04-24,08:45:00,09:00:00,0 to 72,0,,
input_xlsx.xlsx,"ATR 1. Point Township Dr, south of Ridge Rd",Point Township Dr,EB,2026-04-24,08:45:00,09:00:00,>72 to 120,1,,
input_xlsx.xlsx,"ATR 1. Point Township Dr, south of Ridge Rd",Point Township Dr,EB,2026-04-24,08:45:00,09:00:00,>120 to 180,29,,
input_xlsx.xlsx,"ATR 1. Point Township Dr, south of Ridge Rd",Point Township Dr,EB,2026-04-24,08:45:00,09:00:00,>180 to 240,28,,
input_xlsx.xlsx,"ATR 1. Point Township Dr, south of Ridge Rd",Point Township Dr,EB,2026-04-24,08:45:00,09:00:00,>240 to 300,7,,
input_xlsx.xlsx,"ATR 1. Point Township Dr, south of Ridge Rd",Point Township Dr,EB,2026-04-24,08:45:00,09:00:00,>300 to 360,3,,
input_xlsx.xlsx,"ATR 1. Point Township Dr, south of Ridge Rd",Point Township Dr,EB,2026-04-24,08:45:00,09:00:00,>360 to 480,2,,
input_xlsx.xlsx,"ATR 1. Point Township Dr, south of Ridge Rd",Point Township Dr,EB,2026-04-24,08:45:00,09:00:00,>480 to 600,0,,
input_xlsx.xlsx,"ATR 1. Point Township Dr, south of Ridge Rd",Point Township Dr,EB,2026-04-24,08:45:00,09:00:00,>600 to 720,0,,
input_xlsx.xlsx,"ATR 1. Point Township Dr, south of Ridge Rd",Point Township Dr,EB,2026-04-24,08:45:00,09:00:00,>720 to 840,3,,
input_xlsx.xlsx,"ATR 1. Point Township Dr, south of Ridge Rd",Point Township Dr,EB,2026-04-24,08:45:00,09:00:00,>840 to 960,1,,
input_xlsx.xlsx,"ATR 1. Point Township Dr, south of Ridge Rd",Point Township Dr,EB,2026-04-24,08:45:00,09:00:00,> 960,0,,
input_xlsx.xlsx,"ATR 1. Point Township Dr, south of Ridge Rd",Point Township Dr,EB,2026-04-24,09:00:00,09:15:00,0 to 72,0,,
input_xlsx.xlsx,"ATR 1. Point Township Dr, south of Ridge Rd",Point Township Dr,EB,2026-04-24,09:00:00,09:15:00,>72 to 120,0,,
input_xlsx.xlsx,"ATR 1. Point Township Dr, south of Ridge Rd",Point Township Dr,EB,2026-04-24,09:00:00,09:15:00,>120 to 180,43,,
input_xlsx.xlsx,"ATR 1. Point Township Dr, south of Ridge Rd",Point Township Dr,EB,2026-04-24,09:00:00,09:15:00,>180 to 240,17,,
input_xlsx.xlsx,"ATR 1. Point Township Dr, south of Ridge Rd",Point Township Dr,EB,2026-04-24,09:00:00,09:15:00,>240 to 300,13,,
input_xlsx.xlsx,"ATR 1. Point Township Dr, south of Ridge Rd",Point Township Dr,EB,2026-04-24,09:00:00,09:15:00,>300 to 360,2,,
input_xlsx.xlsx,"ATR 1. Point Township Dr, south of Ridge Rd",Point Township Dr,EB,2026-04-24,09:00:00,09:15:00,>360 to 480,1,,
input_xlsx.xlsx,"ATR 1. Point Township Dr, south of Ridge Rd",Point Township Dr,EB,2026-04-24,09:00:00,09:15:00,>480 to 600,1,,
input_xlsx.xlsx,"ATR 1. Point Township Dr, south of Ridge Rd",Point Township Dr,EB,2026-04-24,09:00:00,09:15:00,>600 to 720,2,,
input_xlsx.xlsx,"ATR 1. Point Township Dr, south of Ridge Rd",Point Township Dr,EB,2026-04-24,09:00:00,09:15:00,>720 to 840,3,,
input_xlsx.xlsx,"ATR 1. Point Township Dr, south of Ridge Rd",Point Township Dr,EB,2026-04-24,09:00:00,09:15:00,>840 to 960,1,,
input_xlsx.xlsx,"ATR 1. Point Township Dr, south of Ridge Rd",Point Township Dr,EB,2026-04-24,09:00:00,09:15:00,> 960,0,,
input_xlsx.xlsx,"ATR 1. Point Township Dr, south of Ridge Rd",Point Township Dr,EB,2026-04-24,09:15:00,09:30:00,0 to 72,0,,
input_xlsx.xlsx,"ATR 1. Point Township Dr, south of Ridge Rd",Point Township Dr,EB,2026-04-24,09:15:00,09:30:00,>72 to 120,0,,
input_xlsx.xlsx,"ATR 1. Point Township Dr, south of Ridge Rd",Point Township Dr,EB,2026-04-24,09:15:00,09:30:00,>120 to 180,50,,
input_xlsx.xlsx,"ATR 1. Point Township Dr, south of Ridge Rd",Point Township Dr,EB,2026-04-24,09:15:00,09:30:00,>180 to 240,25,,
input_xlsx.xlsx,"ATR 1. Point Township Dr, south of Ridge Rd",Point Township Dr,EB,2026-04-24,09:15:00,09:30:00,>240 to 300,3,,
input_xlsx.xlsx,"ATR 1. Point Township Dr, south of Ridge Rd",Point Township Dr,EB,2026-04-24,09:15:00,09:30:00,>300 to 360,3,,
input_xlsx.xlsx,"ATR 1. Point Township Dr, south of Ridge Rd",Point Township Dr,EB,2026-04-24,09:15:00,09:30:00,>360 to 480,4,,
input_xlsx.xlsx,"ATR 1. Point Township Dr, south of Ridge Rd",Point Township Dr,EB,2026-04-24,09:15:00,09:30:00,>480 to 600,0,,
input_xlsx.xlsx,"ATR 1. Point Township Dr, south of Ridge Rd",Point Township Dr,EB,2026-04-24,09:15:00,09:30:00,>600 to 720,1,,
input_xlsx.xlsx,"ATR 1. Point Township Dr, south of Ridge Rd",Point Township Dr,EB,2026-04-24,09:15:00,09:30:00,>720 to 840,2,,
input_xlsx.xlsx,"ATR 1. Point Township Dr, south of Ridge Rd",Point Township Dr,EB,2026-04-24,09:15:00,09:30:00,>840 to 960,1,,
input_xlsx.xlsx,"ATR 1. Point Township Dr, south of Ridge Rd",Point Township Dr,EB,2026-04-24,09:15:00,09:30:00,> 960,0,,
input_xlsx.xlsx,"ATR 1. Point Township Dr, south of Ridge Rd",Point Township Dr,EB,2026-04-24,09:30:00,09:45:00,0 to 72,0,,
input_xlsx.xlsx,"ATR 1. Point Township Dr, south of Ridge Rd",Point Township Dr,EB,2026-04-24,09:30:00,09:45:00,>72 to 120,0,,
input_xlsx.xlsx,"ATR 1. Point Township Dr, south of Ridge Rd",Point Township Dr,EB,2026-04-24,09:30:00,09:45:00,>120 to 180,40,,
input_xlsx.xlsx,"ATR 1. Point Township Dr, south of Ridge Rd",Point Township Dr,EB,2026-04-24,09:30:00,09:45:00,>180 to 240,25,,
input_xlsx.xlsx,"ATR 1. Point Township Dr, south of Ridge Rd",Point Township Dr,EB,2026-04-24,09:30:00,09:45:00,>240 to 300,6,,
input_xlsx.xlsx,"ATR 1. Point Township Dr, south of Ridge Rd",Point Township Dr,EB,2026-04-24,09:30:00,09:45:00,>300 to 360,1,,
input_xlsx.xlsx,"ATR 1. Point Township Dr, south of Ridge Rd",Point Township Dr,EB,2026-04-24,09:30:00,09:45:00,>360 to 480,1,,
input_xlsx.xlsx,"ATR 1. Point Township Dr, south of Ridge Rd",Point Township Dr,EB,2026-04-24,09:30:00,09:45:00,>480 to 600,0,,
input_xlsx.xlsx,"ATR 1. Point Township Dr, south of Ridge Rd",Point Township Dr,EB,2026-04-24,09:30:00,09:45:00,>600 to 720,2,,
input_xlsx.xlsx,"ATR 1. Point Township Dr, south of Ridge Rd",Point Township Dr,EB,2026-04-24,09:30:00,09:45:00,>720 to 840,1,,
input_xlsx.xlsx,"ATR 1. Point Township Dr, south of Ridge Rd",Point Township Dr,EB,2026-04-24,09:30:00,09:45:00,>840 to 960,0,,
input_xlsx.xlsx,"ATR 1. Point Township Dr, south of Ridge Rd",Point Township Dr,EB,2026-04-24,09:30:00,09:45:00,> 960,0,,
input_xlsx.xlsx,"ATR 1. Point Township Dr, south of Ridge Rd",Point Township Dr,EB,2026-04-24,09:45:00,10:00:00,0 to 72,1,,
input_xlsx.xlsx,"ATR 1. Point Township Dr, south of Ridge Rd",Point Township Dr,EB,2026-04-24,09:45:00,10:00:00,>72 to 120,0,,
input_xlsx.xlsx,"ATR 1. Point Township Dr, south of Ridge Rd",Point Township Dr,EB,2026-04-24,09:45:00,10:00:00,>120 to 180,40,,
input_xlsx.xlsx,"ATR 1. Point Township Dr, south of Ridge Rd",Point Township Dr,EB,2026-04-24,09:45:00,10:00:00,>180 to 240,29,,
input_xlsx.xlsx,"ATR 1. Point Township Dr, south of Ridge Rd",Point Township Dr,EB,2026-04-24,09:45:00,10:00:00,>240 to 300,4,,
input_xlsx.xlsx,"ATR 1. Point Township Dr, south of Ridge Rd",Point Township Dr,EB,2026-04-24,09:45:00,10:00:00,>300 to 360,2,,
input_xlsx.xlsx,"ATR 1. Point Township Dr, south of Ridge Rd",Point Township Dr,EB,2026-04-24,09:45:00,10:00:00,>360 to 480,3,,
input_xlsx.xlsx,"ATR 1. Point Township Dr, south of Ridge Rd",Point Township Dr,EB,2026-04-24,09:45:00,10:00:00,>480 to 600,0,,
input_xlsx.xlsx,"ATR 1. Point Township Dr, south of Ridge Rd",Point Township Dr,EB,2026-04-24,09:45:00,10:00:00,>600 to 720,1,,
input_xlsx.xlsx,"ATR 1. Point Township Dr, south of Ridge Rd",Point Township Dr,EB,2026-04-24,09:45:00,10:00:00,>720 to 840,0,,
input_xlsx.xlsx,"ATR 1. Point Township Dr, south of Ridge Rd",Point Township Dr,EB,2026-04-24,09:45:00,10:00:00,>840 to 960,0,,
input_xlsx.xlsx,"ATR 1. Point Township Dr, south of Ridge Rd",Point Township Dr,EB,2026-04-24,09:45:00,10:00:00,> 960,0,,
input_xlsx.xlsx,"ATR 1. Point Township Dr, south of Ridge Rd",Point Township Dr,EB,2026-04-24,10:00:00,10:15:00,0 to 72,0,,
input_xlsx.xlsx,"ATR 1. Point Township Dr, south of Ridge Rd",Point Township Dr,EB,2026-04-24,10:00:00,10:15:00,>72 to 120,0,,
input_xlsx.xlsx,"ATR 1. Point Township Dr, south of Ridge Rd",Point Township Dr,EB,2026-04-24,10:00:00,10:15:00,>120 to 180,39,,
input_xlsx.xlsx,"ATR 1. Point Township Dr, south of Ridge Rd",Point Township Dr,EB,2026-04-24,10:00:00,10:15:00,>180 to 240,24,,
input_xlsx.xlsx,"ATR 1. Point Township Dr, south of Ridge Rd",Point Township Dr,EB,2026-04-24,10:00:00,10:15:00,>240 to 300,1,,
input_xlsx.xlsx,"ATR 1. Point Township Dr, south of Ridge Rd",Point Township Dr,EB,2026-04-24,10:00:00,10:15:00,>300 to 360,0,,
input_xlsx.xlsx,"ATR 1. Point Township Dr, south of Ridge Rd",Point Township Dr,EB,2026-04-24,10:00:00,10:15:00,>360 to 480,2,,
input_xlsx.xlsx,"ATR 1. Point Township Dr, south of Ridge Rd",Point Township Dr,EB,2026-04-24,10:00:00,10:15:00,>480 to 600,2,,
input_xlsx.xlsx,"ATR 1. Point Township Dr, south of Ridge Rd",Point Township Dr,EB,2026-04-24,10:00:00,10:15:00,>600 to 720,1,,
input_xlsx.xlsx,"ATR 1. Point Township Dr, south of Ridge Rd",Point Township Dr,EB,2026-04-24,10:00:00,10:15:00,>720 to 840,1,,
input_xlsx.xlsx,"ATR 1. Point Township Dr, south of Ridge Rd",Point Township Dr,EB,2026-04-24,10:00:00,10:15:00,>840 to 960,0,,
input_xlsx.xlsx,"ATR 1. Point Township Dr, south of Ridge Rd",Point Township Dr,EB,2026-04-24,10:00:00,10:15:00,> 960,0,,
input_xlsx.xlsx,"ATR 1. Point Township Dr, south of Ridge Rd",Point Township Dr,EB,2026-04-24,10:15:00,10:30:00,0 to 72,1,,
input_xlsx.xlsx,"ATR 1. Point Township Dr, south of Ridge Rd",Point Township Dr,EB,2026-04-24,10:15:00,10:30:00,>72 to 120,1,,
input_xlsx.xlsx,"ATR 1. Point Township Dr, south of Ridge Rd",Point Township Dr,EB,2026-04-24,10:15:00,10:30:00,>120 to 180,40,,
input_xlsx.xlsx,"ATR 1. Point Township Dr, south of Ridge Rd",Point Township Dr,EB,2026-04-24,10:15:00,10:30:00,>180 to 240,24,,
input_xlsx.xlsx,"ATR 1. Point Township Dr, south of Ridge Rd",Point Township Dr,EB,2026-04-24,10:15:00,10:30:00,>240 to 300,8,,
input_xlsx.xlsx,"ATR 1. Point Township Dr, south of Ridge Rd",Point Township Dr,EB,2026-04-24,10:15:00,10:30:00,>300 to 360,3,,
input_xlsx.xlsx,"ATR 1. Point Township Dr, south of Ridge Rd",Point Township Dr,EB,2026-04-24,10:15:00,10:30:00,>360 to 480,1,,
input_xlsx.xlsx,"ATR 1. Point Township Dr, south of Ridge Rd",Point Township Dr,EB,2026-04-24,10:15:00,10:30:00,>480 to 600,0,,
input_xlsx.xlsx,"ATR 1. Point Township Dr, south of Ridge Rd",Point Township Dr,EB,2026-04-24,10:15:00,10:30:00,>600 to 720,1,,
input_xlsx.xlsx,"ATR 1. Point Township Dr, south of Ridge Rd",Point Township Dr,EB,2026-04-24,10:15:00,10:30:00,>720 to 840,0,,
input_xlsx.xlsx,"ATR 1. Point Township Dr, south of Ridge Rd",Point Township Dr,EB,2026-04-24,10:15:00,10:30:00,>840 to 960,1,,
input_xlsx.xlsx,"ATR 1. Point Township Dr, south of Ridge Rd",Point Township Dr,EB,2026-04-24,10:15:00,10:30:00,> 960,0,,
input_xlsx.xlsx,"ATR 1. Point Township Dr, south of Ridge Rd",Point Township Dr,EB,2026-04-24,10:30:00,10:45:00,0 to 72,0,,
input_xlsx.xlsx,"ATR 1. Point Township Dr, south of Ridge Rd",Point Township Dr,EB,2026-04-24,10:30:00,10:45:00,>72 to 120,0,,
input_xlsx.xlsx,"ATR 1. Point Township Dr, south of Ridge Rd",Point Township Dr,EB,2026-04-24,10:30:00,10:45:00,>120 to 180,35,,
input_xlsx.xlsx,"ATR 1. Point Township Dr, south of Ridge Rd",Point Township Dr,EB,2026-04-24,10:30:00,10:45:00,>180 to 240,28,,
input_xlsx.xlsx,"ATR 1. Point Township Dr, south of Ridge Rd",Point Township Dr,EB,2026-04-24,10:30:00,10:45:00,>240 to 300,8,,
input_xlsx.xlsx,"ATR 1. Point Township Dr, south of Ridge Rd",Point Township Dr,EB,2026-04-24,10:30:00,10:45:00,>300 to 360,3,,
input_xlsx.xlsx,"ATR 1. Point Township Dr, south of Ridge Rd",Point Township Dr,EB,2026-04-24,10:30:00,10:45:00,>360 to 480,1,,
input_xlsx.xlsx,"ATR 1. Point Township Dr, south of Ridge Rd",Point Township Dr,EB,2026-04-24,10:30:00,10:45:00,>480 to 600,0,,
input_xlsx.xlsx,"ATR 1. Point Township Dr, south of Ridge Rd",Point Township Dr,EB,2026-04-24,10:30:00,10:45:00,>600 to 720,2,,
input_xlsx.xlsx,"ATR 1. Point Township Dr, south of Ridge Rd",Point Township Dr,EB,2026-04-24,10:30:00,10:45:00,>720 to 840,0,,
input_xlsx.xlsx,"ATR 1. Point Township Dr, south of Ridge Rd",Point Township Dr,EB,2026-04-24,10:30:00,10:45:00,>840 to 960,2,,
input_xlsx.xlsx,"ATR 1. Point Township Dr, south of Ridge Rd",Point Township Dr,EB,2026-04-24,10:30:00,10:45:00,> 960,0,,
input_xlsx.xlsx,"ATR 1. Point Township Dr, south of Ridge Rd",Point Township Dr,EB,2026-04-24,10:45:00,11:00:00,0 to 72,0,,
input_xlsx.xlsx,"ATR 1. Point Township Dr, south of Ridge Rd",Point Township Dr,EB,2026-04-24,10:45:00,11:00:00,>72 to 120,0,,
input_xlsx.xlsx,"ATR 1. Point Township Dr, south of Ridge Rd",Point Township Dr,EB,2026-04-24,10:45:00,11:00:00,>120 to 180,59,,
input_xlsx.xlsx,"ATR 1. Point Township Dr, south of Ridge Rd",Point Township Dr,EB,2026-04-24,10:45:00,11:00:00,>180 to 240,26,,
input_xlsx.xlsx,"ATR 1. Point Township Dr, south of Ridge Rd",Point Township Dr,EB,2026-04-24,10:45:00,11:00:00,>240 to 300,1,,
input_xlsx.xlsx,"ATR 1. Point Township Dr, south of Ridge Rd",Point Township Dr,EB,2026-04-24,10:45:00,11:00:00,>300 to 360,1,,
input_xlsx.xlsx,"ATR 1. Point Township Dr, south of Ridge Rd",Point Township Dr,EB,2026-04-24,10:45:00,11:00:00,>360 to 480,2,,
input_xlsx.xlsx,"ATR 1. Point Township Dr, south of Ridge Rd",Point Township Dr,EB,2026-04-24,10:45:00,11:00:00,>480 to 600,0,,
input_xlsx.xlsx,"ATR 1. Point Township Dr, south of Ridge Rd",Point Township Dr,EB,2026-04-24,10:45:00,11:00:00,>600 to 720,2,,
input_xlsx.xlsx,"ATR 1. Point Township Dr, south of Ridge Rd",Point Township Dr,EB,2026-04-24,10:45:00,11:00:00,>720 to 840,1,,
input_xlsx.xlsx,"ATR 1. Point Township Dr, south of Ridge Rd",Point Township Dr,EB,2026-04-24,10:45:00,11:00:00,>840 to 960,1,,
input_xlsx.xlsx,"ATR 1. Point Township Dr, south of Ridge Rd",Point Township Dr,EB,2026-04-24,10:45:00,11:00:00,> 960,0,,
input_xlsx.xlsx,"ATR 1. Point Township Dr, south of Ridge Rd",Point Township Dr,EB,2026-04-24,11:00:00,11:15:00,0 to 72,0,,
input_xlsx.xlsx,"ATR 1. Point Township Dr, south of Ridge Rd",Point Township Dr,EB,2026-04-24,11:00:00,11:15:00,>72 to 120,0,,
input_xlsx.xlsx,"ATR 1. Point Township Dr, south of Ridge Rd",Point Township Dr,EB,2026-04-24,11:00:00,11:15:00,>120 to 180,12,,
input_xlsx.xlsx,"ATR 1. Point Township Dr, south of Ridge Rd",Point Township Dr,EB,2026-04-24,11:00:00,11:15:00,>180 to 240,8,,
input_xlsx.xlsx,"ATR 1. Point Township Dr, south of Ridge Rd",Point Township Dr,EB,2026-04-24,11:00:00,11:15:00,>240 to 300,1,,
input_xlsx.xlsx,"ATR 1. Point Township Dr, south of Ridge Rd",Point Township Dr,EB,2026-04-24,11:00:00,11:15:00,>300 to 360,1,,
input_xlsx.xlsx,"ATR 1. Point Township Dr, south of Ridge Rd",Point Township Dr,EB,2026-04-24,11:00:00,11:15:00,>360 to 480,0,,
input_xlsx.xlsx,"ATR 1. Point Township Dr, south of Ridge Rd",Point Township Dr,EB,2026-04-24,11:00:00,11:15:00,>480 to 600,0,,
input_xlsx.xlsx,"ATR 1. Point Township Dr, south of Ridge Rd",Point Township Dr,EB,2026-04-24,11:00:00,11:15:00,>600 to 720,0,,
input_xlsx.xlsx,"ATR 1. Point Township Dr, south of Ridge Rd",Point Township Dr,EB,2026-04-24,11:00:00,11:15:00,>720 to 840,0,,
input_xlsx.xlsx,"ATR 1. Point Township Dr, south of Ridge Rd",Point Township Dr,EB,2026-04-24,11:00:00,11:15:00,>840 to 960,0,,
input_xlsx.xlsx,"ATR 1. Point Township Dr, south of Ridge Rd",Point Township Dr,EB,2026-04-24,11:00:00,11:15:00,> 960,0,,
