SourceFile,CountName,SiteName,Direction,CountDate,StartTime,EndTime,LengthBin,VehicleCount,SiteCode,StationID
Input_xlxs.xlsx,Input_xlxs,Moose Lodge Rd,SB,2025-06-11,00:00:00,00:15:00,0 to 40,0,,
Input_xlxs.xlsx,Input_xlxs,Moose Lodge Rd,SB,2025-06-11,00:00:00,00:15:00,>40 to 42,0,,
Input_xlxs.xlsx,Input_xlxs,Moose Lodge Rd,SB,2025-06-11,00:00:00,00:15:00,>42 to 44,0,,
Input_xlxs.xlsx,Input_xlxs,Moose Lodge Rd,SB,2025-06-11,00:00:00,00:15:00,>44 to 46,0,,
Input_xlxs.xlsx,Input_xlxs,Moose Lodge Rd,SB,2025-06-11,00:00:00,00:15:00,>46 to 48,0,,
Input_xlxs.xlsx,Input_xlxs,Moose Lodge Rd,SB,2025-06-11,00:00:00,00:15:00,>48 to 50,0,,
Input_xlxs.xlsx,Input_xlxs,Moose Lodge Rd,SB,2025-06-11,00:00:00,00:15:00,>50 to 52,0,,
Input_xlxs.xlsx,Input_xlxs,Moose Lodge Rd,SB,2025-06-11,00:00:00,00:15:00,>52 to 54,0,,
Input_xlxs.xlsx,Input_xlxs,Moose Lodge Rd,SB,2025-06-11,00:00:00,00:15:00,>54 to 56,0,,
Input_xlxs.xlsx,Input_xlxs,Moose Lodge Rd,SB,2025-06-11,00:00:00,00:15:00,>56 to 58,0,,
Input_xlxs.xlsx,Input_xlxs,Moose Lodge Rd,SB,2025-06-11,00:00:00,00:15:00,>58 to 60,1,,
Input_xlxs.xlsx,Input_xlxs,Moose Lodge Rd,SB,2025-06-11,00:00:00,00:15:00,>60 to 62,0,,
Input_xlxs.xlsx,Input_xlxs,Moose Lodge Rd,SB,2025-06-11,00:00:00,00:15:00,> 62,0,,
Input_xlxs.xlsx,Input_xlxs,Moose Lodge Rd,SB,2025-06-11,01:00:00,01:15:00,0 to 40,1,,
Input_xlxs.xlsx,Input_xlxs,Moose Lodge Rd,SB,2025-06-11,01:00:00,01:15:00,>40 to 42,0,,
Input_xlxs.xlsx,Input_xlxs,Moose Lodge Rd,SB,2025-06-11,01:00:00,01:15:00,>42 to 44,0,,
Input_xlxs.xlsx,Input_xlxs,Moose Lodge Rd,SB,2025-06-11,01:00:00,01:15:00,>44 to 46,0,,
Input_xlxs.xlsx,Input_xlxs,Moose Lodge Rd,SB,2025-06-11,01:00:00,01:15:00,>46 to 48,0,,
Input_xlxs.xlsx,Input_xlxs,Moose Lodge Rd,SB,2025-06-11,01:00:00,01:15:00,>48 to 50,1,,
Input_xlxs.xlsx,Input_xlxs,Moose Lodge Rd,SB,2025-06-11,01:00:00,01:15:00,>50 to 52,2,,
Input_xlxs.xlsx,Input_xlxs,Moose Lodge Rd,SB,2025-06-11,01:00:00,01:15:00,>52 to 54,0,,
Input_xlxs.xlsx,Input_xlxs,Moose Lodge Rd,SB,2025-06-11,01:00:00,01:15:00,>54 to 56,0,,
Input_xlxs.xlsx,Input_xlxs,Moose Lodge Rd,SB,2025-06-11,01:00:00,01:15:00,>56 to 58,0,,
Input_xlxs.xlsx,Input_xlxs,Moose Lodge Rd,SB,2025-06-11,01:00:00,01:15:00,>58 to 60,0,,
Input_xlxs.xlsx,Input_xlxs,Moose Lodge Rd,SB,2025-06-11,01:00:00,01:15:00,>60 to 62,0,,
Input_xlxs.xlsx,Input_xlxs,Moose Lodge Rd,SB,2025-06-11,01:00:00,01:15:00,> 62,0,,
Input_xlxs.xlsx,Input_xlxs,Moose Lodge Rd,SB,2025-06-11,02:00:00,02:15:00,0 to 40,1,,
Input_xlxs.xlsx,Input_xlxs,Moose Lodge Rd,SB,2025-06-11,02:00:00,02:15:00,>40 to 42,0,,
Input_xlxs.xlsx,Input_xlxs,Moose Lodge Rd,SB,2025-06-11,02:00:00,02:15:00,>42 to 44,0,,
Input_xlxs.xlsx,Input_xlxs,Moose Lodge Rd,SB,2025-06-11,02:00:00,02:15:00,>44 to 46,1,,
Input_xlxs.xlsx,Input_xlxs,Moose Lodge Rd,SB,2025-06-11,02:00:00,02:15:00,>46 to 48,0,,
Input_xlxs.xlsx,Input_xlxs,Moose Lodge Rd,SB,2025-06-11,02:00:00,02:15:00,>48 to 50,0,,
Input_xlxs.xlsx,Input_xlxs,Moose Lodge Rd,SB,2025-06-11,02:00:00,02:15:00,>50 to 52,1,,
Input_xlxs.xlsx,Input_xlxs,Moose Lodge Rd,SB,2025-06-11,02:00:00,02:15:00,>52 to 54,0,,
Input_xlxs.xlsx,Input_xlxs,Moose Lodge Rd,SB,2025-06-11,02:00:00,02:15:00,>54 to 56,0,,
Input_xlxs.xlsx,Input_xlxs,Moose Lodge Rd,SB,2025-06-11,02:00:00,02:15:00,>56 to 58,0,,
Input_xlxs.xlsx,Input_xlxs,Moose Lodge Rd,SB,2025-06-11,02:00:00,02:15:00,>58 to 60,1,,
Input_xlxs.xlsx,Input_xlxs,Moose Lodge Rd,SB,2025-06-11,02:00:00,02:15:00,>60 to 62,0,,
Input_xlxs.xlsx,Input_xlxs,Moose Lodge Rd,SB,2025-06-11,02:00:00,02:15:00,> 62,0,,
Input_xlxs.xlsx,Input_xlxs,Moose Lodge Rd,SB,2025-06-11,03:00:00,03:15:00,0 to 40,0,,
Input_xlxs.xlsx,Input_xlxs,Moose Lodge Rd,SB,2025-06-11,03:00:00,03:15:00,>40 to 42,0,,
Input_xlxs.xlsx,Input_xlxs,Moose Lodge Rd,SB,2025-06-11,03:00:00,03:15:00,>42 to 44,0,,
Input_xlxs.xlsx,Input_xlxs,Moose Lodge Rd,SB,2025-06-11,03:00:00,03:15:00,>44 to 46,0,,
Input_xlxs.xlsx,Input_xlxs,Moose Lodge Rd,SB,2025-06-11,03:00:00,03:15:00,>46 to 48,1,,
Input_xlxs.xlsx,Input_xlxs,Moose Lodge Rd,SB,2025-06-11,03:00:00,03:15:00,>48 to 50,3,,
Input_xlxs.xlsx,Input_xlxs,Moose Lodge Rd,SB,2025-06-11,03:00:00,03:15:00,>50 to 52,1,,
Input_xlxs.xlsx,Input_xlxs,Moose Lodge Rd,SB,2025-06-11,03:00:00,03:15:00,>52 to 54,1,,
Input_xlxs.xlsx,Input_xlxs,Moose Lodge Rd,SB,2025-06-11,03:00:00,03:15:00,>54 to 56,1,,
Input_xlxs.xlsx,Input_xlxs,Moose Lodge Rd,SB,2025-06-11,03:00:00,03:15:00,>56 to 58,1,,
Input_xlxs.xlsx,Input_xlxs,Moose Lodge Rd,SB,2025-06-11,03:00:00,03:15:00,>58 to 60,0,,
Input_xlxs.xlsx,Input_xlxs,Moose Lodge Rd,SB,2025-06-11,03:00:00,03:15:00,>60 to 62,1,,
Input_xlxs.xlsx,Input_xlxs,Moose Lodge Rd,SB,2025-06-11,03:00:00,03:15:00,> 62,2,,
Input_xlxs.xlsx,Input_xlxs,Moose Lodge Rd,SB,2025-06-11,04:00:00,04:15:00,0 to 40,0,,
Input_xlxs.xlsx,Input_xlxs,Moose Lodge Rd,SB,2025-06-11,04:00:00,04:15:00,>40 to 42,1,,
Input_xlxs.xlsx,Input_xlxs,Moose Lodge Rd,SB,2025-06-11,04:00:00,04:15:00,>42 to 44,0,,
Input_xlxs.xlsx,Input_xlxs,Moose Lodge Rd,SB,2025-06-11,04:00:00,04:15:00,>44 to 46,3,,
Input_xlxs.xlsx,Input_xlxs,Moose Lodge Rd,SB,2025-06-11,04:00:00,04:15:00,>46 to 48,1,,
Input_xlxs.xlsx,Input_xlxs,Moose Lodge Rd,SB,2025-06-11,04:00:00,04:15:00,>48 to 50,1,,
Input_xlxs.xlsx,Input_xlxs,Moose Lodge Rd,SB,2025-06-11,04:00:00,04:15:00,>50 to 52,0,,
Input_xlxs.xlsx,Input_xlxs,Moose Lodge Rd,SB,2025-06-11,04:00:00,04:15:00,>52 to 54,1,,
Input_xlxs.xlsx,Input_xlxs,Moose Lodge Rd,SB,2025-06-11,04:00:00,04:15:00,>54 to 56,1,,
Input_xlxs.xlsx,Input_xlxs,Moose Lodge Rd,SB,2025-06-11,04:00:00,04:15:00,>56 to 58,0,,
Input_xlxs.xlsx,Input_xlxs,Moose Lodge Rd,SB,2025-06-11,04:00:00,04:15:00,>58 to 60,1,,
Input_xlxs.xlsx,Input_xlxs,Moose Lodge Rd,SB,2025-06-11,04:00:00,04:15:00,>60 to 62,0,,
Input_xlxs.xlsx,Input_xlxs,Moose Lodge Rd,SB,2025-06-11,04:00:00,04:15:00,> 62,3,,
Input_xlxs.xlsx,Input_xlxs,Moose Lodge Rd,SB,2025-06-11,05:00:00,05:15:00,0 to 40,1,,
Input_xlxs.xlsx,Input_xlxs,Moose Lodge Rd,SB,2025-06-11,05:00:00,05:15:00,>40 to 42,1,,
Input_xlxs.xlsx,Input_xlxs,Moose Lodge Rd,SB,2025-06-11,05:00:00,05:15:00,>42 to 44,0,,
Input_xlxs.xlsx,Input_xlxs,Moose Lodge Rd,SB,2025-06-11,05:00:00,05:15:00,>44 to 46,1,,
Input_xlxs.xlsx,Input_xlxs,Moose Lodge Rd,SB,2025-06-11,05:00:00,05:15:00,>46 to 48,1,,
Input_xlxs.xlsx,Input_xlxs,Moose Lodge Rd,SB,2025-06-11,05:00:00,05:15:00,>48 to 50,1,,
Input_xlxs.xlsx,Input_xlxs,Moose Lodge Rd,SB,2025-06-11,05:00:00,05:15:00,>50 to 52,1,,
Input_xlxs.xlsx,Input_xlxs,Moose Lodge Rd,SB,2025-06-11,05:00:00,05:15:00,>52 to 54,2,,
Input_xlxs.xlsx,Input_xlxs,Moose Lodge Rd,SB,2025-06-11,05:00:00,05:15:00,>54 to 56,3,,
Input_xlxs.xlsx,Input_xlxs,Moose Lodge Rd,SB,2025-06-11,05:00:00,05:15:00,>56 to 58,0,,
Input_xlxs.xlsx,Input_xlxs,Moose Lodge Rd,SB,2025-06-11,05:00:00,05:15:00,>58 to 60,3,,
Input_xlxs.xlsx,Input_xlxs,Moose Lodge Rd,SB,2025-06-11,05:00:00,05:15:00,>60 to 62,1,,
Input_xlxs.xlsx,Input_xlxs,Moose Lodge Rd,SB,2025-06-11,05:00:00,05:15:00,> 62,3,,
Input_xlxs.xlsx,Input_xlxs,Moose Lodge Rd,SB,2025-06-11,06:00:00,06:15:00,0 to 40,1,,
Input_xlxs.xlsx,Input_xlxs,Moose Lodge Rd,SB,2025-06-11,06:00:00,06:15:00,>40 to 42,0,,
Input_xlxs.xlsx,Input_xlxs,Moose Lodge Rd,SB,2025-06-11,06:00:00,06:15:00,>42 to 44,0,,
Input_xlxs.xlsx,Input_xlxs,Moose Lodge Rd,SB,2025-06-11,06:00:00,06:15:00,>44 to 46,2,,
Input_xlxs.xlsx,Input_xlxs,Moose Lodge Rd,SB,2025-06-11,06:00:00,06:15:00,>46 to 48,5,,
Input_xlxs.xlsx,Input_xlxs,Moose Lodge Rd,SB,2025-06-11,06:00:00,06:15:00,>48 to 50,3,,
Input_xlxs.xlsx,Input_xlxs,Moose Lodge Rd,SB,2025-06-11,06:00:00,06:15:00,>50 to 52,9,,
Input_xlxs.xlsx,Input_xlxs,Moose Lodge Rd,SB,2025-06-11,06:00:00,06:15:00,>52 to 54,4,,
Input_xlxs.xlsx,Input_xlxs,Moose Lodge Rd,SB,2025-06-11,06:00:00,06:15:00,>54 to 56,11,,
Input_xlxs.xlsx,Input_xlxs,Moose Lodge Rd,SB,2025-06-11,06:00:00,06:15:00,>56 to 58,5,,
Input_xlxs.xlsx,Input_xlxs,Moose Lodge Rd,SB,2025-06-11,06:00:00,06:15:00,>58 to 60,12,,
Input_xlxs.xlsx,Input_xlxs,Moose Lodge Rd,SB,2025-06-11,06:00:00,06:15:00,>60 to 62,4,,
Input_xlxs.xlsx,Input_xlxs,Moose Lodge Rd,SB,2025-06-11,06:00:00,06:15:00,> 62,6,,
Input_xlxs.xlsx,Input_xlxs,Moose Lodge Rd,SB,2025-06-11,07:00:00,07:15:00,0 to 40,3,,
Input_xlxs.xlsx,Input_xlxs,Moose Lodge Rd,SB,2025-06-11,07:00:00,07:15:00,>40 to 42,4,,
Input_xlxs.xlsx,Input_xlxs,Moose Lodge Rd,SB,2025-06-11,07:00:00,07:15:00,>42 to 44,0,,
Input_xlxs.xlsx,Input_xlxs,Moose Lodge Rd,SB,2025-06-11,07:00:00,07:15:00,>44 to 46,5,,
Input_xlxs.xlsx,Input_xlxs,Moose Lodge Rd,SB,2025-06-11,07:00:00,07:15:00,>46 to 48,4,,
Input_xlxs.xlsx,Input_xlxs,Moose Lodge Rd,SB,2025-06-11,07:00:00,07:15:00,>48 to 50,10,,
Input_xlxs.xlsx,Input_xlxs,Moose Lodge Rd,SB,2025-06-11,07:00:00,07:15:00,>50 to 52,7,,
Input_xlxs.xlsx,Input_xlxs,Moose Lodge Rd,SB,2025-06-11,07:00:00,07:15:00,>52 to 54,14,,
Input_xlxs.xlsx,Input_xlxs,Moose Lodge Rd,SB,2025-06-11,07:00:00,07:15:00,>54 to 56,9,,
Input_xlxs.xlsx,Input_xlxs,Moose Lodge Rd,SB,2025-06-11,07:00:00,07:15:00,>56 to 58,9,,
Input_xlxs.xlsx,Input_xlxs,Moose Lodge Rd,SB,2025-06-11,07:00:00,07:15:00,>58 to 60,12,,
Input_xlxs.xlsx,Input_xlxs,Moose Lodge Rd,SB,2025-06-11,07:00:00,07:15:00,>60 to 62,7,,
Input_xlxs.xlsx,Input_xlxs,Moose Lodge Rd,SB,2025-06-11,07:00:00,07:15:00,> 62,8,,
Input_xlxs.xlsx,Input_xlxs,Moose Lodge Rd,SB,2025-06-11,08:00:00,08:15:00,0 to 40,1,,
Input_xlxs.xlsx,Input_xlxs,Moose Lodge Rd,SB,2025-06-11,08:00:00,08:15:00,>40 to 42,2,,
Input_xlxs.xlsx,Input_xlxs,Moose Lodge Rd,SB,2025-06-11,08:00:00,08:15:00,>42 to 44,2,,
Input_xlxs.xlsx,Input_xlxs,Moose Lodge Rd,SB,2025-06-11,08:00:00,08:15:00,>44 to 46,4,,
Input_xlxs.xlsx,Input_xlxs,Moose Lodge Rd,SB,2025-06-11,08:00:00,08:15:00,>46 to 48,8,,
Input_xlxs.xlsx,Input_xlxs,Moose Lodge Rd,SB,2025-06-11,08:00:00,08:15:00,>48 to 50,10,,
Input_xlxs.xlsx,Input_xlxs,Moose Lodge Rd,SB,2025-06-11,08:00:00,08:15:00,>50 to 52,9,,
Input_xlxs.xlsx,Input_xlxs,Moose Lodge Rd,SB,2025-06-11,08:00:00,08:15:00,>52 to 54,13,,
Input_xlxs.xlsx,Input_xlxs,Moose Lodge Rd,SB,2025-06-11,08:00:00,08:15:00,>54 to 56,6,,
Input_xlxs.xlsx,Input_xlxs,Moose Lodge Rd,SB,2025-06-11,08:00:00,08:15:00,>56 to 58,4,,
Input_xlxs.xlsx,Input_xlxs,Moose Lodge Rd,SB,2025-06-11,08:00:00,08:15:00,>58 to 60,5,,
Input_xlxs.xlsx,Input_xlxs,Moose Lodge Rd,SB,2025-06-11,08:00:00,08:15:00,>60 to 62,6,,
Input_xlxs.xlsx,Input_xlxs,Moose Lodge Rd,SB,2025-06-11,08:00:00,08:15:00,> 62,7,,
Input_xlxs.xlsx,Input_xlxs,Moose Lodge Rd,SB,2025-06-11,09:00:00,09:15:00,0 to 40,6,,
Input_xlxs.xlsx,Input_xlxs,Moose Lodge Rd,SB,2025-06-11,09:00:00,09:15:00,>40 to 42,5,,
Input_xlxs.xlsx,Input_xlxs,Moose Lodge Rd,SB,2025-06-11,09:00:00,09:15:00,>42 to 44,8,,
Input_xlxs.xlsx,Input_xlxs,Moose Lodge Rd,SB,2025-06-11,09:00:00,09:15:00,>44 to 46,4,,
Input_xlxs.xlsx,Input_xlxs,Moose Lodge Rd,SB,2025-06-11,09:00:00,09:15:00,>46 to 48,6,,
Input_xlxs.xlsx,Input_xlxs,Moose Lodge Rd,SB,2025-06-11,09:00:00,09:15:00,>48 to 50,9,,
Input_xlxs.xlsx,Input_xlxs,Moose Lodge Rd,SB,2025-06-11,09:00:00,09:15:00,>50 to 52,10,,
Input_xlxs.xlsx,Input_xlxs,Moose Lodge Rd,SB,2025-06-11,09:00:00,09:15:00,>52 to 54,10,,
Input_xlxs.xlsx,Input_xlxs,Moose Lodge Rd,SB,2025-06-11,09:00:00,09:15:00,>54 to 56,6,,
Input_xlxs.xlsx,Input_xlxs,Moose Lodge Rd,SB,2025-06-11,09:00:00,09:15:00,>56 to 58,7,,
Input_xlxs.xlsx,Input_xlxs,Moose Lodge Rd,SB,2025-06-11,09:00:00,09:15:00,>58 to 60,6,,
Input_xlxs.xlsx,Input_xlxs,Moose Lodge Rd,SB,2025-06-11,09:00:00,09:15:00,>60 to 62,6,,
Input_xlxs.xlsx,Input_xlxs,Moose Lodge Rd,SB,2025-06-11,09:00:00,09:15:00,> 62,6,,
Input_xlxs.xlsx,Input_xlxs,Moose Lodge Rd,SB,2025-06-11,10:00:00,10:15:00,0 to 40,5,,
Input_xlxs.xlsx,Input_xlxs,Moose Lodge Rd,SB,2025-06-11,10:00:00,10:15:00,>40 to 42,0,,
Input_xlxs.xlsx,Input_xlxs,Moose Lodge Rd,SB,2025-06-11,10:00:00,10:15:00,>42 to 44,5,,
Input_xlxs.xlsx,Input_xlxs,Moose Lodge Rd,SB,2025-06-11,10:00:00,10:15:00,>44 to 46,8,,
Input_xlxs.xlsx,Input_xlxs,Moose Lodge Rd,SB,2025-06-11,10:00:00,10:15:00,>46 to 48,7,,
Input_xlxs.xlsx,Input_xlxs,Moose Lodge Rd,SB,2025-06-11,10:00:00,10:15:00,>48 to 50,15,,
Input_xlxs.xlsx,Input_xlxs,Moose Lodge Rd,SB,2025-06-11,10:00:00,10:15:00,>50 to 52,7,,
Input_xlxs.xlsx,Input_xlxs,Moose Lodge Rd,SB,2025-06-11,10:00:00,10:15:00,>52 to 54,8,,
Input_xlxs.xlsx,Input_xlxs,Moose Lodge Rd,SB,2025-06-11,10:00:00,10:15:00,>54 to 56,8,,
Input_xlxs.xlsx,Input_xlxs,Moose Lodge Rd,SB,2025-06-11,10:00:00,10:15:00,>56 to 58,8,,
Input_xlxs.xlsx,Input_xlxs,Moose Lodge Rd,SB,2025-06-11,10:00:00,10:15:00,>58 to 60,4,,
Input_xlxs.xlsx,Input_xlxs,Moose Lodge Rd,SB,2025-06-11,10:00:00,10:15:00,>60 to 62,5,,
Input_xlxs.xlsx,Input_xlxs,Moose Lodge Rd,SB,2025-06-11,10:00:00,10:15:00,> 62,9,,
Input_xlxs.xlsx,Input_xlxs,Moose Lodge Rd,SB,2025-06-11,11:00:00,11:15:00,0 to 40,1,,
Input_xlxs.xlsx,Input_xlxs,Moose Lodge Rd,SB,2025-06-11,11:00:00,11:15:00,>40 to 42,1,,
Input_xlxs.xlsx,Input_xlxs,Moose Lodge Rd,SB,2025-06-11,11:00:00,11:15:00,>42 to 44,1,,
Input_xlxs.xlsx,Input_xlxs,Moose Lodge Rd,SB,2025-06-11,11:00:00,11:15:00,>44 to 46,6,,
Input_xlxs.xlsx,Input_xlxs,Moose Lodge Rd,SB,2025-06-11,11:00:00,11:15:00,>46 to 48,14,,
Input_xlxs.xlsx,Input_xlxs,Moose Lodge Rd,SB,2025-06-11,11:00:00,11:15:00,>48 to 50,10,,
Input_xlxs.xlsx,Input_xlxs,Moose Lodge Rd,SB,2025-06-11,11:00:00,11:15:00,>50 to 52,5,,
Input_xlxs.xlsx,Input_xlxs,Moose Lodge Rd,SB,2025-06-11,11:00:00,11:15:00,>52 to 54,11,,
Input_xlxs.xlsx,Input_xlxs,Moose Lodge Rd,SB,2025-06-11,11:00:00,11:15:00,>54 to 56,14,,
Input_xlxs.xlsx,Input_xlxs,Moose Lodge Rd,SB,2025-06-11,11:00:00,11:15:00,>56 to 58,15,,
Input_xlxs.xlsx,Input_xlxs,Moose Lodge Rd,SB,2025-06-11,11:00:00,11:15:00,>58 to 60,11,,
Input_xlxs.xlsx,Input_xlxs,Moose Lodge Rd,SB,2025-06-11,11:00:00,11:15:00,>60 to 62,5,,
Input_xlxs.xlsx,Input_xlxs,Moose Lodge Rd,SB,2025-06-11,11:00:00,11:15:00,> 62,9,,
Input_xlxs.xlsx,Input_xlxs,Moose Lodge Rd,SB,2025-06-11,12:00:00,12:15:00,0 to 40,4,,
Input_xlxs.xlsx,Input_xlxs,Moose Lodge Rd,SB,2025-06-11,12:00:00,12:15:00,>40 to 42,2,,
Input_xlxs.xlsx,Input_xlxs,Moose Lodge Rd,SB,2025-06-11,12:00:00,12:15:00,>42 to 44,5,,
Input_xlxs.xlsx,Input_xlxs,Moose Lodge Rd,SB,2025-06-11,12:00:00,12:15:00,>44 to 46,5,,
Input_xlxs.xlsx,Input_xlxs,Moose Lodge Rd,SB,2025-06-11,12:00:00,12:15:00,>46 to 48,7,,
Input_xlxs.xlsx,Input_xlxs,Moose Lodge Rd,SB,2025-06-11,12:00:00,12:15:00,>48 to 50,22,,
Input_xlxs.xlsx,Input_xlxs,Moose Lodge Rd,SB,2025-06-11,12:00:00,12:15:00,>50 to 52,18,,
Input_xlxs.xlsx,Input_xlxs,Moose Lodge Rd,SB,2025-06-11,12:00:00,12:15:00,>52 to 54,17,,
Input_xlxs.xlsx,Input_xlxs,Moose Lodge Rd,SB,2025-06-11,12:00:00,12:15:00,>54 to 56,12,,
Input_xlxs.xlsx,Input_xlxs,Moose Lodge Rd,SB,2025-06-11,12:00:00,12:15:00,>56 to 58,18,,
Input_xlxs.xlsx,Input_xlxs,Moose Lodge Rd,SB,2025-06-11,12:00:00,12:15:00,>58 to 60,9,,
Input_xlxs.xlsx,Input_xlxs,Moose Lodge Rd,SB,2025-06-11,12:00:00,12:15:00,>60 to 62,2,,
Input_xlxs.xlsx,Input_xlxs,Moose Lodge Rd,SB,2025-06-11,12:00:00,12:15:00,> 62,9,,
Input_xlxs.xlsx,Input_xlxs,Moose Lodge Rd,SB,2025-06-11,13:00:00,13:15:00,0 to 40,3,,
Input_xlxs.xlsx,Input_xlxs,Moose Lodge Rd,SB,2025-06-11,13:00:00,13:15:00,>40 to 42,4,,
Input_xlxs.xlsx,Input_xlxs,Moose Lodge Rd,SB,2025-06-11,13:00:00,13:15:00,>42 to 44,3,,
Input_xlxs.xlsx,Input_xlxs,Moose Lodge Rd,SB,2025-06-11,13:00:00,13:15:00,>44 to 46,7,,
Input_xlxs.xlsx,Input_xlxs,Moose Lodge Rd,SB,2025-06-11,13:00:00,13:15:00,>46 to 48,5,,
Input_xlxs.xlsx,Input_xlxs,Moose Lodge Rd,SB,2025-06-11,13:00:00,13:15:00,>48 to 50,13,,
Input_xlxs.xlsx,Input_xlxs,Moose Lodge Rd,SB,2025-06-11,13:00:00,13:15:00,>50 to 52,18,,
Input_xlxs.xlsx,Input_xlxs,Moose Lodge Rd,SB,2025-06-11,13:00:00,13:15:00,>52 to 54,11,,
Input_xlxs.xlsx,Input_xlxs,Moose Lodge Rd,SB,2025-06-11,13:00:00,13:15:00,>54 to 56,13,,
Input_xlxs.xlsx,Input_xlxs,Moose Lodge Rd,SB,2025-06-11,13:00:00,13:15:00,>56 to 58,11,,
Input_xlxs.xlsx,Input_xlxs,Moose Lodge Rd,SB,2025-06-11,13:00:00,13:15:00,>58 to 60,11,,
Input_xlxs.xlsx,Input_xlxs,Moose Lodge Rd,SB,2025-06-11,13:00:00,13:15:00,>60 to 62,4,,
Input_xlxs.xlsx,Input_xlxs,Moose Lodge Rd,SB,2025-06-11,13:00:00,13:15:00,> 62,5,,
Input_xlxs.xlsx,Input_xlxs,Moose Lodge Rd,SB,2025-06-11,14:00:00,14:15:00,0 to 40,5,,
Input_xlxs.xlsx,Input_xlxs,Moose Lodge Rd,SB,2025-06-11,14:00:00,14:15:00,>40 to 42,1,,
Input_xlxs.xlsx,Input_xlxs,Moose Lodge Rd,SB,2025-06-11,14:00:00,14:15:00,>42 to 44,3,,
Input_xlxs.xlsx,Input_xlxs,Moose Lodge Rd,SB,2025-06-11,14:00:00,14:15:00,>44 to 46,6,,
Input_xlxs.xlsx,Input_xlxs,Moose Lodge Rd,SB,2025-06-11,14:00:00,14:15:00,>46 to 48,18,,
Input_xlxs.xlsx,Input_xlxs,Moose Lodge Rd,SB,2025-06-11,14:00:00,14:15:00,>48 to 50,4,,
Input_xlxs.xlsx,Input_xlxs,Moose Lodge Rd,SB,2025-06-11,14:00:00,14:15:00,>50 to 52,29,,
Input_xlxs.xlsx,Input_xlxs,Moose Lodge Rd,SB,2025-06-11,14:00:00,14:15:00,>52 to 54,19,,
Input_xlxs.xlsx,Input_xlxs,Moose Lodge Rd,SB,2025-06-11,14:00:00,14:15:00,>54 to 56,26,,
Input_xlxs.xlsx,Input_xlxs,Moose Lodge Rd,SB,2025-06-11,14:00:00,14:15:00,>56 to 58,8,,
Input_xlxs.xlsx,Input_xlxs,Moose Lodge Rd,SB,2025-06-11,14:00:00,14:15:00,>58 to 60,7,,
Input_xlxs.xlsx,Input_xlxs,Moose Lodge Rd,SB,2025-06-11,14:00:00,14:15:00,>60 to 62,4,,
Input_xlxs.xlsx,Input_xlxs,Moose Lodge Rd,SB,2025-06-11,14:00:00,14:15:00,> 62,10,,
Input_xlxs.xlsx,Input_xlxs,Moose Lodge Rd,SB,2025-06-11,15:00:00,15:15:00,0 to 40,5,,
Input_xlxs.xlsx,Input_xlxs,Moose Lodge Rd,SB,2025-06-11,15:00:00,15:15:00,>40 to 42,4,,
Input_xlxs.xlsx,Input_xlxs,Moose Lodge Rd,SB,2025-06-11,15:00:00,15:15:00,>42 to 44,3,,
Input_xlxs.xlsx,Input_xlxs,Moose Lodge Rd,SB,2025-06-11,15:00:00,15:15:00,>44 to 46,4,,
Input_xlxs.xlsx,Input_xlxs,Moose Lodge Rd,SB,2025-06-11,15:00:00,15:15:00,>46 to 48,12,,
Input_xlxs.xlsx,Input_xlxs,Moose Lodge Rd,SB,2025-06-11,15:00:00,15:15:00,>48 to 50,19,,
Input_xlxs.xlsx,Input_xlxs,Moose Lodge Rd,SB,2025-06-11,15:00:00,15:15:00,>50 to 52,18,,
Input_xlxs.xlsx,Input_xlxs,Moose Lodge Rd,SB,2025-06-11,15:00:00,15:15:00,>52 to 54,36,,
Input_xlxs.xlsx,Input_xlxs,Moose Lodge Rd,SB,2025-06-11,15:00:00,15:15:00,>54 to 56,23,,
Input_xlxs.xlsx,Input_xlxs,Moose Lodge Rd,SB,2025-06-11,15:00:00,15:15:00,>56 to 58,25,,
Input_xlxs.xlsx,Input_xlxs,Moose Lodge Rd,SB,2025-06-11,15:00:00,15:15:00,>58 to 60,17,,
Input_xlxs.xlsx,Input_xlxs,Moose Lodge Rd,SB,2025-06-11,15:00:00,15:15:00,>60 to 62,13,,
Input_xlxs.xlsx,Input_xlxs,Moose Lodge Rd,SB,2025-06-11,15:00:00,15:15:00,> 62,12,,
Input_xlxs.xlsx,Input_xlxs,Moose Lodge Rd,SB,2025-06-11,16:00:00,16:15:00,0 to 40,5,,
Input_xlxs.xlsx,Input_xlxs,Moose Lodge Rd,SB,2025-06-11,16:00:00,16:15:00,>40 to 42,7,,
Input_xlxs.xlsx,Input_xlxs,Moose Lodge Rd,SB,2025-06-11,16:00:00,16:15:00,>42 to 44,7,,
Input_xlxs.xlsx,Input_xlxs,Moose Lodge Rd,SB,2025-06-11,16:00:00,16:15:00,>44 to 46,5,,
Input_xlxs.xlsx,Input_xlxs,Moose Lodge Rd,SB,2025-06-11,16:00:00,16:15:00,>46 to 48,16,,
Input_xlxs.xlsx,Input_xlxs,Moose Lodge Rd,SB,2025-06-11,16:00:00,16:15:00,>48 to 50,23,,
Input_xlxs.xlsx,Input_xlxs,Moose Lodge Rd,SB,2025-06-11,16:00:00,16:15:00,>50 to 52,27,,
Input_xlxs.xlsx,Input_xlxs,Moose Lodge Rd,SB,2025-06-11,16:00:00,16:15:00,>52 to 54,41,,
Input_xlxs.xlsx,Input_xlxs,Moose Lodge Rd,SB,2025-06-11,16:00:00,16:15:00,>54 to 56,28,,
Input_xlxs.xlsx,Input_xlxs,Moose Lodge Rd,SB,2025-06-11,16:00:00,16:15:00,>56 to 58,22,,
Input_xlxs.xlsx,Input_xlxs,Moose Lodge Rd,SB,2025-06-11,16:00:00,16:15:00,>58 to 60,21,,
Input_xlxs.xlsx,Input_xlxs,Moose Lodge Rd,SB,2025-06-11,16:00:00,16:15:00,>60 to 62,6,,
Input_xlxs.xlsx,Input_xlxs,Moose Lodge Rd,SB,2025-06-11,16:00:00,16:15:00,> 62,19,,
Input_xlxs.xlsx,Input_xlxs,Moose Lodge Rd,SB,2025-06-11,17:00:00,17:15:00,0 to 40,1,,
Input_xlxs.xlsx,Input_xlxs,Moose Lodge Rd,SB,2025-06-11,17:00:00,17:15:00,>40 to 42,1,,
Input_xlxs.xlsx,Input_xlxs,Moose Lodge Rd,SB,2025-06-11,17:00:00,17:15:00,>42 to 44,1,,
Input_xlxs.xlsx,Input_xlxs,Moose Lodge Rd,SB,2025-06-11,17:00:00,17:15:00,>44 to 46,5,,
Input_xlxs.xlsx,Input_xlxs,Moose Lodge Rd,SB,2025-06-11,17:00:00,17:15:00,>46 to 48,11,,
Input_xlxs.xlsx,Input_xlxs,Moose Lodge Rd,SB,2025-06-11,17:00:00,17:15:00,>48 to 50,13,,
Input_xlxs.xlsx,Input_xlxs,Moose Lodge Rd,SB,2025-06-11,17:00:00,17:15:00,>50 to 52,19,,
Input_xlxs.xlsx,Input_xlxs,Moose Lodge Rd,SB,2025-06-11,17:00:00,17:15:00,>52 to 54,23,,
Input_xlxs.xlsx,Input_xlxs,Moose Lodge Rd,SB,2025-06-11,17:00:00,17:15:00,>54 to 56,27,,
Input_xlxs.xlsx,Input_xlxs,Moose Lodge Rd,SB,2025-06-11,17:00:00,17:15:00,>56 to 58,25,,
Input_xlxs.xlsx,Input_xlxs,Moose Lodge Rd,SB,2025-06-11,17:00:00,17:15:00,>58 to 60,18,,
Input_xlxs.xlsx,Input_xlxs,Moose Lodge Rd,SB,2025-06-11,17:00:00,17:15:00,>60 to 62,14,,
Input_xlxs.xlsx,Input_xlxs,Moose Lodge Rd,SB,2025-06-11,17:00:00,17:15:00,> 62,13,,
Input_xlxs.xlsx,Input_xlxs,Moose Lodge Rd,SB,2025-06-11,18:00:00,18:15:00,0 to 40,2,,
Input_xlxs.xlsx,Input_xlxs,Moose Lodge Rd,SB,2025-06-11,18:00:00,18:15:00,>40 to 42,2,,
Input_xlxs.xlsx,Input_xlxs,Moose Lodge Rd,SB,2025-06-11,18:00:00,18:15:00,>42 to 44,2,,
Input_xlxs.xlsx,Input_xlxs,Moose Lodge Rd,SB,2025-06-11,18:00:00,18:15:00,>44 to 46,2,,
Input_xlxs.xlsx,Input_xlxs,Moose Lodge Rd,SB,2025-06-11,18:00:00,18:15:00,>46 to 48,5,,
Input_xlxs.xlsx,Input_xlxs,Moose Lodge Rd,SB,2025-06-11,18:00:00,18:15:00,>48 to 50,9,,
Input_xlxs.xlsx,Input_xlxs,Moose Lodge Rd,SB,2025-06-11,18:00:00,18:15:00,>50 to 52,18,,
Input_xlxs.xlsx,Input_xlxs,Moose Lodge Rd,SB,2025-06-11,18:00:00,18:15:00,>52 to 54,12,,
Input_xlxs.xlsx,Input_xlxs,Moose Lodge Rd,SB,2025-06-11,18:00:00,18:15:00,>54 to 56,23,,
Input_xlxs.xlsx,Input_xlxs,Moose Lodge Rd,SB,2025-06-11,18:00:00,18:15:00,>56 to 58,25,,
Input_xlxs.xlsx,Input_xlxs,Moose Lodge Rd,SB,2025-06-11,18:00:00,18:15:00,>58 to 60,13,,
Input_xlxs.xlsx,Input_xlxs,Moose Lodge Rd,SB,2025-06-11,18:00:00,18:15:00,>60 to 62,12,,
Input_xlxs.xlsx,Input_xlxs,Moose Lodge Rd,SB,2025-06-11,18:00:00,18:15:00,> 62,15,,
Input_xlxs.xlsx,Input_xlxs,Moose Lodge Rd,SB,2025-06-11,19:00:00,19:15:00,0 to 40,0,,
Input_xlxs.xlsx,Input_xlxs,Moose Lodge Rd,SB,2025-06-11,19:00:00,19:15:00,>40 to 42,1,,
Input_xlxs.xlsx,Input_xlxs,Moose Lodge Rd,SB,2025-06-11,19:00:00,19:15:00,>42 to 44,1,,
Input_xlxs.xlsx,Input_xlxs,Moose Lodge Rd,SB,2025-06-11,19:00:00,19:15:00,>44 to 46,2,,
Input_xlxs.xlsx,Input_xlxs,Moose Lodge Rd,SB,2025-06-11,19:00:00,19:15:00,>46 to 48,4,,
Input_xlxs.xlsx,Input_xlxs,Moose Lodge Rd,SB,2025-06-11,19:00:00,19:15:00,>48 to 50,8,,
Input_xlxs.xlsx,Input_xlxs,Moose Lodge Rd,SB,2025-06-11,19:00:00,19:15:00,>50 to 52,17,,
Input_xlxs.xlsx,Input_xlxs,Moose Lodge Rd,SB,2025-06-11,19:00:00,19:15:00,>52 to 54,14,,
Input_xlxs.xlsx,Input_xlxs,Moose Lodge Rd,SB,2025-06-11,19:00:00,19:15:00,>54 to 56,18,,
Input_xlxs.xlsx,Input_xlxs,Moose Lodge Rd,SB,2025-06-11,19:00:00,19:15:00,>56 to 58,3,,
Input_xlxs.xlsx,Input_xlxs,Moose Lodge Rd,SB,2025-06-11,19:00:00,19:15:00,>58 to 60,6,,
Input_xlxs.xlsx,Input_xlxs,Moose Lodge Rd,SB,2025-06-11,19:00:00,19:15:00,>60 to 62,3,,
Input_xlxs.xlsx,Input_xlxs,Moose Lodge Rd,SB,2025-06-11,19:00:00,19:15:00,> 62,9,,
Input_xlxs.xlsx,Input_xlxs,Moose Lodge Rd,SB,2025-06-11,20:00:00,20:15:00,0 to 40,0,,
Input_xlxs.xlsx,Input_xlxs,Moose Lodge Rd,SB,2025-06-11,20:00:00,20:15:00,>40 to 42,1,,
Input_xlxs.xlsx,Input_xlxs,Moose Lodge Rd,SB,2025-06-11,20:00:00,20:15:00,>42 to 44,5,,
Input_xlxs.xlsx,Input_xlxs,Moose Lodge Rd,SB,2025-06-11,20:00:00,20:15:00,>44 to 46,3,,
Input_xlxs.xlsx,Input_xlxs,Moose Lodge Rd,SB,2025-06-11,20:00:00,20:15:00,>46 to 48,5,,
Input_xlxs.xlsx,Input_xlxs,Moose Lodge Rd,SB,2025-06-11,20:00:00,20:15:00,>48 to 50,9,,
Input_xlxs.xlsx,Input_xlxs,Moose Lodge Rd,SB,2025-06-11,20:00:00,20:15:00,>50 to 52,10,,
Input_xlxs.xlsx,Input_xlxs,Moose Lodge Rd,SB,2025-06-11,20:00:00,20:15:00,>52 to 54,9,,
Input_xlxs.xlsx,Input_xlxs,Moose Lodge Rd,SB,2025-06-11,20:00:00,20:15:00,>54 to 56,10,,
Input_xlxs.xlsx,Input_xlxs,Moose Lodge Rd,SB,2025-06-11,20:00:00,20:15:00,>56 to 58,9,,
Input_xlxs.xlsx,Input_xlxs,Moose Lodge Rd,SB,2025-06-11,20:00:00,20:15:00,>58 to 60,5,,
Input_xlxs.xlsx,Input_xlxs,Moose Lodge Rd,SB,2025-06-11,20:00:00,20:15:00,>60 to 62,2,,
Input_xlxs.xlsx,Input_xlxs,Moose Lodge Rd,SB,2025-06-11,20:00:00,20:15:00,> 62,4,,
Input_xlxs.xlsx,Input_xlxs,Moose Lodge Rd,SB,2025-06-11,21:00:00,21:15:00,0 to 40,0,,
Input_xlxs.xlsx,Input_xlxs,Moose Lodge Rd,SB,2025-06-11,21:00:00,21:15:00,>40 to 42,0,,
Input_xlxs.xlsx,Input_xlxs,Moose Lodge Rd,SB,2025-06-11,21:00:00,21:15:00,>42 to 44,1,,
Input_xlxs.xlsx,Input_xlxs,Moose Lodge Rd,SB,2025-06-11,21:00:00,21:15:00,>44 to 46,3,,
Input_xlxs.xlsx,Input_xlxs,Moose Lodge Rd,SB,2025-06-11,21:00:00,21:15:00,>46 to 48,8,,
Input_xlxs.xlsx,Input_xlxs,Moose Lodge Rd,SB,2025-06-11,21:00:00,21:15:00,>48 to 50,6,,
Input_xlxs.xlsx,Input_xlxs,Moose Lodge Rd,SB,2025-06-11,21:00:00,21:15:00,>50 to 52,4,,
Input_xlxs.xlsx,Input_xlxs,Moose Lodge Rd,SB,2025-06-11,21:00:00,21:15:00,>52 to 54,8,,
Input_xlxs.xlsx,Input_xlxs,Moose Lodge Rd,SB,2025-06-11,21:00:00,21:15:00,>54 to 56,4,,
Input_xlxs.xlsx,Input_xlxs,Moose Lodge Rd,SB,2025-06-11,21:00:00,21:15:00,>56 to 58,6,,
Input_xlxs.xlsx,Input_xlxs,Moose Lodge Rd,SB,2025-06-11,21:00:00,21:15:00,>58 to 60,2,,
Input_xlxs.xlsx,Input_xlxs,Moose Lodge Rd,SB,2025-06-11,21:00:00,21:15:00,>60 to 62,0,,
Input_xlxs.xlsx,Input_xlxs,Moose Lodge Rd,SB,2025-06-11,21:00:00,21:15:00,> 62,6,,
Input_xlxs.xlsx,Input_xlxs,Moose Lodge Rd,SB,2025-06-11,22:00:00,22:15:00,0 to 40,1,,
Input_xlxs.xlsx,Input_xlxs,Moose Lodge Rd,SB,2025-06-11,22:00:00,22:15:00,>40 to 42,1,,
Input_xlxs.xlsx,Input_xlxs,Moose Lodge Rd,SB,2025-06-11,22:00:00,22:15:00,>42 to 44,3,,
Input_xlxs.xlsx,Input_xlxs,Moose Lodge Rd,SB,2025-06-11,22:00:00,22:15:00,>44 to 46,2,,
Input_xlxs.xlsx,Input_xlxs,Moose Lodge Rd,SB,2025-06-11,22:00:00,22:15:00,>46 to 48,3,,
Input_xlxs.xlsx,Input_xlxs,Moose Lodge Rd,SB,2025-06-11,22:00:00,22:15:00,>48 to 50,1,,
Input_xlxs.xlsx,Input_xlxs,Moose Lodge Rd,SB,2025-06-11,22:00:00,22:15:00,>50 to 52,2,,
Input_xlxs.xlsx,Input_xlxs,Moose Lodge Rd,SB,2025-06-11,22:00:00,22:15:00,>52 to 54,1,,
Input_xlxs.xlsx,Input_xlxs,Moose Lodge Rd,SB,2025-06-11,22:00:00,22:15:00,>54 to 56,1,,
Input_xlxs.xlsx,Input_xlxs,Moose Lodge Rd,SB,2025-06-11,22:00:00,22:15:00,>56 to 58,4,,
Input_xlxs.xlsx,Input_xlxs,Moose Lodge Rd,SB,2025-06-11,22:00:00,22:15:00,>58 to 60,1,,
Input_xlxs.xlsx,Input_xlxs,Moose Lodge Rd,SB,2025-06-11,22:00:00,22:15:00,>60 to 62,1,,
Input_xlxs.xlsx,Input_xlxs,Moose Lodge Rd,SB,2025-06-11,22:00:00,22:15:00,> 62,5,,
Input_xlxs.xlsx,Input_xlxs,Moose Lodge Rd,SB,2025-06-11,23:00:00,23:15:00,0 to 40,0,,
Input_xlxs.xlsx,Input_xlxs,Moose Lodge Rd,SB,2025-06-11,23:00:00,23:15:00,>40 to 42,0,,
Input_xlxs.xlsx,Input_xlxs,Moose Lodge Rd,SB,2025-06-11,23:00:00,23:15:00,>42 to 44,0,,
Input_xlxs.xlsx,Input_xlxs,Moose Lodge Rd,SB,2025-06-11,23:00:00,23:15:00,>44 to 46,4,,
Input_xlxs.xlsx,Input_xlxs,Moose Lodge Rd,SB,2025-06-11,23:00:00,23:15:00,>46 to 48,0,,
Input_xlxs.xlsx,Input_xlxs,Moose Lodge Rd,SB,2025-06-11,23:00:00,23:15:00,>48 to 50,2,,
Input_xlxs.xlsx,Input_xlxs,Moose Lodge Rd,SB,2025-06-11,23:00:00,23:15:00,>50 to 52,1,,
Input_xlxs.xlsx,Input_xlxs,Moose Lodge Rd,SB,2025-06-11,23:00:00,23:15:00,>52 to 54,0,,
Input_xlxs.xlsx,Input_xlxs,Moose Lodge Rd,SB,2025-06-11,23:00:00,23:15:00,>54 to 56,1,,
Input_xlxs.xlsx,Input_xlxs,Moose Lodge Rd,SB,2025-06-11,23:00:00,23:15:00,>56 to 58,2,,
Input_xlxs.xlsx,Input_xlxs,Moose Lodge Rd,SB,2025-06-11,23:00:00,23:15:00,>58 to 60,0,,
Input_xlxs.xlsx,Input_xlxs,Moose Lodge Rd,SB,2025-06-11,23:00:00,23:15:00,>60 to 62,0,,
Input_xlxs.xlsx,Input_xlxs,Moose Lodge Rd,SB,2025-06-11,23:00:00,23:15:00,> 62,0,,
Input_xlxs.xlsx,Input_xlxs,Moose Lodge Rd,SB,2025-06-12,00:00:00,00:15:00,0 to 40,0,,
Input_xlxs.xlsx,Input_xlxs,Moose Lodge Rd,SB,2025-06-12,00:00:00,00:15:00,>40 to 42,1,,
Input_xlxs.xlsx,Input_xlxs,Moose Lodge Rd,SB,2025-06-12,00:00:00,00:15:00,>42 to 44,0,,
Input_xlxs.xlsx,Input_xlxs,Moose Lodge Rd,SB,2025-06-12,00:00:00,00:15:00,>44 to 46,0,,
Input_xlxs.xlsx,Input_xlxs,Moose Lodge Rd,SB,2025-06-12,00:00:00,00:15:00,>46 to 48,1,,
Input_xlxs.xlsx,Input_xlxs,Moose Lodge Rd,SB,2025-06-12,00:00:00,00:15:00,>48 to 50,1,,
Input_xlxs.xlsx,Input_xlxs,Moose Lodge Rd,SB,2025-06-12,00:00:00,00:15:00,>50 to 52,0,,
Input_xlxs.xlsx,Input_xlxs,Moose Lodge Rd,SB,2025-06-12,00:00:00,00:15:00,>52 to 54,0,,
Input_xlxs.xlsx,Input_xlxs,Moose Lodge Rd,SB,2025-06-12,00:00:00,00:15:00,>54 to 56,0,,
Input_xlxs.xlsx,Input_xlxs,Moose Lodge Rd,SB,2025-06-12,00:00:00,00:15:00,>56 to 58,0,,
Input_xlxs.xlsx,Input_xlxs,Moose Lodge Rd,SB,2025-06-12,00:00:00,00:15:00,>58 to 60,0,,
Input_xlxs.xlsx,Input_xlxs,Moose Lodge Rd,SB,2025-06-12,00:00:00,00:15:00,>60 to 62,0,,
Input_xlxs.xlsx,Input_xlxs,Moose Lodge Rd,SB,2025-06-12,00:00:00,00:15:00,> 62,1,,
Input_xlxs.xlsx,Input_xlxs,Moose Lodge Rd,SB,2025-06-12,01:00:00,01:15:00,0 to 40,0,,
Input_xlxs.xlsx,Input_xlxs,Moose Lodge Rd,SB,2025-06-12,01:00:00,01:15:00,>40 to 42,0,,
Input_xlxs.xlsx,Input_xlxs,Moose Lodge Rd,SB,2025-06-12,01:00:00,01:15:00,>42 to 44,0,,
Input_xlxs.xlsx,Input_xlxs,Moose Lodge Rd,SB,2025-06-12,01:00:00,01:15:00,>44 to 46,0,,
Input_xlxs.xlsx,Input_xlxs,Moose Lodge Rd,SB,2025-06-12,01:00:00,01:15:00,>46 to 48,1,,
Input_xlxs.xlsx,Input_xlxs,Moose Lodge Rd,SB,2025-06-12,01:00:00,01:15:00,>48 to 50,0,,
Input_xlxs.xlsx,Input_xlxs,Moose Lodge Rd,SB,2025-06-12,01:00:00,01:15:00,>50 to 52,0,,
Input_xlxs.xlsx,Input_xlxs,Moose Lodge Rd,SB,2025-06-12,01:00:00,01:15:00,>52 to 54,0,,
Input_xlxs.xlsx,Input_xlxs,Moose Lodge Rd,SB,2025-06-12,01:00:00,01:15:00,>54 to 56,0,,
Input_xlxs.xlsx,Input_xlxs,Moose Lodge Rd,SB,2025-06-12,01:00:00,01:15:00,>56 to 58,0,,
Input_xlxs.xlsx,Input_xlxs,Moose Lodge Rd,SB,2025-06-12,01:00:00,01:15:00,>58 to 60,0,,
Input_xlxs.xlsx,Input_xlxs,Moose Lodge Rd,SB,2025-06-12,01:00:00,01:15:00,>60 to 62,0,,
Input_xlxs.xlsx,Input_xlxs,Moose Lodge Rd,SB,2025-06-12,01:00:00,01:15:00,> 62,0,,
Input_xlxs.xlsx,Input_xlxs,Moose Lodge Rd,SB,2025-06-12,02:00:00,02:15:00,0 to 40,0,,
Input_xlxs.xlsx,Input_xlxs,Moose Lodge Rd,SB,2025-06-12,02:00:00,02:15:00,>40 to 42,1,,
Input_xlxs.xlsx,Input_xlxs,Moose Lodge Rd,SB,2025-06-12,02:00:00,02:15:00,>42 to 44,1,,
Input_xlxs.xlsx,Input_xlxs,Moose Lodge Rd,SB,2025-06-12,02:00:00,02:15:00,>44 to 46,1,,
Input_xlxs.xlsx,Input_xlxs,Moose Lodge Rd,SB,2025-06-12,02:00:00,02:15:00,>46 to 48,0,,
Input_xlxs.xlsx,Input_xlxs,Moose Lodge Rd,SB,2025-06-12,02:00:00,02:15:00,>48 to 50,0,,
Input_xlxs.xlsx,Input_xlxs,Moose Lodge Rd,SB,2025-06-12,02:00:00,02:15:00,>50 to 52,0,,
Input_xlxs.xlsx,Input_xlxs,Moose Lodge Rd,SB,2025-06-12,02:00:00,02:15:00,>52 to 54,0,,
Input_xlxs.xlsx,Input_xlxs,Moose Lodge Rd,SB,2025-06-12,02:00:00,02:15:00,>54 to 56,2,,
Input_xlxs.xlsx,Input_xlxs,Moose Lodge Rd,SB,2025-06-12,02:00:00,02:15:00,>56 to 58,0,,
Input_xlxs.xlsx,Input_xlxs,Moose Lodge Rd,SB,2025-06-12,02:00:00,02:15:00,>58 to 60,0,,
Input_xlxs.xlsx,Input_xlxs,Moose Lodge Rd,SB,2025-06-12,02:00:00,02:15:00,>60 to 62,0,,
Input_xlxs.xlsx,Input_xlxs,Moose Lodge Rd,SB,2025-06-12,02:00:00,02:15:00,> 62,0,,
Input_xlxs.xlsx,Input_xlxs,Moose Lodge Rd,SB,2025-06-12,03:00:00,03:15:00,0 to 40,0,,
Input_xlxs.xlsx,Input_xlxs,Moose Lodge Rd,SB,2025-06-12,03:00:00,03:15:00,>40 to 42,0,,
Input_xlxs.xlsx,Input_xlxs,Moose Lodge Rd,SB,2025-06-12,03:00:00,03:15:00,>42 to 44,1,,
Input_xlxs.xlsx,Input_xlxs,Moose Lodge Rd,SB,2025-06-12,03:00:00,03:15:00,>44 to 46,1,,
Input_xlxs.xlsx,Input_xlxs,Moose Lodge Rd,SB,2025-06-12,03:00:00,03:15:00,>46 to 48,2,,
Input_xlxs.xlsx,Input_xlxs,Moose Lodge Rd,SB,2025-06-12,03:00:00,03:15:00,>48 to 50,5,,
Input_xlxs.xlsx,Input_xlxs,Moose Lodge Rd,SB,2025-06-12,03:00:00,03:15:00,>50 to 52,2,,
Input_xlxs.xlsx,Input_xlxs,Moose Lodge Rd,SB,2025-06-12,03:00:00,03:15:00,>52 to 54,0,,
Input_xlxs.xlsx,Input_xlxs,Moose Lodge Rd,SB,2025-06-12,03:00:00,03:15:00,>54 to 56,1,,
Input_xlxs.xlsx,Input_xlxs,Moose Lodge Rd,SB,2025-06-12,03:00:00,03:15:00,>56 to 58,1,,
Input_xlxs.xlsx,Input_xlxs,Moose Lodge Rd,SB,2025-06-12,03:00:00,03:15:00,>58 to 60,0,,
Input_xlxs.xlsx,Input_xlxs,Moose Lodge Rd,SB,2025-06-12,03:00:00,03:15:00,>60 to 62,0,,
Input_xlxs.xlsx,Input_xlxs,Moose Lodge Rd,SB,2025-06-12,03:00:00,03:15:00,> 62,0,,
Input_xlxs.xlsx,Input_xlxs,Moose Lodge Rd,SB,2025-06-12,04:00:00,04:15:00,0 to 40,0,,
Input_xlxs.xlsx,Input_xlxs,Moose Lodge Rd,SB,2025-06-12,04:00:00,04:15:00,>40 to 42,0,,
Input_xlxs.xlsx,Input_xlxs,Moose Lodge Rd,SB,2025-06-12,04:00:00,04:15:00,>42 to 44,3,,
Input_xlxs.xlsx,Input_xlxs,Moose Lodge Rd,SB,2025-06-12,04:00:00,04:15:00,>44 to 46,1,,
Input_xlxs.xlsx,Input_xlxs,Moose Lodge Rd,SB,2025-06-12,04:00:00,04:15:00,>46 to 48,1,,
Input_xlxs.xlsx,Input_xlxs,Moose Lodge Rd,SB,2025-06-12,04:00:00,04:15:00,>48 to 50,2,,
Input_xlxs.xlsx,Input_xlxs,Moose Lodge Rd,SB,2025-06-12,04:00:00,04:15:00,>50 to 52,3,,
Input_xlxs.xlsx,Input_xlxs,Moose Lodge Rd,SB,2025-06-12,04:00:00,04:15:00,>52 to 54,0,,
Input_xlxs.xlsx,Input_xlxs,Moose Lodge Rd,SB,2025-06-12,04:00:00,04:15:00,>54 to 56,1,,
Input_xlxs.xlsx,Input_xlxs,Moose Lodge Rd,SB,2025-06-12,04:00:00,04:15:00,>56 to 58,0,,
Input_xlxs.xlsx,Input_xlxs,Moose Lodge Rd,SB,2025-06-12,04:00:00,04:15:00,>58 to 60,1,,
Input_xlxs.xlsx,Input_xlxs,Moose Lodge Rd,SB,2025-06-12,04:00:00,04:15:00,>60 to 62,0,,
Input_xlxs.xlsx,Input_xlxs,Moose Lodge Rd,SB,2025-06-12,04:00:00,04:15:00,> 62,2,,
Input_xlxs.xlsx,Input_xlxs,Moose Lodge Rd,SB,2025-06-12,05:00:00,05:15:00,0 to 40,2,,
Input_xlxs.xlsx,Input_xlxs,Moose Lodge Rd,SB,2025-06-12,05:00:00,05:15:00,>40 to 42,0,,
Input_xlxs.xlsx,Input_xlxs,Moose Lodge Rd,SB,2025-06-12,05:00:00,05:15:00,>42 to 44,2,,
Input_xlxs.xlsx,Input_xlxs,Moose Lodge Rd,SB,2025-06-12,05:00:00,05:15:00,>44 to 46,2,,
Input_xlxs.xlsx,Input_xlxs,Moose Lodge Rd,SB,2025-06-12,05:00:00,05:15:00,>46 to 48,7,,
Input_xlxs.xlsx,Input_xlxs,Moose Lodge Rd,SB,2025-06-12,05:00:00,05:15:00,>48 to 50,4,,
Input_xlxs.xlsx,Input_xlxs,Moose Lodge Rd,SB,2025-06-12,05:00:00,05:15:00,>50 to 52,1,,
Input_xlxs.xlsx,Input_xlxs,Moose Lodge Rd,SB,2025-06-12,05:00:00,05:15:00,>52 to 54,1,,
Input_xlxs.xlsx,Input_xlxs,Moose Lodge Rd,SB,2025-06-12,05:00:00,05:15:00,>54 to 56,3,,
Input_xlxs.xlsx,Input_xlxs,Moose Lodge Rd,SB,2025-06-12,05:00:00,05:15:00,>56 to 58,3,,
Input_xlxs.xlsx,Input_xlxs,Moose Lodge Rd,SB,2025-06-12,05:00:00,05:15:00,>58 to 60,1,,
Input_xlxs.xlsx,Input_xlxs,Moose Lodge Rd,SB,2025-06-12,05:00:00,05:15:00,>60 to 62,1,,
Input_xlxs.xlsx,Input_xlxs,Moose Lodge Rd,SB,2025-06-12,05:00:00,05:15:00,> 62,1,,
Input_xlxs.xlsx,Input_xlxs,Moose Lodge Rd,SB,2025-06-12,06:00:00,06:15:00,0 to 40,1,,
Input_xlxs.xlsx,Input_xlxs,Moose Lodge Rd,SB,2025-06-12,06:00:00,06:15:00,>40 to 42,0,,
Input_xlxs.xlsx,Input_xlxs,Moose Lodge Rd,SB,2025-06-12,06:00:00,06:15:00,>42 to 44,0,,
Input_xlxs.xlsx,Input_xlxs,Moose Lodge Rd,SB,2025-06-12,06:00:00,06:15:00,>44 to 46,5,,
Input_xlxs.xlsx,Input_xlxs,Moose Lodge Rd,SB,2025-06-12,06:00:00,06:15:00,>46 to 48,5,,
Input_xlxs.xlsx,Input_xlxs,Moose Lodge Rd,SB,2025-06-12,06:00:00,06:15:00,>48 to 50,6,,
Input_xlxs.xlsx,Input_xlxs,Moose Lodge Rd,SB,2025-06-12,06:00:00,06:15:00,>50 to 52,8,,
Input_xlxs.xlsx,Input_xlxs,Moose Lodge Rd,SB,2025-06-12,06:00:00,06:15:00,>52 to 54,10,,
Input_xlxs.xlsx,Input_xlxs,Moose Lodge Rd,SB,2025-06-12,06:00:00,06:15:00,>54 to 56,5,,
Input_xlxs.xlsx,Input_xlxs,Moose Lodge Rd,SB,2025-06-12,06:00:00,06:15:00,>56 to 58,8,,
Input_xlxs.xlsx,Input_xlxs,Moose Lodge Rd,SB,2025-06-12,06:00:00,06:15:00,>58 to 60,4,,
Input_xlxs.xlsx,Input_xlxs,Moose Lodge Rd,SB,2025-06-12,06:00:00,06:15:00,>60 to 62,4,,
Input_xlxs.xlsx,Input_xlxs,Moose Lodge Rd,SB,2025-06-12,06:00:00,06:15:00,> 62,8,,
Input_xlxs.xlsx,Input_xlxs,Moose Lodge Rd,SB,2025-06-12,07:00:00,07:15:00,0 to 40,6,,
Input_xlxs.xlsx,Input_xlxs,Moose Lodge Rd,SB,2025-06-12,07:00:00,07:15:00,>40 to 42,1,,
Input_xlxs.xlsx,Input_xlxs,Moose Lodge Rd,SB,2025-06-12,07:00:00,07:15:00,>42 to 44,4,,
Input_xlxs.xlsx,Input_xlxs,Moose Lodge Rd,SB,2025-06-12,07:00:00,07:15:00,>44 to 46,3,,
Input_xlxs.xlsx,Input_xlxs,Moose Lodge Rd,SB,2025-06-12,07:00:00,07:15:00,>46 to 48,4,,
Input_xlxs.xlsx,Input_xlxs,Moose Lodge Rd,SB,2025-06-12,07:00:00,07:15:00,>48 to 50,12,,
Input_xlxs.xlsx,Input_xlxs,Moose Lodge Rd,SB,2025-06-12,07:00:00,07:15:00,>50 to 52,9,,
Input_xlxs.xlsx,Input_xlxs,Moose Lodge Rd,SB,2025-06-12,07:00:00,07:15:00,>52 to 54,11,,
Input_xlxs.xlsx,Input_xlxs,Moose Lodge Rd,SB,2025-06-12,07:00:00,07:15:00,>54 to 56,9,,
Input_xlxs.xlsx,Input_xlxs,Moose Lodge Rd,SB,2025-06-12,07:00:00,07:15:00,>56 to 58,13,,
Input_xlxs.xlsx,Input_xlxs,Moose Lodge Rd,SB,2025-06-12,07:00:00,07:15:00,>58 to 60,6,,
Input_xlxs.xlsx,Input_xlxs,Moose Lodge Rd,SB,2025-06-12,07:00:00,07:15:00,>60 to 62,6,,
Input_xlxs.xlsx,Input_xlxs,Moose Lodge Rd,SB,2025-06-12,07:00:00,07:15:00,> 62,16,,
Input_xlxs.xlsx,Input_xlxs,Moose Lodge Rd,SB,2025-06-12,08:00:00,08:15:00,0 to 40,1,,
Input_xlxs.xlsx,Input_xlxs,Moose Lodge Rd,SB,2025-06-12,08:00:00,08:15:00,>40 to 42,1,,
Input_xlxs.xlsx,Input_xlxs,Moose Lodge Rd,SB,2025-06-12,08:00:00,08:15:00,>42 to 44,3,,
Input_xlxs.xlsx,Input_xlxs,Moose Lodge Rd,SB,2025-06-12,08:00:00,08:15:00,>44 to 46,3,,
Input_xlxs.xlsx,Input_xlxs,Moose Lodge Rd,SB,2025-06-12,08:00:00,08:15:00,>46 to 48,6,,
Input_xlxs.xlsx,Input_xlxs,Moose Lodge Rd,SB,2025-06-12,08:00:00,08:15:00,>48 to 50,7,,
Input_xlxs.xlsx,Input_xlxs,Moose Lodge Rd,SB,2025-06-12,08:00:00,08:15:00,>50 to 52,15,,
Input_xlxs.xlsx,Input_xlxs,Moose Lodge Rd,SB,2025-06-12,08:00:00,08:15:00,>52 to 54,11,,
Input_xlxs.xlsx,Input_xlxs,Moose Lodge Rd,SB,2025-06-12,08:00:00,08:15:00,>54 to 56,13,,
Input_xlxs.xlsx,Input_xlxs,Moose Lodge Rd,SB,2025-06-12,08:00:00,08:15:00,>56 to 58,4,,
Input_xlxs.xlsx,Input_xlxs,Moose Lodge Rd,SB,2025-06-12,08:00:00,08:15:00,>58 to 60,4,,
Input_xlxs.xlsx,Input_xlxs,Moose Lodge Rd,SB,2025-06-12,08:00:00,08:15:00,>60 to 62,2,,
Input_xlxs.xlsx,Input_xlxs,Moose Lodge Rd,SB,2025-06-12,08:00:00,08:15:00,> 62,3,,
Input_xlxs.xlsx,Input_xlxs,Moose Lodge Rd,SB,2025-06-12,09:00:00,09:15:00,0 to 40,15,,
Input_xlxs.xlsx,Input_xlxs,Moose Lodge Rd,SB,2025-06-12,09:00:00,09:15:00,>40 to 42,0,,
Input_xlxs.xlsx,Input_xlxs,Moose Lodge Rd,SB,2025-06-12,09:00:00,09:15:00,>42 to 44,2,,
Input_xlxs.xlsx,Input_xlxs,Moose Lodge Rd,SB,2025-06-12,09:00:00,09:15:00,>44 to 46,3,,
Input_xlxs.xlsx,Input_xlxs,Moose Lodge Rd,SB,2025-06-12,09:00:00,09:15:00,>46 to 48,12,,
Input_xlxs.xlsx,Input_xlxs,Moose Lodge Rd,SB,2025-06-12,09:00:00,09:15:00,>48 to 50,8,,
Input_xlxs.xlsx,Input_xlxs,Moose Lodge Rd,SB,2025-06-12,09:00:00,09:15:00,>50 to 52,8,,
Input_xlxs.xlsx,Input_xlxs,Moose Lodge Rd,SB,2025-06-12,09:00:00,09:15:00,>52 to 54,12,,
Input_xlxs.xlsx,Input_xlxs,Moose Lodge Rd,SB,2025-06-12,09:00:00,09:15:00,>54 to 56,3,,
Input_xlxs.xlsx,Input_xlxs,Moose Lodge Rd,SB,2025-06-12,09:00:00,09:15:00,>56 to 58,6,,
Input_xlxs.xlsx,Input_xlxs,Moose Lodge Rd,SB,2025-06-12,09:00:00,09:15:00,>58 to 60,3,,
Input_xlxs.xlsx,Input_xlxs,Moose Lodge Rd,SB,2025-06-12,09:00:00,09:15:00,>60 to 62,4,,
Input_xlxs.xlsx,Input_xlxs,Moose Lodge Rd,SB,2025-06-12,09:00:00,09:15:00,> 62,4,,
Input_xlxs.xlsx,Input_xlxs,Moose Lodge Rd,SB,2025-06-12,10:00:00,10:15:00,0 to 40,17,,
Input_xlxs.xlsx,Input_xlxs,Moose Lodge Rd,SB,2025-06-12,10:00:00,10:15:00,>40 to 42,1,,
Input_xlxs.xlsx,Input_xlxs,Moose Lodge Rd,SB,2025-06-12,10:00:00,10:15:00,>42 to 44,5,,
Input_xlxs.xlsx,Input_xlxs,Moose Lodge Rd,SB,2025-06-12,10:00:00,10:15:00,>44 to 46,7,,
Input_xlxs.xlsx,Input_xlxs,Moose Lodge Rd,SB,2025-06-12,10:00:00,10:15:00,>46 to 48,9,,
Input_xlxs.xlsx,Input_xlxs,Moose Lodge Rd,SB,2025-06-12,10:00:00,10:15:00,>48 to 50,9,,
Input_xlxs.xlsx,Input_xlxs,Moose Lodge Rd,SB,2025-06-12,10:00:00,10:15:00,>50 to 52,13,,
Input_xlxs.xlsx,Input_xlxs,Moose Lodge Rd,SB,2025-06-12,10:00:00,10:15:00,>52 to 54,14,,
Input_xlxs.xlsx,Input_xlxs,Moose Lodge Rd,SB,2025-06-12,10:00:00,10:15:00,>54 to 56,6,,
Input_xlxs.xlsx,Input_xlxs,Moose Lodge Rd,SB,2025-06-12,10:00:00,10:15:00,>56 to 58,8,,
Input_xlxs.xlsx,Input_xlxs,Moose Lodge Rd,SB,2025-06-12,10:00:00,10:15:00,>58 to 60,7,,
Input_xlxs.xlsx,Input_xlxs,Moose Lodge Rd,SB,2025-06-12,10:00:00,10:15:00,>60 to 62,7,,
Input_xlxs.xlsx,Input_xlxs,Moose Lodge Rd,SB,2025-06-12,10:00:00,10:15:00,> 62,3,,
Input_xlxs.xlsx,Input_xlxs,Moose Lodge Rd,SB,2025-06-12,11:00:00,11:15:00,0 to 40,7,,
Input_xlxs.xlsx,Input_xlxs,Moose Lodge Rd,SB,2025-06-12,11:00:00,11:15:00,>40 to 42,3,,
Input_xlxs.xlsx,Input_xlxs,Moose Lodge Rd,SB,2025-06-12,11:00:00,11:15:00,>42 to 44,4,,
Input_xlxs.xlsx,Input_xlxs,Moose Lodge Rd,SB,2025-06-12,11:00:00,11:15:00,>44 to 46,4,,
Input_xlxs.xlsx,Input_xlxs,Moose Lodge Rd,SB,2025-06-12,11:00:00,11:15:00,>46 to 48,2,,
Input_xlxs.xlsx,Input_xlxs,Moose Lodge Rd,SB,2025-06-12,11:00:00,11:15:00,>48 to 50,12,,
Input_xlxs.xlsx,Input_xlxs,Moose Lodge Rd,SB,2025-06-12,11:00:00,11:15:00,>50 to 52,6,,
Input_xlxs.xlsx,Input_xlxs,Moose Lodge Rd,SB,2025-06-12,11:00:00,11:15:00,>52 to 54,9,,
Input_xlxs.xlsx,Input_xlxs,Moose Lodge Rd,SB,2025-06-12,11:00:00,11:15:00,>54 to 56,10,,
Input_xlxs.xlsx,Input_xlxs,Moose Lodge Rd,SB,2025-06-12,11:00:00,11:15:00,>56 to 58,6,,
Input_xlxs.xlsx,Input_xlxs,Moose Lodge Rd,SB,2025-06-12,11:00:00,11:15:00,>58 to 60,5,,
Input_xlxs.xlsx,Input_xlxs,Moose Lodge Rd,SB,2025-06-12,11:00:00,11:15:00,>60 to 62,4,,
Input_xlxs.xlsx,Input_xlxs,Moose Lodge Rd,SB,2025-06-12,11:00:00,11:15:00,> 62,2,,
Input_xlxs.xlsx,Input_xlxs,Moose Lodge Rd,SB,2025-06-12,12:00:00,12:15:00,0 to 40,8,,
Input_xlxs.xlsx,Input_xlxs,Moose Lodge Rd,SB,2025-06-12,12:00:00,12:15:00,>40 to 42,4,,
Input_xlxs.xlsx,Input_xlxs,Moose Lodge Rd,SB,2025-06-12,12:00:00,12:15:00,>42 to 44,5,,
Input_xlxs.xlsx,Input_xlxs,Moose Lodge Rd,SB,2025-06-12,12:00:00,12:15:00,>44 to 46,8,,
Input_xlxs.xlsx,Input_xlxs,Moose Lodge Rd,SB,2025-06-12,12:00:00,12:15:00,>46 to 48,13,,
Input_xlxs.xlsx,Input_xlxs,Moose Lodge Rd,SB,2025-06-12,12:00:00,12:15:00,>48 to 50,12,,
Input_xlxs.xlsx,Input_xlxs,Moose Lodge Rd,SB,2025-06-12,12:00:00,12:15:00,>50 to 52,15,,
Input_xlxs.xlsx,Input_xlxs,Moose Lodge Rd,SB,2025-06-12,12:00:00,12:15:00,>52 to 54,10,,
Input_xlxs.xlsx,Input_xlxs,Moose Lodge Rd,SB,2025-06-12,12:00:00,12:15:00,>54 to 56,10,,
Input_xlxs.xlsx,Input_xlxs,Moose Lodge Rd,SB,2025-06-12,12:00:00,12:15:00,>56 to 58,10,,
Input_xlxs.xlsx,Input_xlxs,Moose Lodge Rd,SB,2025-06-12,12:00:00,12:15:00,>58 to 60,7,,
Input_xlxs.xlsx,Input_xlxs,Moose Lodge Rd,SB,2025-06-12,12:00:00,12:15:00,>60 to 62,2,,
Input_xlxs.xlsx,Input_xlxs,Moose Lodge Rd,SB,2025-06-12,12:00:00,12:15:00,> 62,8,,
Input_xlxs.xlsx,Input_xlxs,Moose Lodge Rd,SB,2025-06-12,13:00:00,13:15:00,0 to 40,13,,
Input_xlxs.xlsx,Input_xlxs,Moose Lodge Rd,SB,2025-06-12,13:00:00,13:15:00,>40 to 42,4,,
Input_xlxs.xlsx,Input_xlxs,Moose Lodge Rd,SB,2025-06-12,13:00:00,13:15:00,>42 to 44,7,,
Input_xlxs.xlsx,Input_xlxs,Moose Lodge Rd,SB,2025-06-12,13:00:00,13:15:00,>44 to 46,11,,
Input_xlxs.xlsx,Input_xlxs,Moose Lodge Rd,SB,2025-06-12,13:00:00,13:15:00,>46 to 48,13,,
Input_xlxs.xlsx,Input_xlxs,Moose Lodge Rd,SB,2025-06-12,13:00:00,13:15:00,>48 to 50,18,,
Input_xlxs.xlsx,Input_xlxs,Moose Lodge Rd,SB,2025-06-12,13:00:00,13:15:00,>50 to 52,15,,
Input_xlxs.xlsx,Input_xlxs,Moose Lodge Rd,SB,2025-06-12,13:00:00,13:15:00,>52 to 54,10,,
Input_xlxs.xlsx,Input_xlxs,Moose Lodge Rd,SB,2025-06-12,13:00:00,13:15:00,>54 to 56,6,,
Input_xlxs.xlsx,Input_xlxs,Moose Lodge Rd,SB,2025-06-12,13:00:00,13:15:00,>56 to 58,3,,
Input_xlxs.xlsx,Input_xlxs,Moose Lodge Rd,SB,2025-06-12,13:00:00,13:15:00,>58 to 60,4,,
Input_xlxs.xlsx,Input_xlxs,Moose Lodge Rd,SB,2025-06-12,13:00:00,13:15:00,>60 to 62,3,,
Input_xlxs.xlsx,Input_xlxs,Moose Lodge Rd,SB,2025-06-12,13:00:00,13:15:00,> 62,4,,
Input_xlxs.xlsx,Input_xlxs,Moose Lodge Rd,SB,2025-06-12,14:00:00,14:15:00,0 to 40,5,,
Input_xlxs.xlsx,Input_xlxs,Moose Lodge Rd,SB,2025-06-12,14:00:00,14:15:00,>40 to 42,2,,
Input_xlxs.xlsx,Input_xlxs,Moose Lodge Rd,SB,2025-06-12,14:00:00,14:15:00,>42 to 44,4,,
Input_xlxs.xlsx,Input_xlxs,Moose Lodge Rd,SB,2025-06-12,14:00:00,14:15:00,>44 to 46,6,,
Input_xlxs.xlsx,Input_xlxs,Moose Lodge Rd,SB,2025-06-12,14:00:00,14:15:00,>46 to 48,12,,
Input_xlxs.xlsx,Input_xlxs,Moose Lodge Rd,SB,2025-06-12,14:00:00,14:15:00,>48 to 50,13,,
Input_xlxs.xlsx,Input_xlxs,Moose Lodge Rd,SB,2025-06-12,14:00:00,14:15:00,>50 to 52,14,,
Input_xlxs.xlsx,Input_xlxs,Moose Lodge Rd,SB,2025-06-12,14:00:00,14:15:00,>52 to 54,19,,
Input_xlxs.xlsx,Input_xlxs,Moose Lodge Rd,SB,2025-06-12,14:00:00,14:15:00,>54 to 56,15,,
Input_xlxs.xlsx,Input_xlxs,Moose Lodge Rd,SB,2025-06-12,14:00:00,14:15:00,>56 to 58,13,,
Input_xlxs.xlsx,Input_xlxs,Moose Lodge Rd,SB,2025-06-12,14:00:00,14:15:00,>58 to 60,6,,
Input_xlxs.xlsx,Input_xlxs,Moose Lodge Rd,SB,2025-06-12,14:00:00,14:15:00,>60 to 62,6,,
Input_xlxs.xlsx,Input_xlxs,Moose Lodge Rd,SB,2025-06-12,14:00:00,14:15:00,> 62,8,,
Input_xlxs.xlsx,Input_xlxs,Moose Lodge Rd,SB,2025-06-12,15:00:00,15:15:00,0 to 40,3,,
Input_xlxs.xlsx,Input_xlxs,Moose Lodge Rd,SB,2025-06-12,15:00:00,15:15:00,>40 to 42,3,,
Input_xlxs.xlsx,Input_xlxs,Moose Lodge Rd,SB,2025-06-12,15:00:00,15:15:00,>42 to 44,2,,
Input_xlxs.xlsx,Input_xlxs,Moose Lodge Rd,SB,2025-06-12,15:00:00,15:15:00,>44 to 46,6,,
Input_xlxs.xlsx,Input_xlxs,Moose Lodge Rd,SB,2025-06-12,15:00:00,15:15:00,>46 to 48,14,,
Input_xlxs.xlsx,Input_xlxs,Moose Lodge Rd,SB,2025-06-12,15:00:00,15:15:00,>48 to 50,11,,
Input_xlxs.xlsx,Input_xlxs,Moose Lodge Rd,SB,2025-06-12,15:00:00,15:15:00,>50 to 52,39,,
Input_xlxs.xlsx,Input_xlxs,Moose Lodge Rd,SB,2025-06-12,15:00:00,15:15:00,>52 to 54,28,,
Input_xlxs.xlsx,Input_xlxs,Moose Lodge Rd,SB,2025-06-12,15:00:00,15:15:00,>54 to 56,31,,
Input_xlxs.xlsx,Input_xlxs,Moose Lodge Rd,SB,2025-06-12,15:00:00,15:15:00,>56 to 58,21,,
Input_xlxs.xlsx,Input_xlxs,Moose Lodge Rd,SB,2025-06-12,15:00:00,15:15:00,>58 to 60,16,,
Input_xlxs.xlsx,Input_xlxs,Moose Lodge Rd,SB,2025-06-12,15:00:00,15:15:00,>60 to 62,9,,
Input_xlxs.xlsx,Input_xlxs,Moose Lodge Rd,SB,2025-06-12,15:00:00,15:15:00,> 62,13,,
Input_xlxs.xlsx,Input_xlxs,Moose Lodge Rd,SB,2025-06-12,16:00:00,16:15:00,0 to 40,5,,
Input_xlxs.xlsx,Input_xlxs,Moose Lodge Rd,SB,2025-06-12,16:00:00,16:15:00,>40 to 42,0,,
Input_xlxs.xlsx,Input_xlxs,Moose Lodge Rd,SB,2025-06-12,16:00:00,16:15:00,>42 to 44,7,,
Input_xlxs.xlsx,Input_xlxs,Moose Lodge Rd,SB,2025-06-12,16:00:00,16:15:00,>44 to 46,7,,
Input_xlxs.xlsx,Input_xlxs,Moose Lodge Rd,SB,2025-06-12,16:00:00,16:15:00,>46 to 48,11,,
Input_xlxs.xlsx,Input_xlxs,Moose Lodge Rd,SB,2025-06-12,16:00:00,16:15:00,>48 to 50,14,,
Input_xlxs.xlsx,Input_xlxs,Moose Lodge Rd,SB,2025-06-12,16:00:00,16:15:00,>50 to 52,24,,
Input_xlxs.xlsx,Input_xlxs,Moose Lodge Rd,SB,2025-06-12,16:00:00,16:15:00,>52 to 54,44,,
Input_xlxs.xlsx,Input_xlxs,Moose Lodge Rd,SB,2025-06-12,16:00:00,16:15:00,>54 to 56,36,,
Input_xlxs.xlsx,Input_xlxs,Moose Lodge Rd,SB,2025-06-12,16:00:00,16:15:00,>56 to 58,28,,
Input_xlxs.xlsx,Input_xlxs,Moose Lodge Rd,SB,2025-06-12,16:00:00,16:15:00,>58 to 60,21,,
Input_xlxs.xlsx,Input_xlxs,Moose Lodge Rd,SB,2025-06-12,16:00:00,16:15:00,>60 to 62,10,,
Input_xlxs.xlsx,Input_xlxs,Moose Lodge Rd,SB,2025-06-12,16:00:00,16:15:00,> 62,17,,
Input_xlxs.xlsx,Input_xlxs,Moose Lodge Rd,SB,2025-06-12,17:00:00,17:15:00,0 to 40,2,,
Input_xlxs.xlsx,Input_xlxs,Moose Lodge Rd,SB,2025-06-12,17:00:00,17:15:00,>40 to 42,0,,
Input_xlxs.xlsx,Input_xlxs,Moose Lodge Rd,SB,2025-06-12,17:00:00,17:15:00,>42 to 44,4,,
Input_xlxs.xlsx,Input_xlxs,Moose Lodge Rd,SB,2025-06-12,17:00:00,17:15:00,>44 to 46,6,,
Input_xlxs.xlsx,Input_xlxs,Moose Lodge Rd,SB,2025-06-12,17:00:00,17:15:00,>46 to 48,5,,
Input_xlxs.xlsx,Input_xlxs,Moose Lodge Rd,SB,2025-06-12,17:00:00,17:15:00,>48 to 50,13,,
Input_xlxs.xlsx,Input_xlxs,Moose Lodge Rd,SB,2025-06-12,17:00:00,17:15:00,>50 to 52,24,,
Input_xlxs.xlsx,Input_xlxs,Moose Lodge Rd,SB,2025-06-12,17:00:00,17:15:00,>52 to 54,25,,
Input_xlxs.xlsx,Input_xlxs,Moose Lodge Rd,SB,2025-06-12,17:00:00,17:15:00,>54 to 56,32,,
Input_xlxs.xlsx,Input_xlxs,Moose Lodge Rd,SB,2025-06-12,17:00:00,17:15:00,>56 to 58,22,,
Input_xlxs.xlsx,Input_xlxs,Moose Lodge Rd,SB,2025-06-12,17:00:00,17:15:00,>58 to 60,17,,
Input_xlxs.xlsx,Input_xlxs,Moose Lodge Rd,SB,2025-06-12,17:00:00,17:15:00,>60 to 62,12,,
Input_xlxs.xlsx,Input_xlxs,Moose Lodge Rd,SB,2025-06-12,17:00:00,17:15:00,> 62,9,,
Input_xlxs.xlsx,Input_xlxs,Moose Lodge Rd,SB,2025-06-12,18:00:00,18:15:00,0 to 40,2,,
Input_xlxs.xlsx,Input_xlxs,Moose Lodge Rd,SB,2025-06-12,18:00:00,18:15:00,>40 to 42,1,,
Input_xlxs.xlsx,Input_xlxs,Moose Lodge Rd,SB,2025-06-12,18:00:00,18:15:00,>42 to 44,3,,
Input_xlxs.xlsx,Input_xlxs,Moose Lodge Rd,SB,2025-06-12,18:00:00,18:15:00,>44 to 46,10,,
Input_xlxs.xlsx,Input_xlxs,Moose Lodge Rd,SB,2025-06-12,18:00:00,18:15:00,>46 to 48,11,,
Input_xlxs.xlsx,Input_xlxs,Moose Lodge Rd,SB,2025-06-12,18:00:00,18:15:00,>48 to 50,9,,
Input_xlxs.xlsx,Input_xlxs,Moose Lodge Rd,SB,2025-06-12,18:00:00,18:15:00,>50 to 52,17,,
Input_xlxs.xlsx,Input_xlxs,Moose Lodge Rd,SB,2025-06-12,18:00:00,18:15:00,>52 to 54,16,,
Input_xlxs.xlsx,Input_xlxs,Moose Lodge Rd,SB,2025-06-12,18:00:00,18:15:00,>54 to 56,11,,
Input_xlxs.xlsx,Input_xlxs,Moose Lodge Rd,SB,2025-06-12,18:00:00,18:15:00,>56 to 58,11,,
Input_xlxs.xlsx,Input_xlxs,Moose Lodge Rd,SB,2025-06-12,18:00:00,18:15:00,>58 to 60,13,,
Input_xlxs.xlsx,Input_xlxs,Moose Lodge Rd,SB,2025-06-12,18:00:00,18:15:00,>60 to 62,6,,
Input_xlxs.xlsx,Input_xlxs,Moose Lodge Rd,SB,2025-06-12,18:00:00,18:15:00,> 62,15,,
Input_xlxs.xlsx,Input_xlxs,Moose Lodge Rd,SB,2025-06-12,19:00:00,19:15:00,0 to 40,7,,
Input_xlxs.xlsx,Input_xlxs,Moose Lodge Rd,SB,2025-06-12,19:00:00,19:15:00,>40 to 42,0,,
Input_xlxs.xlsx,Input_xlxs,Moose Lodge Rd,SB,2025-06-12,19:00:00,19:15:00,>42 to 44,4,,
Input_xlxs.xlsx,Input_xlxs,Moose Lodge Rd,SB,2025-06-12,19:00:00,19:15:00,>44 to 46,2,,
Input_xlxs.xlsx,Input_xlxs,Moose Lodge Rd,SB,2025-06-12,19:00:00,19:15:00,>46 to 48,6,,
Input_xlxs.xlsx,Input_xlxs,Moose Lodge Rd,SB,2025-06-12,19:00:00,19:15:00,>48 to 50,9,,
Input_xlxs.xlsx,Input_xlxs,Moose Lodge Rd,SB,2025-06-12,19:00:00,19:15:00,>50 to 52,6,,
Input_xlxs.xlsx,Input_xlxs,Moose Lodge Rd,SB,2025-06-12,19:00:00,19:15:00,>52 to 54,14,,
Input_xlxs.xlsx,Input_xlxs,Moose Lodge Rd,SB,2025-06-12,19:00:00,19:15:00,>54 to 56,13,,
Input_xlxs.xlsx,Input_xlxs,Moose Lodge Rd,SB,2025-06-12,19:00:00,19:15:00,>56 to 58,7,,
Input_xlxs.xlsx,Input_xlxs,Moose Lodge Rd,SB,2025-06-12,19:00:00,19:15:00,>58 to 60,9,,
Input_xlxs.xlsx,Input_xlxs,Moose Lodge Rd,SB,2025-06-12,19:00:00,19:15:00,>60 to 62,7,,
Input_xlxs.xlsx,Input_xlxs,Moose Lodge Rd,SB,2025-06-12,19:00:00,19:15:00,> 62,7,,
Input_xlxs.xlsx,Input_xlxs,Moose Lodge Rd,SB,2025-06-12,20:00:00,20:15:00,0 to 40,1,,
Input_xlxs.xlsx,Input_xlxs,Moose Lodge Rd,SB,2025-06-12,20:00:00,20:15:00,>40 to 42,1,,
Input_xlxs.xlsx,Input_xlxs,Moose Lodge Rd,SB,2025-06-12,20:00:00,20:15:00,>42 to 44,1,,
Input_xlxs.xlsx,Input_xlxs,Moose Lodge Rd,SB,2025-06-12,20:00:00,20:15:00,>44 to 46,6,,
Input_xlxs.xlsx,Input_xlxs,Moose Lodge Rd,SB,2025-06-12,20:00:00,20:15:00,>46 to 48,5,,
Input_xlxs.xlsx,Input_xlxs,Moose Lodge Rd,SB,2025-06-12,20:00:00,20:15:00,>48 to 50,8,,
Input_xlxs.xlsx,Input_xlxs,Moose Lodge Rd,SB,2025-06-12,20:00:00,20:15:00,>50 to 52,15,,
Input_xlxs.xlsx,Input_xlxs,Moose Lodge Rd,SB,2025-06-12,20:00:00,20:15:00,>52 to 54,13,,
Input_xlxs.xlsx,Input_xlxs,Moose Lodge Rd,SB,2025-06-12,20:00:00,20:15:00,>54 to 56,9,,
Input_xlxs.xlsx,Input_xlxs,Moose Lodge Rd,SB,2025-06-12,20:00:00,20:15:00,>56 to 58,8,,
Input_xlxs.xlsx,Input_xlxs,Moose Lodge Rd,SB,2025-06-12,20:00:00,20:15:00,>58 to 60,2,,
Input_xlxs.xlsx,Input_xlxs,Moose Lodge Rd,SB,2025-06-12,20:00:00,20:15:00,>60 to 62,4,,
Input_xlxs.xlsx,Input_xlxs,Moose Lodge Rd,SB,2025-06-12,20:00:00,20:15:00,> 62,2,,
Input_xlxs.xlsx,Input_xlxs,Moose Lodge Rd,SB,2025-06-12,21:00:00,21:15:00,0 to 40,0,,
Input_xlxs.xlsx,Input_xlxs,Moose Lodge Rd,SB,2025-06-12,21:00:00,21:15:00,>40 to 42,1,,
Input_xlxs.xlsx,Input_xlxs,Moose Lodge Rd,SB,2025-06-12,21:00:00,21:15:00,>42 to 44,6,,
Input_xlxs.xlsx,Input_xlxs,Moose Lodge Rd,SB,2025-06-12,21:00:00,21:15:00,>44 to 46,6,,
Input_xlxs.xlsx,Input_xlxs,Moose Lodge Rd,SB,2025-06-12,21:00:00,21:15:00,>46 to 48,3,,
Input_xlxs.xlsx,Input_xlxs,Moose Lodge Rd,SB,2025-06-12,21:00:00,21:15:00,>48 to 50,1,,
Input_xlxs.xlsx,Input_xlxs,Moose Lodge Rd,SB,2025-06-12,21:00:00,21:15:00,>50 to 52,3,,
Input_xlxs.xlsx,Input_xlxs,Moose Lodge Rd,SB,2025-06-12,21:00:00,21:15:00,>52 to 54,1,,
Input_xlxs.xlsx,Input_xlxs,Moose Lodge Rd,SB,2025-06-12,21:00:00,21:15:00,>54 to 56,4,,
Input_xlxs.xlsx,Input_xlxs,Moose Lodge Rd,SB,2025-06-12,21:00:00,21:15:00,>56 to 58,3,,
Input_xlxs.xlsx,Input_xlxs,Moose Lodge Rd,SB,2025-06-12,21:00:00,21:15:00,>58 to 60,4,,
Input_xlxs.xlsx,Input_xlxs,Moose Lodge Rd,SB,2025-06-12,21:00:00,21:15:00,>60 to 62,1,,
Input_xlxs.xlsx,Input_xlxs,Moose Lodge Rd,SB,2025-06-12,21:00:00,21:15:00,> 62,0,,
Input_xlxs.xlsx,Input_xlxs,Moose Lodge Rd,SB,2025-06-12,22:00:00,22:15:00,0 to 40,3,,
Input_xlxs.xlsx,Input_xlxs,Moose Lodge Rd,SB,2025-06-12,22:00:00,22:15:00,>40 to 42,1,,
Input_xlxs.xlsx,Input_xlxs,Moose Lodge Rd,SB,2025-06-12,22:00:00,22:15:00,>42 to 44,3,,
Input_xlxs.xlsx,Input_xlxs,Moose Lodge Rd,SB,2025-06-12,22:00:00,22:15:00,>44 to 46,3,,
Input_xlxs.xlsx,Input_xlxs,Moose Lodge Rd,SB,2025-06-12,22:00:00,22:15:00,>46 to 48,2,,
Input_xlxs.xlsx,Input_xlxs,Moose Lodge Rd,SB,2025-06-12,22:00:00,22:15:00,>48 to 50,2,,
Input_xlxs.xlsx,Input_xlxs,Moose Lodge Rd,SB,2025-06-12,22:00:00,22:15:00,>50 to 52,0,,
Input_xlxs.xlsx,Input_xlxs,Moose Lodge Rd,SB,2025-06-12,22:00:00,22:15:00,>52 to 54,1,,
Input_xlxs.xlsx,Input_xlxs,Moose Lodge Rd,SB,2025-06-12,22:00:00,22:15:00,>54 to 56,3,,
Input_xlxs.xlsx,Input_xlxs,Moose Lodge Rd,SB,2025-06-12,22:00:00,22:15:00,>56 to 58,3,,
Input_xlxs.xlsx,Input_xlxs,Moose Lodge Rd,SB,2025-06-12,22:00:00,22:15:00,>58 to 60,1,,
Input_xlxs.xlsx,Input_xlxs,Moose Lodge Rd,SB,2025-06-12,22:00:00,22:15:00,>60 to 62,1,,
Input_xlxs.xlsx,Input_xlxs,Moose Lodge Rd,SB,2025-06-12,22:00:00,22:15:00,> 62,4,,
Input_xlxs.xlsx,Input_xlxs,Moose Lodge Rd,SB,2025-06-12,23:00:00,23:15:00,0 to 40,0,,
Input_xlxs.xlsx,Input_xlxs,Moose Lodge Rd,SB,2025-06-12,23:00:00,23:15:00,>40 to 42,0,,
Input_xlxs.xlsx,Input_xlxs,Moose Lodge Rd,SB,2025-06-12,23:00:00,23:15:00,>42 to 44,1,,
Input_xlxs.xlsx,Input_xlxs,Moose Lodge Rd,SB,2025-06-12,23:00:00,23:15:00,>44 to 46,2,,
Input_xlxs.xlsx,Input_xlxs,Moose Lodge Rd,SB,2025-06-12,23:00:00,23:15:00,>46 to 48,2,,
Input_xlxs.xlsx,Input_xlxs,Moose Lodge Rd,SB,2025-06-12,23:00:00,23:15:00,>48 to 50,5,,
Input_xlxs.xlsx,Input_xlxs,Moose Lodge Rd,SB,2025-06-12,23:00:00,23:15:00,>50 to 52,3,,
Input_xlxs.xlsx,Input_xlxs,Moose Lodge Rd,SB,2025-06-12,23:00:00,23:15:00,>52 to 54,2,,
Input_xlxs.xlsx,Input_xlxs,Moose Lodge Rd,SB,2025-06-12,23:00:00,23:15:00,>54 to 56,3,,
Input_xlxs.xlsx,Input_xlxs,Moose Lodge Rd,SB,2025-06-12,23:00:00,23:15:00,>56 to 58,0,,
Input_xlxs.xlsx,Input_xlxs,Moose Lodge Rd,SB,2025-06-12,23:00:00,23:15:00,>58 to 60,0,,
Input_xlxs.xlsx,Input_xlxs,Moose Lodge Rd,SB,2025-06-12,23:00:00,23:15:00,>60 to 62,0,,
Input_xlxs.xlsx,Input_xlxs,Moose Lodge Rd,SB,2025-06-12,23:00:00,23:15:00,> 62,1,,
Input_xlxs.xlsx,Input_xlxs,Moose Lodge Rd,SB,2025-06-13,00:00:00,00:15:00,0 to 40,0,,
Input_xlxs.xlsx,Input_xlxs,Moose Lodge Rd,SB,2025-06-13,00:00:00,00:15:00,>40 to 42,0,,
Input_xlxs.xlsx,Input_xlxs,Moose Lodge Rd,SB,2025-06-13,00:00:00,00:15:00,>42 to 44,0,,
Input_xlxs.xlsx,Input_xlxs,Moose Lodge Rd,SB,2025-06-13,00:00:00,00:15:00,>44 to 46,1,,
Input_xlxs.xlsx,Input_xlxs,Moose Lodge Rd,SB,2025-06-13,00:00:00,00:15:00,>46 to 48,1,,
Input_xlxs.xlsx,Input_xlxs,Moose Lodge Rd,SB,2025-06-13,00:00:00,00:15:00,>48 to 50,0,,
Input_xlxs.xlsx,Input_xlxs,Moose Lodge Rd,SB,2025-06-13,00:00:00,00:15:00,>50 to 52,0,,
Input_xlxs.xlsx,Input_xlxs,Moose Lodge Rd,SB,2025-06-13,00:00:00,00:15:00,>52 to 54,1,,
Input_xlxs.xlsx,Input_xlxs,Moose Lodge Rd,SB,2025-06-13,00:00:00,00:15:00,>54 to 56,0,,
Input_xlxs.xlsx,Input_xlxs,Moose Lodge Rd,SB,2025-06-13,00:00:00,00:15:00,>56 to 58,0,,
Input_xlxs.xlsx,Input_xlxs,Moose Lodge Rd,SB,2025-06-13,00:00:00,00:15:00,>58 to 60,0,,
Input_xlxs.xlsx,Input_xlxs,Moose Lodge Rd,SB,2025-06-13,00:00:00,00:15:00,>60 to 62,0,,
Input_xlxs.xlsx,Input_xlxs,Moose Lodge Rd,SB,2025-06-13,00:00:00,00:15:00,> 62,0,,
Input_xlxs.xlsx,Input_xlxs,Moose Lodge Rd,SB,2025-06-13,01:00:00,01:15:00,0 to 40,0,,
Input_xlxs.xlsx,Input_xlxs,Moose Lodge Rd,SB,2025-06-13,01:00:00,01:15:00,>40 to 42,0,,
Input_xlxs.xlsx,Input_xlxs,Moose Lodge Rd,SB,2025-06-13,01:00:00,01:15:00,>42 to 44,1,,
Input_xlxs.xlsx,Input_xlxs,Moose Lodge Rd,SB,2025-06-13,01:00:00,01:15:00,>44 to 46,0,,
Input_xlxs.xlsx,Input_xlxs,Moose Lodge Rd,SB,2025-06-13,01:00:00,01:15:00,>46 to 48,1,,
Input_xlxs.xlsx,Input_xlxs,Moose Lodge Rd,SB,2025-06-13,01:00:00,01:15:00,>48 to 50,1,,
Input_xlxs.xlsx,Input_xlxs,Moose Lodge Rd,SB,2025-06-13,01:00:00,01:15:00,>50 to 52,1,,
Input_xlxs.xlsx,Input_xlxs,Moose Lodge Rd,SB,2025-06-13,01:00:00,01:15:00,>52 to 54,1,,
Input_xlxs.xlsx,Input_xlxs,Moose Lodge Rd,SB,2025-06-13,01:00:00,01:15:00,>54 to 56,0,,
Input_xlxs.xlsx,Input_xlxs,Moose Lodge Rd,SB,2025-06-13,01:00:00,01:15:00,>56 to 58,1,,
Input_xlxs.xlsx,Input_xlxs,Moose Lodge Rd,SB,2025-06-13,01:00:00,01:15:00,>58 to 60,0,,
Input_xlxs.xlsx,Input_xlxs,Moose Lodge Rd,SB,2025-06-13,01:00:00,01:15:00,>60 to 62,0,,
Input_xlxs.xlsx,Input_xlxs,Moose Lodge Rd,SB,2025-06-13,01:00:00,01:15:00,> 62,0,,
Input_xlxs.xlsx,Input_xlxs,Moose Lodge Rd,SB,2025-06-13,02:00:00,02:15:00,0 to 40,0,,
Input_xlxs.xlsx,Input_xlxs,Moose Lodge Rd,SB,2025-06-13,02:00:00,02:15:00,>40 to 42,0,,
Input_xlxs.xlsx,Input_xlxs,Moose Lodge Rd,SB,2025-06-13,02:00:00,02:15:00,>42 to 44,0,,
Input_xlxs.xlsx,Input_xlxs,Moose Lodge Rd,SB,2025-06-13,02:00:00,02:15:00,>44 to 46,0,,
Input_xlxs.xlsx,Input_xlxs,Moose Lodge Rd,SB,2025-06-13,02:00:00,02:15:00,>46 to 48,0,,
Input_xlxs.xlsx,Input_xlxs,Moose Lodge Rd,SB,2025-06-13,02:00:00,02:15:00,>48 to 50,0,,
Input_xlxs.xlsx,Input_xlxs,Moose Lodge Rd,SB,2025-06-13,02:00:00,02:15:00,>50 to 52,0,,
Input_xlxs.xlsx,Input_xlxs,Moose Lodge Rd,SB,2025-06-13,02:00:00,02:15:00,>52 to 54,0,,
Input_xlxs.xlsx,Input_xlxs,Moose Lodge Rd,SB,2025-06-13,02:00:00,02:15:00,>54 to 56,0,,
Input_xlxs.xlsx,Input_xlxs,Moose Lodge Rd,SB,2025-06-13,02:00:00,02:15:00,>56 to 58,1,,
Input_xlxs.xlsx,Input_xlxs,Moose Lodge Rd,SB,2025-06-13,02:00:00,02:15:00,>58 to 60,1,,
Input_xlxs.xlsx,Input_xlxs,Moose Lodge Rd,SB,2025-06-13,02:00:00,02:15:00,>60 to 62,0,,
Input_xlxs.xlsx,Input_xlxs,Moose Lodge Rd,SB,2025-06-13,02:00:00,02:15:00,> 62,3,,
Input_xlxs.xlsx,Input_xlxs,Moose Lodge Rd,SB,2025-06-13,03:00:00,03:15:00,0 to 40,0,,
Input_xlxs.xlsx,Input_xlxs,Moose Lodge Rd,SB,2025-06-13,03:00:00,03:15:00,>40 to 42,0,,
Input_xlxs.xlsx,Input_xlxs,Moose Lodge Rd,SB,2025-06-13,03:00:00,03:15:00,>42 to 44,1,,
Input_xlxs.xlsx,Input_xlxs,Moose Lodge Rd,SB,2025-06-13,03:00:00,03:15:00,>44 to 46,0,,
Input_xlxs.xlsx,Input_xlxs,Moose Lodge Rd,SB,2025-06-13,03:00:00,03:15:00,>46 to 48,0,,
Input_xlxs.xlsx,Input_xlxs,Moose Lodge Rd,SB,2025-06-13,03:00:00,03:15:00,>48 to 50,1,,
Input_xlxs.xlsx,Input_xlxs,Moose Lodge Rd,SB,2025-06-13,03:00:00,03:15:00,>50 to 52,1,,
Input_xlxs.xlsx,Input_xlxs,Moose Lodge Rd,SB,2025-06-13,03:00:00,03:15:00,>52 to 54,1,,
Input_xlxs.xlsx,Input_xlxs,Moose Lodge Rd,SB,2025-06-13,03:00:00,03:15:00,>54 to 56,0,,
Input_xlxs.xlsx,Input_xlxs,Moose Lodge Rd,SB,2025-06-13,03:00:00,03:15:00,>56 to 58,1,,
Input_xlxs.xlsx,Input_xlxs,Moose Lodge Rd,SB,2025-06-13,03:00:00,03:15:00,>58 to 60,1,,
Input_xlxs.xlsx,Input_xlxs,Moose Lodge Rd,SB,2025-06-13,03:00:00,03:15:00,>60 to 62,1,,
Input_xlxs.xlsx,Input_xlxs,Moose Lodge Rd,SB,2025-06-13,03:00:00,03:15:00,> 62,1,,
Input_xlxs.xlsx,Input_xlxs,Moose Lodge Rd,SB,2025-06-13,04:00:00,04:15:00,0 to 40,0,,
Input_xlxs.xlsx,Input_xlxs,Moose Lodge Rd,SB,2025-06-13,04:00:00,04:15:00,>40 to 42,0,,
Input_xlxs.xlsx,Input_xlxs,Moose Lodge Rd,SB,2025-06-13,04:00:00,04:15:00,>42 to 44,0,,
Input_xlxs.xlsx,Input_xlxs,Moose Lodge Rd,SB,2025-06-13,04:00:00,04:15:00,>44 to 46,0,,
Input_xlxs.xlsx,Input_xlxs,Moose Lodge Rd,SB,2025-06-13,04:00:00,04:15:00,>46 to 48,0,,
Input_xlxs.xlsx,Input_xlxs,Moose Lodge Rd,SB,2025-06-13,04:00:00,04:15:00,>48 to 50,0,,
Input_xlxs.xlsx,Input_xlxs,Moose Lodge Rd,SB,2025-06-13,04:00:00,04:15:00,>50 to 52,0,,
Input_xlxs.xlsx,Input_xlxs,Moose Lodge Rd,SB,2025-06-13,04:00:00,04:15:00,>52 to 54,1,,
Input_xlxs.xlsx,Input_xlxs,Moose Lodge Rd,SB,2025-06-13,04:00:00,04:15:00,>54 to 56,4,,
Input_xlxs.xlsx,Input_xlxs,Moose Lodge Rd,SB,2025-06-13,04:00:00,04:15:00,>56 to 58,1,,
Input_xlxs.xlsx,Input_xlxs,Moose Lodge Rd,SB,2025-06-13,04:00:00,04:15:00,>58 to 60,0,,
Input_xlxs.xlsx,Input_xlxs,Moose Lodge Rd,SB,2025-06-13,04:00:00,04:15:00,>60 to 62,0,,
Input_xlxs.xlsx,Input_xlxs,Moose Lodge Rd,SB,2025-06-13,04:00:00,04:15:00,> 62,2,,
Input_xlxs.xlsx,Input_xlxs,Moose Lodge Rd,SB,2025-06-13,05:00:00,05:15:00,0 to 40,0,,
Input_xlxs.xlsx,Input_xlxs,Moose Lodge Rd,SB,2025-06-13,05:00:00,05:15:00,>40 to 42,0,,
Input_xlxs.xlsx,Input_xlxs,Moose Lodge Rd,SB,2025-06-13,05:00:00,05:15:00,>42 to 44,1,,
Input_xlxs.xlsx,Input_xlxs,Moose Lodge Rd,SB,2025-06-13,05:00:00,05:15:00,>44 to 46,0,,
Input_xlxs.xlsx,Input_xlxs,Moose Lodge Rd,SB,2025-06-13,05:00:00,05:15:00,>46 to 48,1,,
Input_xlxs.xlsx,Input_xlxs,Moose Lodge Rd,SB,2025-06-13,05:00:00,05:15:00,>48 to 50,0,,
Input_xlxs.xlsx,Input_xlxs,Moose Lodge Rd,SB,2025-06-13,05:00:00,05:15:00,>50 to 52,1,,
Input_xlxs.xlsx,Input_xlxs,Moose Lodge Rd,SB,2025-06-13,05:00:00,05:15:00,>52 to 54,2,,
Input_xlxs.xlsx,Input_xlxs,Moose Lodge Rd,SB,2025-06-13,05:00:00,05:15:00,>54 to 56,0,,
Input_xlxs.xlsx,Input_xlxs,Moose Lodge Rd,SB,2025-06-13,05:00:00,05:15:00,>56 to 58,1,,
Input_xlxs.xlsx,Input_xlxs,Moose Lodge Rd,SB,2025-06-13,05:00:00,05:15:00,>58 to 60,3,,
Input_xlxs.xlsx,Input_xlxs,Moose Lodge Rd,SB,2025-06-13,05:00:00,05:15:00,>60 to 62,1,,
Input_xlxs.xlsx,Input_xlxs,Moose Lodge Rd,SB,2025-06-13,05:00:00,05:15:00,> 62,1,,
Input_xlxs.xlsx,Input_xlxs,Moose Lodge Rd,SB,2025-06-13,06:00:00,06:15:00,0 to 40,0,,
Input_xlxs.xlsx,Input_xlxs,Moose Lodge Rd,SB,2025-06-13,06:00:00,06:15:00,>40 to 42,1,,
Input_xlxs.xlsx,Input_xlxs,Moose Lodge Rd,SB,2025-06-13,06:00:00,06:15:00,>42 to 44,2,,
Input_xlxs.xlsx,Input_xlxs,Moose Lodge Rd,SB,2025-06-13,06:00:00,06:15:00,>44 to 46,0,,
Input_xlxs.xlsx,Input_xlxs,Moose Lodge Rd,SB,2025-06-13,06:00:00,06:15:00,>46 to 48,0,,
Input_xlxs.xlsx,Input_xlxs,Moose Lodge Rd,SB,2025-06-13,06:00:00,06:15:00,>48 to 50,8,,
Input_xlxs.xlsx,Input_xlxs,Moose Lodge Rd,SB,2025-06-13,06:00:00,06:15:00,>50 to 52,7,,
Input_xlxs.xlsx,Input_xlxs,Moose Lodge Rd,SB,2025-06-13,06:00:00,06:15:00,>52 to 54,7,,
Input_xlxs.xlsx,Input_xlxs,Moose Lodge Rd,SB,2025-06-13,06:00:00,06:15:00,>54 to 56,10,,
Input_xlxs.xlsx,Input_xlxs,Moose Lodge Rd,SB,2025-06-13,06:00:00,06:15:00,>56 to 58,5,,
Input_xlxs.xlsx,Input_xlxs,Moose Lodge Rd,SB,2025-06-13,06:00:00,06:15:00,>58 to 60,1,,
Input_xlxs.xlsx,Input_xlxs,Moose Lodge Rd,SB,2025-06-13,06:00:00,06:15:00,>60 to 62,2,,
Input_xlxs.xlsx,Input_xlxs,Moose Lodge Rd,SB,2025-06-13,06:00:00,06:15:00,> 62,7,,
Input_xlxs.xlsx,Input_xlxs,Moose Lodge Rd,SB,2025-06-13,07:00:00,07:15:00,0 to 40,4,,
Input_xlxs.xlsx,Input_xlxs,Moose Lodge Rd,SB,2025-06-13,07:00:00,07:15:00,>40 to 42,0,,
Input_xlxs.xlsx,Input_xlxs,Moose Lodge Rd,SB,2025-06-13,07:00:00,07:15:00,>42 to 44,0,,
Input_xlxs.xlsx,Input_xlxs,Moose Lodge Rd,SB,2025-06-13,07:00:00,07:15:00,>44 to 46,4,,
Input_xlxs.xlsx,Input_xlxs,Moose Lodge Rd,SB,2025-06-13,07:00:00,07:15:00,>46 to 48,8,,
Input_xlxs.xlsx,Input_xlxs,Moose Lodge Rd,SB,2025-06-13,07:00:00,07:15:00,>48 to 50,3,,
Input_xlxs.xlsx,Input_xlxs,Moose Lodge Rd,SB,2025-06-13,07:00:00,07:15:00,>50 to 52,15,,
Input_xlxs.xlsx,Input_xlxs,Moose Lodge Rd,SB,2025-06-13,07:00:00,07:15:00,>52 to 54,9,,
Input_xlxs.xlsx,Input_xlxs,Moose Lodge Rd,SB,2025-06-13,07:00:00,07:15:00,>54 to 56,12,,
Input_xlxs.xlsx,Input_xlxs,Moose Lodge Rd,SB,2025-06-13,07:00:00,07:15:00,>56 to 58,9,,
Input_xlxs.xlsx,Input_xlxs,Moose Lodge Rd,SB,2025-06-13,07:00:00,07:15:00,>58 to 60,8,,
Input_xlxs.xlsx,Input_xlxs,Moose Lodge Rd,SB,2025-06-13,07:00:00,07:15:00,>60 to 62,7,,
Input_xlxs.xlsx,Input_xlxs,Moose Lodge Rd,SB,2025-06-13,07:00:00,07:15:00,> 62,14,,
Input_xlxs.xlsx,Input_xlxs,Moose Lodge Rd,SB,2025-06-13,08:00:00,08:15:00,0 to 40,2,,
Input_xlxs.xlsx,Input_xlxs,Moose Lodge Rd,SB,2025-06-13,08:00:00,08:15:00,>40 to 42,3,,
Input_xlxs.xlsx,Input_xlxs,Moose Lodge Rd,SB,2025-06-13,08:00:00,08:15:00,>42 to 44,3,,
Input_xlxs.xlsx,Input_xlxs,Moose Lodge Rd,SB,2025-06-13,08:00:00,08:15:00,>44 to 46,4,,
Input_xlxs.xlsx,Input_xlxs,Moose Lodge Rd,SB,2025-06-13,08:00:00,08:15:00,>46 to 48,9,,
Input_xlxs.xlsx,Input_xlxs,Moose Lodge Rd,SB,2025-06-13,08:00:00,08:15:00,>48 to 50,11,,
Input_xlxs.xlsx,Input_xlxs,Moose Lodge Rd,SB,2025-06-13,08:00:00,08:15:00,>50 to 52,8,,
Input_xlxs.xlsx,Input_xlxs,Moose Lodge Rd,SB,2025-06-13,08:00:00,08:15:00,>52 to 54,9,,
Input_xlxs.xlsx,Input_xlxs,Moose Lodge Rd,SB,2025-06-13,08:00:00,08:15:00,>54 to 56,10,,
Input_xlxs.xlsx,Input_xlxs,Moose Lodge Rd,SB,2025-06-13,08:00:00,08:15:00,>56 to 58,6,,
Input_xlxs.xlsx,Input_xlxs,Moose Lodge Rd,SB,2025-06-13,08:00:00,08:15:00,>58 to 60,4,,
Input_xlxs.xlsx,Input_xlxs,Moose Lodge Rd,SB,2025-06-13,08:00:00,08:15:00,>60 to 62,5,,
Input_xlxs.xlsx,Input_xlxs,Moose Lodge Rd,SB,2025-06-13,08:00:00,08:15:00,> 62,7,,
Input_xlxs.xlsx,Input_xlxs,Moose Lodge Rd,SB,2025-06-13,09:00:00,09:15:00,0 to 40,3,,
Input_xlxs.xlsx,Input_xlxs,Moose Lodge Rd,SB,2025-06-13,09:00:00,09:15:00,>40 to 42,0,,
Input_xlxs.xlsx,Input_xlxs,Moose Lodge Rd,SB,2025-06-13,09:00:00,09:15:00,>42 to 44,3,,
Input_xlxs.xlsx,Input_xlxs,Moose Lodge Rd,SB,2025-06-13,09:00:00,09:15:00,>44 to 46,2,,
Input_xlxs.xlsx,Input_xlxs,Moose Lodge Rd,SB,2025-06-13,09:00:00,09:15:00,>46 to 48,6,,
Input_xlxs.xlsx,Input_xlxs,Moose Lodge Rd,SB,2025-06-13,09:00:00,09:15:00,>48 to 50,7,,
Input_xlxs.xlsx,Input_xlxs,Moose Lodge Rd,SB,2025-06-13,09:00:00,09:15:00,>50 to 52,9,,
Input_xlxs.xlsx,Input_xlxs,Moose Lodge Rd,SB,2025-06-13,09:00:00,09:15:00,>52 to 54,16,,
Input_xlxs.xlsx,Input_xlxs,Moose Lodge Rd,SB,2025-06-13,09:00:00,09:15:00,>54 to 56,11,,
Input_xlxs.xlsx,Input_xlxs,Moose Lodge Rd,SB,2025-06-13,09:00:00,09:15:00,>56 to 58,11,,
Input_xlxs.xlsx,Input_xlxs,Moose Lodge Rd,SB,2025-06-13,09:00:00,09:15:00,>58 to 60,5,,
Input_xlxs.xlsx,Input_xlxs,Moose Lodge Rd,SB,2025-06-13,09:00:00,09:15:00,>60 to 62,2,,
Input_xlxs.xlsx,Input_xlxs,Moose Lodge Rd,SB,2025-06-13,09:00:00,09:15:00,> 62,6,,
Input_xlxs.xlsx,Input_xlxs,Moose Lodge Rd,SB,2025-06-13,10:00:00,10:15:00,0 to 40,3,,
Input_xlxs.xlsx,Input_xlxs,Moose Lodge Rd,SB,2025-06-13,10:00:00,10:15:00,>40 to 42,2,,
Input_xlxs.xlsx,Input_xlxs,Moose Lodge Rd,SB,2025-06-13,10:00:00,10:15:00,>42 to 44,5,,
Input_xlxs.xlsx,Input_xlxs,Moose Lodge Rd,SB,2025-06-13,10:00:00,10:15:00,>44 to 46,9,,
Input_xlxs.xlsx,Input_xlxs,Moose Lodge Rd,SB,2025-06-13,10:00:00,10:15:00,>46 to 48,12,,
Input_xlxs.xlsx,Input_xlxs,Moose Lodge Rd,SB,2025-06-13,10:00:00,10:15:00,>48 to 50,10,,
Input_xlxs.xlsx,Input_xlxs,Moose Lodge Rd,SB,2025-06-13,10:00:00,10:15:00,>50 to 52,18,,
Input_xlxs.xlsx,Input_xlxs,Moose Lodge Rd,SB,2025-06-13,10:00:00,10:15:00,>52 to 54,16,,
Input_xlxs.xlsx,Input_xlxs,Moose Lodge Rd,SB,2025-06-13,10:00:00,10:15:00,>54 to 56,13,,
Input_xlxs.xlsx,Input_xlxs,Moose Lodge Rd,SB,2025-06-13,10:00:00,10:15:00,>56 to 58,7,,
Input_xlxs.xlsx,Input_xlxs,Moose Lodge Rd,SB,2025-06-13,10:00:00,10:15:00,>58 to 60,4,,
Input_xlxs.xlsx,Input_xlxs,Moose Lodge Rd,SB,2025-06-13,10:00:00,10:15:00,>60 to 62,4,,
Input_xlxs.xlsx,Input_xlxs,Moose Lodge Rd,SB,2025-06-13,10:00:00,10:15:00,> 62,11,,
Input_xlxs.xlsx,Input_xlxs,Moose Lodge Rd,SB,2025-06-13,11:00:00,11:15:00,0 to 40,5,,
Input_xlxs.xlsx,Input_xlxs,Moose Lodge Rd,SB,2025-06-13,11:00:00,11:15:00,>40 to 42,2,,
Input_xlxs.xlsx,Input_xlxs,Moose Lodge Rd,SB,2025-06-13,11:00:00,11:15:00,>42 to 44,5,,
Input_xlxs.xlsx,Input_xlxs,Moose Lodge Rd,SB,2025-06-13,11:00:00,11:15:00,>44 to 46,5,,
Input_xlxs.xlsx,Input_xlxs,Moose Lodge Rd,SB,2025-06-13,11:00:00,11:15:00,>46 to 48,10,,
Input_xlxs.xlsx,Input_xlxs,Moose Lodge Rd,SB,2025-06-13,11:00:00,11:15:00,>48 to 50,13,,
Input_xlxs.xlsx,Input_xlxs,Moose Lodge Rd,SB,2025-06-13,11:00:00,11:15:00,>50 to 52,17,,
Input_xlxs.xlsx,Input_xlxs,Moose Lodge Rd,SB,2025-06-13,11:00:00,11:15:00,>52 to 54,21,,
Input_xlxs.xlsx,Input_xlxs,Moose Lodge Rd,SB,2025-06-13,11:00:00,11:15:00,>54 to 56,5,,
Input_xlxs.xlsx,Input_xlxs,Moose Lodge Rd,SB,2025-06-13,11:00:00,11:15:00,>56 to 58,13,,
Input_xlxs.xlsx,Input_xlxs,Moose Lodge Rd,SB,2025-06-13,11:00:00,11:15:00,>58 to 60,10,,
Input_xlxs.xlsx,Input_xlxs,Moose Lodge Rd,SB,2025-06-13,11:00:00,11:15:00,>60 to 62,8,,
Input_xlxs.xlsx,Input_xlxs,Moose Lodge Rd,SB,2025-06-13,11:00:00,11:15:00,> 62,11,,
Input_xlxs.xlsx,Input_xlxs,Moose Lodge Rd,SB,2025-06-13,12:00:00,12:15:00,0 to 40,8,,
Input_xlxs.xlsx,Input_xlxs,Moose Lodge Rd,SB,2025-06-13,12:00:00,12:15:00,>40 to 42,2,,
Input_xlxs.xlsx,Input_xlxs,Moose Lodge Rd,SB,2025-06-13,12:00:00,12:15:00,>42 to 44,5,,
Input_xlxs.xlsx,Input_xlxs,Moose Lodge Rd,SB,2025-06-13,12:00:00,12:15:00,>44 to 46,5,,
Input_xlxs.xlsx,Input_xlxs,Moose Lodge Rd,SB,2025-06-13,12:00:00,12:15:00,>46 to 48,15,,
Input_xlxs.xlsx,Input_xlxs,Moose Lodge Rd,SB,2025-06-13,12:00:00,12:15:00,>48 to 50,16,,
Input_xlxs.xlsx,Input_xlxs,Moose Lodge Rd,SB,2025-06-13,12:00:00,12:15:00,>50 to 52,11,,
Input_xlxs.xlsx,Input_xlxs,Moose Lodge Rd,SB,2025-06-13,12:00:00,12:15:00,>52 to 54,21,,
Input_xlxs.xlsx,Input_xlxs,Moose Lodge Rd,SB,2025-06-13,12:00:00,12:15:00,>54 to 56,12,,
Input_xlxs.xlsx,Input_xlxs,Moose Lodge Rd,SB,2025-06-13,12:00:00,12:15:00,>56 to 58,9,,
Input_xlxs.xlsx,Input_xlxs,Moose Lodge Rd,SB,2025-06-13,12:00:00,12:15:00,>58 to 60,2,,
Input_xlxs.xlsx,Input_xlxs,Moose Lodge Rd,SB,2025-06-13,12:00:00,12:15:00,>60 to 62,6,,
Input_xlxs.xlsx,Input_xlxs,Moose Lodge Rd,SB,2025-06-13,12:00:00,12:15:00,> 62,7,,
Input_xlxs.xlsx,Input_xlxs,Moose Lodge Rd,SB,2025-06-13,13:00:00,13:15:00,0 to 40,13,,
Input_xlxs.xlsx,Input_xlxs,Moose Lodge Rd,SB,2025-06-13,13:00:00,13:15:00,>40 to 42,7,,
Input_xlxs.xlsx,Input_xlxs,Moose Lodge Rd,SB,2025-06-13,13:00:00,13:15:00,>42 to 44,7,,
Input_xlxs.xlsx,Input_xlxs,Moose Lodge Rd,SB,2025-06-13,13:00:00,13:15:00,>44 to 46,5,,
Input_xlxs.xlsx,Input_xlxs,Moose Lodge Rd,SB,2025-06-13,13:00:00,13:15:00,>46 to 48,13,,
Input_xlxs.xlsx,Input_xlxs,Moose Lodge Rd,SB,2025-06-13,13:00:00,13:15:00,>48 to 50,14,,
Input_xlxs.xlsx,Input_xlxs,Moose Lodge Rd,SB,2025-06-13,13:00:00,13:15:00,>50 to 52,11,,
Input_xlxs.xlsx,Input_xlxs,Moose Lodge Rd,SB,2025-06-13,13:00:00,13:15:00,>52 to 54,16,,
Input_xlxs.xlsx,Input_xlxs,Moose Lodge Rd,SB,2025-06-13,13:00:00,13:15:00,>54 to 56,5,,
Input_xlxs.xlsx,Input_xlxs,Moose Lodge Rd,SB,2025-06-13,13:00:00,13:15:00,>56 to 58,7,,
Input_xlxs.xlsx,Input_xlxs,Moose Lodge Rd,SB,2025-06-13,13:00:00,13:15:00,>58 to 60,6,,
Input_xlxs.xlsx,Input_xlxs,Moose Lodge Rd,SB,2025-06-13,13:00:00,13:15:00,>60 to 62,8,,
Input_xlxs.xlsx,Input_xlxs,Moose Lodge Rd,SB,2025-06-13,13:00:00,13:15:00,> 62,5,,
Input_xlxs.xlsx,Input_xlxs,Moose Lodge Rd,SB,2025-06-13,14:00:00,14:15:00,0 to 40,5,,
Input_xlxs.xlsx,Input_xlxs,Moose Lodge Rd,SB,2025-06-13,14:00:00,14:15:00,>40 to 42,3,,
Input_xlxs.xlsx,Input_xlxs,Moose Lodge Rd,SB,2025-06-13,14:00:00,14:15:00,>42 to 44,3,,
Input_xlxs.xlsx,Input_xlxs,Moose Lodge Rd,SB,2025-06-13,14:00:00,14:15:00,>44 to 46,2,,
Input_xlxs.xlsx,Input_xlxs,Moose Lodge Rd,SB,2025-06-13,14:00:00,14:15:00,>46 to 48,10,,
Input_xlxs.xlsx,Input_xlxs,Moose Lodge Rd,SB,2025-06-13,14:00:00,14:15:00,>48 to 50,23,,
Input_xlxs.xlsx,Input_xlxs,Moose Lodge Rd,SB,2025-06-13,14:00:00,14:15:00,>50 to 52,22,,
Input_xlxs.xlsx,Input_xlxs,Moose Lodge Rd,SB,2025-06-13,14:00:00,14:15:00,>52 to 54,22,,
Input_xlxs.xlsx,Input_xlxs,Moose Lodge Rd,SB,2025-06-13,14:00:00,14:15:00,>54 to 56,23,,
Input_xlxs.xlsx,Input_xlxs,Moose Lodge Rd,SB,2025-06-13,14:00:00,14:15:00,>56 to 58,14,,
Input_xlxs.xlsx,Input_xlxs,Moose Lodge Rd,SB,2025-06-13,14:00:00,14:15:00,>58 to 60,9,,
Input_xlxs.xlsx,Input_xlxs,Moose Lodge Rd,SB,2025-06-13,14:00:00,14:15:00,>60 to 62,9,,
Input_xlxs.xlsx,Input_xlxs,Moose Lodge Rd,SB,2025-06-13,14:00:00,14:15:00,> 62,12,,
Input_xlxs.xlsx,Input_xlxs,Moose Lodge Rd,SB,2025-06-13,15:00:00,15:15:00,0 to 40,8,,
Input_xlxs.xlsx,Input_xlxs,Moose Lodge Rd,SB,2025-06-13,15:00:00,15:15:00,>40 to 42,1,,
Input_xlxs.xlsx,Input_xlxs,Moose Lodge Rd,SB,2025-06-13,15:00:00,15:15:00,>42 to 44,4,,
Input_xlxs.xlsx,Input_xlxs,Moose Lodge Rd,SB,2025-06-13,15:00:00,15:15:00,>44 to 46,9,,
Input_xlxs.xlsx,Input_xlxs,Moose Lodge Rd,SB,2025-06-13,15:00:00,15:15:00,>46 to 48,11,,
Input_xlxs.xlsx,Input_xlxs,Moose Lodge Rd,SB,2025-06-13,15:00:00,15:15:00,>48 to 50,17,,
Input_xlxs.xlsx,Input_xlxs,Moose Lodge Rd,SB,2025-06-13,15:00:00,15:15:00,>50 to 52,28,,
Input_xlxs.xlsx,Input_xlxs,Moose Lodge Rd,SB,2025-06-13,15:00:00,15:15:00,>52 to 54,27,,
Input_xlxs.xlsx,Input_xlxs,Moose Lodge Rd,SB,2025-06-13,15:00:00,15:15:00,>54 to 56,19,,
Input_xlxs.xlsx,Input_xlxs,Moose Lodge Rd,SB,2025-06-13,15:00:00,15:15:00,>56 to 58,22,,
Input_xlxs.xlsx,Input_xlxs,Moose Lodge Rd,SB,2025-06-13,15:00:00,15:15:00,>58 to 60,18,,
Input_xlxs.xlsx,Input_xlxs,Moose Lodge Rd,SB,2025-06-13,15:00:00,15:15:00,>60 to 62,7,,
Input_xlxs.xlsx,Input_xlxs,Moose Lodge Rd,SB,2025-06-13,15:00:00,15:15:00,> 62,15,,
Input_xlxs.xlsx,Input_xlxs,Moose Lodge Rd,SB,2025-06-13,16:00:00,16:15:00,0 to 40,4,,
Input_xlxs.xlsx,Input_xlxs,Moose Lodge Rd,SB,2025-06-13,16:00:00,16:15:00,>40 to 42,2,,
Input_xlxs.xlsx,Input_xlxs,Moose Lodge Rd,SB,2025-06-13,16:00:00,16:15:00,>42 to 44,4,,
Input_xlxs.xlsx,Input_xlxs,Moose Lodge Rd,SB,2025-06-13,16:00:00,16:15:00,>44 to 46,13,,
Input_xlxs.xlsx,Input_xlxs,Moose Lodge Rd,SB,2025-06-13,16:00:00,16:15:00,>46 to 48,13,,
Input_xlxs.xlsx,Input_xlxs,Moose Lodge Rd,SB,2025-06-13,16:00:00,16:15:00,>48 to 50,24,,
Input_xlxs.xlsx,Input_xlxs,Moose Lodge Rd,SB,2025-06-13,16:00:00,16:15:00,>50 to 52,27,,
Input_xlxs.xlsx,Input_xlxs,Moose Lodge Rd,SB,2025-06-13,16:00:00,16:15:00,>52 to 54,29,,
Input_xlxs.xlsx,Input_xlxs,Moose Lodge Rd,SB,2025-06-13,16:00:00,16:15:00,>54 to 56,24,,
Input_xlxs.xlsx,Input_xlxs,Moose Lodge Rd,SB,2025-06-13,16:00:00,16:15:00,>56 to 58,25,,
Input_xlxs.xlsx,Input_xlxs,Moose Lodge Rd,SB,2025-06-13,16:00:00,16:15:00,>58 to 60,11,,
Input_xlxs.xlsx,Input_xlxs,Moose Lodge Rd,SB,2025-06-13,16:00:00,16:15:00,>60 to 62,15,,
Input_xlxs.xlsx,Input_xlxs,Moose Lodge Rd,SB,2025-06-13,16:00:00,16:15:00,> 62,18,,
Input_xlxs.xlsx,Input_xlxs,Moose Lodge Rd,SB,2025-06-13,17:00:00,17:15:00,0 to 40,5,,
Input_xlxs.xlsx,Input_xlxs,Moose Lodge Rd,SB,2025-06-13,17:00:00,17:15:00,>40 to 42,3,,
Input_xlxs.xlsx,Input_xlxs,Moose Lodge Rd,SB,2025-06-13,17:00:00,17:15:00,>42 to 44,3,,
Input_xlxs.xlsx,Input_xlxs,Moose Lodge Rd,SB,2025-06-13,17:00:00,17:15:00,>44 to 46,5,,
Input_xlxs.xlsx,Input_xlxs,Moose Lodge Rd,SB,2025-06-13,17:00:00,17:15:00,>46 to 48,9,,
Input_xlxs.xlsx,Input_xlxs,Moose Lodge Rd,SB,2025-06-13,17:00:00,17:15:00,>48 to 50,13,,
Input_xlxs.xlsx,Input_xlxs,Moose Lodge Rd,SB,2025-06-13,17:00:00,17:15:00,>50 to 52,21,,
Input_xlxs.xlsx,Input_xlxs,Moose Lodge Rd,SB,2025-06-13,17:00:00,17:15:00,>52 to 54,21,,
Input_xlxs.xlsx,Input_xlxs,Moose Lodge Rd,SB,2025-06-13,17:00:00,17:15:00,>54 to 56,17,,
Input_xlxs.xlsx,Input_xlxs,Moose Lodge Rd,SB,2025-06-13,17:00:00,17:15:00,>56 to 58,19,,
Input_xlxs.xlsx,Input_xlxs,Moose Lodge Rd,SB,2025-06-13,17:00:00,17:15:00,>58 to 60,13,,
Input_xlxs.xlsx,Input_xlxs,Moose Lodge Rd,SB,2025-06-13,17:00:00,17:15:00,>60 to 62,12,,
Input_xlxs.xlsx,Input_xlxs,Moose Lodge Rd,SB,2025-06-13,17:00:00,17:15:00,> 62,18,,
Input_xlxs.xlsx,Input_xlxs,Moose Lodge Rd,SB,2025-06-13,18:00:00,18:15:00,0 to 40,2,,
Input_xlxs.xlsx,Input_xlxs,Moose Lodge Rd,SB,2025-06-13,18:00:00,18:15:00,>40 to 42,1,,
Input_xlxs.xlsx,Input_xlxs,Moose Lodge Rd,SB,2025-06-13,18:00:00,18:15:00,>42 to 44,3,,
Input_xlxs.xlsx,Input_xlxs,Moose Lodge Rd,SB,2025-06-13,18:00:00,18:15:00,>44 to 46,5,,
Input_xlxs.xlsx,Input_xlxs,Moose Lodge Rd,SB,2025-06-13,18:00:00,18:15:00,>46 to 48,3,,
Input_xlxs.xlsx,Input_xlxs,Moose Lodge Rd,SB,2025-06-13,18:00:00,18:15:00,>48 to 50,17,,
Input_xlxs.xlsx,Input_xlxs,Moose Lodge Rd,SB,2025-06-13,18:00:00,18:15:00,>50 to 52,14,,
Input_xlxs.xlsx,Input_xlxs,Moose Lodge Rd,SB,2025-06-13,18:00:00,18:15:00,>52 to 54,11,,
Input_xlxs.xlsx,Input_xlxs,Moose Lodge Rd,SB,2025-06-13,18:00:00,18:15:00,>54 to 56,15,,
Input_xlxs.xlsx,Input_xlxs,Moose Lodge Rd,SB,2025-06-13,18:00:00,18:15:00,>56 to 58,13,,
Input_xlxs.xlsx,Input_xlxs,Moose Lodge Rd,SB,2025-06-13,18:00:00,18:15:00,>58 to 60,9,,
Input_xlxs.xlsx,Input_xlxs,Moose Lodge Rd,SB,2025-06-13,18:00:00,18:15:00,>60 to 62,6,,
Input_xlxs.xlsx,Input_xlxs,Moose Lodge Rd,SB,2025-06-13,18:00:00,18:15:00,> 62,12,,
Input_xlxs.xlsx,Input_xlxs,Moose Lodge Rd,SB,2025-06-13,19:00:00,19:15:00,0 to 40,2,,
Input_xlxs.xlsx,Input_xlxs,Moose Lodge Rd,SB,2025-06-13,19:00:00,19:15:00,>40 to 42,0,,
Input_xlxs.xlsx,Input_xlxs,Moose Lodge Rd,SB,2025-06-13,19:00:00,19:15:00,>42 to 44,0,,
Input_xlxs.xlsx,Input_xlxs,Moose Lodge Rd,SB,2025-06-13,19:00:00,19:15:00,>44 to 46,6,,
Input_xlxs.xlsx,Input_xlxs,Moose Lodge Rd,SB,2025-06-13,19:00:00,19:15:00,>46 to 48,7,,
Input_xlxs.xlsx,Input_xlxs,Moose Lodge Rd,SB,2025-06-13,19:00:00,19:15:00,>48 to 50,9,,
Input_xlxs.xlsx,Input_xlxs,Moose Lodge Rd,SB,2025-06-13,19:00:00,19:15:00,>50 to 52,20,,
Input_xlxs.xlsx,Input_xlxs,Moose Lodge Rd,SB,2025-06-13,19:00:00,19:15:00,>52 to 54,12,,
Input_xlxs.xlsx,Input_xlxs,Moose Lodge Rd,SB,2025-06-13,19:00:00,19:15:00,>54 to 56,11,,
Input_xlxs.xlsx,Input_xlxs,Moose Lodge Rd,SB,2025-06-13,19:00:00,19:15:00,>56 to 58,4,,
Input_xlxs.xlsx,Input_xlxs,Moose Lodge Rd,SB,2025-06-13,19:00:00,19:15:00,>58 to 60,7,,
Input_xlxs.xlsx,Input_xlxs,Moose Lodge Rd,SB,2025-06-13,19:00:00,19:15:00,>60 to 62,5,,
Input_xlxs.xlsx,Input_xlxs,Moose Lodge Rd,SB,2025-06-13,19:00:00,19:15:00,> 62,12,,
Input_xlxs.xlsx,Input_xlxs,Moose Lodge Rd,SB,2025-06-13,20:00:00,20:15:00,0 to 40,2,,
Input_xlxs.xlsx,Input_xlxs,Moose Lodge Rd,SB,2025-06-13,20:00:00,20:15:00,>40 to 42,2,,
Input_xlxs.xlsx,Input_xlxs,Moose Lodge Rd,SB,2025-06-13,20:00:00,20:15:00,>42 to 44,5,,
Input_xlxs.xlsx,Input_xlxs,Moose Lodge Rd,SB,2025-06-13,20:00:00,20:15:00,>44 to 46,3,,
Input_xlxs.xlsx,Input_xlxs,Moose Lodge Rd,SB,2025-06-13,20:00:00,20:15:00,>46 to 48,7,,
Input_xlxs.xlsx,Input_xlxs,Moose Lodge Rd,SB,2025-06-13,20:00:00,20:15:00,>48 to 50,7,,
Input_xlxs.xlsx,Input_xlxs,Moose Lodge Rd,SB,2025-06-13,20:00:00,20:15:00,>50 to 52,9,,
Input_xlxs.xlsx,Input_xlxs,Moose Lodge Rd,SB,2025-06-13,20:00:00,20:15:00,>52 to 54,6,,
Input_xlxs.xlsx,Input_xlxs,Moose Lodge Rd,SB,2025-06-13,20:00:00,20:15:00,>54 to 56,8,,
Input_xlxs.xlsx,Input_xlxs,Moose Lodge Rd,SB,2025-06-13,20:00:00,20:15:00,>56 to 58,9,,
Input_xlxs.xlsx,Input_xlxs,Moose Lodge Rd,SB,2025-06-13,20:00:00,20:15:00,>58 to 60,5,,
Input_xlxs.xlsx,Input_xlxs,Moose Lodge Rd,SB,2025-06-13,20:00:00,20:15:00,>60 to 62,1,,
Input_xlxs.xlsx,Input_xlxs,Moose Lodge Rd,SB,2025-06-13,20:00:00,20:15:00,> 62,3,,
Input_xlxs.xlsx,Input_xlxs,Moose Lodge Rd,SB,2025-06-13,21:00:00,21:15:00,0 to 40,2,,
Input_xlxs.xlsx,Input_xlxs,Moose Lodge Rd,SB,2025-06-13,21:00:00,21:15:00,>40 to 42,1,,
Input_xlxs.xlsx,Input_xlxs,Moose Lodge Rd,SB,2025-06-13,21:00:00,21:15:00,>42 to 44,0,,
Input_xlxs.xlsx,Input_xlxs,Moose Lodge Rd,SB,2025-06-13,21:00:00,21:15:00,>44 to 46,6,,
Input_xlxs.xlsx,Input_xlxs,Moose Lodge Rd,SB,2025-06-13,21:00:00,21:15:00,>46 to 48,8,,
Input_xlxs.xlsx,Input_xlxs,Moose Lodge Rd,SB,2025-06-13,21:00:00,21:15:00,>48 to 50,1,,
Input_xlxs.xlsx,Input_xlxs,Moose Lodge Rd,SB,2025-06-13,21:00:00,21:15:00,>50 to 52,3,,
Input_xlxs.xlsx,Input_xlxs,Moose Lodge Rd,SB,2025-06-13,21:00:00,21:15:00,>52 to 54,7,,
Input_xlxs.xlsx,Input_xlxs,Moose Lodge Rd,SB,2025-06-13,21:00:00,21:15:00,>54 to 56,7,,
Input_xlxs.xlsx,Input_xlxs,Moose Lodge Rd,SB,2025-06-13,21:00:00,21:15:00,>56 to 58,1,,
Input_xlxs.xlsx,Input_xlxs,Moose Lodge Rd,SB,2025-06-13,21:00:00,21:15:00,>58 to 60,2,,
Input_xlxs.xlsx,Input_xlxs,Moose Lodge Rd,SB,2025-06-13,21:00:00,21:15:00,>60 to 62,2,,
Input_xlxs.xlsx,Input_xlxs,Moose Lodge Rd,SB,2025-06-13,21:00:00,21:15:00,> 62,1,,
Input_xlxs.xlsx,Input_xlxs,Moose Lodge Rd,SB,2025-06-13,22:00:00,22:15:00,0 to 40,1,,
Input_xlxs.xlsx,Input_xlxs,Moose Lodge Rd,SB,2025-06-13,22:00:00,22:15:00,>40 to 42,1,,
Input_xlxs.xlsx,Input_xlxs,Moose Lodge Rd,SB,2025-06-13,22:00:00,22:15:00,>42 to 44,1,,
Input_xlxs.xlsx,Input_xlxs,Moose Lodge Rd,SB,2025-06-13,22:00:00,22:15:00,>44 to 46,0,,
Input_xlxs.xlsx,Input_xlxs,Moose Lodge Rd,SB,2025-06-13,22:00:00,22:15:00,>46 to 48,2,,
Input_xlxs.xlsx,Input_xlxs,Moose Lodge Rd,SB,2025-06-13,22:00:00,22:15:00,>48 to 50,2,,
Input_xlxs.xlsx,Input_xlxs,Moose Lodge Rd,SB,2025-06-13,22:00:00,22:15:00,>50 to 52,5,,
Input_xlxs.xlsx,Input_xlxs,Moose Lodge Rd,SB,2025-06-13,22:00:00,22:15:00,>52 to 54,2,,
Input_xlxs.xlsx,Input_xlxs,Moose Lodge Rd,SB,2025-06-13,22:00:00,22:15:00,>54 to 56,4,,
Input_xlxs.xlsx,Input_xlxs,Moose Lodge Rd,SB,2025-06-13,22:00:00,22:15:00,>56 to 58,3,,
Input_xlxs.xlsx,Input_xlxs,Moose Lodge Rd,SB,2025-06-13,22:00:00,22:15:00,>58 to 60,3,,
Input_xlxs.xlsx,Input_xlxs,Moose Lodge Rd,SB,2025-06-13,22:00:00,22:15:00,>60 to 62,3,,
Input_xlxs.xlsx,Input_xlxs,Moose Lodge Rd,SB,2025-06-13,22:00:00,22:15:00,> 62,5,,
Input_xlxs.xlsx,Input_xlxs,Moose Lodge Rd,SB,2025-06-13,23:00:00,23:15:00,0 to 40,1,,
Input_xlxs.xlsx,Input_xlxs,Moose Lodge Rd,SB,2025-06-13,23:00:00,23:15:00,>40 to 42,1,,
Input_xlxs.xlsx,Input_xlxs,Moose Lodge Rd,SB,2025-06-13,23:00:00,23:15:00,>42 to 44,0,,
Input_xlxs.xlsx,Input_xlxs,Moose Lodge Rd,SB,2025-06-13,23:00:00,23:15:00,>44 to 46,4,,
Input_xlxs.xlsx,Input_xlxs,Moose Lodge Rd,SB,2025-06-13,23:00:00,23:15:00,>46 to 48,1,,
Input_xlxs.xlsx,Input_xlxs,Moose Lodge Rd,SB,2025-06-13,23:00:00,23:15:00,>48 to 50,4,,
Input_xlxs.xlsx,Input_xlxs,Moose Lodge Rd,SB,2025-06-13,23:00:00,23:15:00,>50 to 52,5,,
Input_xlxs.xlsx,Input_xlxs,Moose Lodge Rd,SB,2025-06-13,23:00:00,23:15:00,>52 to 54,2,,
Input_xlxs.xlsx,Input_xlxs,Moose Lodge Rd,SB,2025-06-13,23:00:00,23:15:00,>54 to 56,1,,
Input_xlxs.xlsx,Input_xlxs,Moose Lodge Rd,SB,2025-06-13,23:00:00,23:15:00,>56 to 58,0,,
Input_xlxs.xlsx,Input_xlxs,Moose Lodge Rd,SB,2025-06-13,23:00:00,23:15:00,>58 to 60,2,,
Input_xlxs.xlsx,Input_xlxs,Moose Lodge Rd,SB,2025-06-13,23:00:00,23:15:00,>60 to 62,0,,
Input_xlxs.xlsx,Input_xlxs,Moose Lodge Rd,SB,2025-06-13,23:00:00,23:15:00,> 62,2,,
Input_xlxs.xlsx,Input_xlxs,Moose Lodge Rd,SB,2025-06-14,00:00:00,00:15:00,0 to 40,1,,
Input_xlxs.xlsx,Input_xlxs,Moose Lodge Rd,SB,2025-06-14,00:00:00,00:15:00,>40 to 42,3,,
Input_xlxs.xlsx,Input_xlxs,Moose Lodge Rd,SB,2025-06-14,00:00:00,00:15:00,>42 to 44,2,,
Input_xlxs.xlsx,Input_xlxs,Moose Lodge Rd,SB,2025-06-14,00:00:00,00:15:00,>44 to 46,0,,
Input_xlxs.xlsx,Input_xlxs,Moose Lodge Rd,SB,2025-06-14,00:00:00,00:15:00,>46 to 48,1,,
Input_xlxs.xlsx,Input_xlxs,Moose Lodge Rd,SB,2025-06-14,00:00:00,00:15:00,>48 to 50,3,,
Input_xlxs.xlsx,Input_xlxs,Moose Lodge Rd,SB,2025-06-14,00:00:00,00:15:00,>50 to 52,0,,
Input_xlxs.xlsx,Input_xlxs,Moose Lodge Rd,SB,2025-06-14,00:00:00,00:15:00,>52 to 54,0,,
Input_xlxs.xlsx,Input_xlxs,Moose Lodge Rd,SB,2025-06-14,00:00:00,00:15:00,>54 to 56,0,,
Input_xlxs.xlsx,Input_xlxs,Moose Lodge Rd,SB,2025-06-14,00:00:00,00:15:00,>56 to 58,1,,
Input_xlxs.xlsx,Input_xlxs,Moose Lodge Rd,SB,2025-06-14,00:00:00,00:15:00,>58 to 60,1,,
Input_xlxs.xlsx,Input_xlxs,Moose Lodge Rd,SB,2025-06-14,00:00:00,00:15:00,>60 to 62,0,,
Input_xlxs.xlsx,Input_xlxs,Moose Lodge Rd,SB,2025-06-14,00:00:00,00:15:00,> 62,1,,
Input_xlxs.xlsx,Input_xlxs,Moose Lodge Rd,SB,2025-06-14,01:00:00,01:15:00,0 to 40,2,,
Input_xlxs.xlsx,Input_xlxs,Moose Lodge Rd,SB,2025-06-14,01:00:00,01:15:00,>40 to 42,0,,
Input_xlxs.xlsx,Input_xlxs,Moose Lodge Rd,SB,2025-06-14,01:00:00,01:15:00,>42 to 44,1,,
Input_xlxs.xlsx,Input_xlxs,Moose Lodge Rd,SB,2025-06-14,01:00:00,01:15:00,>44 to 46,0,,
Input_xlxs.xlsx,Input_xlxs,Moose Lodge Rd,SB,2025-06-14,01:00:00,01:15:00,>46 to 48,0,,
Input_xlxs.xlsx,Input_xlxs,Moose Lodge Rd,SB,2025-06-14,01:00:00,01:15:00,>48 to 50,0,,
Input_xlxs.xlsx,Input_xlxs,Moose Lodge Rd,SB,2025-06-14,01:00:00,01:15:00,>50 to 52,1,,
Input_xlxs.xlsx,Input_xlxs,Moose Lodge Rd,SB,2025-06-14,01:00:00,01:15:00,>52 to 54,0,,
Input_xlxs.xlsx,Input_xlxs,Moose Lodge Rd,SB,2025-06-14,01:00:00,01:15:00,>54 to 56,2,,
Input_xlxs.xlsx,Input_xlxs,Moose Lodge Rd,SB,2025-06-14,01:00:00,01:15:00,>56 to 58,0,,
Input_xlxs.xlsx,Input_xlxs,Moose Lodge Rd,SB,2025-06-14,01:00:00,01:15:00,>58 to 60,1,,
Input_xlxs.xlsx,Input_xlxs,Moose Lodge Rd,SB,2025-06-14,01:00:00,01:15:00,>60 to 62,0,,
Input_xlxs.xlsx,Input_xlxs,Moose Lodge Rd,SB,2025-06-14,01:00:00,01:15:00,> 62,0,,
Input_xlxs.xlsx,Input_xlxs,Moose Lodge Rd,SB,2025-06-14,02:00:00,02:15:00,0 to 40,0,,
Input_xlxs.xlsx,Input_xlxs,Moose Lodge Rd,SB,2025-06-14,02:00:00,02:15:00,>40 to 42,0,,
Input_xlxs.xlsx,Input_xlxs,Moose Lodge Rd,SB,2025-06-14,02:00:00,02:15:00,>42 to 44,1,,
Input_xlxs.xlsx,Input_xlxs,Moose Lodge Rd,SB,2025-06-14,02:00:00,02:15:00,>44 to 46,0,,
Input_xlxs.xlsx,Input_xlxs,Moose Lodge Rd,SB,2025-06-14,02:00:00,02:15:00,>46 to 48,1,,
Input_xlxs.xlsx,Input_xlxs,Moose Lodge Rd,SB,2025-06-14,02:00:00,02:15:00,>48 to 50,0,,
Input_xlxs.xlsx,Input_xlxs,Moose Lodge Rd,SB,2025-06-14,02:00:00,02:15:00,>50 to 52,0,,
Input_xlxs.xlsx,Input_xlxs,Moose Lodge Rd,SB,2025-06-14,02:00:00,02:15:00,>52 to 54,0,,
Input_xlxs.xlsx,Input_xlxs,Moose Lodge Rd,SB,2025-06-14,02:00:00,02:15:00,>54 to 56,1,,
Input_xlxs.xlsx,Input_xlxs,Moose Lodge Rd,SB,2025-06-14,02:00:00,02:15:00,>56 to 58,0,,
Input_xlxs.xlsx,Input_xlxs,Moose Lodge Rd,SB,2025-06-14,02:00:00,02:15:00,>58 to 60,0,,
Input_xlxs.xlsx,Input_xlxs,Moose Lodge Rd,SB,2025-06-14,02:00:00,02:15:00,>60 to 62,1,,
Input_xlxs.xlsx,Input_xlxs,Moose Lodge Rd,SB,2025-06-14,02:00:00,02:15:00,> 62,0,,
Input_xlxs.xlsx,Input_xlxs,Moose Lodge Rd,SB,2025-06-14,03:00:00,03:15:00,0 to 40,0,,
Input_xlxs.xlsx,Input_xlxs,Moose Lodge Rd,SB,2025-06-14,03:00:00,03:15:00,>40 to 42,0,,
Input_xlxs.xlsx,Input_xlxs,Moose Lodge Rd,SB,2025-06-14,03:00:00,03:15:00,>42 to 44,0,,
Input_xlxs.xlsx,Input_xlxs,Moose Lodge Rd,SB,2025-06-14,03:00:00,03:15:00,>44 to 46,0,,
Input_xlxs.xlsx,Input_xlxs,Moose Lodge Rd,SB,2025-06-14,03:00:00,03:15:00,>46 to 48,0,,
Input_xlxs.xlsx,Input_xlxs,Moose Lodge Rd,SB,2025-06-14,03:00:00,03:15:00,>48 to 50,1,,
Input_xlxs.xlsx,Input_xlxs,Moose Lodge Rd,SB,2025-06-14,03:00:00,03:15:00,>50 to 52,0,,
Input_xlxs.xlsx,Input_xlxs,Moose Lodge Rd,SB,2025-06-14,03:00:00,03:15:00,>52 to 54,1,,
Input_xlxs.xlsx,Input_xlxs,Moose Lodge Rd,SB,2025-06-14,03:00:00,03:15:00,>54 to 56,1,,
Input_xlxs.xlsx,Input_xlxs,Moose Lodge Rd,SB,2025-06-14,03:00:00,03:15:00,>56 to 58,0,,
Input_xlxs.xlsx,Input_xlxs,Moose Lodge Rd,SB,2025-06-14,03:00:00,03:15:00,>58 to 60,1,,
Input_xlxs.xlsx,Input_xlxs,Moose Lodge Rd,SB,2025-06-14,03:00:00,03:15:00,>60 to 62,1,,
Input_xlxs.xlsx,Input_xlxs,Moose Lodge Rd,SB,2025-06-14,03:00:00,03:15:00,> 62,0,,
Input_xlxs.xlsx,Input_xlxs,Moose Lodge Rd,SB,2025-06-14,04:00:00,04:15:00,0 to 40,0,,
Input_xlxs.xlsx,Input_xlxs,Moose Lodge Rd,SB,2025-06-14,04:00:00,04:15:00,>40 to 42,0,,
Input_xlxs.xlsx,Input_xlxs,Moose Lodge Rd,SB,2025-06-14,04:00:00,04:15:00,>42 to 44,0,,
Input_xlxs.xlsx,Input_xlxs,Moose Lodge Rd,SB,2025-06-14,04:00:00,04:15:00,>44 to 46,1,,
Input_xlxs.xlsx,Input_xlxs,Moose Lodge Rd,SB,2025-06-14,04:00:00,04:15:00,>46 to 48,2,,
Input_xlxs.xlsx,Input_xlxs,Moose Lodge Rd,SB,2025-06-14,04:00:00,04:15:00,>48 to 50,0,,
Input_xlxs.xlsx,Input_xlxs,Moose Lodge Rd,SB,2025-06-14,04:00:00,04:15:00,>50 to 52,1,,
Input_xlxs.xlsx,Input_xlxs,Moose Lodge Rd,SB,2025-06-14,04:00:00,04:15:00,>52 to 54,0,,
Input_xlxs.xlsx,Input_xlxs,Moose Lodge Rd,SB,2025-06-14,04:00:00,04:15:00,>54 to 56,1,,
Input_xlxs.xlsx,Input_xlxs,Moose Lodge Rd,SB,2025-06-14,04:00:00,04:15:00,>56 to 58,0,,
Input_xlxs.xlsx,Input_xlxs,Moose Lodge Rd,SB,2025-06-14,04:00:00,04:15:00,>58 to 60,0,,
Input_xlxs.xlsx,Input_xlxs,Moose Lodge Rd,SB,2025-06-14,04:00:00,04:15:00,>60 to 62,0,,
Input_xlxs.xlsx,Input_xlxs,Moose Lodge Rd,SB,2025-06-14,04:00:00,04:15:00,> 62,0,,
Input_xlxs.xlsx,Input_xlxs,Moose Lodge Rd,SB,2025-06-14,05:00:00,05:15:00,0 to 40,0,,
Input_xlxs.xlsx,Input_xlxs,Moose Lodge Rd,SB,2025-06-14,05:00:00,05:15:00,>40 to 42,0,,
Input_xlxs.xlsx,Input_xlxs,Moose Lodge Rd,SB,2025-06-14,05:00:00,05:15:00,>42 to 44,1,,
Input_xlxs.xlsx,Input_xlxs,Moose Lodge Rd,SB,2025-06-14,05:00:00,05:15:00,>44 to 46,0,,
Input_xlxs.xlsx,Input_xlxs,Moose Lodge Rd,SB,2025-06-14,05:00:00,05:15:00,>46 to 48,1,,
Input_xlxs.xlsx,Input_xlxs,Moose Lodge Rd,SB,2025-06-14,05:00:00,05:15:00,>48 to 50,3,,
Input_xlxs.xlsx,Input_xlxs,Moose Lodge Rd,SB,2025-06-14,05:00:00,05:15:00,>50 to 52,3,,
Input_xlxs.xlsx,Input_xlxs,Moose Lodge Rd,SB,2025-06-14,05:00:00,05:15:00,>52 to 54,1,,
Input_xlxs.xlsx,Input_xlxs,Moose Lodge Rd,SB,2025-06-14,05:00:00,05:15:00,>54 to 56,1,,
Input_xlxs.xlsx,Input_xlxs,Moose Lodge Rd,SB,2025-06-14,05:00:00,05:15:00,>56 to 58,2,,
Input_xlxs.xlsx,Input_xlxs,Moose Lodge Rd,SB,2025-06-14,05:00:00,05:15:00,>58 to 60,1,,
Input_xlxs.xlsx,Input_xlxs,Moose Lodge Rd,SB,2025-06-14,05:00:00,05:15:00,>60 to 62,3,,
Input_xlxs.xlsx,Input_xlxs,Moose Lodge Rd,SB,2025-06-14,05:00:00,05:15:00,> 62,1,,
Input_xlxs.xlsx,Input_xlxs,Moose Lodge Rd,SB,2025-06-14,06:00:00,06:15:00,0 to 40,2,,
Input_xlxs.xlsx,Input_xlxs,Moose Lodge Rd,SB,2025-06-14,06:00:00,06:15:00,>40 to 42,0,,
Input_xlxs.xlsx,Input_xlxs,Moose Lodge Rd,SB,2025-06-14,06:00:00,06:15:00,>42 to 44,0,,
Input_xlxs.xlsx,Input_xlxs,Moose Lodge Rd,SB,2025-06-14,06:00:00,06:15:00,>44 to 46,1,,
Input_xlxs.xlsx,Input_xlxs,Moose Lodge Rd,SB,2025-06-14,06:00:00,06:15:00,>46 to 48,1,,
Input_xlxs.xlsx,Input_xlxs,Moose Lodge Rd,SB,2025-06-14,06:00:00,06:15:00,>48 to 50,2,,
Input_xlxs.xlsx,Input_xlxs,Moose Lodge Rd,SB,2025-06-14,06:00:00,06:15:00,>50 to 52,4,,
Input_xlxs.xlsx,Input_xlxs,Moose Lodge Rd,SB,2025-06-14,06:00:00,06:15:00,>52 to 54,2,,
Input_xlxs.xlsx,Input_xlxs,Moose Lodge Rd,SB,2025-06-14,06:00:00,06:15:00,>54 to 56,2,,
Input_xlxs.xlsx,Input_xlxs,Moose Lodge Rd,SB,2025-06-14,06:00:00,06:15:00,>56 to 58,3,,
Input_xlxs.xlsx,Input_xlxs,Moose Lodge Rd,SB,2025-06-14,06:00:00,06:15:00,>58 to 60,4,,
Input_xlxs.xlsx,Input_xlxs,Moose Lodge Rd,SB,2025-06-14,06:00:00,06:15:00,>60 to 62,0,,
Input_xlxs.xlsx,Input_xlxs,Moose Lodge Rd,SB,2025-06-14,06:00:00,06:15:00,> 62,2,,
Input_xlxs.xlsx,Input_xlxs,Moose Lodge Rd,SB,2025-06-14,07:00:00,07:15:00,0 to 40,0,,
Input_xlxs.xlsx,Input_xlxs,Moose Lodge Rd,SB,2025-06-14,07:00:00,07:15:00,>40 to 42,0,,
Input_xlxs.xlsx,Input_xlxs,Moose Lodge Rd,SB,2025-06-14,07:00:00,07:15:00,>42 to 44,4,,
Input_xlxs.xlsx,Input_xlxs,Moose Lodge Rd,SB,2025-06-14,07:00:00,07:15:00,>44 to 46,3,,
Input_xlxs.xlsx,Input_xlxs,Moose Lodge Rd,SB,2025-06-14,07:00:00,07:15:00,>46 to 48,4,,
Input_xlxs.xlsx,Input_xlxs,Moose Lodge Rd,SB,2025-06-14,07:00:00,07:15:00,>48 to 50,1,,
Input_xlxs.xlsx,Input_xlxs,Moose Lodge Rd,SB,2025-06-14,07:00:00,07:15:00,>50 to 52,1,,
Input_xlxs.xlsx,Input_xlxs,Moose Lodge Rd,SB,2025-06-14,07:00:00,07:15:00,>52 to 54,8,,
Input_xlxs.xlsx,Input_xlxs,Moose Lodge Rd,SB,2025-06-14,07:00:00,07:15:00,>54 to 56,6,,
Input_xlxs.xlsx,Input_xlxs,Moose Lodge Rd,SB,2025-06-14,07:00:00,07:15:00,>56 to 58,5,,
Input_xlxs.xlsx,Input_xlxs,Moose Lodge Rd,SB,2025-06-14,07:00:00,07:15:00,>58 to 60,5,,
Input_xlxs.xlsx,Input_xlxs,Moose Lodge Rd,SB,2025-06-14,07:00:00,07:15:00,>60 to 62,2,,
Input_xlxs.xlsx,Input_xlxs,Moose Lodge Rd,SB,2025-06-14,07:00:00,07:15:00,> 62,5,,
Input_xlxs.xlsx,Input_xlxs,Moose Lodge Rd,SB,2025-06-14,08:00:00,08:15:00,0 to 40,0,,
Input_xlxs.xlsx,Input_xlxs,Moose Lodge Rd,SB,2025-06-14,08:00:00,08:15:00,>40 to 42,0,,
Input_xlxs.xlsx,Input_xlxs,Moose Lodge Rd,SB,2025-06-14,08:00:00,08:15:00,>42 to 44,2,,
Input_xlxs.xlsx,Input_xlxs,Moose Lodge Rd,SB,2025-06-14,08:00:00,08:15:00,>44 to 46,4,,
Input_xlxs.xlsx,Input_xlxs,Moose Lodge Rd,SB,2025-06-14,08:00:00,08:15:00,>46 to 48,4,,
Input_xlxs.xlsx,Input_xlxs,Moose Lodge Rd,SB,2025-06-14,08:00:00,08:15:00,>48 to 50,9,,
Input_xlxs.xlsx,Input_xlxs,Moose Lodge Rd,SB,2025-06-14,08:00:00,08:15:00,>50 to 52,7,,
Input_xlxs.xlsx,Input_xlxs,Moose Lodge Rd,SB,2025-06-14,08:00:00,08:15:00,>52 to 54,4,,
Input_xlxs.xlsx,Input_xlxs,Moose Lodge Rd,SB,2025-06-14,08:00:00,08:15:00,>54 to 56,6,,
Input_xlxs.xlsx,Input_xlxs,Moose Lodge Rd,SB,2025-06-14,08:00:00,08:15:00,>56 to 58,3,,
Input_xlxs.xlsx,Input_xlxs,Moose Lodge Rd,SB,2025-06-14,08:00:00,08:15:00,>58 to 60,2,,
Input_xlxs.xlsx,Input_xlxs,Moose Lodge Rd,SB,2025-06-14,08:00:00,08:15:00,>60 to 62,5,,
Input_xlxs.xlsx,Input_xlxs,Moose Lodge Rd,SB,2025-06-14,08:00:00,08:15:00,> 62,7,,
Input_xlxs.xlsx,Input_xlxs,Moose Lodge Rd,SB,2025-06-14,09:00:00,09:15:00,0 to 40,1,,
Input_xlxs.xlsx,Input_xlxs,Moose Lodge Rd,SB,2025-06-14,09:00:00,09:15:00,>40 to 42,2,,
Input_xlxs.xlsx,Input_xlxs,Moose Lodge Rd,SB,2025-06-14,09:00:00,09:15:00,>42 to 44,2,,
Input_xlxs.xlsx,Input_xlxs,Moose Lodge Rd,SB,2025-06-14,09:00:00,09:15:00,>44 to 46,6,,
Input_xlxs.xlsx,Input_xlxs,Moose Lodge Rd,SB,2025-06-14,09:00:00,09:15:00,>46 to 48,4,,
Input_xlxs.xlsx,Input_xlxs,Moose Lodge Rd,SB,2025-06-14,09:00:00,09:15:00,>48 to 50,3,,
Input_xlxs.xlsx,Input_xlxs,Moose Lodge Rd,SB,2025-06-14,09:00:00,09:15:00,>50 to 52,6,,
Input_xlxs.xlsx,Input_xlxs,Moose Lodge Rd,SB,2025-06-14,09:00:00,09:15:00,>52 to 54,7,,
Input_xlxs.xlsx,Input_xlxs,Moose Lodge Rd,SB,2025-06-14,09:00:00,09:15:00,>54 to 56,14,,
Input_xlxs.xlsx,Input_xlxs,Moose Lodge Rd,SB,2025-06-14,09:00:00,09:15:00,>56 to 58,8,,
Input_xlxs.xlsx,Input_xlxs,Moose Lodge Rd,SB,2025-06-14,09:00:00,09:15:00,>58 to 60,2,,
Input_xlxs.xlsx,Input_xlxs,Moose Lodge Rd,SB,2025-06-14,09:00:00,09:15:00,>60 to 62,1,,
Input_xlxs.xlsx,Input_xlxs,Moose Lodge Rd,SB,2025-06-14,09:00:00,09:15:00,> 62,11,,
Input_xlxs.xlsx,Input_xlxs,Moose Lodge Rd,SB,2025-06-14,10:00:00,10:15:00,0 to 40,1,,
Input_xlxs.xlsx,Input_xlxs,Moose Lodge Rd,SB,2025-06-14,10:00:00,10:15:00,>40 to 42,2,,
Input_xlxs.xlsx,Input_xlxs,Moose Lodge Rd,SB,2025-06-14,10:00:00,10:15:00,>42 to 44,5,,
Input_xlxs.xlsx,Input_xlxs,Moose Lodge Rd,SB,2025-06-14,10:00:00,10:15:00,>44 to 46,8,,
Input_xlxs.xlsx,Input_xlxs,Moose Lodge Rd,SB,2025-06-14,10:00:00,10:15:00,>46 to 48,7,,
Input_xlxs.xlsx,Input_xlxs,Moose Lodge Rd,SB,2025-06-14,10:00:00,10:15:00,>48 to 50,10,,
Input_xlxs.xlsx,Input_xlxs,Moose Lodge Rd,SB,2025-06-14,10:00:00,10:15:00,>50 to 52,5,,
Input_xlxs.xlsx,Input_xlxs,Moose Lodge Rd,SB,2025-06-14,10:00:00,10:15:00,>52 to 54,12,,
Input_xlxs.xlsx,Input_xlxs,Moose Lodge Rd,SB,2025-06-14,10:00:00,10:15:00,>54 to 56,9,,
Input_xlxs.xlsx,Input_xlxs,Moose Lodge Rd,SB,2025-06-14,10:00:00,10:15:00,>56 to 58,7,,
Input_xlxs.xlsx,Input_xlxs,Moose Lodge Rd,SB,2025-06-14,10:00:00,10:15:00,>58 to 60,6,,
Input_xlxs.xlsx,Input_xlxs,Moose Lodge Rd,SB,2025-06-14,10:00:00,10:15:00,>60 to 62,4,,
Input_xlxs.xlsx,Input_xlxs,Moose Lodge Rd,SB,2025-06-14,10:00:00,10:15:00,> 62,7,,
Input_xlxs.xlsx,Input_xlxs,Moose Lodge Rd,SB,2025-06-14,11:00:00,11:15:00,0 to 40,4,,
Input_xlxs.xlsx,Input_xlxs,Moose Lodge Rd,SB,2025-06-14,11:00:00,11:15:00,>40 to 42,3,,
Input_xlxs.xlsx,Input_xlxs,Moose Lodge Rd,SB,2025-06-14,11:00:00,11:15:00,>42 to 44,3,,
Input_xlxs.xlsx,Input_xlxs,Moose Lodge Rd,SB,2025-06-14,11:00:00,11:15:00,>44 to 46,5,,
Input_xlxs.xlsx,Input_xlxs,Moose Lodge Rd,SB,2025-06-14,11:00:00,11:15:00,>46 to 48,9,,
Input_xlxs.xlsx,Input_xlxs,Moose Lodge Rd,SB,2025-06-14,11:00:00,11:15:00,>48 to 50,17,,
Input_xlxs.xlsx,Input_xlxs,Moose Lodge Rd,SB,2025-06-14,11:00:00,11:15:00,>50 to 52,24,,
Input_xlxs.xlsx,Input_xlxs,Moose Lodge Rd,SB,2025-06-14,11:00:00,11:15:00,>52 to 54,16,,
Input_xlxs.xlsx,Input_xlxs,Moose Lodge Rd,SB,2025-06-14,11:00:00,11:15:00,>54 to 56,7,,
Input_xlxs.xlsx,Input_xlxs,Moose Lodge Rd,SB,2025-06-14,11:00:00,11:15:00,>56 to 58,13,,
Input_xlxs.xlsx,Input_xlxs,Moose Lodge Rd,SB,2025-06-14,11:00:00,11:15:00,>58 to 60,5,,
Input_xlxs.xlsx,Input_xlxs,Moose Lodge Rd,SB,2025-06-14,11:00:00,11:15:00,>60 to 62,2,,
Input_xlxs.xlsx,Input_xlxs,Moose Lodge Rd,SB,2025-06-14,11:00:00,11:15:00,> 62,8,,
Input_xlxs.xlsx,Input_xlxs,Moose Lodge Rd,SB,2025-06-14,12:00:00,12:15:00,0 to 40,3,,
Input_xlxs.xlsx,Input_xlxs,Moose Lodge Rd,SB,2025-06-14,12:00:00,12:15:00,>40 to 42,2,,
Input_xlxs.xlsx,Input_xlxs,Moose Lodge Rd,SB,2025-06-14,12:00:00,12:15:00,>42 to 44,8,,
Input_xlxs.xlsx,Input_xlxs,Moose Lodge Rd,SB,2025-06-14,12:00:00,12:15:00,>44 to 46,1,,
Input_xlxs.xlsx,Input_xlxs,Moose Lodge Rd,SB,2025-06-14,12:00:00,12:15:00,>46 to 48,8,,
Input_xlxs.xlsx,Input_xlxs,Moose Lodge Rd,SB,2025-06-14,12:00:00,12:15:00,>48 to 50,15,,
Input_xlxs.xlsx,Input_xlxs,Moose Lodge Rd,SB,2025-06-14,12:00:00,12:15:00,>50 to 52,16,,
Input_xlxs.xlsx,Input_xlxs,Moose Lodge Rd,SB,2025-06-14,12:00:00,12:15:00,>52 to 54,13,,
Input_xlxs.xlsx,Input_xlxs,Moose Lodge Rd,SB,2025-06-14,12:00:00,12:15:00,>54 to 56,10,,
Input_xlxs.xlsx,Input_xlxs,Moose Lodge Rd,SB,2025-06-14,12:00:00,12:15:00,>56 to 58,10,,
Input_xlxs.xlsx,Input_xlxs,Moose Lodge Rd,SB,2025-06-14,12:00:00,12:15:00,>58 to 60,4,,
Input_xlxs.xlsx,Input_xlxs,Moose Lodge Rd,SB,2025-06-14,12:00:00,12:15:00,>60 to 62,4,,
Input_xlxs.xlsx,Input_xlxs,Moose Lodge Rd,SB,2025-06-14,12:00:00,12:15:00,> 62,9,,
Input_xlxs.xlsx,Input_xlxs,Moose Lodge Rd,SB,2025-06-14,13:00:00,13:15:00,0 to 40,5,,
Input_xlxs.xlsx,Input_xlxs,Moose Lodge Rd,SB,2025-06-14,13:00:00,13:15:00,>40 to 42,3,,
Input_xlxs.xlsx,Input_xlxs,Moose Lodge Rd,SB,2025-06-14,13:00:00,13:15:00,>42 to 44,4,,
Input_xlxs.xlsx,Input_xlxs,Moose Lodge Rd,SB,2025-06-14,13:00:00,13:15:00,>44 to 46,4,,
Input_xlxs.xlsx,Input_xlxs,Moose Lodge Rd,SB,2025-06-14,13:00:00,13:15:00,>46 to 48,8,,
Input_xlxs.xlsx,Input_xlxs,Moose Lodge Rd,SB,2025-06-14,13:00:00,13:15:00,>48 to 50,7,,
Input_xlxs.xlsx,Input_xlxs,Moose Lodge Rd,SB,2025-06-14,13:00:00,13:15:00,>50 to 52,12,,
Input_xlxs.xlsx,Input_xlxs,Moose Lodge Rd,SB,2025-06-14,13:00:00,13:15:00,>52 to 54,25,,
Input_xlxs.xlsx,Input_xlxs,Moose Lodge Rd,SB,2025-06-14,13:00:00,13:15:00,>54 to 56,11,,
Input_xlxs.xlsx,Input_xlxs,Moose Lodge Rd,SB,2025-06-14,13:00:00,13:15:00,>56 to 58,11,,
Input_xlxs.xlsx,Input_xlxs,Moose Lodge Rd,SB,2025-06-14,13:00:00,13:15:00,>58 to 60,5,,
Input_xlxs.xlsx,Input_xlxs,Moose Lodge Rd,SB,2025-06-14,13:00:00,13:15:00,>60 to 62,5,,
Input_xlxs.xlsx,Input_xlxs,Moose Lodge Rd,SB,2025-06-14,13:00:00,13:15:00,> 62,6,,
Input_xlxs.xlsx,Input_xlxs,Moose Lodge Rd,SB,2025-06-14,14:00:00,14:15:00,0 to 40,3,,
Input_xlxs.xlsx,Input_xlxs,Moose Lodge Rd,SB,2025-06-14,14:00:00,14:15:00,>40 to 42,4,,
Input_xlxs.xlsx,Input_xlxs,Moose Lodge Rd,SB,2025-06-14,14:00:00,14:15:00,>42 to 44,2,,
Input_xlxs.xlsx,Input_xlxs,Moose Lodge Rd,SB,2025-06-14,14:00:00,14:15:00,>44 to 46,7,,
Input_xlxs.xlsx,Input_xlxs,Moose Lodge Rd,SB,2025-06-14,14:00:00,14:15:00,>46 to 48,8,,
Input_xlxs.xlsx,Input_xlxs,Moose Lodge Rd,SB,2025-06-14,14:00:00,14:15:00,>48 to 50,16,,
Input_xlxs.xlsx,Input_xlxs,Moose Lodge Rd,SB,2025-06-14,14:00:00,14:15:00,>50 to 52,17,,
Input_xlxs.xlsx,Input_xlxs,Moose Lodge Rd,SB,2025-06-14,14:00:00,14:15:00,>52 to 54,11,,
Input_xlxs.xlsx,Input_xlxs,Moose Lodge Rd,SB,2025-06-14,14:00:00,14:15:00,>54 to 56,18,,
Input_xlxs.xlsx,Input_xlxs,Moose Lodge Rd,SB,2025-06-14,14:00:00,14:15:00,>56 to 58,18,,
Input_xlxs.xlsx,Input_xlxs,Moose Lodge Rd,SB,2025-06-14,14:00:00,14:15:00,>58 to 60,10,,
Input_xlxs.xlsx,Input_xlxs,Moose Lodge Rd,SB,2025-06-14,14:00:00,14:15:00,>60 to 62,7,,
Input_xlxs.xlsx,Input_xlxs,Moose Lodge Rd,SB,2025-06-14,14:00:00,14:15:00,> 62,10,,
Input_xlxs.xlsx,Input_xlxs,Moose Lodge Rd,SB,2025-06-14,15:00:00,15:15:00,0 to 40,1,,
Input_xlxs.xlsx,Input_xlxs,Moose Lodge Rd,SB,2025-06-14,15:00:00,15:15:00,>40 to 42,0,,
Input_xlxs.xlsx,Input_xlxs,Moose Lodge Rd,SB,2025-06-14,15:00:00,15:15:00,>42 to 44,0,,
Input_xlxs.xlsx,Input_xlxs,Moose Lodge Rd,SB,2025-06-14,15:00:00,15:15:00,>44 to 46,3,,
Input_xlxs.xlsx,Input_xlxs,Moose Lodge Rd,SB,2025-06-14,15:00:00,15:15:00,>46 to 48,10,,
Input_xlxs.xlsx,Input_xlxs,Moose Lodge Rd,SB,2025-06-14,15:00:00,15:15:00,>48 to 50,9,,
Input_xlxs.xlsx,Input_xlxs,Moose Lodge Rd,SB,2025-06-14,15:00:00,15:15:00,>50 to 52,13,,
Input_xlxs.xlsx,Input_xlxs,Moose Lodge Rd,SB,2025-06-14,15:00:00,15:15:00,>52 to 54,21,,
Input_xlxs.xlsx,Input_xlxs,Moose Lodge Rd,SB,2025-06-14,15:00:00,15:15:00,>54 to 56,10,,
Input_xlxs.xlsx,Input_xlxs,Moose Lodge Rd,SB,2025-06-14,15:00:00,15:15:00,>56 to 58,13,,
Input_xlxs.xlsx,Input_xlxs,Moose Lodge Rd,SB,2025-06-14,15:00:00,15:15:00,>58 to 60,7,,
Input_xlxs.xlsx,Input_xlxs,Moose Lodge Rd,SB,2025-06-14,15:00:00,15:15:00,>60 to 62,9,,
Input_xlxs.xlsx,Input_xlxs,Moose Lodge Rd,SB,2025-06-14,15:00:00,15:15:00,> 62,5,,
Input_xlxs.xlsx,Input_xlxs,Moose Lodge Rd,SB,2025-06-14,16:00:00,16:15:00,0 to 40,1,,
Input_xlxs.xlsx,Input_xlxs,Moose Lodge Rd,SB,2025-06-14,16:00:00,16:15:00,>40 to 42,1,,
Input_xlxs.xlsx,Input_xlxs,Moose Lodge Rd,SB,2025-06-14,16:00:00,16:15:00,>42 to 44,0,,
Input_xlxs.xlsx,Input_xlxs,Moose Lodge Rd,SB,2025-06-14,16:00:00,16:15:00,>44 to 46,8,,
Input_xlxs.xlsx,Input_xlxs,Moose Lodge Rd,SB,2025-06-14,16:00:00,16:15:00,>46 to 48,5,,
Input_xlxs.xlsx,Input_xlxs,Moose Lodge Rd,SB,2025-06-14,16:00:00,16:15:00,>48 to 50,12,,
Input_xlxs.xlsx,Input_xlxs,Moose Lodge Rd,SB,2025-06-14,16:00:00,16:15:00,>50 to 52,14,,
Input_xlxs.xlsx,Input_xlxs,Moose Lodge Rd,SB,2025-06-14,16:00:00,16:15:00,>52 to 54,14,,
Input_xlxs.xlsx,Input_xlxs,Moose Lodge Rd,SB,2025-06-14,16:00:00,16:15:00,>54 to 56,10,,
Input_xlxs.xlsx,Input_xlxs,Moose Lodge Rd,SB,2025-06-14,16:00:00,16:15:00,>56 to 58,11,,
Input_xlxs.xlsx,Input_xlxs,Moose Lodge Rd,SB,2025-06-14,16:00:00,16:15:00,>58 to 60,6,,
Input_xlxs.xlsx,Input_xlxs,Moose Lodge Rd,SB,2025-06-14,16:00:00,16:15:00,>60 to 62,5,,
Input_xlxs.xlsx,Input_xlxs,Moose Lodge Rd,SB,2025-06-14,16:00:00,16:15:00,> 62,12,,
Input_xlxs.xlsx,Input_xlxs,Moose Lodge Rd,SB,2025-06-14,17:00:00,17:15:00,0 to 40,1,,
Input_xlxs.xlsx,Input_xlxs,Moose Lodge Rd,SB,2025-06-14,17:00:00,17:15:00,>40 to 42,1,,
Input_xlxs.xlsx,Input_xlxs,Moose Lodge Rd,SB,2025-06-14,17:00:00,17:15:00,>42 to 44,7,,
Input_xlxs.xlsx,Input_xlxs,Moose Lodge Rd,SB,2025-06-14,17:00:00,17:15:00,>44 to 46,1,,
Input_xlxs.xlsx,Input_xlxs,Moose Lodge Rd,SB,2025-06-14,17:00:00,17:15:00,>46 to 48,9,,
Input_xlxs.xlsx,Input_xlxs,Moose Lodge Rd,SB,2025-06-14,17:00:00,17:15:00,>48 to 50,6,,
Input_xlxs.xlsx,Input_xlxs,Moose Lodge Rd,SB,2025-06-14,17:00:00,17:15:00,>50 to 52,16,,
Input_xlxs.xlsx,Input_xlxs,Moose Lodge Rd,SB,2025-06-14,17:00:00,17:15:00,>52 to 54,13,,
Input_xlxs.xlsx,Input_xlxs,Moose Lodge Rd,SB,2025-06-14,17:00:00,17:15:00,>54 to 56,9,,
Input_xlxs.xlsx,Input_xlxs,Moose Lodge Rd,SB,2025-06-14,17:00:00,17:15:00,>56 to 58,10,,
Input_xlxs.xlsx,Input_xlxs,Moose Lodge Rd,SB,2025-06-14,17:00:00,17:15:00,>58 to 60,8,,
Input_xlxs.xlsx,Input_xlxs,Moose Lodge Rd,SB,2025-06-14,17:00:00,17:15:00,>60 to 62,6,,
Input_xlxs.xlsx,Input_xlxs,Moose Lodge Rd,SB,2025-06-14,17:00:00,17:15:00,> 62,10,,
Input_xlxs.xlsx,Input_xlxs,Moose Lodge Rd,SB,2025-06-14,18:00:00,18:15:00,0 to 40,4,,
Input_xlxs.xlsx,Input_xlxs,Moose Lodge Rd,SB,2025-06-14,18:00:00,18:15:00,>40 to 42,1,,
Input_xlxs.xlsx,Input_xlxs,Moose Lodge Rd,SB,2025-06-14,18:00:00,18:15:00,>42 to 44,0,,
Input_xlxs.xlsx,Input_xlxs,Moose Lodge Rd,SB,2025-06-14,18:00:00,18:15:00,>44 to 46,0,,
Input_xlxs.xlsx,Input_xlxs,Moose Lodge Rd,SB,2025-06-14,18:00:00,18:15:00,>46 to 48,7,,
Input_xlxs.xlsx,Input_xlxs,Moose Lodge Rd,SB,2025-06-14,18:00:00,18:15:00,>48 to 50,7,,
Input_xlxs.xlsx,Input_xlxs,Moose Lodge Rd,SB,2025-06-14,18:00:00,18:15:00,>50 to 52,8,,
Input_xlxs.xlsx,Input_xlxs,Moose Lodge Rd,SB,2025-06-14,18:00:00,18:15:00,>52 to 54,10,,
Input_xlxs.xlsx,Input_xlxs,Moose Lodge Rd,SB,2025-06-14,18:00:00,18:15:00,>54 to 56,11,,
Input_xlxs.xlsx,Input_xlxs,Moose Lodge Rd,SB,2025-06-14,18:00:00,18:15:00,>56 to 58,7,,
Input_xlxs.xlsx,Input_xlxs,Moose Lodge Rd,SB,2025-06-14,18:00:00,18:15:00,>58 to 60,10,,
Input_xlxs.xlsx,Input_xlxs,Moose Lodge Rd,SB,2025-06-14,18:00:00,18:15:00,>60 to 62,3,,
Input_xlxs.xlsx,Input_xlxs,Moose Lodge Rd,SB,2025-06-14,18:00:00,18:15:00,> 62,12,,
Input_xlxs.xlsx,Input_xlxs,Moose Lodge Rd,SB,2025-06-14,19:00:00,19:15:00,0 to 40,2,,
Input_xlxs.xlsx,Input_xlxs,Moose Lodge Rd,SB,2025-06-14,19:00:00,19:15:00,>40 to 42,0,,
Input_xlxs.xlsx,Input_xlxs,Moose Lodge Rd,SB,2025-06-14,19:00:00,19:15:00,>42 to 44,1,,
Input_xlxs.xlsx,Input_xlxs,Moose Lodge Rd,SB,2025-06-14,19:00:00,19:15:00,>44 to 46,3,,
Input_xlxs.xlsx,Input_xlxs,Moose Lodge Rd,SB,2025-06-14,19:00:00,19:15:00,>46 to 48,5,,
Input_xlxs.xlsx,Input_xlxs,Moose Lodge Rd,SB,2025-06-14,19:00:00,19:15:00,>48 to 50,5,,
Input_xlxs.xlsx,Input_xlxs,Moose Lodge Rd,SB,2025-06-14,19:00:00,19:15:00,>50 to 52,6,,
Input_xlxs.xlsx,Input_xlxs,Moose Lodge Rd,SB,2025-06-14,19:00:00,19:15:00,>52 to 54,4,,
Input_xlxs.xlsx,Input_xlxs,Moose Lodge Rd,SB,2025-06-14,19:00:00,19:15:00,>54 to 56,11,,
Input_xlxs.xlsx,Input_xlxs,Moose Lodge Rd,SB,2025-06-14,19:00:00,19:15:00,>56 to 58,9,,
Input_xlxs.xlsx,Input_xlxs,Moose Lodge Rd,SB,2025-06-14,19:00:00,19:15:00,>58 to 60,7,,
Input_xlxs.xlsx,Input_xlxs,Moose Lodge Rd,SB,2025-06-14,19:00:00,19:15:00,>60 to 62,3,,
Input_xlxs.xlsx,Input_xlxs,Moose Lodge Rd,SB,2025-06-14,19:00:00,19:15:00,> 62,10,,
Input_xlxs.xlsx,Input_xlxs,Moose Lodge Rd,SB,2025-06-14,20:00:00,20:15:00,0 to 40,0,,
Input_xlxs.xlsx,Input_xlxs,Moose Lodge Rd,SB,2025-06-14,20:00:00,20:15:00,>40 to 42,0,,
Input_xlxs.xlsx,Input_xlxs,Moose Lodge Rd,SB,2025-06-14,20:00:00,20:15:00,>42 to 44,0,,
Input_xlxs.xlsx,Input_xlxs,Moose Lodge Rd,SB,2025-06-14,20:00:00,20:15:00,>44 to 46,3,,
Input_xlxs.xlsx,Input_xlxs,Moose Lodge Rd,SB,2025-06-14,20:00:00,20:15:00,>46 to 48,5,,
Input_xlxs.xlsx,Input_xlxs,Moose Lodge Rd,SB,2025-06-14,20:00:00,20:15:00,>48 to 50,6,,
Input_xlxs.xlsx,Input_xlxs,Moose Lodge Rd,SB,2025-06-14,20:00:00,20:15:00,>50 to 52,8,,
Input_xlxs.xlsx,Input_xlxs,Moose Lodge Rd,SB,2025-06-14,20:00:00,20:15:00,>52 to 54,10,,
Input_xlxs.xlsx,Input_xlxs,Moose Lodge Rd,SB,2025-06-14,20:00:00,20:15:00,>54 to 56,8,,
Input_xlxs.xlsx,Input_xlxs,Moose Lodge Rd,SB,2025-06-14,20:00:00,20:15:00,>56 to 58,3,,
Input_xlxs.xlsx,Input_xlxs,Moose Lodge Rd,SB,2025-06-14,20:00:00,20:15:00,>58 to 60,3,,
Input_xlxs.xlsx,Input_xlxs,Moose Lodge Rd,SB,2025-06-14,20:00:00,20:15:00,>60 to 62,2,,
Input_xlxs.xlsx,Input_xlxs,Moose Lodge Rd,SB,2025-06-14,20:00:00,20:15:00,> 62,8,,
Input_xlxs.xlsx,Input_xlxs,Moose Lodge Rd,SB,2025-06-14,21:00:00,21:15:00,0 to 40,0,,
Input_xlxs.xlsx,Input_xlxs,Moose Lodge Rd,SB,2025-06-14,21:00:00,21:15:00,>40 to 42,1,,
Input_xlxs.xlsx,Input_xlxs,Moose Lodge Rd,SB,2025-06-14,21:00:00,21:15:00,>42 to 44,2,,
Input_xlxs.xlsx,Input_xlxs,Moose Lodge Rd,SB,2025-06-14,21:00:00,21:15:00,>44 to 46,0,,
Input_xlxs.xlsx,Input_xlxs,Moose Lodge Rd,SB,2025-06-14,21:00:00,21:15:00,>46 to 48,4,,
Input_xlxs.xlsx,Input_xlxs,Moose Lodge Rd,SB,2025-06-14,21:00:00,21:15:00,>48 to 50,5,,
Input_xlxs.xlsx,Input_xlxs,Moose Lodge Rd,SB,2025-06-14,21:00:00,21:15:00,>50 to 52,3,,
Input_xlxs.xlsx,Input_xlxs,Moose Lodge Rd,SB,2025-06-14,21:00:00,21:15:00,>52 to 54,4,,
Input_xlxs.xlsx,Input_xlxs,Moose Lodge Rd,SB,2025-06-14,21:00:00,21:15:00,>54 to 56,7,,
Input_xlxs.xlsx,Input_xlxs,Moose Lodge Rd,SB,2025-06-14,21:00:00,21:15:00,>56 to 58,4,,
Input_xlxs.xlsx,Input_xlxs,Moose Lodge Rd,SB,2025-06-14,21:00:00,21:15:00,>58 to 60,5,,
Input_xlxs.xlsx,Input_xlxs,Moose Lodge Rd,SB,2025-06-14,21:00:00,21:15:00,>60 to 62,1,,
Input_xlxs.xlsx,Input_xlxs,Moose Lodge Rd,SB,2025-06-14,21:00:00,21:15:00,> 62,3,,
Input_xlxs.xlsx,Input_xlxs,Moose Lodge Rd,SB,2025-06-14,22:00:00,22:15:00,0 to 40,1,,
Input_xlxs.xlsx,Input_xlxs,Moose Lodge Rd,SB,2025-06-14,22:00:00,22:15:00,>40 to 42,1,,
Input_xlxs.xlsx,Input_xlxs,Moose Lodge Rd,SB,2025-06-14,22:00:00,22:15:00,>42 to 44,0,,
Input_xlxs.xlsx,Input_xlxs,Moose Lodge Rd,SB,2025-06-14,22:00:00,22:15:00,>44 to 46,2,,
Input_xlxs.xlsx,Input_xlxs,Moose Lodge Rd,SB,2025-06-14,22:00:00,22:15:00,>46 to 48,2,,
Input_xlxs.xlsx,Input_xlxs,Moose Lodge Rd,SB,2025-06-14,22:00:00,22:15:00,>48 to 50,2,,
Input_xlxs.xlsx,Input_xlxs,Moose Lodge Rd,SB,2025-06-14,22:00:00,22:15:00,>50 to 52,4,,
Input_xlxs.xlsx,Input_xlxs,Moose Lodge Rd,SB,2025-06-14,22:00:00,22:15:00,>52 to 54,4,,
Input_xlxs.xlsx,Input_xlxs,Moose Lodge Rd,SB,2025-06-14,22:00:00,22:15:00,>54 to 56,2,,
Input_xlxs.xlsx,Input_xlxs,Moose Lodge Rd,SB,2025-06-14,22:00:00,22:15:00,>56 to 58,1,,
Input_xlxs.xlsx,Input_xlxs,Moose Lodge Rd,SB,2025-06-14,22:00:00,22:15:00,>58 to 60,1,,
Input_xlxs.xlsx,Input_xlxs,Moose Lodge Rd,SB,2025-06-14,22:00:00,22:15:00,>60 to 62,1,,
Input_xlxs.xlsx,Input_xlxs,Moose Lodge Rd,SB,2025-06-14,22:00:00,22:15:00,> 62,5,,
Input_xlxs.xlsx,Input_xlxs,Moose Lodge Rd,SB,2025-06-14,23:00:00,23:15:00,0 to 40,1,,
Input_xlxs.xlsx,Input_xlxs,Moose Lodge Rd,SB,2025-06-14,23:00:00,23:15:00,>40 to 42,1,,
Input_xlxs.xlsx,Input_xlxs,Moose Lodge Rd,SB,2025-06-14,23:00:00,23:15:00,>42 to 44,0,,
Input_xlxs.xlsx,Input_xlxs,Moose Lodge Rd,SB,2025-06-14,23:00:00,23:15:00,>44 to 46,1,,
Input_xlxs.xlsx,Input_xlxs,Moose Lodge Rd,SB,2025-06-14,23:00:00,23:15:00,>46 to 48,1,,
Input_xlxs.xlsx,Input_xlxs,Moose Lodge Rd,SB,2025-06-14,23:00:00,23:15:00,>48 to 50,2,,
Input_xlxs.xlsx,Input_xlxs,Moose Lodge Rd,SB,2025-06-14,23:00:00,23:15:00,>50 to 52,2,,
Input_xlxs.xlsx,Input_xlxs,Moose Lodge Rd,SB,2025-06-14,23:00:00,23:15:00,>52 to 54,1,,
Input_xlxs.xlsx,Input_xlxs,Moose Lodge Rd,SB,2025-06-14,23:00:00,23:15:00,>54 to 56,2,,
Input_xlxs.xlsx,Input_xlxs,Moose Lodge Rd,SB,2025-06-14,23:00:00,23:15:00,>56 to 58,1,,
Input_xlxs.xlsx,Input_xlxs,Moose Lodge Rd,SB,2025-06-14,23:00:00,23:15:00,>58 to 60,0,,
Input_xlxs.xlsx,Input_xlxs,Moose Lodge Rd,SB,2025-06-14,23:00:00,23:15:00,>60 to 62,1,,
Input_xlxs.xlsx,Input_xlxs,Moose Lodge Rd,SB,2025-06-14,23:00:00,23:15:00,> 62,0,,
Input_xlxs.xlsx,Input_xlxs,Moose Lodge Rd,SB,2025-06-15,00:00:00,00:15:00,0 to 40,1,,
Input_xlxs.xlsx,Input_xlxs,Moose Lodge Rd,SB,2025-06-15,00:00:00,00:15:00,>40 to 42,0,,
Input_xlxs.xlsx,Input_xlxs,Moose Lodge Rd,SB,2025-06-15,00:00:00,00:15:00,>42 to 44,1,,
Input_xlxs.xlsx,Input_xlxs,Moose Lodge Rd,SB,2025-06-15,00:00:00,00:15:00,>44 to 46,0,,
Input_xlxs.xlsx,Input_xlxs,Moose Lodge Rd,SB,2025-06-15,00:00:00,00:15:00,>46 to 48,3,,
Input_xlxs.xlsx,Input_xlxs,Moose Lodge Rd,SB,2025-06-15,00:00:00,00:15:00,>48 to 50,1,,
Input_xlxs.xlsx,Input_xlxs,Moose Lodge Rd,SB,2025-06-15,00:00:00,00:15:00,>50 to 52,1,,
Input_xlxs.xlsx,Input_xlxs,Moose Lodge Rd,SB,2025-06-15,00:00:00,00:15:00,>52 to 54,2,,
Input_xlxs.xlsx,Input_xlxs,Moose Lodge Rd,SB,2025-06-15,00:00:00,00:15:00,>54 to 56,1,,
Input_xlxs.xlsx,Input_xlxs,Moose Lodge Rd,SB,2025-06-15,00:00:00,00:15:00,>56 to 58,2,,
Input_xlxs.xlsx,Input_xlxs,Moose Lodge Rd,SB,2025-06-15,00:00:00,00:15:00,>58 to 60,0,,
Input_xlxs.xlsx,Input_xlxs,Moose Lodge Rd,SB,2025-06-15,00:00:00,00:15:00,>60 to 62,1,,
Input_xlxs.xlsx,Input_xlxs,Moose Lodge Rd,SB,2025-06-15,00:00:00,00:15:00,> 62,4,,
Input_xlxs.xlsx,Input_xlxs,Moose Lodge Rd,SB,2025-06-15,01:00:00,01:15:00,0 to 40,2,,
Input_xlxs.xlsx,Input_xlxs,Moose Lodge Rd,SB,2025-06-15,01:00:00,01:15:00,>40 to 42,0,,
Input_xlxs.xlsx,Input_xlxs,Moose Lodge Rd,SB,2025-06-15,01:00:00,01:15:00,>42 to 44,1,,
Input_xlxs.xlsx,Input_xlxs,Moose Lodge Rd,SB,2025-06-15,01:00:00,01:15:00,>44 to 46,0,,
Input_xlxs.xlsx,Input_xlxs,Moose Lodge Rd,SB,2025-06-15,01:00:00,01:15:00,>46 to 48,0,,
Input_xlxs.xlsx,Input_xlxs,Moose Lodge Rd,SB,2025-06-15,01:00:00,01:15:00,>48 to 50,2,,
Input_xlxs.xlsx,Input_xlxs,Moose Lodge Rd,SB,2025-06-15,01:00:00,01:15:00,>50 to 52,0,,
Input_xlxs.xlsx,Input_xlxs,Moose Lodge Rd,SB,2025-06-15,01:00:00,01:15:00,>52 to 54,0,,
Input_xlxs.xlsx,Input_xlxs,Moose Lodge Rd,SB,2025-06-15,01:00:00,01:15:00,>54 to 56,1,,
Input_xlxs.xlsx,Input_xlxs,Moose Lodge Rd,SB,2025-06-15,01:00:00,01:15:00,>56 to 58,0,,
Input_xlxs.xlsx,Input_xlxs,Moose Lodge Rd,SB,2025-06-15,01:00:00,01:15:00,>58 to 60,0,,
Input_xlxs.xlsx,Input_xlxs,Moose Lodge Rd,SB,2025-06-15,01:00:00,01:15:00,>60 to 62,1,,
Input_xlxs.xlsx,Input_xlxs,Moose Lodge Rd,SB,2025-06-15,01:00:00,01:15:00,> 62,0,,
Input_xlxs.xlsx,Input_xlxs,Moose Lodge Rd,SB,2025-06-15,02:00:00,02:15:00,0 to 40,1,,
Input_xlxs.xlsx,Input_xlxs,Moose Lodge Rd,SB,2025-06-15,02:00:00,02:15:00,>40 to 42,1,,
Input_xlxs.xlsx,Input_xlxs,Moose Lodge Rd,SB,2025-06-15,02:00:00,02:15:00,>42 to 44,0,,
Input_xlxs.xlsx,Input_xlxs,Moose Lodge Rd,SB,2025-06-15,02:00:00,02:15:00,>44 to 46,0,,
Input_xlxs.xlsx,Input_xlxs,Moose Lodge Rd,SB,2025-06-15,02:00:00,02:15:00,>46 to 48,1,,
Input_xlxs.xlsx,Input_xlxs,Moose Lodge Rd,SB,2025-06-15,02:00:00,02:15:00,>48 to 50,2,,
Input_xlxs.xlsx,Input_xlxs,Moose Lodge Rd,SB,2025-06-15,02:00:00,02:15:00,>50 to 52,1,,
Input_xlxs.xlsx,Input_xlxs,Moose Lodge Rd,SB,2025-06-15,02:00:00,02:15:00,>52 to 54,1,,
Input_xlxs.xlsx,Input_xlxs,Moose Lodge Rd,SB,2025-06-15,02:00:00,02:15:00,>54 to 56,1,,
Input_xlxs.xlsx,Input_xlxs,Moose Lodge Rd,SB,2025-06-15,02:00:00,02:15:00,>56 to 58,0,,
Input_xlxs.xlsx,Input_xlxs,Moose Lodge Rd,SB,2025-06-15,02:00:00,02:15:00,>58 to 60,0,,
Input_xlxs.xlsx,Input_xlxs,Moose Lodge Rd,SB,2025-06-15,02:00:00,02:15:00,>60 to 62,0,,
Input_xlxs.xlsx,Input_xlxs,Moose Lodge Rd,SB,2025-06-15,02:00:00,02:15:00,> 62,0,,
Input_xlxs.xlsx,Input_xlxs,Moose Lodge Rd,SB,2025-06-15,03:00:00,03:15:00,0 to 40,0,,
Input_xlxs.xlsx,Input_xlxs,Moose Lodge Rd,SB,2025-06-15,03:00:00,03:15:00,>40 to 42,0,,
Input_xlxs.xlsx,Input_xlxs,Moose Lodge Rd,SB,2025-06-15,03:00:00,03:15:00,>42 to 44,0,,
Input_xlxs.xlsx,Input_xlxs,Moose Lodge Rd,SB,2025-06-15,03:00:00,03:15:00,>44 to 46,1,,
Input_xlxs.xlsx,Input_xlxs,Moose Lodge Rd,SB,2025-06-15,03:00:00,03:15:00,>46 to 48,0,,
Input_xlxs.xlsx,Input_xlxs,Moose Lodge Rd,SB,2025-06-15,03:00:00,03:15:00,>48 to 50,0,,
Input_xlxs.xlsx,Input_xlxs,Moose Lodge Rd,SB,2025-06-15,03:00:00,03:15:00,>50 to 52,0,,
Input_xlxs.xlsx,Input_xlxs,Moose Lodge Rd,SB,2025-06-15,03:00:00,03:15:00,>52 to 54,0,,
Input_xlxs.xlsx,Input_xlxs,Moose Lodge Rd,SB,2025-06-15,03:00:00,03:15:00,>54 to 56,0,,
Input_xlxs.xlsx,Input_xlxs,Moose Lodge Rd,SB,2025-06-15,03:00:00,03:15:00,>56 to 58,0,,
Input_xlxs.xlsx,Input_xlxs,Moose Lodge Rd,SB,2025-06-15,03:00:00,03:15:00,>58 to 60,1,,
Input_xlxs.xlsx,Input_xlxs,Moose Lodge Rd,SB,2025-06-15,03:00:00,03:15:00,>60 to 62,0,,
Input_xlxs.xlsx,Input_xlxs,Moose Lodge Rd,SB,2025-06-15,03:00:00,03:15:00,> 62,0,,
Input_xlxs.xlsx,Input_xlxs,Moose Lodge Rd,SB,2025-06-15,04:00:00,04:15:00,0 to 40,0,,
Input_xlxs.xlsx,Input_xlxs,Moose Lodge Rd,SB,2025-06-15,04:00:00,04:15:00,>40 to 42,0,,
Input_xlxs.xlsx,Input_xlxs,Moose Lodge Rd,SB,2025-06-15,04:00:00,04:15:00,>42 to 44,1,,
Input_xlxs.xlsx,Input_xlxs,Moose Lodge Rd,SB,2025-06-15,04:00:00,04:15:00,>44 to 46,0,,
Input_xlxs.xlsx,Input_xlxs,Moose Lodge Rd,SB,2025-06-15,04:00:00,04:15:00,>46 to 48,0,,
Input_xlxs.xlsx,Input_xlxs,Moose Lodge Rd,SB,2025-06-15,04:00:00,04:15:00,>48 to 50,1,,
Input_xlxs.xlsx,Input_xlxs,Moose Lodge Rd,SB,2025-06-15,04:00:00,04:15:00,>50 to 52,0,,
Input_xlxs.xlsx,Input_xlxs,Moose Lodge Rd,SB,2025-06-15,04:00:00,04:15:00,>52 to 54,1,,
Input_xlxs.xlsx,Input_xlxs,Moose Lodge Rd,SB,2025-06-15,04:00:00,04:15:00,>54 to 56,0,,
Input_xlxs.xlsx,Input_xlxs,Moose Lodge Rd,SB,2025-06-15,04:00:00,04:15:00,>56 to 58,0,,
Input_xlxs.xlsx,Input_xlxs,Moose Lodge Rd,SB,2025-06-15,04:00:00,04:15:00,>58 to 60,0,,
Input_xlxs.xlsx,Input_xlxs,Moose Lodge Rd,SB,2025-06-15,04:00:00,04:15:00,>60 to 62,0,,
Input_xlxs.xlsx,Input_xlxs,Moose Lodge Rd,SB,2025-06-15,04:00:00,04:15:00,> 62,1,,
Input_xlxs.xlsx,Input_xlxs,Moose Lodge Rd,SB,2025-06-15,05:00:00,05:15:00,0 to 40,0,,
Input_xlxs.xlsx,Input_xlxs,Moose Lodge Rd,SB,2025-06-15,05:00:00,05:15:00,>40 to 42,0,,
Input_xlxs.xlsx,Input_xlxs,Moose Lodge Rd,SB,2025-06-15,05:00:00,05:15:00,>42 to 44,0,,
Input_xlxs.xlsx,Input_xlxs,Moose Lodge Rd,SB,2025-06-15,05:00:00,05:15:00,>44 to 46,0,,
Input_xlxs.xlsx,Input_xlxs,Moose Lodge Rd,SB,2025-06-15,05:00:00,05:15:00,>46 to 48,0,,
Input_xlxs.xlsx,Input_xlxs,Moose Lodge Rd,SB,2025-06-15,05:00:00,05:15:00,>48 to 50,0,,
Input_xlxs.xlsx,Input_xlxs,Moose Lodge Rd,SB,2025-06-15,05:00:00,05:15:00,>50 to 52,0,,
Input_xlxs.xlsx,Input_xlxs,Moose Lodge Rd,SB,2025-06-15,05:00:00,05:15:00,>52 to 54,0,,
Input_xlxs.xlsx,Input_xlxs,Moose Lodge Rd,SB,2025-06-15,05:00:00,05:15:00,>54 to 56,0,,
Input_xlxs.xlsx,Input_xlxs,Moose Lodge Rd,SB,2025-06-15,05:00:00,05:15:00,>56 to 58,0,,
Input_xlxs.xlsx,Input_xlxs,Moose Lodge Rd,SB,2025-06-15,05:00:00,05:15:00,>58 to 60,0,,
Input_xlxs.xlsx,Input_xlxs,Moose Lodge Rd,SB,2025-06-15,05:00:00,05:15:00,>60 to 62,0,,
Input_xlxs.xlsx,Input_xlxs,Moose Lodge Rd,SB,2025-06-15,05:00:00,05:15:00,> 62,0,,
Input_xlxs.xlsx,Input_xlxs,Moose Lodge Rd,SB,2025-06-15,06:00:00,06:15:00,0 to 40,0,,
Input_xlxs.xlsx,Input_xlxs,Moose Lodge Rd,SB,2025-06-15,06:00:00,06:15:00,>40 to 42,1,,
Input_xlxs.xlsx,Input_xlxs,Moose Lodge Rd,SB,2025-06-15,06:00:00,06:15:00,>42 to 44,0,,
Input_xlxs.xlsx,Input_xlxs,Moose Lodge Rd,SB,2025-06-15,06:00:00,06:15:00,>44 to 46,0,,
Input_xlxs.xlsx,Input_xlxs,Moose Lodge Rd,SB,2025-06-15,06:00:00,06:15:00,>46 to 48,0,,
Input_xlxs.xlsx,Input_xlxs,Moose Lodge Rd,SB,2025-06-15,06:00:00,06:15:00,>48 to 50,0,,
Input_xlxs.xlsx,Input_xlxs,Moose Lodge Rd,SB,2025-06-15,06:00:00,06:15:00,>50 to 52,0,,
Input_xlxs.xlsx,Input_xlxs,Moose Lodge Rd,SB,2025-06-15,06:00:00,06:15:00,>52 to 54,2,,
Input_xlxs.xlsx,Input_xlxs,Moose Lodge Rd,SB,2025-06-15,06:00:00,06:15:00,>54 to 56,0,,
Input_xlxs.xlsx,Input_xlxs,Moose Lodge Rd,SB,2025-06-15,06:00:00,06:15:00,>56 to 58,1,,
Input_xlxs.xlsx,Input_xlxs,Moose Lodge Rd,SB,2025-06-15,06:00:00,06:15:00,>58 to 60,2,,
Input_xlxs.xlsx,Input_xlxs,Moose Lodge Rd,SB,2025-06-15,06:00:00,06:15:00,>60 to 62,0,,
Input_xlxs.xlsx,Input_xlxs,Moose Lodge Rd,SB,2025-06-15,06:00:00,06:15:00,> 62,1,,
Input_xlxs.xlsx,Input_xlxs,Moose Lodge Rd,SB,2025-06-15,07:00:00,07:15:00,0 to 40,0,,
Input_xlxs.xlsx,Input_xlxs,Moose Lodge Rd,SB,2025-06-15,07:00:00,07:15:00,>40 to 42,0,,
Input_xlxs.xlsx,Input_xlxs,Moose Lodge Rd,SB,2025-06-15,07:00:00,07:15:00,>42 to 44,0,,
Input_xlxs.xlsx,Input_xlxs,Moose Lodge Rd,SB,2025-06-15,07:00:00,07:15:00,>44 to 46,0,,
Input_xlxs.xlsx,Input_xlxs,Moose Lodge Rd,SB,2025-06-15,07:00:00,07:15:00,>46 to 48,2,,
Input_xlxs.xlsx,Input_xlxs,Moose Lodge Rd,SB,2025-06-15,07:00:00,07:15:00,>48 to 50,1,,
Input_xlxs.xlsx,Input_xlxs,Moose Lodge Rd,SB,2025-06-15,07:00:00,07:15:00,>50 to 52,1,,
Input_xlxs.xlsx,Input_xlxs,Moose Lodge Rd,SB,2025-06-15,07:00:00,07:15:00,>52 to 54,0,,
Input_xlxs.xlsx,Input_xlxs,Moose Lodge Rd,SB,2025-06-15,07:00:00,07:15:00,>54 to 56,3,,
Input_xlxs.xlsx,Input_xlxs,Moose Lodge Rd,SB,2025-06-15,07:00:00,07:15:00,>56 to 58,2,,
Input_xlxs.xlsx,Input_xlxs,Moose Lodge Rd,SB,2025-06-15,07:00:00,07:15:00,>58 to 60,1,,
Input_xlxs.xlsx,Input_xlxs,Moose Lodge Rd,SB,2025-06-15,07:00:00,07:15:00,>60 to 62,1,,
Input_xlxs.xlsx,Input_xlxs,Moose Lodge Rd,SB,2025-06-15,07:00:00,07:15:00,> 62,4,,
Input_xlxs.xlsx,Input_xlxs,Moose Lodge Rd,SB,2025-06-15,08:00:00,08:15:00,0 to 40,1,,
Input_xlxs.xlsx,Input_xlxs,Moose Lodge Rd,SB,2025-06-15,08:00:00,08:15:00,>40 to 42,1,,
Input_xlxs.xlsx,Input_xlxs,Moose Lodge Rd,SB,2025-06-15,08:00:00,08:15:00,>42 to 44,0,,
Input_xlxs.xlsx,Input_xlxs,Moose Lodge Rd,SB,2025-06-15,08:00:00,08:15:00,>44 to 46,0,,
Input_xlxs.xlsx,Input_xlxs,Moose Lodge Rd,SB,2025-06-15,08:00:00,08:15:00,>46 to 48,0,,
Input_xlxs.xlsx,Input_xlxs,Moose Lodge Rd,SB,2025-06-15,08:00:00,08:15:00,>48 to 50,1,,
Input_xlxs.xlsx,Input_xlxs,Moose Lodge Rd,SB,2025-06-15,08:00:00,08:15:00,>50 to 52,5,,
Input_xlxs.xlsx,Input_xlxs,Moose Lodge Rd,SB,2025-06-15,08:00:00,08:15:00,>52 to 54,3,,
Input_xlxs.xlsx,Input_xlxs,Moose Lodge Rd,SB,2025-06-15,08:00:00,08:15:00,>54 to 56,1,,
Input_xlxs.xlsx,Input_xlxs,Moose Lodge Rd,SB,2025-06-15,08:00:00,08:15:00,>56 to 58,4,,
Input_xlxs.xlsx,Input_xlxs,Moose Lodge Rd,SB,2025-06-15,08:00:00,08:15:00,>58 to 60,3,,
Input_xlxs.xlsx,Input_xlxs,Moose Lodge Rd,SB,2025-06-15,08:00:00,08:15:00,>60 to 62,2,,
Input_xlxs.xlsx,Input_xlxs,Moose Lodge Rd,SB,2025-06-15,08:00:00,08:15:00,> 62,3,,
Input_xlxs.xlsx,Input_xlxs,Moose Lodge Rd,SB,2025-06-15,09:00:00,09:15:00,0 to 40,1,,
Input_xlxs.xlsx,Input_xlxs,Moose Lodge Rd,SB,2025-06-15,09:00:00,09:15:00,>40 to 42,0,,
Input_xlxs.xlsx,Input_xlxs,Moose Lodge Rd,SB,2025-06-15,09:00:00,09:15:00,>42 to 44,2,,
Input_xlxs.xlsx,Input_xlxs,Moose Lodge Rd,SB,2025-06-15,09:00:00,09:15:00,>44 to 46,3,,
Input_xlxs.xlsx,Input_xlxs,Moose Lodge Rd,SB,2025-06-15,09:00:00,09:15:00,>46 to 48,3,,
Input_xlxs.xlsx,Input_xlxs,Moose Lodge Rd,SB,2025-06-15,09:00:00,09:15:00,>48 to 50,4,,
Input_xlxs.xlsx,Input_xlxs,Moose Lodge Rd,SB,2025-06-15,09:00:00,09:15:00,>50 to 52,3,,
Input_xlxs.xlsx,Input_xlxs,Moose Lodge Rd,SB,2025-06-15,09:00:00,09:15:00,>52 to 54,6,,
Input_xlxs.xlsx,Input_xlxs,Moose Lodge Rd,SB,2025-06-15,09:00:00,09:15:00,>54 to 56,9,,
Input_xlxs.xlsx,Input_xlxs,Moose Lodge Rd,SB,2025-06-15,09:00:00,09:15:00,>56 to 58,3,,
Input_xlxs.xlsx,Input_xlxs,Moose Lodge Rd,SB,2025-06-15,09:00:00,09:15:00,>58 to 60,4,,
Input_xlxs.xlsx,Input_xlxs,Moose Lodge Rd,SB,2025-06-15,09:00:00,09:15:00,>60 to 62,4,,
Input_xlxs.xlsx,Input_xlxs,Moose Lodge Rd,SB,2025-06-15,09:00:00,09:15:00,> 62,6,,
Input_xlxs.xlsx,Input_xlxs,Moose Lodge Rd,SB,2025-06-15,10:00:00,10:15:00,0 to 40,0,,
Input_xlxs.xlsx,Input_xlxs,Moose Lodge Rd,SB,2025-06-15,10:00:00,10:15:00,>40 to 42,1,,
Input_xlxs.xlsx,Input_xlxs,Moose Lodge Rd,SB,2025-06-15,10:00:00,10:15:00,>42 to 44,0,,
Input_xlxs.xlsx,Input_xlxs,Moose Lodge Rd,SB,2025-06-15,10:00:00,10:15:00,>44 to 46,2,,
Input_xlxs.xlsx,Input_xlxs,Moose Lodge Rd,SB,2025-06-15,10:00:00,10:15:00,>46 to 48,6,,
Input_xlxs.xlsx,Input_xlxs,Moose Lodge Rd,SB,2025-06-15,10:00:00,10:15:00,>48 to 50,5,,
Input_xlxs.xlsx,Input_xlxs,Moose Lodge Rd,SB,2025-06-15,10:00:00,10:15:00,>50 to 52,11,,
Input_xlxs.xlsx,Input_xlxs,Moose Lodge Rd,SB,2025-06-15,10:00:00,10:15:00,>52 to 54,9,,
Input_xlxs.xlsx,Input_xlxs,Moose Lodge Rd,SB,2025-06-15,10:00:00,10:15:00,>54 to 56,9,,
Input_xlxs.xlsx,Input_xlxs,Moose Lodge Rd,SB,2025-06-15,10:00:00,10:15:00,>56 to 58,9,,
Input_xlxs.xlsx,Input_xlxs,Moose Lodge Rd,SB,2025-06-15,10:00:00,10:15:00,>58 to 60,7,,
Input_xlxs.xlsx,Input_xlxs,Moose Lodge Rd,SB,2025-06-15,10:00:00,10:15:00,>60 to 62,4,,
Input_xlxs.xlsx,Input_xlxs,Moose Lodge Rd,SB,2025-06-15,10:00:00,10:15:00,> 62,5,,
Input_xlxs.xlsx,Input_xlxs,Moose Lodge Rd,SB,2025-06-15,11:00:00,11:15:00,0 to 40,0,,
Input_xlxs.xlsx,Input_xlxs,Moose Lodge Rd,SB,2025-06-15,11:00:00,11:15:00,>40 to 42,1,,
Input_xlxs.xlsx,Input_xlxs,Moose Lodge Rd,SB,2025-06-15,11:00:00,11:15:00,>42 to 44,2,,
Input_xlxs.xlsx,Input_xlxs,Moose Lodge Rd,SB,2025-06-15,11:00:00,11:15:00,>44 to 46,6,,
Input_xlxs.xlsx,Input_xlxs,Moose Lodge Rd,SB,2025-06-15,11:00:00,11:15:00,>46 to 48,5,,
Input_xlxs.xlsx,Input_xlxs,Moose Lodge Rd,SB,2025-06-15,11:00:00,11:15:00,>48 to 50,10,,
Input_xlxs.xlsx,Input_xlxs,Moose Lodge Rd,SB,2025-06-15,11:00:00,11:15:00,>50 to 52,9,,
Input_xlxs.xlsx,Input_xlxs,Moose Lodge Rd,SB,2025-06-15,11:00:00,11:15:00,>52 to 54,10,,
Input_xlxs.xlsx,Input_xlxs,Moose Lodge Rd,SB,2025-06-15,11:00:00,11:15:00,>54 to 56,5,,
Input_xlxs.xlsx,Input_xlxs,Moose Lodge Rd,SB,2025-06-15,11:00:00,11:15:00,>56 to 58,4,,
Input_xlxs.xlsx,Input_xlxs,Moose Lodge Rd,SB,2025-06-15,11:00:00,11:15:00,>58 to 60,4,,
Input_xlxs.xlsx,Input_xlxs,Moose Lodge Rd,SB,2025-06-15,11:00:00,11:15:00,>60 to 62,6,,
Input_xlxs.xlsx,Input_xlxs,Moose Lodge Rd,SB,2025-06-15,11:00:00,11:15:00,> 62,3,,
Input_xlxs.xlsx,Input_xlxs,Moose Lodge Rd,SB,2025-06-15,12:00:00,12:15:00,0 to 40,2,,
Input_xlxs.xlsx,Input_xlxs,Moose Lodge Rd,SB,2025-06-15,12:00:00,12:15:00,>40 to 42,0,,
Input_xlxs.xlsx,Input_xlxs,Moose Lodge Rd,SB,2025-06-15,12:00:00,12:15:00,>42 to 44,1,,
Input_xlxs.xlsx,Input_xlxs,Moose Lodge Rd,SB,2025-06-15,12:00:00,12:15:00,>44 to 46,7,,
Input_xlxs.xlsx,Input_xlxs,Moose Lodge Rd,SB,2025-06-15,12:00:00,12:15:00,>46 to 48,7,,
Input_xlxs.xlsx,Input_xlxs,Moose Lodge Rd,SB,2025-06-15,12:00:00,12:15:00,>48 to 50,8,,
Input_xlxs.xlsx,Input_xlxs,Moose Lodge Rd,SB,2025-06-15,12:00:00,12:15:00,>50 to 52,6,,
Input_xlxs.xlsx,Input_xlxs,Moose Lodge Rd,SB,2025-06-15,12:00:00,12:15:00,>52 to 54,8,,
Input_xlxs.xlsx,Input_xlxs,Moose Lodge Rd,SB,2025-06-15,12:00:00,12:15:00,>54 to 56,8,,
Input_xlxs.xlsx,Input_xlxs,Moose Lodge Rd,SB,2025-06-15,12:00:00,12:15:00,>56 to 58,10,,
Input_xlxs.xlsx,Input_xlxs,Moose Lodge Rd,SB,2025-06-15,12:00:00,12:15:00,>58 to 60,3,,
Input_xlxs.xlsx,Input_xlxs,Moose Lodge Rd,SB,2025-06-15,12:00:00,12:15:00,>60 to 62,5,,
Input_xlxs.xlsx,Input_xlxs,Moose Lodge Rd,SB,2025-06-15,12:00:00,12:15:00,> 62,11,,
Input_xlxs.xlsx,Input_xlxs,Moose Lodge Rd,SB,2025-06-15,13:00:00,13:15:00,0 to 40,1,,
Input_xlxs.xlsx,Input_xlxs,Moose Lodge Rd,SB,2025-06-15,13:00:00,13:15:00,>40 to 42,0,,
Input_xlxs.xlsx,Input_xlxs,Moose Lodge Rd,SB,2025-06-15,13:00:00,13:15:00,>42 to 44,4,,
Input_xlxs.xlsx,Input_xlxs,Moose Lodge Rd,SB,2025-06-15,13:00:00,13:15:00,>44 to 46,3,,
Input_xlxs.xlsx,Input_xlxs,Moose Lodge Rd,SB,2025-06-15,13:00:00,13:15:00,>46 to 48,7,,
Input_xlxs.xlsx,Input_xlxs,Moose Lodge Rd,SB,2025-06-15,13:00:00,13:15:00,>48 to 50,11,,
Input_xlxs.xlsx,Input_xlxs,Moose Lodge Rd,SB,2025-06-15,13:00:00,13:15:00,>50 to 52,10,,
Input_xlxs.xlsx,Input_xlxs,Moose Lodge Rd,SB,2025-06-15,13:00:00,13:15:00,>52 to 54,7,,
Input_xlxs.xlsx,Input_xlxs,Moose Lodge Rd,SB,2025-06-15,13:00:00,13:15:00,>54 to 56,12,,
Input_xlxs.xlsx,Input_xlxs,Moose Lodge Rd,SB,2025-06-15,13:00:00,13:15:00,>56 to 58,11,,
Input_xlxs.xlsx,Input_xlxs,Moose Lodge Rd,SB,2025-06-15,13:00:00,13:15:00,>58 to 60,10,,
Input_xlxs.xlsx,Input_xlxs,Moose Lodge Rd,SB,2025-06-15,13:00:00,13:15:00,>60 to 62,6,,
Input_xlxs.xlsx,Input_xlxs,Moose Lodge Rd,SB,2025-06-15,13:00:00,13:15:00,> 62,18,,
Input_xlxs.xlsx,Input_xlxs,Moose Lodge Rd,SB,2025-06-15,14:00:00,14:15:00,0 to 40,3,,
Input_xlxs.xlsx,Input_xlxs,Moose Lodge Rd,SB,2025-06-15,14:00:00,14:15:00,>40 to 42,3,,
Input_xlxs.xlsx,Input_xlxs,Moose Lodge Rd,SB,2025-06-15,14:00:00,14:15:00,>42 to 44,4,,
Input_xlxs.xlsx,Input_xlxs,Moose Lodge Rd,SB,2025-06-15,14:00:00,14:15:00,>44 to 46,6,,
Input_xlxs.xlsx,Input_xlxs,Moose Lodge Rd,SB,2025-06-15,14:00:00,14:15:00,>46 to 48,5,,
Input_xlxs.xlsx,Input_xlxs,Moose Lodge Rd,SB,2025-06-15,14:00:00,14:15:00,>48 to 50,5,,
Input_xlxs.xlsx,Input_xlxs,Moose Lodge Rd,SB,2025-06-15,14:00:00,14:15:00,>50 to 52,14,,
Input_xlxs.xlsx,Input_xlxs,Moose Lodge Rd,SB,2025-06-15,14:00:00,14:15:00,>52 to 54,10,,
Input_xlxs.xlsx,Input_xlxs,Moose Lodge Rd,SB,2025-06-15,14:00:00,14:15:00,>54 to 56,11,,
Input_xlxs.xlsx,Input_xlxs,Moose Lodge Rd,SB,2025-06-15,14:00:00,14:15:00,>56 to 58,13,,
Input_xlxs.xlsx,Input_xlxs,Moose Lodge Rd,SB,2025-06-15,14:00:00,14:15:00,>58 to 60,3,,
Input_xlxs.xlsx,Input_xlxs,Moose Lodge Rd,SB,2025-06-15,14:00:00,14:15:00,>60 to 62,8,,
Input_xlxs.xlsx,Input_xlxs,Moose Lodge Rd,SB,2025-06-15,14:00:00,14:15:00,> 62,9,,
Input_xlxs.xlsx,Input_xlxs,Moose Lodge Rd,SB,2025-06-15,15:00:00,15:15:00,0 to 40,0,,
Input_xlxs.xlsx,Input_xlxs,Moose Lodge Rd,SB,2025-06-15,15:00:00,15:15:00,>40 to 42,2,,
Input_xlxs.xlsx,Input_xlxs,Moose Lodge Rd,SB,2025-06-15,15:00:00,15:15:00,>42 to 44,2,,
Input_xlxs.xlsx,Input_xlxs,Moose Lodge Rd,SB,2025-06-15,15:00:00,15:15:00,>44 to 46,2,,
Input_xlxs.xlsx,Input_xlxs,Moose Lodge Rd,SB,2025-06-15,15:00:00,15:15:00,>46 to 48,6,,
Input_xlxs.xlsx,Input_xlxs,Moose Lodge Rd,SB,2025-06-15,15:00:00,15:15:00,>48 to 50,10,,
Input_xlxs.xlsx,Input_xlxs,Moose Lodge Rd,SB,2025-06-15,15:00:00,15:15:00,>50 to 52,9,,
Input_xlxs.xlsx,Input_xlxs,Moose Lodge Rd,SB,2025-06-15,15:00:00,15:15:00,>52 to 54,10,,
Input_xlxs.xlsx,Input_xlxs,Moose Lodge Rd,SB,2025-06-15,15:00:00,15:15:00,>54 to 56,22,,
Input_xlxs.xlsx,Input_xlxs,Moose Lodge Rd,SB,2025-06-15,15:00:00,15:15:00,>56 to 58,21,,
Input_xlxs.xlsx,Input_xlxs,Moose Lodge Rd,SB,2025-06-15,15:00:00,15:15:00,>58 to 60,12,,
Input_xlxs.xlsx,Input_xlxs,Moose Lodge Rd,SB,2025-06-15,15:00:00,15:15:00,>60 to 62,6,,
Input_xlxs.xlsx,Input_xlxs,Moose Lodge Rd,SB,2025-06-15,15:00:00,15:15:00,> 62,4,,
Input_xlxs.xlsx,Input_xlxs,Moose Lodge Rd,SB,2025-06-15,16:00:00,16:15:00,0 to 40,5,,
Input_xlxs.xlsx,Input_xlxs,Moose Lodge Rd,SB,2025-06-15,16:00:00,16:15:00,>40 to 42,0,,
Input_xlxs.xlsx,Input_xlxs,Moose Lodge Rd,SB,2025-06-15,16:00:00,16:15:00,>42 to 44,1,,
Input_xlxs.xlsx,Input_xlxs,Moose Lodge Rd,SB,2025-06-15,16:00:00,16:15:00,>44 to 46,7,,
Input_xlxs.xlsx,Input_xlxs,Moose Lodge Rd,SB,2025-06-15,16:00:00,16:15:00,>46 to 48,6,,
Input_xlxs.xlsx,Input_xlxs,Moose Lodge Rd,SB,2025-06-15,16:00:00,16:15:00,>48 to 50,4,,
Input_xlxs.xlsx,Input_xlxs,Moose Lodge Rd,SB,2025-06-15,16:00:00,16:15:00,>50 to 52,7,,
Input_xlxs.xlsx,Input_xlxs,Moose Lodge Rd,SB,2025-06-15,16:00:00,16:15:00,>52 to 54,5,,
Input_xlxs.xlsx,Input_xlxs,Moose Lodge Rd,SB,2025-06-15,16:00:00,16:15:00,>54 to 56,10,,
Input_xlxs.xlsx,Input_xlxs,Moose Lodge Rd,SB,2025-06-15,16:00:00,16:15:00,>56 to 58,14,,
Input_xlxs.xlsx,Input_xlxs,Moose Lodge Rd,SB,2025-06-15,16:00:00,16:15:00,>58 to 60,6,,
Input_xlxs.xlsx,Input_xlxs,Moose Lodge Rd,SB,2025-06-15,16:00:00,16:15:00,>60 to 62,8,,
Input_xlxs.xlsx,Input_xlxs,Moose Lodge Rd,SB,2025-06-15,16:00:00,16:15:00,> 62,8,,
Input_xlxs.xlsx,Input_xlxs,Moose Lodge Rd,SB,2025-06-15,17:00:00,17:15:00,0 to 40,1,,
Input_xlxs.xlsx,Input_xlxs,Moose Lodge Rd,SB,2025-06-15,17:00:00,17:15:00,>40 to 42,1,,
Input_xlxs.xlsx,Input_xlxs,Moose Lodge Rd,SB,2025-06-15,17:00:00,17:15:00,>42 to 44,1,,
Input_xlxs.xlsx,Input_xlxs,Moose Lodge Rd,SB,2025-06-15,17:00:00,17:15:00,>44 to 46,0,,
Input_xlxs.xlsx,Input_xlxs,Moose Lodge Rd,SB,2025-06-15,17:00:00,17:15:00,>46 to 48,3,,
Input_xlxs.xlsx,Input_xlxs,Moose Lodge Rd,SB,2025-06-15,17:00:00,17:15:00,>48 to 50,11,,
Input_xlxs.xlsx,Input_xlxs,Moose Lodge Rd,SB,2025-06-15,17:00:00,17:15:00,>50 to 52,5,,
Input_xlxs.xlsx,Input_xlxs,Moose Lodge Rd,SB,2025-06-15,17:00:00,17:15:00,>52 to 54,7,,
Input_xlxs.xlsx,Input_xlxs,Moose Lodge Rd,SB,2025-06-15,17:00:00,17:15:00,>54 to 56,8,,
Input_xlxs.xlsx,Input_xlxs,Moose Lodge Rd,SB,2025-06-15,17:00:00,17:15:00,>56 to 58,6,,
Input_xlxs.xlsx,Input_xlxs,Moose Lodge Rd,SB,2025-06-15,17:00:00,17:15:00,>58 to 60,7,,
Input_xlxs.xlsx,Input_xlxs,Moose Lodge Rd,SB,2025-06-15,17:00:00,17:15:00,>60 to 62,3,,
Input_xlxs.xlsx,Input_xlxs,Moose Lodge Rd,SB,2025-06-15,17:00:00,17:15:00,> 62,9,,
Input_xlxs.xlsx,Input_xlxs,Moose Lodge Rd,SB,2025-06-15,18:00:00,18:15:00,0 to 40,0,,
Input_xlxs.xlsx,Input_xlxs,Moose Lodge Rd,SB,2025-06-15,18:00:00,18:15:00,>40 to 42,1,,
Input_xlxs.xlsx,Input_xlxs,Moose Lodge Rd,SB,2025-06-15,18:00:00,18:15:00,>42 to 44,0,,
Input_xlxs.xlsx,Input_xlxs,Moose Lodge Rd,SB,2025-06-15,18:00:00,18:15:00,>44 to 46,2,,
Input_xlxs.xlsx,Input_xlxs,Moose Lodge Rd,SB,2025-06-15,18:00:00,18:15:00,>46 to 48,4,,
Input_xlxs.xlsx,Input_xlxs,Moose Lodge Rd,SB,2025-06-15,18:00:00,18:15:00,>48 to 50,10,,
Input_xlxs.xlsx,Input_xlxs,Moose Lodge Rd,SB,2025-06-15,18:00:00,18:15:00,>50 to 52,7,,
Input_xlxs.xlsx,Input_xlxs,Moose Lodge Rd,SB,2025-06-15,18:00:00,18:15:00,>52 to 54,8,,
Input_xlxs.xlsx,Input_xlxs,Moose Lodge Rd,SB,2025-06-15,18:00:00,18:15:00,>54 to 56,9,,
Input_xlxs.xlsx,Input_xlxs,Moose Lodge Rd,SB,2025-06-15,18:00:00,18:15:00,>56 to 58,7,,
Input_xlxs.xlsx,Input_xlxs,Moose Lodge Rd,SB,2025-06-15,18:00:00,18:15:00,>58 to 60,8,,
Input_xlxs.xlsx,Input_xlxs,Moose Lodge Rd,SB,2025-06-15,18:00:00,18:15:00,>60 to 62,4,,
Input_xlxs.xlsx,Input_xlxs,Moose Lodge Rd,SB,2025-06-15,18:00:00,18:15:00,> 62,7,,
Input_xlxs.xlsx,Input_xlxs,Moose Lodge Rd,SB,2025-06-15,19:00:00,19:15:00,0 to 40,1,,
Input_xlxs.xlsx,Input_xlxs,Moose Lodge Rd,SB,2025-06-15,19:00:00,19:15:00,>40 to 42,0,,
Input_xlxs.xlsx,Input_xlxs,Moose Lodge Rd,SB,2025-06-15,19:00:00,19:15:00,>42 to 44,5,,
Input_xlxs.xlsx,Input_xlxs,Moose Lodge Rd,SB,2025-06-15,19:00:00,19:15:00,>44 to 46,5,,
Input_xlxs.xlsx,Input_xlxs,Moose Lodge Rd,SB,2025-06-15,19:00:00,19:15:00,>46 to 48,3,,
Input_xlxs.xlsx,Input_xlxs,Moose Lodge Rd,SB,2025-06-15,19:00:00,19:15:00,>48 to 50,11,,
Input_xlxs.xlsx,Input_xlxs,Moose Lodge Rd,SB,2025-06-15,19:00:00,19:15:00,>50 to 52,5,,
Input_xlxs.xlsx,Input_xlxs,Moose Lodge Rd,SB,2025-06-15,19:00:00,19:15:00,>52 to 54,8,,
Input_xlxs.xlsx,Input_xlxs,Moose Lodge Rd,SB,2025-06-15,19:00:00,19:15:00,>54 to 56,11,,
Input_xlxs.xlsx,Input_xlxs,Moose Lodge Rd,SB,2025-06-15,19:00:00,19:15:00,>56 to 58,8,,
Input_xlxs.xlsx,Input_xlxs,Moose Lodge Rd,SB,2025-06-15,19:00:00,19:15:00,>58 to 60,6,,
Input_xlxs.xlsx,Input_xlxs,Moose Lodge Rd,SB,2025-06-15,19:00:00,19:15:00,>60 to 62,1,,
Input_xlxs.xlsx,Input_xlxs,Moose Lodge Rd,SB,2025-06-15,19:00:00,19:15:00,> 62,7,,
Input_xlxs.xlsx,Input_xlxs,Moose Lodge Rd,SB,2025-06-15,20:00:00,20:15:00,0 to 40,2,,
Input_xlxs.xlsx,Input_xlxs,Moose Lodge Rd,SB,2025-06-15,20:00:00,20:15:00,>40 to 42,0,,
Input_xlxs.xlsx,Input_xlxs,Moose Lodge Rd,SB,2025-06-15,20:00:00,20:15:00,>42 to 44,0,,
Input_xlxs.xlsx,Input_xlxs,Moose Lodge Rd,SB,2025-06-15,20:00:00,20:15:00,>44 to 46,8,,
Input_xlxs.xlsx,Input_xlxs,Moose Lodge Rd,SB,2025-06-15,20:00:00,20:15:00,>46 to 48,3,,
Input_xlxs.xlsx,Input_xlxs,Moose Lodge Rd,SB,2025-06-15,20:00:00,20:15:00,>48 to 50,3,,
Input_xlxs.xlsx,Input_xlxs,Moose Lodge Rd,SB,2025-06-15,20:00:00,20:15:00,>50 to 52,5,,
Input_xlxs.xlsx,Input_xlxs,Moose Lodge Rd,SB,2025-06-15,20:00:00,20:15:00,>52 to 54,6,,
Input_xlxs.xlsx,Input_xlxs,Moose Lodge Rd,SB,2025-06-15,20:00:00,20:15:00,>54 to 56,2,,
Input_xlxs.xlsx,Input_xlxs,Moose Lodge Rd,SB,2025-06-15,20:00:00,20:15:00,>56 to 58,4,,
Input_xlxs.xlsx,Input_xlxs,Moose Lodge Rd,SB,2025-06-15,20:00:00,20:15:00,>58 to 60,2,,
Input_xlxs.xlsx,Input_xlxs,Moose Lodge Rd,SB,2025-06-15,20:00:00,20:15:00,>60 to 62,3,,
Input_xlxs.xlsx,Input_xlxs,Moose Lodge Rd,SB,2025-06-15,20:00:00,20:15:00,> 62,3,,
Input_xlxs.xlsx,Input_xlxs,Moose Lodge Rd,SB,2025-06-15,21:00:00,21:15:00,0 to 40,1,,
Input_xlxs.xlsx,Input_xlxs,Moose Lodge Rd,SB,2025-06-15,21:00:00,21:15:00,>40 to 42,1,,
Input_xlxs.xlsx,Input_xlxs,Moose Lodge Rd,SB,2025-06-15,21:00:00,21:15:00,>42 to 44,2,,
Input_xlxs.xlsx,Input_xlxs,Moose Lodge Rd,SB,2025-06-15,21:00:00,21:15:00,>44 to 46,0,,
Input_xlxs.xlsx,Input_xlxs,Moose Lodge Rd,SB,2025-06-15,21:00:00,21:15:00,>46 to 48,2,,
Input_xlxs.xlsx,Input_xlxs,Moose Lodge Rd,SB,2025-06-15,21:00:00,21:15:00,>48 to 50,3,,
Input_xlxs.xlsx,Input_xlxs,Moose Lodge Rd,SB,2025-06-15,21:00:00,21:15:00,>50 to 52,7,,
Input_xlxs.xlsx,Input_xlxs,Moose Lodge Rd,SB,2025-06-15,21:00:00,21:15:00,>52 to 54,2,,
Input_xlxs.xlsx,Input_xlxs,Moose Lodge Rd,SB,2025-06-15,21:00:00,21:15:00,>54 to 56,3,,
Input_xlxs.xlsx,Input_xlxs,Moose Lodge Rd,SB,2025-06-15,21:00:00,21:15:00,>56 to 58,1,,
Input_xlxs.xlsx,Input_xlxs,Moose Lodge Rd,SB,2025-06-15,21:00:00,21:15:00,>58 to 60,1,,
Input_xlxs.xlsx,Input_xlxs,Moose Lodge Rd,SB,2025-06-15,21:00:00,21:15:00,>60 to 62,0,,
Input_xlxs.xlsx,Input_xlxs,Moose Lodge Rd,SB,2025-06-15,21:00:00,21:15:00,> 62,6,,
Input_xlxs.xlsx,Input_xlxs,Moose Lodge Rd,SB,2025-06-15,22:00:00,22:15:00,0 to 40,0,,
Input_xlxs.xlsx,Input_xlxs,Moose Lodge Rd,SB,2025-06-15,22:00:00,22:15:00,>40 to 42,1,,
Input_xlxs.xlsx,Input_xlxs,Moose Lodge Rd,SB,2025-06-15,22:00:00,22:15:00,>42 to 44,0,,
Input_xlxs.xlsx,Input_xlxs,Moose Lodge Rd,SB,2025-06-15,22:00:00,22:15:00,>44 to 46,0,,
Input_xlxs.xlsx,Input_xlxs,Moose Lodge Rd,SB,2025-06-15,22:00:00,22:15:00,>46 to 48,1,,
Input_xlxs.xlsx,Input_xlxs,Moose Lodge Rd,SB,2025-06-15,22:00:00,22:15:00,>48 to 50,1,,
Input_xlxs.xlsx,Input_xlxs,Moose Lodge Rd,SB,2025-06-15,22:00:00,22:15:00,>50 to 52,2,,
Input_xlxs.xlsx,Input_xlxs,Moose Lodge Rd,SB,2025-06-15,22:00:00,22:15:00,>52 to 54,4,,
Input_xlxs.xlsx,Input_xlxs,Moose Lodge Rd,SB,2025-06-15,22:00:00,22:15:00,>54 to 56,1,,
Input_xlxs.xlsx,Input_xlxs,Moose Lodge Rd,SB,2025-06-15,22:00:00,22:15:00,>56 to 58,2,,
Input_xlxs.xlsx,Input_xlxs,Moose Lodge Rd,SB,2025-06-15,22:00:00,22:15:00,>58 to 60,1,,
Input_xlxs.xlsx,Input_xlxs,Moose Lodge Rd,SB,2025-06-15,22:00:00,22:15:00,>60 to 62,3,,
Input_xlxs.xlsx,Input_xlxs,Moose Lodge Rd,SB,2025-06-15,22:00:00,22:15:00,> 62,1,,
Input_xlxs.xlsx,Input_xlxs,Moose Lodge Rd,SB,2025-06-15,23:00:00,23:15:00,0 to 40,2,,
Input_xlxs.xlsx,Input_xlxs,Moose Lodge Rd,SB,2025-06-15,23:00:00,23:15:00,>40 to 42,0,,
Input_xlxs.xlsx,Input_xlxs,Moose Lodge Rd,SB,2025-06-15,23:00:00,23:15:00,>42 to 44,1,,
Input_xlxs.xlsx,Input_xlxs,Moose Lodge Rd,SB,2025-06-15,23:00:00,23:15:00,>44 to 46,2,,
Input_xlxs.xlsx,Input_xlxs,Moose Lodge Rd,SB,2025-06-15,23:00:00,23:15:00,>46 to 48,0,,
Input_xlxs.xlsx,Input_xlxs,Moose Lodge Rd,SB,2025-06-15,23:00:00,23:15:00,>48 to 50,0,,
Input_xlxs.xlsx,Input_xlxs,Moose Lodge Rd,SB,2025-06-15,23:00:00,23:15:00,>50 to 52,1,,
Input_xlxs.xlsx,Input_xlxs,Moose Lodge Rd,SB,2025-06-15,23:00:00,23:15:00,>52 to 54,0,,
Input_xlxs.xlsx,Input_xlxs,Moose Lodge Rd,SB,2025-06-15,23:00:00,23:15:00,>54 to 56,0,,
Input_xlxs.xlsx,Input_xlxs,Moose Lodge Rd,SB,2025-06-15,23:00:00,23:15:00,>56 to 58,1,,
Input_xlxs.xlsx,Input_xlxs,Moose Lodge Rd,SB,2025-06-15,23:00:00,23:15:00,>58 to 60,4,,
Input_xlxs.xlsx,Input_xlxs,Moose Lodge Rd,SB,2025-06-15,23:00:00,23:15:00,>60 to 62,1,,
Input_xlxs.xlsx,Input_xlxs,Moose Lodge Rd,SB,2025-06-15,23:00:00,23:15:00,> 62,0,,
Input_xlxs.xlsx,Input_xlxs,Moose Lodge Rd,SB,2025-06-16,00:00:00,00:15:00,0 to 40,1,,
Input_xlxs.xlsx,Input_xlxs,Moose Lodge Rd,SB,2025-06-16,00:00:00,00:15:00,>40 to 42,0,,
Input_xlxs.xlsx,Input_xlxs,Moose Lodge Rd,SB,2025-06-16,00:00:00,00:15:00,>42 to 44,1,,
Input_xlxs.xlsx,Input_xlxs,Moose Lodge Rd,SB,2025-06-16,00:00:00,00:15:00,>44 to 46,1,,
Input_xlxs.xlsx,Input_xlxs,Moose Lodge Rd,SB,2025-06-16,00:00:00,00:15:00,>46 to 48,0,,
Input_xlxs.xlsx,Input_xlxs,Moose Lodge Rd,SB,2025-06-16,00:00:00,00:15:00,>48 to 50,0,,
Input_xlxs.xlsx,Input_xlxs,Moose Lodge Rd,SB,2025-06-16,00:00:00,00:15:00,>50 to 52,0,,
Input_xlxs.xlsx,Input_xlxs,Moose Lodge Rd,SB,2025-06-16,00:00:00,00:15:00,>52 to 54,0,,
Input_xlxs.xlsx,Input_xlxs,Moose Lodge Rd,SB,2025-06-16,00:00:00,00:15:00,>54 to 56,1,,
Input_xlxs.xlsx,Input_xlxs,Moose Lodge Rd,SB,2025-06-16,00:00:00,00:15:00,>56 to 58,0,,
Input_xlxs.xlsx,Input_xlxs,Moose Lodge Rd,SB,2025-06-16,00:00:00,00:15:00,>58 to 60,1,,
Input_xlxs.xlsx,Input_xlxs,Moose Lodge Rd,SB,2025-06-16,00:00:00,00:15:00,>60 to 62,1,,
Input_xlxs.xlsx,Input_xlxs,Moose Lodge Rd,SB,2025-06-16,00:00:00,00:15:00,> 62,1,,
Input_xlxs.xlsx,Input_xlxs,Moose Lodge Rd,SB,2025-06-16,01:00:00,01:15:00,0 to 40,0,,
Input_xlxs.xlsx,Input_xlxs,Moose Lodge Rd,SB,2025-06-16,01:00:00,01:15:00,>40 to 42,0,,
Input_xlxs.xlsx,Input_xlxs,Moose Lodge Rd,SB,2025-06-16,01:00:00,01:15:00,>42 to 44,0,,
Input_xlxs.xlsx,Input_xlxs,Moose Lodge Rd,SB,2025-06-16,01:00:00,01:15:00,>44 to 46,1,,
Input_xlxs.xlsx,Input_xlxs,Moose Lodge Rd,SB,2025-06-16,01:00:00,01:15:00,>46 to 48,1,,
Input_xlxs.xlsx,Input_xlxs,Moose Lodge Rd,SB,2025-06-16,01:00:00,01:15:00,>48 to 50,0,,
Input_xlxs.xlsx,Input_xlxs,Moose Lodge Rd,SB,2025-06-16,01:00:00,01:15:00,>50 to 52,0,,
Input_xlxs.xlsx,Input_xlxs,Moose Lodge Rd,SB,2025-06-16,01:00:00,01:15:00,>52 to 54,0,,
Input_xlxs.xlsx,Input_xlxs,Moose Lodge Rd,SB,2025-06-16,01:00:00,01:15:00,>54 to 56,0,,
Input_xlxs.xlsx,Input_xlxs,Moose Lodge Rd,SB,2025-06-16,01:00:00,01:15:00,>56 to 58,0,,
Input_xlxs.xlsx,Input_xlxs,Moose Lodge Rd,SB,2025-06-16,01:00:00,01:15:00,>58 to 60,0,,
Input_xlxs.xlsx,Input_xlxs,Moose Lodge Rd,SB,2025-06-16,01:00:00,01:15:00,>60 to 62,0,,
Input_xlxs.xlsx,Input_xlxs,Moose Lodge Rd,SB,2025-06-16,01:00:00,01:15:00,> 62,2,,
Input_xlxs.xlsx,Input_xlxs,Moose Lodge Rd,SB,2025-06-16,02:00:00,02:15:00,0 to 40,3,,
Input_xlxs.xlsx,Input_xlxs,Moose Lodge Rd,SB,2025-06-16,02:00:00,02:15:00,>40 to 42,1,,
Input_xlxs.xlsx,Input_xlxs,Moose Lodge Rd,SB,2025-06-16,02:00:00,02:15:00,>42 to 44,0,,
Input_xlxs.xlsx,Input_xlxs,Moose Lodge Rd,SB,2025-06-16,02:00:00,02:15:00,>44 to 46,0,,
Input_xlxs.xlsx,Input_xlxs,Moose Lodge Rd,SB,2025-06-16,02:00:00,02:15:00,>46 to 48,1,,
Input_xlxs.xlsx,Input_xlxs,Moose Lodge Rd,SB,2025-06-16,02:00:00,02:15:00,>48 to 50,2,,
Input_xlxs.xlsx,Input_xlxs,Moose Lodge Rd,SB,2025-06-16,02:00:00,02:15:00,>50 to 52,1,,
Input_xlxs.xlsx,Input_xlxs,Moose Lodge Rd,SB,2025-06-16,02:00:00,02:15:00,>52 to 54,0,,
Input_xlxs.xlsx,Input_xlxs,Moose Lodge Rd,SB,2025-06-16,02:00:00,02:15:00,>54 to 56,0,,
Input_xlxs.xlsx,Input_xlxs,Moose Lodge Rd,SB,2025-06-16,02:00:00,02:15:00,>56 to 58,0,,
Input_xlxs.xlsx,Input_xlxs,Moose Lodge Rd,SB,2025-06-16,02:00:00,02:15:00,>58 to 60,0,,
Input_xlxs.xlsx,Input_xlxs,Moose Lodge Rd,SB,2025-06-16,02:00:00,02:15:00,>60 to 62,0,,
Input_xlxs.xlsx,Input_xlxs,Moose Lodge Rd,SB,2025-06-16,02:00:00,02:15:00,> 62,0,,
Input_xlxs.xlsx,Input_xlxs,Moose Lodge Rd,SB,2025-06-16,03:00:00,03:15:00,0 to 40,2,,
Input_xlxs.xlsx,Input_xlxs,Moose Lodge Rd,SB,2025-06-16,03:00:00,03:15:00,>40 to 42,0,,
Input_xlxs.xlsx,Input_xlxs,Moose Lodge Rd,SB,2025-06-16,03:00:00,03:15:00,>42 to 44,0,,
Input_xlxs.xlsx,Input_xlxs,Moose Lodge Rd,SB,2025-06-16,03:00:00,03:15:00,>44 to 46,0,,
Input_xlxs.xlsx,Input_xlxs,Moose Lodge Rd,SB,2025-06-16,03:00:00,03:15:00,>46 to 48,1,,
Input_xlxs.xlsx,Input_xlxs,Moose Lodge Rd,SB,2025-06-16,03:00:00,03:15:00,>48 to 50,0,,
Input_xlxs.xlsx,Input_xlxs,Moose Lodge Rd,SB,2025-06-16,03:00:00,03:15:00,>50 to 52,1,,
Input_xlxs.xlsx,Input_xlxs,Moose Lodge Rd,SB,2025-06-16,03:00:00,03:15:00,>52 to 54,3,,
Input_xlxs.xlsx,Input_xlxs,Moose Lodge Rd,SB,2025-06-16,03:00:00,03:15:00,>54 to 56,0,,
Input_xlxs.xlsx,Input_xlxs,Moose Lodge Rd,SB,2025-06-16,03:00:00,03:15:00,>56 to 58,0,,
Input_xlxs.xlsx,Input_xlxs,Moose Lodge Rd,SB,2025-06-16,03:00:00,03:15:00,>58 to 60,0,,
Input_xlxs.xlsx,Input_xlxs,Moose Lodge Rd,SB,2025-06-16,03:00:00,03:15:00,>60 to 62,0,,
Input_xlxs.xlsx,Input_xlxs,Moose Lodge Rd,SB,2025-06-16,03:00:00,03:15:00,> 62,0,,
Input_xlxs.xlsx,Input_xlxs,Moose Lodge Rd,SB,2025-06-16,04:00:00,04:15:00,0 to 40,0,,
Input_xlxs.xlsx,Input_xlxs,Moose Lodge Rd,SB,2025-06-16,04:00:00,04:15:00,>40 to 42,1,,
Input_xlxs.xlsx,Input_xlxs,Moose Lodge Rd,SB,2025-06-16,04:00:00,04:15:00,>42 to 44,1,,
Input_xlxs.xlsx,Input_xlxs,Moose Lodge Rd,SB,2025-06-16,04:00:00,04:15:00,>44 to 46,0,,
Input_xlxs.xlsx,Input_xlxs,Moose Lodge Rd,SB,2025-06-16,04:00:00,04:15:00,>46 to 48,2,,
Input_xlxs.xlsx,Input_xlxs,Moose Lodge Rd,SB,2025-06-16,04:00:00,04:15:00,>48 to 50,0,,
Input_xlxs.xlsx,Input_xlxs,Moose Lodge Rd,SB,2025-06-16,04:00:00,04:15:00,>50 to 52,0,,
Input_xlxs.xlsx,Input_xlxs,Moose Lodge Rd,SB,2025-06-16,04:00:00,04:15:00,>52 to 54,0,,
Input_xlxs.xlsx,Input_xlxs,Moose Lodge Rd,SB,2025-06-16,04:00:00,04:15:00,>54 to 56,3,,
Input_xlxs.xlsx,Input_xlxs,Moose Lodge Rd,SB,2025-06-16,04:00:00,04:15:00,>56 to 58,1,,
Input_xlxs.xlsx,Input_xlxs,Moose Lodge Rd,SB,2025-06-16,04:00:00,04:15:00,>58 to 60,1,,
Input_xlxs.xlsx,Input_xlxs,Moose Lodge Rd,SB,2025-06-16,04:00:00,04:15:00,>60 to 62,0,,
Input_xlxs.xlsx,Input_xlxs,Moose Lodge Rd,SB,2025-06-16,04:00:00,04:15:00,> 62,2,,
Input_xlxs.xlsx,Input_xlxs,Moose Lodge Rd,SB,2025-06-16,05:00:00,05:15:00,0 to 40,0,,
Input_xlxs.xlsx,Input_xlxs,Moose Lodge Rd,SB,2025-06-16,05:00:00,05:15:00,>40 to 42,1,,
Input_xlxs.xlsx,Input_xlxs,Moose Lodge Rd,SB,2025-06-16,05:00:00,05:15:00,>42 to 44,0,,
Input_xlxs.xlsx,Input_xlxs,Moose Lodge Rd,SB,2025-06-16,05:00:00,05:15:00,>44 to 46,1,,
Input_xlxs.xlsx,Input_xlxs,Moose Lodge Rd,SB,2025-06-16,05:00:00,05:15:00,>46 to 48,1,,
Input_xlxs.xlsx,Input_xlxs,Moose Lodge Rd,SB,2025-06-16,05:00:00,05:15:00,>48 to 50,2,,
Input_xlxs.xlsx,Input_xlxs,Moose Lodge Rd,SB,2025-06-16,05:00:00,05:15:00,>50 to 52,3,,
Input_xlxs.xlsx,Input_xlxs,Moose Lodge Rd,SB,2025-06-16,05:00:00,05:15:00,>52 to 54,3,,
Input_xlxs.xlsx,Input_xlxs,Moose Lodge Rd,SB,2025-06-16,05:00:00,05:15:00,>54 to 56,2,,
Input_xlxs.xlsx,Input_xlxs,Moose Lodge Rd,SB,2025-06-16,05:00:00,05:15:00,>56 to 58,1,,
Input_xlxs.xlsx,Input_xlxs,Moose Lodge Rd,SB,2025-06-16,05:00:00,05:15:00,>58 to 60,1,,
Input_xlxs.xlsx,Input_xlxs,Moose Lodge Rd,SB,2025-06-16,05:00:00,05:15:00,>60 to 62,0,,
Input_xlxs.xlsx,Input_xlxs,Moose Lodge Rd,SB,2025-06-16,05:00:00,05:15:00,> 62,2,,
Input_xlxs.xlsx,Input_xlxs,Moose Lodge Rd,SB,2025-06-16,06:00:00,06:15:00,0 to 40,0,,
Input_xlxs.xlsx,Input_xlxs,Moose Lodge Rd,SB,2025-06-16,06:00:00,06:15:00,>40 to 42,0,,
Input_xlxs.xlsx,Input_xlxs,Moose Lodge Rd,SB,2025-06-16,06:00:00,06:15:00,>42 to 44,1,,
Input_xlxs.xlsx,Input_xlxs,Moose Lodge Rd,SB,2025-06-16,06:00:00,06:15:00,>44 to 46,4,,
Input_xlxs.xlsx,Input_xlxs,Moose Lodge Rd,SB,2025-06-16,06:00:00,06:15:00,>46 to 48,2,,
Input_xlxs.xlsx,Input_xlxs,Moose Lodge Rd,SB,2025-06-16,06:00:00,06:15:00,>48 to 50,4,,
Input_xlxs.xlsx,Input_xlxs,Moose Lodge Rd,SB,2025-06-16,06:00:00,06:15:00,>50 to 52,4,,
Input_xlxs.xlsx,Input_xlxs,Moose Lodge Rd,SB,2025-06-16,06:00:00,06:15:00,>52 to 54,4,,
Input_xlxs.xlsx,Input_xlxs,Moose Lodge Rd,SB,2025-06-16,06:00:00,06:15:00,>54 to 56,6,,
Input_xlxs.xlsx,Input_xlxs,Moose Lodge Rd,SB,2025-06-16,06:00:00,06:15:00,>56 to 58,7,,
Input_xlxs.xlsx,Input_xlxs,Moose Lodge Rd,SB,2025-06-16,06:00:00,06:15:00,>58 to 60,7,,
Input_xlxs.xlsx,Input_xlxs,Moose Lodge Rd,SB,2025-06-16,06:00:00,06:15:00,>60 to 62,0,,
Input_xlxs.xlsx,Input_xlxs,Moose Lodge Rd,SB,2025-06-16,06:00:00,06:15:00,> 62,9,,
Input_xlxs.xlsx,Input_xlxs,Moose Lodge Rd,SB,2025-06-16,07:00:00,07:15:00,0 to 40,5,,
Input_xlxs.xlsx,Input_xlxs,Moose Lodge Rd,SB,2025-06-16,07:00:00,07:15:00,>40 to 42,1,,
Input_xlxs.xlsx,Input_xlxs,Moose Lodge Rd,SB,2025-06-16,07:00:00,07:15:00,>42 to 44,5,,
Input_xlxs.xlsx,Input_xlxs,Moose Lodge Rd,SB,2025-06-16,07:00:00,07:15:00,>44 to 46,3,,
Input_xlxs.xlsx,Input_xlxs,Moose Lodge Rd,SB,2025-06-16,07:00:00,07:15:00,>46 to 48,6,,
Input_xlxs.xlsx,Input_xlxs,Moose Lodge Rd,SB,2025-06-16,07:00:00,07:15:00,>48 to 50,9,,
Input_xlxs.xlsx,Input_xlxs,Moose Lodge Rd,SB,2025-06-16,07:00:00,07:15:00,>50 to 52,9,,
Input_xlxs.xlsx,Input_xlxs,Moose Lodge Rd,SB,2025-06-16,07:00:00,07:15:00,>52 to 54,7,,
Input_xlxs.xlsx,Input_xlxs,Moose Lodge Rd,SB,2025-06-16,07:00:00,07:15:00,>54 to 56,10,,
Input_xlxs.xlsx,Input_xlxs,Moose Lodge Rd,SB,2025-06-16,07:00:00,07:15:00,>56 to 58,11,,
Input_xlxs.xlsx,Input_xlxs,Moose Lodge Rd,SB,2025-06-16,07:00:00,07:15:00,>58 to 60,5,,
Input_xlxs.xlsx,Input_xlxs,Moose Lodge Rd,SB,2025-06-16,07:00:00,07:15:00,>60 to 62,7,,
Input_xlxs.xlsx,Input_xlxs,Moose Lodge Rd,SB,2025-06-16,07:00:00,07:15:00,> 62,10,,
Input_xlxs.xlsx,Input_xlxs,Moose Lodge Rd,SB,2025-06-16,08:00:00,08:15:00,0 to 40,3,,
Input_xlxs.xlsx,Input_xlxs,Moose Lodge Rd,SB,2025-06-16,08:00:00,08:15:00,>40 to 42,2,,
Input_xlxs.xlsx,Input_xlxs,Moose Lodge Rd,SB,2025-06-16,08:00:00,08:15:00,>42 to 44,2,,
Input_xlxs.xlsx,Input_xlxs,Moose Lodge Rd,SB,2025-06-16,08:00:00,08:15:00,>44 to 46,3,,
Input_xlxs.xlsx,Input_xlxs,Moose Lodge Rd,SB,2025-06-16,08:00:00,08:15:00,>46 to 48,7,,
Input_xlxs.xlsx,Input_xlxs,Moose Lodge Rd,SB,2025-06-16,08:00:00,08:15:00,>48 to 50,13,,
Input_xlxs.xlsx,Input_xlxs,Moose Lodge Rd,SB,2025-06-16,08:00:00,08:15:00,>50 to 52,4,,
Input_xlxs.xlsx,Input_xlxs,Moose Lodge Rd,SB,2025-06-16,08:00:00,08:15:00,>52 to 54,6,,
Input_xlxs.xlsx,Input_xlxs,Moose Lodge Rd,SB,2025-06-16,08:00:00,08:15:00,>54 to 56,12,,
Input_xlxs.xlsx,Input_xlxs,Moose Lodge Rd,SB,2025-06-16,08:00:00,08:15:00,>56 to 58,4,,
Input_xlxs.xlsx,Input_xlxs,Moose Lodge Rd,SB,2025-06-16,08:00:00,08:15:00,>58 to 60,3,,
Input_xlxs.xlsx,Input_xlxs,Moose Lodge Rd,SB,2025-06-16,08:00:00,08:15:00,>60 to 62,7,,
Input_xlxs.xlsx,Input_xlxs,Moose Lodge Rd,SB,2025-06-16,08:00:00,08:15:00,> 62,2,,
Input_xlxs.xlsx,Input_xlxs,Moose Lodge Rd,SB,2025-06-16,09:00:00,09:15:00,0 to 40,2,,
Input_xlxs.xlsx,Input_xlxs,Moose Lodge Rd,SB,2025-06-16,09:00:00,09:15:00,>40 to 42,1,,
Input_xlxs.xlsx,Input_xlxs,Moose Lodge Rd,SB,2025-06-16,09:00:00,09:15:00,>42 to 44,3,,
Input_xlxs.xlsx,Input_xlxs,Moose Lodge Rd,SB,2025-06-16,09:00:00,09:15:00,>44 to 46,7,,
Input_xlxs.xlsx,Input_xlxs,Moose Lodge Rd,SB,2025-06-16,09:00:00,09:15:00,>46 to 48,10,,
Input_xlxs.xlsx,Input_xlxs,Moose Lodge Rd,SB,2025-06-16,09:00:00,09:15:00,>48 to 50,13,,
Input_xlxs.xlsx,Input_xlxs,Moose Lodge Rd,SB,2025-06-16,09:00:00,09:15:00,>50 to 52,12,,
Input_xlxs.xlsx,Input_xlxs,Moose Lodge Rd,SB,2025-06-16,09:00:00,09:15:00,>52 to 54,9,,
Input_xlxs.xlsx,Input_xlxs,Moose Lodge Rd,SB,2025-06-16,09:00:00,09:15:00,>54 to 56,5,,
Input_xlxs.xlsx,Input_xlxs,Moose Lodge Rd,SB,2025-06-16,09:00:00,09:15:00,>56 to 58,8,,
Input_xlxs.xlsx,Input_xlxs,Moose Lodge Rd,SB,2025-06-16,09:00:00,09:15:00,>58 to 60,2,,
Input_xlxs.xlsx,Input_xlxs,Moose Lodge Rd,SB,2025-06-16,09:00:00,09:15:00,>60 to 62,4,,
Input_xlxs.xlsx,Input_xlxs,Moose Lodge Rd,SB,2025-06-16,09:00:00,09:15:00,> 62,4,,
Input_xlxs.xlsx,Input_xlxs,Moose Lodge Rd,SB,2025-06-16,10:00:00,10:15:00,0 to 40,0,,
Input_xlxs.xlsx,Input_xlxs,Moose Lodge Rd,SB,2025-06-16,10:00:00,10:15:00,>40 to 42,2,,
Input_xlxs.xlsx,Input_xlxs,Moose Lodge Rd,SB,2025-06-16,10:00:00,10:15:00,>42 to 44,1,,
Input_xlxs.xlsx,Input_xlxs,Moose Lodge Rd,SB,2025-06-16,10:00:00,10:15:00,>44 to 46,3,,
Input_xlxs.xlsx,Input_xlxs,Moose Lodge Rd,SB,2025-06-16,10:00:00,10:15:00,>46 to 48,4,,
Input_xlxs.xlsx,Input_xlxs,Moose Lodge Rd,SB,2025-06-16,10:00:00,10:15:00,>48 to 50,9,,
Input_xlxs.xlsx,Input_xlxs,Moose Lodge Rd,SB,2025-06-16,10:00:00,10:15:00,>50 to 52,15,,
Input_xlxs.xlsx,Input_xlxs,Moose Lodge Rd,SB,2025-06-16,10:00:00,10:15:00,>52 to 54,14,,
Input_xlxs.xlsx,Input_xlxs,Moose Lodge Rd,SB,2025-06-16,10:00:00,10:15:00,>54 to 56,17,,
Input_xlxs.xlsx,Input_xlxs,Moose Lodge Rd,SB,2025-06-16,10:00:00,10:15:00,>56 to 58,7,,
Input_xlxs.xlsx,Input_xlxs,Moose Lodge Rd,SB,2025-06-16,10:00:00,10:15:00,>58 to 60,8,,
Input_xlxs.xlsx,Input_xlxs,Moose Lodge Rd,SB,2025-06-16,10:00:00,10:15:00,>60 to 62,1,,
Input_xlxs.xlsx,Input_xlxs,Moose Lodge Rd,SB,2025-06-16,10:00:00,10:15:00,> 62,5,,
Input_xlxs.xlsx,Input_xlxs,Moose Lodge Rd,SB,2025-06-16,11:00:00,11:15:00,0 to 40,5,,
Input_xlxs.xlsx,Input_xlxs,Moose Lodge Rd,SB,2025-06-16,11:00:00,11:15:00,>40 to 42,2,,
Input_xlxs.xlsx,Input_xlxs,Moose Lodge Rd,SB,2025-06-16,11:00:00,11:15:00,>42 to 44,0,,
Input_xlxs.xlsx,Input_xlxs,Moose Lodge Rd,SB,2025-06-16,11:00:00,11:15:00,>44 to 46,9,,
Input_xlxs.xlsx,Input_xlxs,Moose Lodge Rd,SB,2025-06-16,11:00:00,11:15:00,>46 to 48,11,,
Input_xlxs.xlsx,Input_xlxs,Moose Lodge Rd,SB,2025-06-16,11:00:00,11:15:00,>48 to 50,6,,
Input_xlxs.xlsx,Input_xlxs,Moose Lodge Rd,SB,2025-06-16,11:00:00,11:15:00,>50 to 52,7,,
Input_xlxs.xlsx,Input_xlxs,Moose Lodge Rd,SB,2025-06-16,11:00:00,11:15:00,>52 to 54,7,,
Input_xlxs.xlsx,Input_xlxs,Moose Lodge Rd,SB,2025-06-16,11:00:00,11:15:00,>54 to 56,9,,
Input_xlxs.xlsx,Input_xlxs,Moose Lodge Rd,SB,2025-06-16,11:00:00,11:15:00,>56 to 58,9,,
Input_xlxs.xlsx,Input_xlxs,Moose Lodge Rd,SB,2025-06-16,11:00:00,11:15:00,>58 to 60,4,,
Input_xlxs.xlsx,Input_xlxs,Moose Lodge Rd,SB,2025-06-16,11:00:00,11:15:00,>60 to 62,1,,
Input_xlxs.xlsx,Input_xlxs,Moose Lodge Rd,SB,2025-06-16,11:00:00,11:15:00,> 62,4,,
Input_xlxs.xlsx,Input_xlxs,Moose Lodge Rd,SB,2025-06-16,12:00:00,12:15:00,0 to 40,6,,
Input_xlxs.xlsx,Input_xlxs,Moose Lodge Rd,SB,2025-06-16,12:00:00,12:15:00,>40 to 42,0,,
Input_xlxs.xlsx,Input_xlxs,Moose Lodge Rd,SB,2025-06-16,12:00:00,12:15:00,>42 to 44,3,,
Input_xlxs.xlsx,Input_xlxs,Moose Lodge Rd,SB,2025-06-16,12:00:00,12:15:00,>44 to 46,11,,
Input_xlxs.xlsx,Input_xlxs,Moose Lodge Rd,SB,2025-06-16,12:00:00,12:15:00,>46 to 48,12,,
Input_xlxs.xlsx,Input_xlxs,Moose Lodge Rd,SB,2025-06-16,12:00:00,12:15:00,>48 to 50,8,,
Input_xlxs.xlsx,Input_xlxs,Moose Lodge Rd,SB,2025-06-16,12:00:00,12:15:00,>50 to 52,18,,
Input_xlxs.xlsx,Input_xlxs,Moose Lodge Rd,SB,2025-06-16,12:00:00,12:15:00,>52 to 54,17,,
Input_xlxs.xlsx,Input_xlxs,Moose Lodge Rd,SB,2025-06-16,12:00:00,12:15:00,>54 to 56,17,,
Input_xlxs.xlsx,Input_xlxs,Moose Lodge Rd,SB,2025-06-16,12:00:00,12:15:00,>56 to 58,15,,
Input_xlxs.xlsx,Input_xlxs,Moose Lodge Rd,SB,2025-06-16,12:00:00,12:15:00,>58 to 60,5,,
Input_xlxs.xlsx,Input_xlxs,Moose Lodge Rd,SB,2025-06-16,12:00:00,12:15:00,>60 to 62,1,,
Input_xlxs.xlsx,Input_xlxs,Moose Lodge Rd,SB,2025-06-16,12:00:00,12:15:00,> 62,5,,
Input_xlxs.xlsx,Input_xlxs,Moose Lodge Rd,SB,2025-06-16,13:00:00,13:15:00,0 to 40,3,,
Input_xlxs.xlsx,Input_xlxs,Moose Lodge Rd,SB,2025-06-16,13:00:00,13:15:00,>40 to 42,3,,
Input_xlxs.xlsx,Input_xlxs,Moose Lodge Rd,SB,2025-06-16,13:00:00,13:15:00,>42 to 44,4,,
Input_xlxs.xlsx,Input_xlxs,Moose Lodge Rd,SB,2025-06-16,13:00:00,13:15:00,>44 to 46,13,,
Input_xlxs.xlsx,Input_xlxs,Moose Lodge Rd,SB,2025-06-16,13:00:00,13:15:00,>46 to 48,13,,
Input_xlxs.xlsx,Input_xlxs,Moose Lodge Rd,SB,2025-06-16,13:00:00,13:15:00,>48 to 50,15,,
Input_xlxs.xlsx,Input_xlxs,Moose Lodge Rd,SB,2025-06-16,13:00:00,13:15:00,>50 to 52,11,,
Input_xlxs.xlsx,Input_xlxs,Moose Lodge Rd,SB,2025-06-16,13:00:00,13:15:00,>52 to 54,14,,
Input_xlxs.xlsx,Input_xlxs,Moose Lodge Rd,SB,2025-06-16,13:00:00,13:15:00,>54 to 56,6,,
Input_xlxs.xlsx,Input_xlxs,Moose Lodge Rd,SB,2025-06-16,13:00:00,13:15:00,>56 to 58,4,,
Input_xlxs.xlsx,Input_xlxs,Moose Lodge Rd,SB,2025-06-16,13:00:00,13:15:00,>58 to 60,5,,
Input_xlxs.xlsx,Input_xlxs,Moose Lodge Rd,SB,2025-06-16,13:00:00,13:15:00,>60 to 62,3,,
Input_xlxs.xlsx,Input_xlxs,Moose Lodge Rd,SB,2025-06-16,13:00:00,13:15:00,> 62,2,,
Input_xlxs.xlsx,Input_xlxs,Moose Lodge Rd,SB,2025-06-16,14:00:00,14:15:00,0 to 40,3,,
Input_xlxs.xlsx,Input_xlxs,Moose Lodge Rd,SB,2025-06-16,14:00:00,14:15:00,>40 to 42,5,,
Input_xlxs.xlsx,Input_xlxs,Moose Lodge Rd,SB,2025-06-16,14:00:00,14:15:00,>42 to 44,8,,
Input_xlxs.xlsx,Input_xlxs,Moose Lodge Rd,SB,2025-06-16,14:00:00,14:15:00,>44 to 46,11,,
Input_xlxs.xlsx,Input_xlxs,Moose Lodge Rd,SB,2025-06-16,14:00:00,14:15:00,>46 to 48,14,,
Input_xlxs.xlsx,Input_xlxs,Moose Lodge Rd,SB,2025-06-16,14:00:00,14:15:00,>48 to 50,20,,
Input_xlxs.xlsx,Input_xlxs,Moose Lodge Rd,SB,2025-06-16,14:00:00,14:15:00,>50 to 52,18,,
Input_xlxs.xlsx,Input_xlxs,Moose Lodge Rd,SB,2025-06-16,14:00:00,14:15:00,>52 to 54,15,,
Input_xlxs.xlsx,Input_xlxs,Moose Lodge Rd,SB,2025-06-16,14:00:00,14:15:00,>54 to 56,14,,
Input_xlxs.xlsx,Input_xlxs,Moose Lodge Rd,SB,2025-06-16,14:00:00,14:15:00,>56 to 58,6,,
Input_xlxs.xlsx,Input_xlxs,Moose Lodge Rd,SB,2025-06-16,14:00:00,14:15:00,>58 to 60,5,,
Input_xlxs.xlsx,Input_xlxs,Moose Lodge Rd,SB,2025-06-16,14:00:00,14:15:00,>60 to 62,2,,
Input_xlxs.xlsx,Input_xlxs,Moose Lodge Rd,SB,2025-06-16,14:00:00,14:15:00,> 62,5,,
Input_xlxs.xlsx,Input_xlxs,Moose Lodge Rd,SB,2025-06-16,15:00:00,15:15:00,0 to 40,6,,
Input_xlxs.xlsx,Input_xlxs,Moose Lodge Rd,SB,2025-06-16,15:00:00,15:15:00,>40 to 42,2,,
Input_xlxs.xlsx,Input_xlxs,Moose Lodge Rd,SB,2025-06-16,15:00:00,15:15:00,>42 to 44,1,,
Input_xlxs.xlsx,Input_xlxs,Moose Lodge Rd,SB,2025-06-16,15:00:00,15:15:00,>44 to 46,3,,
Input_xlxs.xlsx,Input_xlxs,Moose Lodge Rd,SB,2025-06-16,15:00:00,15:15:00,>46 to 48,12,,
Input_xlxs.xlsx,Input_xlxs,Moose Lodge Rd,SB,2025-06-16,15:00:00,15:15:00,>48 to 50,9,,
Input_xlxs.xlsx,Input_xlxs,Moose Lodge Rd,SB,2025-06-16,15:00:00,15:15:00,>50 to 52,16,,
Input_xlxs.xlsx,Input_xlxs,Moose Lodge Rd,SB,2025-06-16,15:00:00,15:15:00,>52 to 54,26,,
Input_xlxs.xlsx,Input_xlxs,Moose Lodge Rd,SB,2025-06-16,15:00:00,15:15:00,>54 to 56,18,,
Input_xlxs.xlsx,Input_xlxs,Moose Lodge Rd,SB,2025-06-16,15:00:00,15:15:00,>56 to 58,7,,
Input_xlxs.xlsx,Input_xlxs,Moose Lodge Rd,SB,2025-06-16,15:00:00,15:15:00,>58 to 60,12,,
Input_xlxs.xlsx,Input_xlxs,Moose Lodge Rd,SB,2025-06-16,15:00:00,15:15:00,>60 to 62,5,,
Input_xlxs.xlsx,Input_xlxs,Moose Lodge Rd,SB,2025-06-16,15:00:00,15:15:00,> 62,10,,
Input_xlxs.xlsx,Input_xlxs,Moose Lodge Rd,SB,2025-06-16,16:00:00,16:15:00,0 to 40,3,,
Input_xlxs.xlsx,Input_xlxs,Moose Lodge Rd,SB,2025-06-16,16:00:00,16:15:00,>40 to 42,1,,
Input_xlxs.xlsx,Input_xlxs,Moose Lodge Rd,SB,2025-06-16,16:00:00,16:15:00,>42 to 44,2,,
Input_xlxs.xlsx,Input_xlxs,Moose Lodge Rd,SB,2025-06-16,16:00:00,16:15:00,>44 to 46,2,,
Input_xlxs.xlsx,Input_xlxs,Moose Lodge Rd,SB,2025-06-16,16:00:00,16:15:00,>46 to 48,7,,
Input_xlxs.xlsx,Input_xlxs,Moose Lodge Rd,SB,2025-06-16,16:00:00,16:15:00,>48 to 50,28,,
Input_xlxs.xlsx,Input_xlxs,Moose Lodge Rd,SB,2025-06-16,16:00:00,16:15:00,>50 to 52,32,,
Input_xlxs.xlsx,Input_xlxs,Moose Lodge Rd,SB,2025-06-16,16:00:00,16:15:00,>52 to 54,27,,
Input_xlxs.xlsx,Input_xlxs,Moose Lodge Rd,SB,2025-06-16,16:00:00,16:15:00,>54 to 56,29,,
Input_xlxs.xlsx,Input_xlxs,Moose Lodge Rd,SB,2025-06-16,16:00:00,16:15:00,>56 to 58,24,,
Input_xlxs.xlsx,Input_xlxs,Moose Lodge Rd,SB,2025-06-16,16:00:00,16:15:00,>58 to 60,18,,
Input_xlxs.xlsx,Input_xlxs,Moose Lodge Rd,SB,2025-06-16,16:00:00,16:15:00,>60 to 62,16,,
Input_xlxs.xlsx,Input_xlxs,Moose Lodge Rd,SB,2025-06-16,16:00:00,16:15:00,> 62,16,,
Input_xlxs.xlsx,Input_xlxs,Moose Lodge Rd,SB,2025-06-16,17:00:00,17:15:00,0 to 40,3,,
Input_xlxs.xlsx,Input_xlxs,Moose Lodge Rd,SB,2025-06-16,17:00:00,17:15:00,>40 to 42,1,,
Input_xlxs.xlsx,Input_xlxs,Moose Lodge Rd,SB,2025-06-16,17:00:00,17:15:00,>42 to 44,5,,
Input_xlxs.xlsx,Input_xlxs,Moose Lodge Rd,SB,2025-06-16,17:00:00,17:15:00,>44 to 46,5,,
Input_xlxs.xlsx,Input_xlxs,Moose Lodge Rd,SB,2025-06-16,17:00:00,17:15:00,>46 to 48,10,,
Input_xlxs.xlsx,Input_xlxs,Moose Lodge Rd,SB,2025-06-16,17:00:00,17:15:00,>48 to 50,19,,
Input_xlxs.xlsx,Input_xlxs,Moose Lodge Rd,SB,2025-06-16,17:00:00,17:15:00,>50 to 52,23,,
Input_xlxs.xlsx,Input_xlxs,Moose Lodge Rd,SB,2025-06-16,17:00:00,17:15:00,>52 to 54,25,,
Input_xlxs.xlsx,Input_xlxs,Moose Lodge Rd,SB,2025-06-16,17:00:00,17:15:00,>54 to 56,27,,
Input_xlxs.xlsx,Input_xlxs,Moose Lodge Rd,SB,2025-06-16,17:00:00,17:15:00,>56 to 58,15,,
Input_xlxs.xlsx,Input_xlxs,Moose Lodge Rd,SB,2025-06-16,17:00:00,17:15:00,>58 to 60,12,,
Input_xlxs.xlsx,Input_xlxs,Moose Lodge Rd,SB,2025-06-16,17:00:00,17:15:00,>60 to 62,9,,
Input_xlxs.xlsx,Input_xlxs,Moose Lodge Rd,SB,2025-06-16,17:00:00,17:15:00,> 62,21,,
Input_xlxs.xlsx,Input_xlxs,Moose Lodge Rd,SB,2025-06-16,18:00:00,18:15:00,0 to 40,2,,
Input_xlxs.xlsx,Input_xlxs,Moose Lodge Rd,SB,2025-06-16,18:00:00,18:15:00,>40 to 42,2,,
Input_xlxs.xlsx,Input_xlxs,Moose Lodge Rd,SB,2025-06-16,18:00:00,18:15:00,>42 to 44,0,,
Input_xlxs.xlsx,Input_xlxs,Moose Lodge Rd,SB,2025-06-16,18:00:00,18:15:00,>44 to 46,3,,
Input_xlxs.xlsx,Input_xlxs,Moose Lodge Rd,SB,2025-06-16,18:00:00,18:15:00,>46 to 48,2,,
Input_xlxs.xlsx,Input_xlxs,Moose Lodge Rd,SB,2025-06-16,18:00:00,18:15:00,>48 to 50,4,,
Input_xlxs.xlsx,Input_xlxs,Moose Lodge Rd,SB,2025-06-16,18:00:00,18:15:00,>50 to 52,16,,
Input_xlxs.xlsx,Input_xlxs,Moose Lodge Rd,SB,2025-06-16,18:00:00,18:15:00,>52 to 54,12,,
Input_xlxs.xlsx,Input_xlxs,Moose Lodge Rd,SB,2025-06-16,18:00:00,18:15:00,>54 to 56,9,,
Input_xlxs.xlsx,Input_xlxs,Moose Lodge Rd,SB,2025-06-16,18:00:00,18:15:00,>56 to 58,9,,
Input_xlxs.xlsx,Input_xlxs,Moose Lodge Rd,SB,2025-06-16,18:00:00,18:15:00,>58 to 60,8,,
Input_xlxs.xlsx,Input_xlxs,Moose Lodge Rd,SB,2025-06-16,18:00:00,18:15:00,>60 to 62,4,,
Input_xlxs.xlsx,Input_xlxs,Moose Lodge Rd,SB,2025-06-16,18:00:00,18:15:00,> 62,11,,
Input_xlxs.xlsx,Input_xlxs,Moose Lodge Rd,SB,2025-06-16,19:00:00,19:15:00,0 to 40,1,,
Input_xlxs.xlsx,Input_xlxs,Moose Lodge Rd,SB,2025-06-16,19:00:00,19:15:00,>40 to 42,1,,
Input_xlxs.xlsx,Input_xlxs,Moose Lodge Rd,SB,2025-06-16,19:00:00,19:15:00,>42 to 44,2,,
Input_xlxs.xlsx,Input_xlxs,Moose Lodge Rd,SB,2025-06-16,19:00:00,19:15:00,>44 to 46,2,,
Input_xlxs.xlsx,Input_xlxs,Moose Lodge Rd,SB,2025-06-16,19:00:00,19:15:00,>46 to 48,6,,
Input_xlxs.xlsx,Input_xlxs,Moose Lodge Rd,SB,2025-06-16,19:00:00,19:15:00,>48 to 50,1,,
Input_xlxs.xlsx,Input_xlxs,Moose Lodge Rd,SB,2025-06-16,19:00:00,19:15:00,>50 to 52,8,,
Input_xlxs.xlsx,Input_xlxs,Moose Lodge Rd,SB,2025-06-16,19:00:00,19:15:00,>52 to 54,7,,
Input_xlxs.xlsx,Input_xlxs,Moose Lodge Rd,SB,2025-06-16,19:00:00,19:15:00,>54 to 56,10,,
Input_xlxs.xlsx,Input_xlxs,Moose Lodge Rd,SB,2025-06-16,19:00:00,19:15:00,>56 to 58,10,,
Input_xlxs.xlsx,Input_xlxs,Moose Lodge Rd,SB,2025-06-16,19:00:00,19:15:00,>58 to 60,6,,
Input_xlxs.xlsx,Input_xlxs,Moose Lodge Rd,SB,2025-06-16,19:00:00,19:15:00,>60 to 62,3,,
Input_xlxs.xlsx,Input_xlxs,Moose Lodge Rd,SB,2025-06-16,19:00:00,19:15:00,> 62,5,,
Input_xlxs.xlsx,Input_xlxs,Moose Lodge Rd,SB,2025-06-16,20:00:00,20:15:00,0 to 40,1,,
Input_xlxs.xlsx,Input_xlxs,Moose Lodge Rd,SB,2025-06-16,20:00:00,20:15:00,>40 to 42,0,,
Input_xlxs.xlsx,Input_xlxs,Moose Lodge Rd,SB,2025-06-16,20:00:00,20:15:00,>42 to 44,0,,
Input_xlxs.xlsx,Input_xlxs,Moose Lodge Rd,SB,2025-06-16,20:00:00,20:15:00,>44 to 46,3,,
Input_xlxs.xlsx,Input_xlxs,Moose Lodge Rd,SB,2025-06-16,20:00:00,20:15:00,>46 to 48,5,,
Input_xlxs.xlsx,Input_xlxs,Moose Lodge Rd,SB,2025-06-16,20:00:00,20:15:00,>48 to 50,5,,
Input_xlxs.xlsx,Input_xlxs,Moose Lodge Rd,SB,2025-06-16,20:00:00,20:15:00,>50 to 52,7,,
Input_xlxs.xlsx,Input_xlxs,Moose Lodge Rd,SB,2025-06-16,20:00:00,20:15:00,>52 to 54,7,,
Input_xlxs.xlsx,Input_xlxs,Moose Lodge Rd,SB,2025-06-16,20:00:00,20:15:00,>54 to 56,4,,
Input_xlxs.xlsx,Input_xlxs,Moose Lodge Rd,SB,2025-06-16,20:00:00,20:15:00,>56 to 58,5,,
Input_xlxs.xlsx,Input_xlxs,Moose Lodge Rd,SB,2025-06-16,20:00:00,20:15:00,>58 to 60,3,,
Input_xlxs.xlsx,Input_xlxs,Moose Lodge Rd,SB,2025-06-16,20:00:00,20:15:00,>60 to 62,4,,
Input_xlxs.xlsx,Input_xlxs,Moose Lodge Rd,SB,2025-06-16,20:00:00,20:15:00,> 62,3,,
Input_xlxs.xlsx,Input_xlxs,Moose Lodge Rd,SB,2025-06-16,21:00:00,21:15:00,0 to 40,1,,
Input_xlxs.xlsx,Input_xlxs,Moose Lodge Rd,SB,2025-06-16,21:00:00,21:15:00,>40 to 42,1,,
Input_xlxs.xlsx,Input_xlxs,Moose Lodge Rd,SB,2025-06-16,21:00:00,21:15:00,>42 to 44,1,,
Input_xlxs.xlsx,Input_xlxs,Moose Lodge Rd,SB,2025-06-16,21:00:00,21:15:00,>44 to 46,0,,
Input_xlxs.xlsx,Input_xlxs,Moose Lodge Rd,SB,2025-06-16,21:00:00,21:15:00,>46 to 48,3,,
Input_xlxs.xlsx,Input_xlxs,Moose Lodge Rd,SB,2025-06-16,21:00:00,21:15:00,>48 to 50,2,,
Input_xlxs.xlsx,Input_xlxs,Moose Lodge Rd,SB,2025-06-16,21:00:00,21:15:00,>50 to 52,4,,
Input_xlxs.xlsx,Input_xlxs,Moose Lodge Rd,SB,2025-06-16,21:00:00,21:15:00,>52 to 54,6,,
Input_xlxs.xlsx,Input_xlxs,Moose Lodge Rd,SB,2025-06-16,21:00:00,21:15:00,>54 to 56,3,,
Input_xlxs.xlsx,Input_xlxs,Moose Lodge Rd,SB,2025-06-16,21:00:00,21:15:00,>56 to 58,1,,
Input_xlxs.xlsx,Input_xlxs,Moose Lodge Rd,SB,2025-06-16,21:00:00,21:15:00,>58 to 60,1,,
Input_xlxs.xlsx,Input_xlxs,Moose Lodge Rd,SB,2025-06-16,21:00:00,21:15:00,>60 to 62,0,,
Input_xlxs.xlsx,Input_xlxs,Moose Lodge Rd,SB,2025-06-16,21:00:00,21:15:00,> 62,1,,
Input_xlxs.xlsx,Input_xlxs,Moose Lodge Rd,SB,2025-06-16,22:00:00,22:15:00,0 to 40,2,,
Input_xlxs.xlsx,Input_xlxs,Moose Lodge Rd,SB,2025-06-16,22:00:00,22:15:00,>40 to 42,1,,
Input_xlxs.xlsx,Input_xlxs,Moose Lodge Rd,SB,2025-06-16,22:00:00,22:15:00,>42 to 44,0,,
Input_xlxs.xlsx,Input_xlxs,Moose Lodge Rd,SB,2025-06-16,22:00:00,22:15:00,>44 to 46,3,,
Input_xlxs.xlsx,Input_xlxs,Moose Lodge Rd,SB,2025-06-16,22:00:00,22:15:00,>46 to 48,3,,
Input_xlxs.xlsx,Input_xlxs,Moose Lodge Rd,SB,2025-06-16,22:00:00,22:15:00,>48 to 50,3,,
Input_xlxs.xlsx,Input_xlxs,Moose Lodge Rd,SB,2025-06-16,22:00:00,22:15:00,>50 to 52,1,,
Input_xlxs.xlsx,Input_xlxs,Moose Lodge Rd,SB,2025-06-16,22:00:00,22:15:00,>52 to 54,2,,
Input_xlxs.xlsx,Input_xlxs,Moose Lodge Rd,SB,2025-06-16,22:00:00,22:15:00,>54 to 56,1,,
Input_xlxs.xlsx,Input_xlxs,Moose Lodge Rd,SB,2025-06-16,22:00:00,22:15:00,>56 to 58,0,,
Input_xlxs.xlsx,Input_xlxs,Moose Lodge Rd,SB,2025-06-16,22:00:00,22:15:00,>58 to 60,0,,
Input_xlxs.xlsx,Input_xlxs,Moose Lodge Rd,SB,2025-06-16,22:00:00,22:15:00,>60 to 62,0,,
Input_xlxs.xlsx,Input_xlxs,Moose Lodge Rd,SB,2025-06-16,22:00:00,22:15:00,> 62,0,,
Input_xlxs.xlsx,Input_xlxs,Moose Lodge Rd,SB,2025-06-16,23:00:00,23:15:00,0 to 40,0,,
Input_xlxs.xlsx,Input_xlxs,Moose Lodge Rd,SB,2025-06-16,23:00:00,23:15:00,>40 to 42,1,,
Input_xlxs.xlsx,Input_xlxs,Moose Lodge Rd,SB,2025-06-16,23:00:00,23:15:00,>42 to 44,3,,
Input_xlxs.xlsx,Input_xlxs,Moose Lodge Rd,SB,2025-06-16,23:00:00,23:15:00,>44 to 46,0,,
Input_xlxs.xlsx,Input_xlxs,Moose Lodge Rd,SB,2025-06-16,23:00:00,23:15:00,>46 to 48,0,,
Input_xlxs.xlsx,Input_xlxs,Moose Lodge Rd,SB,2025-06-16,23:00:00,23:15:00,>48 to 50,2,,
Input_xlxs.xlsx,Input_xlxs,Moose Lodge Rd,SB,2025-06-16,23:00:00,23:15:00,>50 to 52,1,,
Input_xlxs.xlsx,Input_xlxs,Moose Lodge Rd,SB,2025-06-16,23:00:00,23:15:00,>52 to 54,1,,
Input_xlxs.xlsx,Input_xlxs,Moose Lodge Rd,SB,2025-06-16,23:00:00,23:15:00,>54 to 56,1,,
Input_xlxs.xlsx,Input_xlxs,Moose Lodge Rd,SB,2025-06-16,23:00:00,23:15:00,>56 to 58,0,,
Input_xlxs.xlsx,Input_xlxs,Moose Lodge Rd,SB,2025-06-16,23:00:00,23:15:00,>58 to 60,0,,
Input_xlxs.xlsx,Input_xlxs,Moose Lodge Rd,SB,2025-06-16,23:00:00,23:15:00,>60 to 62,0,,
Input_xlxs.xlsx,Input_xlxs,Moose Lodge Rd,SB,2025-06-16,23:00:00,23:15:00,> 62,0,,
Input_xlxs.xlsx,Input_xlxs,Moose Lodge Rd,SB,2025-06-17,00:00:00,00:15:00,0 to 40,0,,
Input_xlxs.xlsx,Input_xlxs,Moose Lodge Rd,SB,2025-06-17,00:00:00,00:15:00,>40 to 42,0,,
Input_xlxs.xlsx,Input_xlxs,Moose Lodge Rd,SB,2025-06-17,00:00:00,00:15:00,>42 to 44,0,,
Input_xlxs.xlsx,Input_xlxs,Moose Lodge Rd,SB,2025-06-17,00:00:00,00:15:00,>44 to 46,1,,
Input_xlxs.xlsx,Input_xlxs,Moose Lodge Rd,SB,2025-06-17,00:00:00,00:15:00,>46 to 48,1,,
Input_xlxs.xlsx,Input_xlxs,Moose Lodge Rd,SB,2025-06-17,00:00:00,00:15:00,>48 to 50,3,,
Input_xlxs.xlsx,Input_xlxs,Moose Lodge Rd,SB,2025-06-17,00:00:00,00:15:00,>50 to 52,0,,
Input_xlxs.xlsx,Input_xlxs,Moose Lodge Rd,SB,2025-06-17,00:00:00,00:15:00,>52 to 54,1,,
Input_xlxs.xlsx,Input_xlxs,Moose Lodge Rd,SB,2025-06-17,00:00:00,00:15:00,>54 to 56,1,,
Input_xlxs.xlsx,Input_xlxs,Moose Lodge Rd,SB,2025-06-17,00:00:00,00:15:00,>56 to 58,0,,
Input_xlxs.xlsx,Input_xlxs,Moose Lodge Rd,SB,2025-06-17,00:00:00,00:15:00,>58 to 60,0,,
Input_xlxs.xlsx,Input_xlxs,Moose Lodge Rd,SB,2025-06-17,00:00:00,00:15:00,>60 to 62,0,,
Input_xlxs.xlsx,Input_xlxs,Moose Lodge Rd,SB,2025-06-17,00:00:00,00:15:00,> 62,1,,
Input_xlxs.xlsx,Input_xlxs,Moose Lodge Rd,SB,2025-06-17,01:00:00,01:15:00,0 to 40,0,,
Input_xlxs.xlsx,Input_xlxs,Moose Lodge Rd,SB,2025-06-17,01:00:00,01:15:00,>40 to 42,0,,
Input_xlxs.xlsx,Input_xlxs,Moose Lodge Rd,SB,2025-06-17,01:00:00,01:15:00,>42 to 44,0,,
Input_xlxs.xlsx,Input_xlxs,Moose Lodge Rd,SB,2025-06-17,01:00:00,01:15:00,>44 to 46,0,,
Input_xlxs.xlsx,Input_xlxs,Moose Lodge Rd,SB,2025-06-17,01:00:00,01:15:00,>46 to 48,1,,
Input_xlxs.xlsx,Input_xlxs,Moose Lodge Rd,SB,2025-06-17,01:00:00,01:15:00,>48 to 50,0,,
Input_xlxs.xlsx,Input_xlxs,Moose Lodge Rd,SB,2025-06-17,01:00:00,01:15:00,>50 to 52,0,,
Input_xlxs.xlsx,Input_xlxs,Moose Lodge Rd,SB,2025-06-17,01:00:00,01:15:00,>52 to 54,0,,
Input_xlxs.xlsx,Input_xlxs,Moose Lodge Rd,SB,2025-06-17,01:00:00,01:15:00,>54 to 56,0,,
Input_xlxs.xlsx,Input_xlxs,Moose Lodge Rd,SB,2025-06-17,01:00:00,01:15:00,>56 to 58,2,,
Input_xlxs.xlsx,Input_xlxs,Moose Lodge Rd,SB,2025-06-17,01:00:00,01:15:00,>58 to 60,0,,
Input_xlxs.xlsx,Input_xlxs,Moose Lodge Rd,SB,2025-06-17,01:00:00,01:15:00,>60 to 62,0,,
Input_xlxs.xlsx,Input_xlxs,Moose Lodge Rd,SB,2025-06-17,01:00:00,01:15:00,> 62,0,,
Input_xlxs.xlsx,Input_xlxs,Moose Lodge Rd,SB,2025-06-17,02:00:00,02:15:00,0 to 40,2,,
Input_xlxs.xlsx,Input_xlxs,Moose Lodge Rd,SB,2025-06-17,02:00:00,02:15:00,>40 to 42,0,,
Input_xlxs.xlsx,Input_xlxs,Moose Lodge Rd,SB,2025-06-17,02:00:00,02:15:00,>42 to 44,0,,
Input_xlxs.xlsx,Input_xlxs,Moose Lodge Rd,SB,2025-06-17,02:00:00,02:15:00,>44 to 46,0,,
Input_xlxs.xlsx,Input_xlxs,Moose Lodge Rd,SB,2025-06-17,02:00:00,02:15:00,>46 to 48,0,,
Input_xlxs.xlsx,Input_xlxs,Moose Lodge Rd,SB,2025-06-17,02:00:00,02:15:00,>48 to 50,0,,
Input_xlxs.xlsx,Input_xlxs,Moose Lodge Rd,SB,2025-06-17,02:00:00,02:15:00,>50 to 52,1,,
Input_xlxs.xlsx,Input_xlxs,Moose Lodge Rd,SB,2025-06-17,02:00:00,02:15:00,>52 to 54,0,,
Input_xlxs.xlsx,Input_xlxs,Moose Lodge Rd,SB,2025-06-17,02:00:00,02:15:00,>54 to 56,2,,
Input_xlxs.xlsx,Input_xlxs,Moose Lodge Rd,SB,2025-06-17,02:00:00,02:15:00,>56 to 58,0,,
Input_xlxs.xlsx,Input_xlxs,Moose Lodge Rd,SB,2025-06-17,02:00:00,02:15:00,>58 to 60,2,,
Input_xlxs.xlsx,Input_xlxs,Moose Lodge Rd,SB,2025-06-17,02:00:00,02:15:00,>60 to 62,0,,
Input_xlxs.xlsx,Input_xlxs,Moose Lodge Rd,SB,2025-06-17,02:00:00,02:15:00,> 62,0,,
Input_xlxs.xlsx,Input_xlxs,Moose Lodge Rd,SB,2025-06-17,03:00:00,03:15:00,0 to 40,1,,
Input_xlxs.xlsx,Input_xlxs,Moose Lodge Rd,SB,2025-06-17,03:00:00,03:15:00,>40 to 42,1,,
Input_xlxs.xlsx,Input_xlxs,Moose Lodge Rd,SB,2025-06-17,03:00:00,03:15:00,>42 to 44,2,,
Input_xlxs.xlsx,Input_xlxs,Moose Lodge Rd,SB,2025-06-17,03:00:00,03:15:00,>44 to 46,0,,
Input_xlxs.xlsx,Input_xlxs,Moose Lodge Rd,SB,2025-06-17,03:00:00,03:15:00,>46 to 48,0,,
Input_xlxs.xlsx,Input_xlxs,Moose Lodge Rd,SB,2025-06-17,03:00:00,03:15:00,>48 to 50,1,,
Input_xlxs.xlsx,Input_xlxs,Moose Lodge Rd,SB,2025-06-17,03:00:00,03:15:00,>50 to 52,0,,
Input_xlxs.xlsx,Input_xlxs,Moose Lodge Rd,SB,2025-06-17,03:00:00,03:15:00,>52 to 54,1,,
Input_xlxs.xlsx,Input_xlxs,Moose Lodge Rd,SB,2025-06-17,03:00:00,03:15:00,>54 to 56,2,,
Input_xlxs.xlsx,Input_xlxs,Moose Lodge Rd,SB,2025-06-17,03:00:00,03:15:00,>56 to 58,0,,
Input_xlxs.xlsx,Input_xlxs,Moose Lodge Rd,SB,2025-06-17,03:00:00,03:15:00,>58 to 60,0,,
Input_xlxs.xlsx,Input_xlxs,Moose Lodge Rd,SB,2025-06-17,03:00:00,03:15:00,>60 to 62,1,,
Input_xlxs.xlsx,Input_xlxs,Moose Lodge Rd,SB,2025-06-17,03:00:00,03:15:00,> 62,0,,
Input_xlxs.xlsx,Input_xlxs,Moose Lodge Rd,SB,2025-06-17,04:00:00,04:15:00,0 to 40,0,,
Input_xlxs.xlsx,Input_xlxs,Moose Lodge Rd,SB,2025-06-17,04:00:00,04:15:00,>40 to 42,0,,
Input_xlxs.xlsx,Input_xlxs,Moose Lodge Rd,SB,2025-06-17,04:00:00,04:15:00,>42 to 44,0,,
Input_xlxs.xlsx,Input_xlxs,Moose Lodge Rd,SB,2025-06-17,04:00:00,04:15:00,>44 to 46,0,,
Input_xlxs.xlsx,Input_xlxs,Moose Lodge Rd,SB,2025-06-17,04:00:00,04:15:00,>46 to 48,0,,
Input_xlxs.xlsx,Input_xlxs,Moose Lodge Rd,SB,2025-06-17,04:00:00,04:15:00,>48 to 50,2,,
Input_xlxs.xlsx,Input_xlxs,Moose Lodge Rd,SB,2025-06-17,04:00:00,04:15:00,>50 to 52,1,,
Input_xlxs.xlsx,Input_xlxs,Moose Lodge Rd,SB,2025-06-17,04:00:00,04:15:00,>52 to 54,0,,
Input_xlxs.xlsx,Input_xlxs,Moose Lodge Rd,SB,2025-06-17,04:00:00,04:15:00,>54 to 56,1,,
Input_xlxs.xlsx,Input_xlxs,Moose Lodge Rd,SB,2025-06-17,04:00:00,04:15:00,>56 to 58,0,,
Input_xlxs.xlsx,Input_xlxs,Moose Lodge Rd,SB,2025-06-17,04:00:00,04:15:00,>58 to 60,1,,
Input_xlxs.xlsx,Input_xlxs,Moose Lodge Rd,SB,2025-06-17,04:00:00,04:15:00,>60 to 62,1,,
Input_xlxs.xlsx,Input_xlxs,Moose Lodge Rd,SB,2025-06-17,04:00:00,04:15:00,> 62,4,,
Input_xlxs.xlsx,Input_xlxs,Moose Lodge Rd,SB,2025-06-17,05:00:00,05:15:00,0 to 40,1,,
Input_xlxs.xlsx,Input_xlxs,Moose Lodge Rd,SB,2025-06-17,05:00:00,05:15:00,>40 to 42,1,,
Input_xlxs.xlsx,Input_xlxs,Moose Lodge Rd,SB,2025-06-17,05:00:00,05:15:00,>42 to 44,0,,
Input_xlxs.xlsx,Input_xlxs,Moose Lodge Rd,SB,2025-06-17,05:00:00,05:15:00,>44 to 46,0,,
Input_xlxs.xlsx,Input_xlxs,Moose Lodge Rd,SB,2025-06-17,05:00:00,05:15:00,>46 to 48,3,,
Input_xlxs.xlsx,Input_xlxs,Moose Lodge Rd,SB,2025-06-17,05:00:00,05:15:00,>48 to 50,2,,
Input_xlxs.xlsx,Input_xlxs,Moose Lodge Rd,SB,2025-06-17,05:00:00,05:15:00,>50 to 52,1,,
Input_xlxs.xlsx,Input_xlxs,Moose Lodge Rd,SB,2025-06-17,05:00:00,05:15:00,>52 to 54,0,,
Input_xlxs.xlsx,Input_xlxs,Moose Lodge Rd,SB,2025-06-17,05:00:00,05:15:00,>54 to 56,0,,
Input_xlxs.xlsx,Input_xlxs,Moose Lodge Rd,SB,2025-06-17,05:00:00,05:15:00,>56 to 58,5,,
Input_xlxs.xlsx,Input_xlxs,Moose Lodge Rd,SB,2025-06-17,05:00:00,05:15:00,>58 to 60,1,,
Input_xlxs.xlsx,Input_xlxs,Moose Lodge Rd,SB,2025-06-17,05:00:00,05:15:00,>60 to 62,1,,
Input_xlxs.xlsx,Input_xlxs,Moose Lodge Rd,SB,2025-06-17,05:00:00,05:15:00,> 62,7,,
Input_xlxs.xlsx,Input_xlxs,Moose Lodge Rd,SB,2025-06-17,06:00:00,06:15:00,0 to 40,2,,
Input_xlxs.xlsx,Input_xlxs,Moose Lodge Rd,SB,2025-06-17,06:00:00,06:15:00,>40 to 42,1,,
Input_xlxs.xlsx,Input_xlxs,Moose Lodge Rd,SB,2025-06-17,06:00:00,06:15:00,>42 to 44,1,,
Input_xlxs.xlsx,Input_xlxs,Moose Lodge Rd,SB,2025-06-17,06:00:00,06:15:00,>44 to 46,1,,
Input_xlxs.xlsx,Input_xlxs,Moose Lodge Rd,SB,2025-06-17,06:00:00,06:15:00,>46 to 48,1,,
Input_xlxs.xlsx,Input_xlxs,Moose Lodge Rd,SB,2025-06-17,06:00:00,06:15:00,>48 to 50,4,,
Input_xlxs.xlsx,Input_xlxs,Moose Lodge Rd,SB,2025-06-17,06:00:00,06:15:00,>50 to 52,8,,
Input_xlxs.xlsx,Input_xlxs,Moose Lodge Rd,SB,2025-06-17,06:00:00,06:15:00,>52 to 54,7,,
Input_xlxs.xlsx,Input_xlxs,Moose Lodge Rd,SB,2025-06-17,06:00:00,06:15:00,>54 to 56,10,,
Input_xlxs.xlsx,Input_xlxs,Moose Lodge Rd,SB,2025-06-17,06:00:00,06:15:00,>56 to 58,4,,
Input_xlxs.xlsx,Input_xlxs,Moose Lodge Rd,SB,2025-06-17,06:00:00,06:15:00,>58 to 60,3,,
Input_xlxs.xlsx,Input_xlxs,Moose Lodge Rd,SB,2025-06-17,06:00:00,06:15:00,>60 to 62,3,,
Input_xlxs.xlsx,Input_xlxs,Moose Lodge Rd,SB,2025-06-17,06:00:00,06:15:00,> 62,15,,
Input_xlxs.xlsx,Input_xlxs,Moose Lodge Rd,SB,2025-06-17,07:00:00,07:15:00,0 to 40,1,,
Input_xlxs.xlsx,Input_xlxs,Moose Lodge Rd,SB,2025-06-17,07:00:00,07:15:00,>40 to 42,0,,
Input_xlxs.xlsx,Input_xlxs,Moose Lodge Rd,SB,2025-06-17,07:00:00,07:15:00,>42 to 44,1,,
Input_xlxs.xlsx,Input_xlxs,Moose Lodge Rd,SB,2025-06-17,07:00:00,07:15:00,>44 to 46,2,,
Input_xlxs.xlsx,Input_xlxs,Moose Lodge Rd,SB,2025-06-17,07:00:00,07:15:00,>46 to 48,5,,
Input_xlxs.xlsx,Input_xlxs,Moose Lodge Rd,SB,2025-06-17,07:00:00,07:15:00,>48 to 50,5,,
Input_xlxs.xlsx,Input_xlxs,Moose Lodge Rd,SB,2025-06-17,07:00:00,07:15:00,>50 to 52,7,,
Input_xlxs.xlsx,Input_xlxs,Moose Lodge Rd,SB,2025-06-17,07:00:00,07:15:00,>52 to 54,3,,
Input_xlxs.xlsx,Input_xlxs,Moose Lodge Rd,SB,2025-06-17,07:00:00,07:15:00,>54 to 56,12,,
Input_xlxs.xlsx,Input_xlxs,Moose Lodge Rd,SB,2025-06-17,07:00:00,07:15:00,>56 to 58,12,,
Input_xlxs.xlsx,Input_xlxs,Moose Lodge Rd,SB,2025-06-17,07:00:00,07:15:00,>58 to 60,5,,
Input_xlxs.xlsx,Input_xlxs,Moose Lodge Rd,SB,2025-06-17,07:00:00,07:15:00,>60 to 62,15,,
Input_xlxs.xlsx,Input_xlxs,Moose Lodge Rd,SB,2025-06-17,07:00:00,07:15:00,> 62,6,,
Input_xlxs.xlsx,Input_xlxs,Moose Lodge Rd,SB,2025-06-17,08:00:00,08:15:00,0 to 40,3,,
Input_xlxs.xlsx,Input_xlxs,Moose Lodge Rd,SB,2025-06-17,08:00:00,08:15:00,>40 to 42,0,,
Input_xlxs.xlsx,Input_xlxs,Moose Lodge Rd,SB,2025-06-17,08:00:00,08:15:00,>42 to 44,2,,
Input_xlxs.xlsx,Input_xlxs,Moose Lodge Rd,SB,2025-06-17,08:00:00,08:15:00,>44 to 46,1,,
Input_xlxs.xlsx,Input_xlxs,Moose Lodge Rd,SB,2025-06-17,08:00:00,08:15:00,>46 to 48,2,,
Input_xlxs.xlsx,Input_xlxs,Moose Lodge Rd,SB,2025-06-17,08:00:00,08:15:00,>48 to 50,6,,
Input_xlxs.xlsx,Input_xlxs,Moose Lodge Rd,SB,2025-06-17,08:00:00,08:15:00,>50 to 52,5,,
Input_xlxs.xlsx,Input_xlxs,Moose Lodge Rd,SB,2025-06-17,08:00:00,08:15:00,>52 to 54,13,,
Input_xlxs.xlsx,Input_xlxs,Moose Lodge Rd,SB,2025-06-17,08:00:00,08:15:00,>54 to 56,12,,
Input_xlxs.xlsx,Input_xlxs,Moose Lodge Rd,SB,2025-06-17,08:00:00,08:15:00,>56 to 58,9,,
Input_xlxs.xlsx,Input_xlxs,Moose Lodge Rd,SB,2025-06-17,08:00:00,08:15:00,>58 to 60,6,,
Input_xlxs.xlsx,Input_xlxs,Moose Lodge Rd,SB,2025-06-17,08:00:00,08:15:00,>60 to 62,3,,
Input_xlxs.xlsx,Input_xlxs,Moose Lodge Rd,SB,2025-06-17,08:00:00,08:15:00,> 62,4,,
Input_xlxs.xlsx,Input_xlxs,Moose Lodge Rd,SB,2025-06-17,09:00:00,09:15:00,0 to 40,3,,
Input_xlxs.xlsx,Input_xlxs,Moose Lodge Rd,SB,2025-06-17,09:00:00,09:15:00,>40 to 42,2,,
Input_xlxs.xlsx,Input_xlxs,Moose Lodge Rd,SB,2025-06-17,09:00:00,09:15:00,>42 to 44,1,,
Input_xlxs.xlsx,Input_xlxs,Moose Lodge Rd,SB,2025-06-17,09:00:00,09:15:00,>44 to 46,3,,
Input_xlxs.xlsx,Input_xlxs,Moose Lodge Rd,SB,2025-06-17,09:00:00,09:15:00,>46 to 48,10,,
Input_xlxs.xlsx,Input_xlxs,Moose Lodge Rd,SB,2025-06-17,09:00:00,09:15:00,>48 to 50,7,,
Input_xlxs.xlsx,Input_xlxs,Moose Lodge Rd,SB,2025-06-17,09:00:00,09:15:00,>50 to 52,8,,
Input_xlxs.xlsx,Input_xlxs,Moose Lodge Rd,SB,2025-06-17,09:00:00,09:15:00,>52 to 54,10,,
Input_xlxs.xlsx,Input_xlxs,Moose Lodge Rd,SB,2025-06-17,09:00:00,09:15:00,>54 to 56,9,,
Input_xlxs.xlsx,Input_xlxs,Moose Lodge Rd,SB,2025-06-17,09:00:00,09:15:00,>56 to 58,16,,
Input_xlxs.xlsx,Input_xlxs,Moose Lodge Rd,SB,2025-06-17,09:00:00,09:15:00,>58 to 60,6,,
Input_xlxs.xlsx,Input_xlxs,Moose Lodge Rd,SB,2025-06-17,09:00:00,09:15:00,>60 to 62,6,,
Input_xlxs.xlsx,Input_xlxs,Moose Lodge Rd,SB,2025-06-17,09:00:00,09:15:00,> 62,9,,
Input_xlxs.xlsx,Input_xlxs,Moose Lodge Rd,SB,2025-06-17,10:00:00,10:15:00,0 to 40,2,,
Input_xlxs.xlsx,Input_xlxs,Moose Lodge Rd,SB,2025-06-17,10:00:00,10:15:00,>40 to 42,0,,
Input_xlxs.xlsx,Input_xlxs,Moose Lodge Rd,SB,2025-06-17,10:00:00,10:15:00,>42 to 44,3,,
Input_xlxs.xlsx,Input_xlxs,Moose Lodge Rd,SB,2025-06-17,10:00:00,10:15:00,>44 to 46,4,,
Input_xlxs.xlsx,Input_xlxs,Moose Lodge Rd,SB,2025-06-17,10:00:00,10:15:00,>46 to 48,6,,
Input_xlxs.xlsx,Input_xlxs,Moose Lodge Rd,SB,2025-06-17,10:00:00,10:15:00,>48 to 50,9,,
Input_xlxs.xlsx,Input_xlxs,Moose Lodge Rd,SB,2025-06-17,10:00:00,10:15:00,>50 to 52,11,,
Input_xlxs.xlsx,Input_xlxs,Moose Lodge Rd,SB,2025-06-17,10:00:00,10:15:00,>52 to 54,13,,
Input_xlxs.xlsx,Input_xlxs,Moose Lodge Rd,SB,2025-06-17,10:00:00,10:15:00,>54 to 56,6,,
Input_xlxs.xlsx,Input_xlxs,Moose Lodge Rd,SB,2025-06-17,10:00:00,10:15:00,>56 to 58,11,,
Input_xlxs.xlsx,Input_xlxs,Moose Lodge Rd,SB,2025-06-17,10:00:00,10:15:00,>58 to 60,4,,
Input_xlxs.xlsx,Input_xlxs,Moose Lodge Rd,SB,2025-06-17,10:00:00,10:15:00,>60 to 62,3,,
Input_xlxs.xlsx,Input_xlxs,Moose Lodge Rd,SB,2025-06-17,10:00:00,10:15:00,> 62,3,,
Input_xlxs.xlsx,Input_xlxs,Moose Lodge Rd,SB,2025-06-17,11:00:00,11:15:00,0 to 40,5,,
Input_xlxs.xlsx,Input_xlxs,Moose Lodge Rd,SB,2025-06-17,11:00:00,11:15:00,>40 to 42,1,,
Input_xlxs.xlsx,Input_xlxs,Moose Lodge Rd,SB,2025-06-17,11:00:00,11:15:00,>42 to 44,2,,
Input_xlxs.xlsx,Input_xlxs,Moose Lodge Rd,SB,2025-06-17,11:00:00,11:15:00,>44 to 46,4,,
Input_xlxs.xlsx,Input_xlxs,Moose Lodge Rd,SB,2025-06-17,11:00:00,11:15:00,>46 to 48,6,,
Input_xlxs.xlsx,Input_xlxs,Moose Lodge Rd,SB,2025-06-17,11:00:00,11:15:00,>48 to 50,10,,
Input_xlxs.xlsx,Input_xlxs,Moose Lodge Rd,SB,2025-06-17,11:00:00,11:15:00,>50 to 52,11,,
Input_xlxs.xlsx,Input_xlxs,Moose Lodge Rd,SB,2025-06-17,11:00:00,11:15:00,>52 to 54,16,,
Input_xlxs.xlsx,Input_xlxs,Moose Lodge Rd,SB,2025-06-17,11:00:00,11:15:00,>54 to 56,7,,
Input_xlxs.xlsx,Input_xlxs,Moose Lodge Rd,SB,2025-06-17,11:00:00,11:15:00,>56 to 58,9,,
Input_xlxs.xlsx,Input_xlxs,Moose Lodge Rd,SB,2025-06-17,11:00:00,11:15:00,>58 to 60,2,,
Input_xlxs.xlsx,Input_xlxs,Moose Lodge Rd,SB,2025-06-17,11:00:00,11:15:00,>60 to 62,5,,
Input_xlxs.xlsx,Input_xlxs,Moose Lodge Rd,SB,2025-06-17,11:00:00,11:15:00,> 62,6,,
Input_xlxs.xlsx,Input_xlxs,Moose Lodge Rd,SB,2025-06-17,12:00:00,12:15:00,0 to 40,3,,
Input_xlxs.xlsx,Input_xlxs,Moose Lodge Rd,SB,2025-06-17,12:00:00,12:15:00,>40 to 42,1,,
Input_xlxs.xlsx,Input_xlxs,Moose Lodge Rd,SB,2025-06-17,12:00:00,12:15:00,>42 to 44,5,,
Input_xlxs.xlsx,Input_xlxs,Moose Lodge Rd,SB,2025-06-17,12:00:00,12:15:00,>44 to 46,5,,
Input_xlxs.xlsx,Input_xlxs,Moose Lodge Rd,SB,2025-06-17,12:00:00,12:15:00,>46 to 48,6,,
Input_xlxs.xlsx,Input_xlxs,Moose Lodge Rd,SB,2025-06-17,12:00:00,12:15:00,>48 to 50,9,,
Input_xlxs.xlsx,Input_xlxs,Moose Lodge Rd,SB,2025-06-17,12:00:00,12:15:00,>50 to 52,15,,
Input_xlxs.xlsx,Input_xlxs,Moose Lodge Rd,SB,2025-06-17,12:00:00,12:15:00,>52 to 54,13,,
Input_xlxs.xlsx,Input_xlxs,Moose Lodge Rd,SB,2025-06-17,12:00:00,12:15:00,>54 to 56,14,,
Input_xlxs.xlsx,Input_xlxs,Moose Lodge Rd,SB,2025-06-17,12:00:00,12:15:00,>56 to 58,18,,
Input_xlxs.xlsx,Input_xlxs,Moose Lodge Rd,SB,2025-06-17,12:00:00,12:15:00,>58 to 60,9,,
Input_xlxs.xlsx,Input_xlxs,Moose Lodge Rd,SB,2025-06-17,12:00:00,12:15:00,>60 to 62,4,,
Input_xlxs.xlsx,Input_xlxs,Moose Lodge Rd,SB,2025-06-17,12:00:00,12:15:00,> 62,7,,
Input_xlxs.xlsx,Input_xlxs,Moose Lodge Rd,SB,2025-06-17,13:00:00,13:15:00,0 to 40,5,,
Input_xlxs.xlsx,Input_xlxs,Moose Lodge Rd,SB,2025-06-17,13:00:00,13:15:00,>40 to 42,1,,
Input_xlxs.xlsx,Input_xlxs,Moose Lodge Rd,SB,2025-06-17,13:00:00,13:15:00,>42 to 44,2,,
Input_xlxs.xlsx,Input_xlxs,Moose Lodge Rd,SB,2025-06-17,13:00:00,13:15:00,>44 to 46,3,,
Input_xlxs.xlsx,Input_xlxs,Moose Lodge Rd,SB,2025-06-17,13:00:00,13:15:00,>46 to 48,16,,
Input_xlxs.xlsx,Input_xlxs,Moose Lodge Rd,SB,2025-06-17,13:00:00,13:15:00,>48 to 50,6,,
Input_xlxs.xlsx,Input_xlxs,Moose Lodge Rd,SB,2025-06-17,13:00:00,13:15:00,>50 to 52,18,,
Input_xlxs.xlsx,Input_xlxs,Moose Lodge Rd,SB,2025-06-17,13:00:00,13:15:00,>52 to 54,14,,
Input_xlxs.xlsx,Input_xlxs,Moose Lodge Rd,SB,2025-06-17,13:00:00,13:15:00,>54 to 56,12,,
Input_xlxs.xlsx,Input_xlxs,Moose Lodge Rd,SB,2025-06-17,13:00:00,13:15:00,>56 to 58,10,,
Input_xlxs.xlsx,Input_xlxs,Moose Lodge Rd,SB,2025-06-17,13:00:00,13:15:00,>58 to 60,4,,
Input_xlxs.xlsx,Input_xlxs,Moose Lodge Rd,SB,2025-06-17,13:00:00,13:15:00,>60 to 62,2,,
Input_xlxs.xlsx,Input_xlxs,Moose Lodge Rd,SB,2025-06-17,13:00:00,13:15:00,> 62,9,,
Input_xlxs.xlsx,Input_xlxs,Moose Lodge Rd,SB,2025-06-17,14:00:00,14:15:00,0 to 40,2,,
Input_xlxs.xlsx,Input_xlxs,Moose Lodge Rd,SB,2025-06-17,14:00:00,14:15:00,>40 to 42,0,,
Input_xlxs.xlsx,Input_xlxs,Moose Lodge Rd,SB,2025-06-17,14:00:00,14:15:00,>42 to 44,0,,
Input_xlxs.xlsx,Input_xlxs,Moose Lodge Rd,SB,2025-06-17,14:00:00,14:15:00,>44 to 46,2,,
Input_xlxs.xlsx,Input_xlxs,Moose Lodge Rd,SB,2025-06-17,14:00:00,14:15:00,>46 to 48,8,,
Input_xlxs.xlsx,Input_xlxs,Moose Lodge Rd,SB,2025-06-17,14:00:00,14:15:00,>48 to 50,12,,
Input_xlxs.xlsx,Input_xlxs,Moose Lodge Rd,SB,2025-06-17,14:00:00,14:15:00,>50 to 52,23,,
Input_xlxs.xlsx,Input_xlxs,Moose Lodge Rd,SB,2025-06-17,14:00:00,14:15:00,>52 to 54,13,,
Input_xlxs.xlsx,Input_xlxs,Moose Lodge Rd,SB,2025-06-17,14:00:00,14:15:00,>54 to 56,16,,
Input_xlxs.xlsx,Input_xlxs,Moose Lodge Rd,SB,2025-06-17,14:00:00,14:15:00,>56 to 58,15,,
Input_xlxs.xlsx,Input_xlxs,Moose Lodge Rd,SB,2025-06-17,14:00:00,14:15:00,>58 to 60,7,,
Input_xlxs.xlsx,Input_xlxs,Moose Lodge Rd,SB,2025-06-17,14:00:00,14:15:00,>60 to 62,8,,
Input_xlxs.xlsx,Input_xlxs,Moose Lodge Rd,SB,2025-06-17,14:00:00,14:15:00,> 62,15,,
Input_xlxs.xlsx,Input_xlxs,Moose Lodge Rd,SB,2025-06-17,15:00:00,15:15:00,0 to 40,5,,
Input_xlxs.xlsx,Input_xlxs,Moose Lodge Rd,SB,2025-06-17,15:00:00,15:15:00,>40 to 42,0,,
Input_xlxs.xlsx,Input_xlxs,Moose Lodge Rd,SB,2025-06-17,15:00:00,15:15:00,>42 to 44,1,,
Input_xlxs.xlsx,Input_xlxs,Moose Lodge Rd,SB,2025-06-17,15:00:00,15:15:00,>44 to 46,9,,
Input_xlxs.xlsx,Input_xlxs,Moose Lodge Rd,SB,2025-06-17,15:00:00,15:15:00,>46 to 48,12,,
Input_xlxs.xlsx,Input_xlxs,Moose Lodge Rd,SB,2025-06-17,15:00:00,15:15:00,>48 to 50,24,,
Input_xlxs.xlsx,Input_xlxs,Moose Lodge Rd,SB,2025-06-17,15:00:00,15:15:00,>50 to 52,21,,
Input_xlxs.xlsx,Input_xlxs,Moose Lodge Rd,SB,2025-06-17,15:00:00,15:15:00,>52 to 54,23,,
Input_xlxs.xlsx,Input_xlxs,Moose Lodge Rd,SB,2025-06-17,15:00:00,15:15:00,>54 to 56,22,,
Input_xlxs.xlsx,Input_xlxs,Moose Lodge Rd,SB,2025-06-17,15:00:00,15:15:00,>56 to 58,21,,
Input_xlxs.xlsx,Input_xlxs,Moose Lodge Rd,SB,2025-06-17,15:00:00,15:15:00,>58 to 60,20,,
Input_xlxs.xlsx,Input_xlxs,Moose Lodge Rd,SB,2025-06-17,15:00:00,15:15:00,>60 to 62,11,,
Input_xlxs.xlsx,Input_xlxs,Moose Lodge Rd,SB,2025-06-17,15:00:00,15:15:00,> 62,18,,
Input_xlxs.xlsx,Input_xlxs,Moose Lodge Rd,SB,2025-06-17,16:00:00,16:15:00,0 to 40,3,,
Input_xlxs.xlsx,Input_xlxs,Moose Lodge Rd,SB,2025-06-17,16:00:00,16:15:00,>40 to 42,0,,
Input_xlxs.xlsx,Input_xlxs,Moose Lodge Rd,SB,2025-06-17,16:00:00,16:15:00,>42 to 44,3,,
Input_xlxs.xlsx,Input_xlxs,Moose Lodge Rd,SB,2025-06-17,16:00:00,16:15:00,>44 to 46,13,,
Input_xlxs.xlsx,Input_xlxs,Moose Lodge Rd,SB,2025-06-17,16:00:00,16:15:00,>46 to 48,10,,
Input_xlxs.xlsx,Input_xlxs,Moose Lodge Rd,SB,2025-06-17,16:00:00,16:15:00,>48 to 50,22,,
Input_xlxs.xlsx,Input_xlxs,Moose Lodge Rd,SB,2025-06-17,16:00:00,16:15:00,>50 to 52,30,,
Input_xlxs.xlsx,Input_xlxs,Moose Lodge Rd,SB,2025-06-17,16:00:00,16:15:00,>52 to 54,37,,
Input_xlxs.xlsx,Input_xlxs,Moose Lodge Rd,SB,2025-06-17,16:00:00,16:15:00,>54 to 56,43,,
Input_xlxs.xlsx,Input_xlxs,Moose Lodge Rd,SB,2025-06-17,16:00:00,16:15:00,>56 to 58,26,,
Input_xlxs.xlsx,Input_xlxs,Moose Lodge Rd,SB,2025-06-17,16:00:00,16:15:00,>58 to 60,17,,
Input_xlxs.xlsx,Input_xlxs,Moose Lodge Rd,SB,2025-06-17,16:00:00,16:15:00,>60 to 62,12,,
Input_xlxs.xlsx,Input_xlxs,Moose Lodge Rd,SB,2025-06-17,16:00:00,16:15:00,> 62,16,,
Input_xlxs.xlsx,Input_xlxs,Moose Lodge Rd,SB,2025-06-17,17:00:00,17:15:00,0 to 40,4,,
Input_xlxs.xlsx,Input_xlxs,Moose Lodge Rd,SB,2025-06-17,17:00:00,17:15:00,>40 to 42,2,,
Input_xlxs.xlsx,Input_xlxs,Moose Lodge Rd,SB,2025-06-17,17:00:00,17:15:00,>42 to 44,7,,
Input_xlxs.xlsx,Input_xlxs,Moose Lodge Rd,SB,2025-06-17,17:00:00,17:15:00,>44 to 46,5,,
Input_xlxs.xlsx,Input_xlxs,Moose Lodge Rd,SB,2025-06-17,17:00:00,17:15:00,>46 to 48,12,,
Input_xlxs.xlsx,Input_xlxs,Moose Lodge Rd,SB,2025-06-17,17:00:00,17:15:00,>48 to 50,19,,
Input_xlxs.xlsx,Input_xlxs,Moose Lodge Rd,SB,2025-06-17,17:00:00,17:15:00,>50 to 52,23,,
Input_xlxs.xlsx,Input_xlxs,Moose Lodge Rd,SB,2025-06-17,17:00:00,17:15:00,>52 to 54,23,,
Input_xlxs.xlsx,Input_xlxs,Moose Lodge Rd,SB,2025-06-17,17:00:00,17:15:00,>54 to 56,19,,
Input_xlxs.xlsx,Input_xlxs,Moose Lodge Rd,SB,2025-06-17,17:00:00,17:15:00,>56 to 58,20,,
Input_xlxs.xlsx,Input_xlxs,Moose Lodge Rd,SB,2025-06-17,17:00:00,17:15:00,>58 to 60,8,,
Input_xlxs.xlsx,Input_xlxs,Moose Lodge Rd,SB,2025-06-17,17:00:00,17:15:00,>60 to 62,8,,
Input_xlxs.xlsx,Input_xlxs,Moose Lodge Rd,SB,2025-06-17,17:00:00,17:15:00,> 62,18,,
Input_xlxs.xlsx,Input_xlxs,Moose Lodge Rd,SB,2025-06-17,18:00:00,18:15:00,0 to 40,1,,
Input_xlxs.xlsx,Input_xlxs,Moose Lodge Rd,SB,2025-06-17,18:00:00,18:15:00,>40 to 42,2,,
Input_xlxs.xlsx,Input_xlxs,Moose Lodge Rd,SB,2025-06-17,18:00:00,18:15:00,>42 to 44,4,,
Input_xlxs.xlsx,Input_xlxs,Moose Lodge Rd,SB,2025-06-17,18:00:00,18:15:00,>44 to 46,2,,
Input_xlxs.xlsx,Input_xlxs,Moose Lodge Rd,SB,2025-06-17,18:00:00,18:15:00,>46 to 48,6,,
Input_xlxs.xlsx,Input_xlxs,Moose Lodge Rd,SB,2025-06-17,18:00:00,18:15:00,>48 to 50,6,,
Input_xlxs.xlsx,Input_xlxs,Moose Lodge Rd,SB,2025-06-17,18:00:00,18:15:00,>50 to 52,14,,
Input_xlxs.xlsx,Input_xlxs,Moose Lodge Rd,SB,2025-06-17,18:00:00,18:15:00,>52 to 54,12,,
Input_xlxs.xlsx,Input_xlxs,Moose Lodge Rd,SB,2025-06-17,18:00:00,18:15:00,>54 to 56,21,,
Input_xlxs.xlsx,Input_xlxs,Moose Lodge Rd,SB,2025-06-17,18:00:00,18:15:00,>56 to 58,9,,
Input_xlxs.xlsx,Input_xlxs,Moose Lodge Rd,SB,2025-06-17,18:00:00,18:15:00,>58 to 60,10,,
Input_xlxs.xlsx,Input_xlxs,Moose Lodge Rd,SB,2025-06-17,18:00:00,18:15:00,>60 to 62,7,,
Input_xlxs.xlsx,Input_xlxs,Moose Lodge Rd,SB,2025-06-17,18:00:00,18:15:00,> 62,7,,
Input_xlxs.xlsx,Input_xlxs,Moose Lodge Rd,SB,2025-06-17,19:00:00,19:15:00,0 to 40,1,,
Input_xlxs.xlsx,Input_xlxs,Moose Lodge Rd,SB,2025-06-17,19:00:00,19:15:00,>40 to 42,0,,
Input_xlxs.xlsx,Input_xlxs,Moose Lodge Rd,SB,2025-06-17,19:00:00,19:15:00,>42 to 44,0,,
Input_xlxs.xlsx,Input_xlxs,Moose Lodge Rd,SB,2025-06-17,19:00:00,19:15:00,>44 to 46,0,,
Input_xlxs.xlsx,Input_xlxs,Moose Lodge Rd,SB,2025-06-17,19:00:00,19:15:00,>46 to 48,4,,
Input_xlxs.xlsx,Input_xlxs,Moose Lodge Rd,SB,2025-06-17,19:00:00,19:15:00,>48 to 50,8,,
Input_xlxs.xlsx,Input_xlxs,Moose Lodge Rd,SB,2025-06-17,19:00:00,19:15:00,>50 to 52,13,,
Input_xlxs.xlsx,Input_xlxs,Moose Lodge Rd,SB,2025-06-17,19:00:00,19:15:00,>52 to 54,8,,
Input_xlxs.xlsx,Input_xlxs,Moose Lodge Rd,SB,2025-06-17,19:00:00,19:15:00,>54 to 56,8,,
Input_xlxs.xlsx,Input_xlxs,Moose Lodge Rd,SB,2025-06-17,19:00:00,19:15:00,>56 to 58,9,,
Input_xlxs.xlsx,Input_xlxs,Moose Lodge Rd,SB,2025-06-17,19:00:00,19:15:00,>58 to 60,4,,
Input_xlxs.xlsx,Input_xlxs,Moose Lodge Rd,SB,2025-06-17,19:00:00,19:15:00,>60 to 62,5,,
Input_xlxs.xlsx,Input_xlxs,Moose Lodge Rd,SB,2025-06-17,19:00:00,19:15:00,> 62,13,,
Input_xlxs.xlsx,Input_xlxs,Moose Lodge Rd,SB,2025-06-17,20:00:00,20:15:00,0 to 40,1,,
Input_xlxs.xlsx,Input_xlxs,Moose Lodge Rd,SB,2025-06-17,20:00:00,20:15:00,>40 to 42,1,,
Input_xlxs.xlsx,Input_xlxs,Moose Lodge Rd,SB,2025-06-17,20:00:00,20:15:00,>42 to 44,2,,
Input_xlxs.xlsx,Input_xlxs,Moose Lodge Rd,SB,2025-06-17,20:00:00,20:15:00,>44 to 46,2,,
Input_xlxs.xlsx,Input_xlxs,Moose Lodge Rd,SB,2025-06-17,20:00:00,20:15:00,>46 to 48,1,,
Input_xlxs.xlsx,Input_xlxs,Moose Lodge Rd,SB,2025-06-17,20:00:00,20:15:00,>48 to 50,4,,
Input_xlxs.xlsx,Input_xlxs,Moose Lodge Rd,SB,2025-06-17,20:00:00,20:15:00,>50 to 52,12,,
Input_xlxs.xlsx,Input_xlxs,Moose Lodge Rd,SB,2025-06-17,20:00:00,20:15:00,>52 to 54,9,,
Input_xlxs.xlsx,Input_xlxs,Moose Lodge Rd,SB,2025-06-17,20:00:00,20:15:00,>54 to 56,10,,
Input_xlxs.xlsx,Input_xlxs,Moose Lodge Rd,SB,2025-06-17,20:00:00,20:15:00,>56 to 58,3,,
Input_xlxs.xlsx,Input_xlxs,Moose Lodge Rd,SB,2025-06-17,20:00:00,20:15:00,>58 to 60,5,,
Input_xlxs.xlsx,Input_xlxs,Moose Lodge Rd,SB,2025-06-17,20:00:00,20:15:00,>60 to 62,1,,
Input_xlxs.xlsx,Input_xlxs,Moose Lodge Rd,SB,2025-06-17,20:00:00,20:15:00,> 62,6,,
Input_xlxs.xlsx,Input_xlxs,Moose Lodge Rd,SB,2025-06-17,21:00:00,21:15:00,0 to 40,0,,
Input_xlxs.xlsx,Input_xlxs,Moose Lodge Rd,SB,2025-06-17,21:00:00,21:15:00,>40 to 42,1,,
Input_xlxs.xlsx,Input_xlxs,Moose Lodge Rd,SB,2025-06-17,21:00:00,21:15:00,>42 to 44,2,,
Input_xlxs.xlsx,Input_xlxs,Moose Lodge Rd,SB,2025-06-17,21:00:00,21:15:00,>44 to 46,3,,
Input_xlxs.xlsx,Input_xlxs,Moose Lodge Rd,SB,2025-06-17,21:00:00,21:15:00,>46 to 48,1,,
Input_xlxs.xlsx,Input_xlxs,Moose Lodge Rd,SB,2025-06-17,21:00:00,21:15:00,>48 to 50,1,,
Input_xlxs.xlsx,Input_xlxs,Moose Lodge Rd,SB,2025-06-17,21:00:00,21:15:00,>50 to 52,5,,
Input_xlxs.xlsx,Input_xlxs,Moose Lodge Rd,SB,2025-06-17,21:00:00,21:15:00,>52 to 54,6,,
Input_xlxs.xlsx,Input_xlxs,Moose Lodge Rd,SB,2025-06-17,21:00:00,21:15:00,>54 to 56,3,,
Input_xlxs.xlsx,Input_xlxs,Moose Lodge Rd,SB,2025-06-17,21:00:00,21:15:00,>56 to 58,3,,
Input_xlxs.xlsx,Input_xlxs,Moose Lodge Rd,SB,2025-06-17,21:00:00,21:15:00,>58 to 60,1,,
Input_xlxs.xlsx,Input_xlxs,Moose Lodge Rd,SB,2025-06-17,21:00:00,21:15:00,>60 to 62,0,,
Input_xlxs.xlsx,Input_xlxs,Moose Lodge Rd,SB,2025-06-17,21:00:00,21:15:00,> 62,3,,
Input_xlxs.xlsx,Input_xlxs,Moose Lodge Rd,SB,2025-06-17,22:00:00,22:15:00,0 to 40,2,,
Input_xlxs.xlsx,Input_xlxs,Moose Lodge Rd,SB,2025-06-17,22:00:00,22:15:00,>40 to 42,1,,
Input_xlxs.xlsx,Input_xlxs,Moose Lodge Rd,SB,2025-06-17,22:00:00,22:15:00,>42 to 44,1,,
Input_xlxs.xlsx,Input_xlxs,Moose Lodge Rd,SB,2025-06-17,22:00:00,22:15:00,>44 to 46,2,,
Input_xlxs.xlsx,Input_xlxs,Moose Lodge Rd,SB,2025-06-17,22:00:00,22:15:00,>46 to 48,2,,
Input_xlxs.xlsx,Input_xlxs,Moose Lodge Rd,SB,2025-06-17,22:00:00,22:15:00,>48 to 50,2,,
Input_xlxs.xlsx,Input_xlxs,Moose Lodge Rd,SB,2025-06-17,22:00:00,22:15:00,>50 to 52,3,,
Input_xlxs.xlsx,Input_xlxs,Moose Lodge Rd,SB,2025-06-17,22:00:00,22:15:00,>52 to 54,4,,
Input_xlxs.xlsx,Input_xlxs,Moose Lodge Rd,SB,2025-06-17,22:00:00,22:15:00,>54 to 56,3,,
Input_xlxs.xlsx,Input_xlxs,Moose Lodge Rd,SB,2025-06-17,22:00:00,22:15:00,>56 to 58,1,,
Input_xlxs.xlsx,Input_xlxs,Moose Lodge Rd,SB,2025-06-17,22:00:00,22:15:00,>58 to 60,1,,
Input_xlxs.xlsx,Input_xlxs,Moose Lodge Rd,SB,2025-06-17,22:00:00,22:15:00,>60 to 62,2,,
Input_xlxs.xlsx,Input_xlxs,Moose Lodge Rd,SB,2025-06-17,22:00:00,22:15:00,> 62,1,,
Input_xlxs.xlsx,Input_xlxs,Moose Lodge Rd,SB,2025-06-17,23:00:00,23:15:00,0 to 40,0,,
Input_xlxs.xlsx,Input_xlxs,Moose Lodge Rd,SB,2025-06-17,23:00:00,23:15:00,>40 to 42,0,,
Input_xlxs.xlsx,Input_xlxs,Moose Lodge Rd,SB,2025-06-17,23:00:00,23:15:00,>42 to 44,0,,
Input_xlxs.xlsx,Input_xlxs,Moose Lodge Rd,SB,2025-06-17,23:00:00,23:15:00,>44 to 46,3,,
Input_xlxs.xlsx,Input_xlxs,Moose Lodge Rd,SB,2025-06-17,23:00:00,23:15:00,>46 to 48,2,,
Input_xlxs.xlsx,Input_xlxs,Moose Lodge Rd,SB,2025-06-17,23:00:00,23:15:00,>48 to 50,6,,
Input_xlxs.xlsx,Input_xlxs,Moose Lodge Rd,SB,2025-06-17,23:00:00,23:15:00,>50 to 52,3,,
Input_xlxs.xlsx,Input_xlxs,Moose Lodge Rd,SB,2025-06-17,23:00:00,23:15:00,>52 to 54,1,,
Input_xlxs.xlsx,Input_xlxs,Moose Lodge Rd,SB,2025-06-17,23:00:00,23:15:00,>54 to 56,0,,
Input_xlxs.xlsx,Input_xlxs,Moose Lodge Rd,SB,2025-06-17,23:00:00,23:15:00,>56 to 58,0,,
Input_xlxs.xlsx,Input_xlxs,Moose Lodge Rd,SB,2025-06-17,23:00:00,23:15:00,>58 to 60,0,,
Input_xlxs.xlsx,Input_xlxs,Moose Lodge Rd,SB,2025-06-17,23:00:00,23:15:00,>60 to 62,0,,
Input_xlxs.xlsx,Input_xlxs,Moose Lodge Rd,SB,2025-06-17,23:00:00,23:15:00,> 62,0,,
Input_xlxs.xlsx,Input_xlxs,Moose Lodge Rd,NB,2025-06-11,00:00:00,00:15:00,0 to 40,0,,
Input_xlxs.xlsx,Input_xlxs,Moose Lodge Rd,NB,2025-06-11,00:00:00,00:15:00,>40 to 42,1,,
Input_xlxs.xlsx,Input_xlxs,Moose Lodge Rd,NB,2025-06-11,00:00:00,00:15:00,>42 to 44,0,,
Input_xlxs.xlsx,Input_xlxs,Moose Lodge Rd,NB,2025-06-11,00:00:00,00:15:00,>44 to 46,0,,
Input_xlxs.xlsx,Input_xlxs,Moose Lodge Rd,NB,2025-06-11,00:00:00,00:15:00,>46 to 48,0,,
Input_xlxs.xlsx,Input_xlxs,Moose Lodge Rd,NB,2025-06-11,00:00:00,00:15:00,>48 to 50,0,,
Input_xlxs.xlsx,Input_xlxs,Moose Lodge Rd,NB,2025-06-11,00:00:00,00:15:00,>50 to 52,0,,
Input_xlxs.xlsx,Input_xlxs,Moose Lodge Rd,NB,2025-06-11,00:00:00,00:15:00,>52 to 54,0,,
Input_xlxs.xlsx,Input_xlxs,Moose Lodge Rd,NB,2025-06-11,00:00:00,00:15:00,>54 to 56,2,,
Input_xlxs.xlsx,Input_xlxs,Moose Lodge Rd,NB,2025-06-11,00:00:00,00:15:00,>56 to 58,0,,
Input_xlxs.xlsx,Input_xlxs,Moose Lodge Rd,NB,2025-06-11,00:00:00,00:15:00,>58 to 60,0,,
Input_xlxs.xlsx,Input_xlxs,Moose Lodge Rd,NB,2025-06-11,00:00:00,00:15:00,>60 to 62,1,,
Input_xlxs.xlsx,Input_xlxs,Moose Lodge Rd,NB,2025-06-11,00:00:00,00:15:00,> 62,1,,
Input_xlxs.xlsx,Input_xlxs,Moose Lodge Rd,NB,2025-06-11,01:00:00,01:15:00,0 to 40,1,,
Input_xlxs.xlsx,Input_xlxs,Moose Lodge Rd,NB,2025-06-11,01:00:00,01:15:00,>40 to 42,0,,
Input_xlxs.xlsx,Input_xlxs,Moose Lodge Rd,NB,2025-06-11,01:00:00,01:15:00,>42 to 44,1,,
Input_xlxs.xlsx,Input_xlxs,Moose Lodge Rd,NB,2025-06-11,01:00:00,01:15:00,>44 to 46,0,,
Input_xlxs.xlsx,Input_xlxs,Moose Lodge Rd,NB,2025-06-11,01:00:00,01:15:00,>46 to 48,0,,
Input_xlxs.xlsx,Input_xlxs,Moose Lodge Rd,NB,2025-06-11,01:00:00,01:15:00,>48 to 50,0,,
Input_xlxs.xlsx,Input_xlxs,Moose Lodge Rd,NB,2025-06-11,01:00:00,01:15:00,>50 to 52,0,,
Input_xlxs.xlsx,Input_xlxs,Moose Lodge Rd,NB,2025-06-11,01:00:00,01:15:00,>52 to 54,0,,
Input_xlxs.xlsx,Input_xlxs,Moose Lodge Rd,NB,2025-06-11,01:00:00,01:15:00,>54 to 56,0,,
Input_xlxs.xlsx,Input_xlxs,Moose Lodge Rd,NB,2025-06-11,01:00:00,01:15:00,>56 to 58,1,,
Input_xlxs.xlsx,Input_xlxs,Moose Lodge Rd,NB,2025-06-11,01:00:00,01:15:00,>58 to 60,0,,
Input_xlxs.xlsx,Input_xlxs,Moose Lodge Rd,NB,2025-06-11,01:00:00,01:15:00,>60 to 62,1,,
Input_xlxs.xlsx,Input_xlxs,Moose Lodge Rd,NB,2025-06-11,01:00:00,01:15:00,> 62,0,,
Input_xlxs.xlsx,Input_xlxs,Moose Lodge Rd,NB,2025-06-11,02:00:00,02:15:00,0 to 40,0,,
Input_xlxs.xlsx,Input_xlxs,Moose Lodge Rd,NB,2025-06-11,02:00:00,02:15:00,>40 to 42,0,,
Input_xlxs.xlsx,Input_xlxs,Moose Lodge Rd,NB,2025-06-11,02:00:00,02:15:00,>42 to 44,0,,
Input_xlxs.xlsx,Input_xlxs,Moose Lodge Rd,NB,2025-06-11,02:00:00,02:15:00,>44 to 46,0,,
Input_xlxs.xlsx,Input_xlxs,Moose Lodge Rd,NB,2025-06-11,02:00:00,02:15:00,>46 to 48,0,,
Input_xlxs.xlsx,Input_xlxs,Moose Lodge Rd,NB,2025-06-11,02:00:00,02:15:00,>48 to 50,0,,
Input_xlxs.xlsx,Input_xlxs,Moose Lodge Rd,NB,2025-06-11,02:00:00,02:15:00,>50 to 52,1,,
Input_xlxs.xlsx,Input_xlxs,Moose Lodge Rd,NB,2025-06-11,02:00:00,02:15:00,>52 to 54,1,,
Input_xlxs.xlsx,Input_xlxs,Moose Lodge Rd,NB,2025-06-11,02:00:00,02:15:00,>54 to 56,1,,
Input_xlxs.xlsx,Input_xlxs,Moose Lodge Rd,NB,2025-06-11,02:00:00,02:15:00,>56 to 58,0,,
Input_xlxs.xlsx,Input_xlxs,Moose Lodge Rd,NB,2025-06-11,02:00:00,02:15:00,>58 to 60,2,,
Input_xlxs.xlsx,Input_xlxs,Moose Lodge Rd,NB,2025-06-11,02:00:00,02:15:00,>60 to 62,2,,
Input_xlxs.xlsx,Input_xlxs,Moose Lodge Rd,NB,2025-06-11,02:00:00,02:15:00,> 62,1,,
Input_xlxs.xlsx,Input_xlxs,Moose Lodge Rd,NB,2025-06-11,03:00:00,03:15:00,0 to 40,0,,
Input_xlxs.xlsx,Input_xlxs,Moose Lodge Rd,NB,2025-06-11,03:00:00,03:15:00,>40 to 42,0,,
Input_xlxs.xlsx,Input_xlxs,Moose Lodge Rd,NB,2025-06-11,03:00:00,03:15:00,>42 to 44,0,,
Input_xlxs.xlsx,Input_xlxs,Moose Lodge Rd,NB,2025-06-11,03:00:00,03:15:00,>44 to 46,0,,
Input_xlxs.xlsx,Input_xlxs,Moose Lodge Rd,NB,2025-06-11,03:00:00,03:15:00,>46 to 48,0,,
Input_xlxs.xlsx,Input_xlxs,Moose Lodge Rd,NB,2025-06-11,03:00:00,03:15:00,>48 to 50,1,,
Input_xlxs.xlsx,Input_xlxs,Moose Lodge Rd,NB,2025-06-11,03:00:00,03:15:00,>50 to 52,0,,
Input_xlxs.xlsx,Input_xlxs,Moose Lodge Rd,NB,2025-06-11,03:00:00,03:15:00,>52 to 54,1,,
Input_xlxs.xlsx,Input_xlxs,Moose Lodge Rd,NB,2025-06-11,03:00:00,03:15:00,>54 to 56,1,,
Input_xlxs.xlsx,Input_xlxs,Moose Lodge Rd,NB,2025-06-11,03:00:00,03:15:00,>56 to 58,0,,
Input_xlxs.xlsx,Input_xlxs,Moose Lodge Rd,NB,2025-06-11,03:00:00,03:15:00,>58 to 60,1,,
Input_xlxs.xlsx,Input_xlxs,Moose Lodge Rd,NB,2025-06-11,03:00:00,03:15:00,>60 to 62,0,,
Input_xlxs.xlsx,Input_xlxs,Moose Lodge Rd,NB,2025-06-11,03:00:00,03:15:00,> 62,4,,
Input_xlxs.xlsx,Input_xlxs,Moose Lodge Rd,NB,2025-06-11,04:00:00,04:15:00,0 to 40,0,,
Input_xlxs.xlsx,Input_xlxs,Moose Lodge Rd,NB,2025-06-11,04:00:00,04:15:00,>40 to 42,0,,
Input_xlxs.xlsx,Input_xlxs,Moose Lodge Rd,NB,2025-06-11,04:00:00,04:15:00,>42 to 44,2,,
Input_xlxs.xlsx,Input_xlxs,Moose Lodge Rd,NB,2025-06-11,04:00:00,04:15:00,>44 to 46,0,,
Input_xlxs.xlsx,Input_xlxs,Moose Lodge Rd,NB,2025-06-11,04:00:00,04:15:00,>46 to 48,1,,
Input_xlxs.xlsx,Input_xlxs,Moose Lodge Rd,NB,2025-06-11,04:00:00,04:15:00,>48 to 50,0,,
Input_xlxs.xlsx,Input_xlxs,Moose Lodge Rd,NB,2025-06-11,04:00:00,04:15:00,>50 to 52,2,,
Input_xlxs.xlsx,Input_xlxs,Moose Lodge Rd,NB,2025-06-11,04:00:00,04:15:00,>52 to 54,0,,
Input_xlxs.xlsx,Input_xlxs,Moose Lodge Rd,NB,2025-06-11,04:00:00,04:15:00,>54 to 56,2,,
Input_xlxs.xlsx,Input_xlxs,Moose Lodge Rd,NB,2025-06-11,04:00:00,04:15:00,>56 to 58,0,,
Input_xlxs.xlsx,Input_xlxs,Moose Lodge Rd,NB,2025-06-11,04:00:00,04:15:00,>58 to 60,3,,
Input_xlxs.xlsx,Input_xlxs,Moose Lodge Rd,NB,2025-06-11,04:00:00,04:15:00,>60 to 62,0,,
Input_xlxs.xlsx,Input_xlxs,Moose Lodge Rd,NB,2025-06-11,04:00:00,04:15:00,> 62,2,,
Input_xlxs.xlsx,Input_xlxs,Moose Lodge Rd,NB,2025-06-11,05:00:00,05:15:00,0 to 40,0,,
Input_xlxs.xlsx,Input_xlxs,Moose Lodge Rd,NB,2025-06-11,05:00:00,05:15:00,>40 to 42,0,,
Input_xlxs.xlsx,Input_xlxs,Moose Lodge Rd,NB,2025-06-11,05:00:00,05:15:00,>42 to 44,0,,
Input_xlxs.xlsx,Input_xlxs,Moose Lodge Rd,NB,2025-06-11,05:00:00,05:15:00,>44 to 46,1,,
Input_xlxs.xlsx,Input_xlxs,Moose Lodge Rd,NB,2025-06-11,05:00:00,05:15:00,>46 to 48,2,,
Input_xlxs.xlsx,Input_xlxs,Moose Lodge Rd,NB,2025-06-11,05:00:00,05:15:00,>48 to 50,5,,
Input_xlxs.xlsx,Input_xlxs,Moose Lodge Rd,NB,2025-06-11,05:00:00,05:15:00,>50 to 52,2,,
Input_xlxs.xlsx,Input_xlxs,Moose Lodge Rd,NB,2025-06-11,05:00:00,05:15:00,>52 to 54,2,,
Input_xlxs.xlsx,Input_xlxs,Moose Lodge Rd,NB,2025-06-11,05:00:00,05:15:00,>54 to 56,4,,
Input_xlxs.xlsx,Input_xlxs,Moose Lodge Rd,NB,2025-06-11,05:00:00,05:15:00,>56 to 58,7,,
Input_xlxs.xlsx,Input_xlxs,Moose Lodge Rd,NB,2025-06-11,05:00:00,05:15:00,>58 to 60,6,,
Input_xlxs.xlsx,Input_xlxs,Moose Lodge Rd,NB,2025-06-11,05:00:00,05:15:00,>60 to 62,4,,
Input_xlxs.xlsx,Input_xlxs,Moose Lodge Rd,NB,2025-06-11,05:00:00,05:15:00,> 62,10,,
Input_xlxs.xlsx,Input_xlxs,Moose Lodge Rd,NB,2025-06-11,06:00:00,06:15:00,0 to 40,1,,
Input_xlxs.xlsx,Input_xlxs,Moose Lodge Rd,NB,2025-06-11,06:00:00,06:15:00,>40 to 42,0,,
Input_xlxs.xlsx,Input_xlxs,Moose Lodge Rd,NB,2025-06-11,06:00:00,06:15:00,>42 to 44,1,,
Input_xlxs.xlsx,Input_xlxs,Moose Lodge Rd,NB,2025-06-11,06:00:00,06:15:00,>44 to 46,3,,
Input_xlxs.xlsx,Input_xlxs,Moose Lodge Rd,NB,2025-06-11,06:00:00,06:15:00,>46 to 48,3,,
Input_xlxs.xlsx,Input_xlxs,Moose Lodge Rd,NB,2025-06-11,06:00:00,06:15:00,>48 to 50,7,,
Input_xlxs.xlsx,Input_xlxs,Moose Lodge Rd,NB,2025-06-11,06:00:00,06:15:00,>50 to 52,9,,
Input_xlxs.xlsx,Input_xlxs,Moose Lodge Rd,NB,2025-06-11,06:00:00,06:15:00,>52 to 54,19,,
Input_xlxs.xlsx,Input_xlxs,Moose Lodge Rd,NB,2025-06-11,06:00:00,06:15:00,>54 to 56,23,,
Input_xlxs.xlsx,Input_xlxs,Moose Lodge Rd,NB,2025-06-11,06:00:00,06:15:00,>56 to 58,15,,
Input_xlxs.xlsx,Input_xlxs,Moose Lodge Rd,NB,2025-06-11,06:00:00,06:15:00,>58 to 60,13,,
Input_xlxs.xlsx,Input_xlxs,Moose Lodge Rd,NB,2025-06-11,06:00:00,06:15:00,>60 to 62,15,,
Input_xlxs.xlsx,Input_xlxs,Moose Lodge Rd,NB,2025-06-11,06:00:00,06:15:00,> 62,35,,
Input_xlxs.xlsx,Input_xlxs,Moose Lodge Rd,NB,2025-06-11,07:00:00,07:15:00,0 to 40,1,,
Input_xlxs.xlsx,Input_xlxs,Moose Lodge Rd,NB,2025-06-11,07:00:00,07:15:00,>40 to 42,2,,
Input_xlxs.xlsx,Input_xlxs,Moose Lodge Rd,NB,2025-06-11,07:00:00,07:15:00,>42 to 44,3,,
Input_xlxs.xlsx,Input_xlxs,Moose Lodge Rd,NB,2025-06-11,07:00:00,07:15:00,>44 to 46,5,,
Input_xlxs.xlsx,Input_xlxs,Moose Lodge Rd,NB,2025-06-11,07:00:00,07:15:00,>46 to 48,6,,
Input_xlxs.xlsx,Input_xlxs,Moose Lodge Rd,NB,2025-06-11,07:00:00,07:15:00,>48 to 50,14,,
Input_xlxs.xlsx,Input_xlxs,Moose Lodge Rd,NB,2025-06-11,07:00:00,07:15:00,>50 to 52,16,,
Input_xlxs.xlsx,Input_xlxs,Moose Lodge Rd,NB,2025-06-11,07:00:00,07:15:00,>52 to 54,35,,
Input_xlxs.xlsx,Input_xlxs,Moose Lodge Rd,NB,2025-06-11,07:00:00,07:15:00,>54 to 56,45,,
Input_xlxs.xlsx,Input_xlxs,Moose Lodge Rd,NB,2025-06-11,07:00:00,07:15:00,>56 to 58,45,,
Input_xlxs.xlsx,Input_xlxs,Moose Lodge Rd,NB,2025-06-11,07:00:00,07:15:00,>58 to 60,46,,
Input_xlxs.xlsx,Input_xlxs,Moose Lodge Rd,NB,2025-06-11,07:00:00,07:15:00,>60 to 62,22,,
Input_xlxs.xlsx,Input_xlxs,Moose Lodge Rd,NB,2025-06-11,07:00:00,07:15:00,> 62,33,,
Input_xlxs.xlsx,Input_xlxs,Moose Lodge Rd,NB,2025-06-11,08:00:00,08:15:00,0 to 40,1,,
Input_xlxs.xlsx,Input_xlxs,Moose Lodge Rd,NB,2025-06-11,08:00:00,08:15:00,>40 to 42,0,,
Input_xlxs.xlsx,Input_xlxs,Moose Lodge Rd,NB,2025-06-11,08:00:00,08:15:00,>42 to 44,1,,
Input_xlxs.xlsx,Input_xlxs,Moose Lodge Rd,NB,2025-06-11,08:00:00,08:15:00,>44 to 46,3,,
Input_xlxs.xlsx,Input_xlxs,Moose Lodge Rd,NB,2025-06-11,08:00:00,08:15:00,>46 to 48,7,,
Input_xlxs.xlsx,Input_xlxs,Moose Lodge Rd,NB,2025-06-11,08:00:00,08:15:00,>48 to 50,5,,
Input_xlxs.xlsx,Input_xlxs,Moose Lodge Rd,NB,2025-06-11,08:00:00,08:15:00,>50 to 52,12,,
Input_xlxs.xlsx,Input_xlxs,Moose Lodge Rd,NB,2025-06-11,08:00:00,08:15:00,>52 to 54,24,,
Input_xlxs.xlsx,Input_xlxs,Moose Lodge Rd,NB,2025-06-11,08:00:00,08:15:00,>54 to 56,21,,
Input_xlxs.xlsx,Input_xlxs,Moose Lodge Rd,NB,2025-06-11,08:00:00,08:15:00,>56 to 58,23,,
Input_xlxs.xlsx,Input_xlxs,Moose Lodge Rd,NB,2025-06-11,08:00:00,08:15:00,>58 to 60,18,,
Input_xlxs.xlsx,Input_xlxs,Moose Lodge Rd,NB,2025-06-11,08:00:00,08:15:00,>60 to 62,9,,
Input_xlxs.xlsx,Input_xlxs,Moose Lodge Rd,NB,2025-06-11,08:00:00,08:15:00,> 62,36,,
Input_xlxs.xlsx,Input_xlxs,Moose Lodge Rd,NB,2025-06-11,09:00:00,09:15:00,0 to 40,1,,
Input_xlxs.xlsx,Input_xlxs,Moose Lodge Rd,NB,2025-06-11,09:00:00,09:15:00,>40 to 42,0,,
Input_xlxs.xlsx,Input_xlxs,Moose Lodge Rd,NB,2025-06-11,09:00:00,09:15:00,>42 to 44,1,,
Input_xlxs.xlsx,Input_xlxs,Moose Lodge Rd,NB,2025-06-11,09:00:00,09:15:00,>44 to 46,1,,
Input_xlxs.xlsx,Input_xlxs,Moose Lodge Rd,NB,2025-06-11,09:00:00,09:15:00,>46 to 48,2,,
Input_xlxs.xlsx,Input_xlxs,Moose Lodge Rd,NB,2025-06-11,09:00:00,09:15:00,>48 to 50,9,,
Input_xlxs.xlsx,Input_xlxs,Moose Lodge Rd,NB,2025-06-11,09:00:00,09:15:00,>50 to 52,13,,
Input_xlxs.xlsx,Input_xlxs,Moose Lodge Rd,NB,2025-06-11,09:00:00,09:15:00,>52 to 54,22,,
Input_xlxs.xlsx,Input_xlxs,Moose Lodge Rd,NB,2025-06-11,09:00:00,09:15:00,>54 to 56,27,,
Input_xlxs.xlsx,Input_xlxs,Moose Lodge Rd,NB,2025-06-11,09:00:00,09:15:00,>56 to 58,12,,
Input_xlxs.xlsx,Input_xlxs,Moose Lodge Rd,NB,2025-06-11,09:00:00,09:15:00,>58 to 60,11,,
Input_xlxs.xlsx,Input_xlxs,Moose Lodge Rd,NB,2025-06-11,09:00:00,09:15:00,>60 to 62,5,,
Input_xlxs.xlsx,Input_xlxs,Moose Lodge Rd,NB,2025-06-11,09:00:00,09:15:00,> 62,11,,
Input_xlxs.xlsx,Input_xlxs,Moose Lodge Rd,NB,2025-06-11,10:00:00,10:15:00,0 to 40,0,,
Input_xlxs.xlsx,Input_xlxs,Moose Lodge Rd,NB,2025-06-11,10:00:00,10:15:00,>40 to 42,0,,
Input_xlxs.xlsx,Input_xlxs,Moose Lodge Rd,NB,2025-06-11,10:00:00,10:15:00,>42 to 44,0,,
Input_xlxs.xlsx,Input_xlxs,Moose Lodge Rd,NB,2025-06-11,10:00:00,10:15:00,>44 to 46,8,,
Input_xlxs.xlsx,Input_xlxs,Moose Lodge Rd,NB,2025-06-11,10:00:00,10:15:00,>46 to 48,13,,
Input_xlxs.xlsx,Input_xlxs,Moose Lodge Rd,NB,2025-06-11,10:00:00,10:15:00,>48 to 50,16,,
Input_xlxs.xlsx,Input_xlxs,Moose Lodge Rd,NB,2025-06-11,10:00:00,10:15:00,>50 to 52,13,,
Input_xlxs.xlsx,Input_xlxs,Moose Lodge Rd,NB,2025-06-11,10:00:00,10:15:00,>52 to 54,18,,
Input_xlxs.xlsx,Input_xlxs,Moose Lodge Rd,NB,2025-06-11,10:00:00,10:15:00,>54 to 56,12,,
Input_xlxs.xlsx,Input_xlxs,Moose Lodge Rd,NB,2025-06-11,10:00:00,10:15:00,>56 to 58,15,,
Input_xlxs.xlsx,Input_xlxs,Moose Lodge Rd,NB,2025-06-11,10:00:00,10:15:00,>58 to 60,12,,
Input_xlxs.xlsx,Input_xlxs,Moose Lodge Rd,NB,2025-06-11,10:00:00,10:15:00,>60 to 62,9,,
Input_xlxs.xlsx,Input_xlxs,Moose Lodge Rd,NB,2025-06-11,10:00:00,10:15:00,> 62,11,,
Input_xlxs.xlsx,Input_xlxs,Moose Lodge Rd,NB,2025-06-11,11:00:00,11:15:00,0 to 40,3,,
Input_xlxs.xlsx,Input_xlxs,Moose Lodge Rd,NB,2025-06-11,11:00:00,11:15:00,>40 to 42,0,,
Input_xlxs.xlsx,Input_xlxs,Moose Lodge Rd,NB,2025-06-11,11:00:00,11:15:00,>42 to 44,0,,
Input_xlxs.xlsx,Input_xlxs,Moose Lodge Rd,NB,2025-06-11,11:00:00,11:15:00,>44 to 46,4,,
Input_xlxs.xlsx,Input_xlxs,Moose Lodge Rd,NB,2025-06-11,11:00:00,11:15:00,>46 to 48,5,,
Input_xlxs.xlsx,Input_xlxs,Moose Lodge Rd,NB,2025-06-11,11:00:00,11:15:00,>48 to 50,9,,
Input_xlxs.xlsx,Input_xlxs,Moose Lodge Rd,NB,2025-06-11,11:00:00,11:15:00,>50 to 52,12,,
Input_xlxs.xlsx,Input_xlxs,Moose Lodge Rd,NB,2025-06-11,11:00:00,11:15:00,>52 to 54,10,,
Input_xlxs.xlsx,Input_xlxs,Moose Lodge Rd,NB,2025-06-11,11:00:00,11:15:00,>54 to 56,14,,
Input_xlxs.xlsx,Input_xlxs,Moose Lodge Rd,NB,2025-06-11,11:00:00,11:15:00,>56 to 58,17,,
Input_xlxs.xlsx,Input_xlxs,Moose Lodge Rd,NB,2025-06-11,11:00:00,11:15:00,>58 to 60,17,,
Input_xlxs.xlsx,Input_xlxs,Moose Lodge Rd,NB,2025-06-11,11:00:00,11:15:00,>60 to 62,5,,
Input_xlxs.xlsx,Input_xlxs,Moose Lodge Rd,NB,2025-06-11,11:00:00,11:15:00,> 62,21,,
Input_xlxs.xlsx,Input_xlxs,Moose Lodge Rd,NB,2025-06-11,12:00:00,12:15:00,0 to 40,2,,
Input_xlxs.xlsx,Input_xlxs,Moose Lodge Rd,NB,2025-06-11,12:00:00,12:15:00,>40 to 42,0,,
Input_xlxs.xlsx,Input_xlxs,Moose Lodge Rd,NB,2025-06-11,12:00:00,12:15:00,>42 to 44,1,,
Input_xlxs.xlsx,Input_xlxs,Moose Lodge Rd,NB,2025-06-11,12:00:00,12:15:00,>44 to 46,8,,
Input_xlxs.xlsx,Input_xlxs,Moose Lodge Rd,NB,2025-06-11,12:00:00,12:15:00,>46 to 48,4,,
Input_xlxs.xlsx,Input_xlxs,Moose Lodge Rd,NB,2025-06-11,12:00:00,12:15:00,>48 to 50,7,,
Input_xlxs.xlsx,Input_xlxs,Moose Lodge Rd,NB,2025-06-11,12:00:00,12:15:00,>50 to 52,17,,
Input_xlxs.xlsx,Input_xlxs,Moose Lodge Rd,NB,2025-06-11,12:00:00,12:15:00,>52 to 54,20,,
Input_xlxs.xlsx,Input_xlxs,Moose Lodge Rd,NB,2025-06-11,12:00:00,12:15:00,>54 to 56,17,,
Input_xlxs.xlsx,Input_xlxs,Moose Lodge Rd,NB,2025-06-11,12:00:00,12:15:00,>56 to 58,8,,
Input_xlxs.xlsx,Input_xlxs,Moose Lodge Rd,NB,2025-06-11,12:00:00,12:15:00,>58 to 60,10,,
Input_xlxs.xlsx,Input_xlxs,Moose Lodge Rd,NB,2025-06-11,12:00:00,12:15:00,>60 to 62,10,,
Input_xlxs.xlsx,Input_xlxs,Moose Lodge Rd,NB,2025-06-11,12:00:00,12:15:00,> 62,18,,
Input_xlxs.xlsx,Input_xlxs,Moose Lodge Rd,NB,2025-06-11,13:00:00,13:15:00,0 to 40,1,,
Input_xlxs.xlsx,Input_xlxs,Moose Lodge Rd,NB,2025-06-11,13:00:00,13:15:00,>40 to 42,0,,
Input_xlxs.xlsx,Input_xlxs,Moose Lodge Rd,NB,2025-06-11,13:00:00,13:15:00,>42 to 44,0,,
Input_xlxs.xlsx,Input_xlxs,Moose Lodge Rd,NB,2025-06-11,13:00:00,13:15:00,>44 to 46,2,,
Input_xlxs.xlsx,Input_xlxs,Moose Lodge Rd,NB,2025-06-11,13:00:00,13:15:00,>46 to 48,4,,
Input_xlxs.xlsx,Input_xlxs,Moose Lodge Rd,NB,2025-06-11,13:00:00,13:15:00,>48 to 50,7,,
Input_xlxs.xlsx,Input_xlxs,Moose Lodge Rd,NB,2025-06-11,13:00:00,13:15:00,>50 to 52,15,,
Input_xlxs.xlsx,Input_xlxs,Moose Lodge Rd,NB,2025-06-11,13:00:00,13:15:00,>52 to 54,18,,
Input_xlxs.xlsx,Input_xlxs,Moose Lodge Rd,NB,2025-06-11,13:00:00,13:15:00,>54 to 56,23,,
Input_xlxs.xlsx,Input_xlxs,Moose Lodge Rd,NB,2025-06-11,13:00:00,13:15:00,>56 to 58,15,,
Input_xlxs.xlsx,Input_xlxs,Moose Lodge Rd,NB,2025-06-11,13:00:00,13:15:00,>58 to 60,21,,
Input_xlxs.xlsx,Input_xlxs,Moose Lodge Rd,NB,2025-06-11,13:00:00,13:15:00,>60 to 62,11,,
Input_xlxs.xlsx,Input_xlxs,Moose Lodge Rd,NB,2025-06-11,13:00:00,13:15:00,> 62,18,,
Input_xlxs.xlsx,Input_xlxs,Moose Lodge Rd,NB,2025-06-11,14:00:00,14:15:00,0 to 40,0,,
Input_xlxs.xlsx,Input_xlxs,Moose Lodge Rd,NB,2025-06-11,14:00:00,14:15:00,>40 to 42,1,,
Input_xlxs.xlsx,Input_xlxs,Moose Lodge Rd,NB,2025-06-11,14:00:00,14:15:00,>42 to 44,1,,
Input_xlxs.xlsx,Input_xlxs,Moose Lodge Rd,NB,2025-06-11,14:00:00,14:15:00,>44 to 46,3,,
Input_xlxs.xlsx,Input_xlxs,Moose Lodge Rd,NB,2025-06-11,14:00:00,14:15:00,>46 to 48,9,,
Input_xlxs.xlsx,Input_xlxs,Moose Lodge Rd,NB,2025-06-11,14:00:00,14:15:00,>48 to 50,6,,
Input_xlxs.xlsx,Input_xlxs,Moose Lodge Rd,NB,2025-06-11,14:00:00,14:15:00,>50 to 52,15,,
Input_xlxs.xlsx,Input_xlxs,Moose Lodge Rd,NB,2025-06-11,14:00:00,14:15:00,>52 to 54,20,,
Input_xlxs.xlsx,Input_xlxs,Moose Lodge Rd,NB,2025-06-11,14:00:00,14:15:00,>54 to 56,16,,
Input_xlxs.xlsx,Input_xlxs,Moose Lodge Rd,NB,2025-06-11,14:00:00,14:15:00,>56 to 58,15,,
Input_xlxs.xlsx,Input_xlxs,Moose Lodge Rd,NB,2025-06-11,14:00:00,14:15:00,>58 to 60,12,,
Input_xlxs.xlsx,Input_xlxs,Moose Lodge Rd,NB,2025-06-11,14:00:00,14:15:00,>60 to 62,11,,
Input_xlxs.xlsx,Input_xlxs,Moose Lodge Rd,NB,2025-06-11,14:00:00,14:15:00,> 62,10,,
Input_xlxs.xlsx,Input_xlxs,Moose Lodge Rd,NB,2025-06-11,15:00:00,15:15:00,0 to 40,2,,
Input_xlxs.xlsx,Input_xlxs,Moose Lodge Rd,NB,2025-06-11,15:00:00,15:15:00,>40 to 42,0,,
Input_xlxs.xlsx,Input_xlxs,Moose Lodge Rd,NB,2025-06-11,15:00:00,15:15:00,>42 to 44,1,,
Input_xlxs.xlsx,Input_xlxs,Moose Lodge Rd,NB,2025-06-11,15:00:00,15:15:00,>44 to 46,1,,
Input_xlxs.xlsx,Input_xlxs,Moose Lodge Rd,NB,2025-06-11,15:00:00,15:15:00,>46 to 48,7,,
Input_xlxs.xlsx,Input_xlxs,Moose Lodge Rd,NB,2025-06-11,15:00:00,15:15:00,>48 to 50,9,,
Input_xlxs.xlsx,Input_xlxs,Moose Lodge Rd,NB,2025-06-11,15:00:00,15:15:00,>50 to 52,21,,
Input_xlxs.xlsx,Input_xlxs,Moose Lodge Rd,NB,2025-06-11,15:00:00,15:15:00,>52 to 54,15,,
Input_xlxs.xlsx,Input_xlxs,Moose Lodge Rd,NB,2025-06-11,15:00:00,15:15:00,>54 to 56,15,,
Input_xlxs.xlsx,Input_xlxs,Moose Lodge Rd,NB,2025-06-11,15:00:00,15:15:00,>56 to 58,17,,
Input_xlxs.xlsx,Input_xlxs,Moose Lodge Rd,NB,2025-06-11,15:00:00,15:15:00,>58 to 60,22,,
Input_xlxs.xlsx,Input_xlxs,Moose Lodge Rd,NB,2025-06-11,15:00:00,15:15:00,>60 to 62,12,,
Input_xlxs.xlsx,Input_xlxs,Moose Lodge Rd,NB,2025-06-11,15:00:00,15:15:00,> 62,16,,
Input_xlxs.xlsx,Input_xlxs,Moose Lodge Rd,NB,2025-06-11,16:00:00,16:15:00,0 to 40,2,,
Input_xlxs.xlsx,Input_xlxs,Moose Lodge Rd,NB,2025-06-11,16:00:00,16:15:00,>40 to 42,0,,
Input_xlxs.xlsx,Input_xlxs,Moose Lodge Rd,NB,2025-06-11,16:00:00,16:15:00,>42 to 44,0,,
Input_xlxs.xlsx,Input_xlxs,Moose Lodge Rd,NB,2025-06-11,16:00:00,16:15:00,>44 to 46,4,,
Input_xlxs.xlsx,Input_xlxs,Moose Lodge Rd,NB,2025-06-11,16:00:00,16:15:00,>46 to 48,1,,
Input_xlxs.xlsx,Input_xlxs,Moose Lodge Rd,NB,2025-06-11,16:00:00,16:15:00,>48 to 50,5,,
Input_xlxs.xlsx,Input_xlxs,Moose Lodge Rd,NB,2025-06-11,16:00:00,16:15:00,>50 to 52,20,,
Input_xlxs.xlsx,Input_xlxs,Moose Lodge Rd,NB,2025-06-11,16:00:00,16:15:00,>52 to 54,24,,
Input_xlxs.xlsx,Input_xlxs,Moose Lodge Rd,NB,2025-06-11,16:00:00,16:15:00,>54 to 56,37,,
Input_xlxs.xlsx,Input_xlxs,Moose Lodge Rd,NB,2025-06-11,16:00:00,16:15:00,>56 to 58,23,,
Input_xlxs.xlsx,Input_xlxs,Moose Lodge Rd,NB,2025-06-11,16:00:00,16:15:00,>58 to 60,9,,
Input_xlxs.xlsx,Input_xlxs,Moose Lodge Rd,NB,2025-06-11,16:00:00,16:15:00,>60 to 62,12,,
Input_xlxs.xlsx,Input_xlxs,Moose Lodge Rd,NB,2025-06-11,16:00:00,16:15:00,> 62,16,,
Input_xlxs.xlsx,Input_xlxs,Moose Lodge Rd,NB,2025-06-11,17:00:00,17:15:00,0 to 40,4,,
Input_xlxs.xlsx,Input_xlxs,Moose Lodge Rd,NB,2025-06-11,17:00:00,17:15:00,>40 to 42,0,,
Input_xlxs.xlsx,Input_xlxs,Moose Lodge Rd,NB,2025-06-11,17:00:00,17:15:00,>42 to 44,2,,
Input_xlxs.xlsx,Input_xlxs,Moose Lodge Rd,NB,2025-06-11,17:00:00,17:15:00,>44 to 46,4,,
Input_xlxs.xlsx,Input_xlxs,Moose Lodge Rd,NB,2025-06-11,17:00:00,17:15:00,>46 to 48,4,,
Input_xlxs.xlsx,Input_xlxs,Moose Lodge Rd,NB,2025-06-11,17:00:00,17:15:00,>48 to 50,5,,
Input_xlxs.xlsx,Input_xlxs,Moose Lodge Rd,NB,2025-06-11,17:00:00,17:15:00,>50 to 52,11,,
Input_xlxs.xlsx,Input_xlxs,Moose Lodge Rd,NB,2025-06-11,17:00:00,17:15:00,>52 to 54,17,,
Input_xlxs.xlsx,Input_xlxs,Moose Lodge Rd,NB,2025-06-11,17:00:00,17:15:00,>54 to 56,15,,
Input_xlxs.xlsx,Input_xlxs,Moose Lodge Rd,NB,2025-06-11,17:00:00,17:15:00,>56 to 58,14,,
Input_xlxs.xlsx,Input_xlxs,Moose Lodge Rd,NB,2025-06-11,17:00:00,17:15:00,>58 to 60,15,,
Input_xlxs.xlsx,Input_xlxs,Moose Lodge Rd,NB,2025-06-11,17:00:00,17:15:00,>60 to 62,17,,
Input_xlxs.xlsx,Input_xlxs,Moose Lodge Rd,NB,2025-06-11,17:00:00,17:15:00,> 62,27,,
Input_xlxs.xlsx,Input_xlxs,Moose Lodge Rd,NB,2025-06-11,18:00:00,18:15:00,0 to 40,0,,
Input_xlxs.xlsx,Input_xlxs,Moose Lodge Rd,NB,2025-06-11,18:00:00,18:15:00,>40 to 42,0,,
Input_xlxs.xlsx,Input_xlxs,Moose Lodge Rd,NB,2025-06-11,18:00:00,18:15:00,>42 to 44,0,,
Input_xlxs.xlsx,Input_xlxs,Moose Lodge Rd,NB,2025-06-11,18:00:00,18:15:00,>44 to 46,2,,
Input_xlxs.xlsx,Input_xlxs,Moose Lodge Rd,NB,2025-06-11,18:00:00,18:15:00,>46 to 48,4,,
Input_xlxs.xlsx,Input_xlxs,Moose Lodge Rd,NB,2025-06-11,18:00:00,18:15:00,>48 to 50,6,,
Input_xlxs.xlsx,Input_xlxs,Moose Lodge Rd,NB,2025-06-11,18:00:00,18:15:00,>50 to 52,7,,
Input_xlxs.xlsx,Input_xlxs,Moose Lodge Rd,NB,2025-06-11,18:00:00,18:15:00,>52 to 54,13,,
Input_xlxs.xlsx,Input_xlxs,Moose Lodge Rd,NB,2025-06-11,18:00:00,18:15:00,>54 to 56,5,,
Input_xlxs.xlsx,Input_xlxs,Moose Lodge Rd,NB,2025-06-11,18:00:00,18:15:00,>56 to 58,11,,
Input_xlxs.xlsx,Input_xlxs,Moose Lodge Rd,NB,2025-06-11,18:00:00,18:15:00,>58 to 60,15,,
Input_xlxs.xlsx,Input_xlxs,Moose Lodge Rd,NB,2025-06-11,18:00:00,18:15:00,>60 to 62,4,,
Input_xlxs.xlsx,Input_xlxs,Moose Lodge Rd,NB,2025-06-11,18:00:00,18:15:00,> 62,36,,
Input_xlxs.xlsx,Input_xlxs,Moose Lodge Rd,NB,2025-06-11,19:00:00,19:15:00,0 to 40,0,,
Input_xlxs.xlsx,Input_xlxs,Moose Lodge Rd,NB,2025-06-11,19:00:00,19:15:00,>40 to 42,0,,
Input_xlxs.xlsx,Input_xlxs,Moose Lodge Rd,NB,2025-06-11,19:00:00,19:15:00,>42 to 44,0,,
Input_xlxs.xlsx,Input_xlxs,Moose Lodge Rd,NB,2025-06-11,19:00:00,19:15:00,>44 to 46,0,,
Input_xlxs.xlsx,Input_xlxs,Moose Lodge Rd,NB,2025-06-11,19:00:00,19:15:00,>46 to 48,6,,
Input_xlxs.xlsx,Input_xlxs,Moose Lodge Rd,NB,2025-06-11,19:00:00,19:15:00,>48 to 50,1,,
Input_xlxs.xlsx,Input_xlxs,Moose Lodge Rd,NB,2025-06-11,19:00:00,19:15:00,>50 to 52,2,,
Input_xlxs.xlsx,Input_xlxs,Moose Lodge Rd,NB,2025-06-11,19:00:00,19:15:00,>52 to 54,11,,
Input_xlxs.xlsx,Input_xlxs,Moose Lodge Rd,NB,2025-06-11,19:00:00,19:15:00,>54 to 56,6,,
Input_xlxs.xlsx,Input_xlxs,Moose Lodge Rd,NB,2025-06-11,19:00:00,19:15:00,>56 to 58,14,,
Input_xlxs.xlsx,Input_xlxs,Moose Lodge Rd,NB,2025-06-11,19:00:00,19:15:00,>58 to 60,5,,
Input_xlxs.xlsx,Input_xlxs,Moose Lodge Rd,NB,2025-06-11,19:00:00,19:15:00,>60 to 62,10,,
Input_xlxs.xlsx,Input_xlxs,Moose Lodge Rd,NB,2025-06-11,19:00:00,19:15:00,> 62,19,,
Input_xlxs.xlsx,Input_xlxs,Moose Lodge Rd,NB,2025-06-11,20:00:00,20:15:00,0 to 40,0,,
Input_xlxs.xlsx,Input_xlxs,Moose Lodge Rd,NB,2025-06-11,20:00:00,20:15:00,>40 to 42,0,,
Input_xlxs.xlsx,Input_xlxs,Moose Lodge Rd,NB,2025-06-11,20:00:00,20:15:00,>42 to 44,1,,
Input_xlxs.xlsx,Input_xlxs,Moose Lodge Rd,NB,2025-06-11,20:00:00,20:15:00,>44 to 46,0,,
Input_xlxs.xlsx,Input_xlxs,Moose Lodge Rd,NB,2025-06-11,20:00:00,20:15:00,>46 to 48,0,,
Input_xlxs.xlsx,Input_xlxs,Moose Lodge Rd,NB,2025-06-11,20:00:00,20:15:00,>48 to 50,3,,
Input_xlxs.xlsx,Input_xlxs,Moose Lodge Rd,NB,2025-06-11,20:00:00,20:15:00,>50 to 52,10,,
Input_xlxs.xlsx,Input_xlxs,Moose Lodge Rd,NB,2025-06-11,20:00:00,20:15:00,>52 to 54,6,,
Input_xlxs.xlsx,Input_xlxs,Moose Lodge Rd,NB,2025-06-11,20:00:00,20:15:00,>54 to 56,7,,
Input_xlxs.xlsx,Input_xlxs,Moose Lodge Rd,NB,2025-06-11,20:00:00,20:15:00,>56 to 58,5,,
Input_xlxs.xlsx,Input_xlxs,Moose Lodge Rd,NB,2025-06-11,20:00:00,20:15:00,>58 to 60,7,,
Input_xlxs.xlsx,Input_xlxs,Moose Lodge Rd,NB,2025-06-11,20:00:00,20:15:00,>60 to 62,9,,
Input_xlxs.xlsx,Input_xlxs,Moose Lodge Rd,NB,2025-06-11,20:00:00,20:15:00,> 62,7,,
Input_xlxs.xlsx,Input_xlxs,Moose Lodge Rd,NB,2025-06-11,21:00:00,21:15:00,0 to 40,1,,
Input_xlxs.xlsx,Input_xlxs,Moose Lodge Rd,NB,2025-06-11,21:00:00,21:15:00,>40 to 42,1,,
Input_xlxs.xlsx,Input_xlxs,Moose Lodge Rd,NB,2025-06-11,21:00:00,21:15:00,>42 to 44,2,,
Input_xlxs.xlsx,Input_xlxs,Moose Lodge Rd,NB,2025-06-11,21:00:00,21:15:00,>44 to 46,0,,
Input_xlxs.xlsx,Input_xlxs,Moose Lodge Rd,NB,2025-06-11,21:00:00,21:15:00,>46 to 48,4,,
Input_xlxs.xlsx,Input_xlxs,Moose Lodge Rd,NB,2025-06-11,21:00:00,21:15:00,>48 to 50,1,,
Input_xlxs.xlsx,Input_xlxs,Moose Lodge Rd,NB,2025-06-11,21:00:00,21:15:00,>50 to 52,1,,
Input_xlxs.xlsx,Input_xlxs,Moose Lodge Rd,NB,2025-06-11,21:00:00,21:15:00,>52 to 54,7,,
Input_xlxs.xlsx,Input_xlxs,Moose Lodge Rd,NB,2025-06-11,21:00:00,21:15:00,>54 to 56,3,,
Input_xlxs.xlsx,Input_xlxs,Moose Lodge Rd,NB,2025-06-11,21:00:00,21:15:00,>56 to 58,4,,
Input_xlxs.xlsx,Input_xlxs,Moose Lodge Rd,NB,2025-06-11,21:00:00,21:15:00,>58 to 60,5,,
Input_xlxs.xlsx,Input_xlxs,Moose Lodge Rd,NB,2025-06-11,21:00:00,21:15:00,>60 to 62,2,,
Input_xlxs.xlsx,Input_xlxs,Moose Lodge Rd,NB,2025-06-11,21:00:00,21:15:00,> 62,6,,
Input_xlxs.xlsx,Input_xlxs,Moose Lodge Rd,NB,2025-06-11,22:00:00,22:15:00,0 to 40,1,,
Input_xlxs.xlsx,Input_xlxs,Moose Lodge Rd,NB,2025-06-11,22:00:00,22:15:00,>40 to 42,1,,
Input_xlxs.xlsx,Input_xlxs,Moose Lodge Rd,NB,2025-06-11,22:00:00,22:15:00,>42 to 44,2,,
Input_xlxs.xlsx,Input_xlxs,Moose Lodge Rd,NB,2025-06-11,22:00:00,22:15:00,>44 to 46,3,,
Input_xlxs.xlsx,Input_xlxs,Moose Lodge Rd,NB,2025-06-11,22:00:00,22:15:00,>46 to 48,2,,
Input_xlxs.xlsx,Input_xlxs,Moose Lodge Rd,NB,2025-06-11,22:00:00,22:15:00,>48 to 50,1,,
Input_xlxs.xlsx,Input_xlxs,Moose Lodge Rd,NB,2025-06-11,22:00:00,22:15:00,>50 to 52,4,,
Input_xlxs.xlsx,Input_xlxs,Moose Lodge Rd,NB,2025-06-11,22:00:00,22:15:00,>52 to 54,5,,
Input_xlxs.xlsx,Input_xlxs,Moose Lodge Rd,NB,2025-06-11,22:00:00,22:15:00,>54 to 56,1,,
Input_xlxs.xlsx,Input_xlxs,Moose Lodge Rd,NB,2025-06-11,22:00:00,22:15:00,>56 to 58,2,,
Input_xlxs.xlsx,Input_xlxs,Moose Lodge Rd,NB,2025-06-11,22:00:00,22:15:00,>58 to 60,3,,
Input_xlxs.xlsx,Input_xlxs,Moose Lodge Rd,NB,2025-06-11,22:00:00,22:15:00,>60 to 62,0,,
Input_xlxs.xlsx,Input_xlxs,Moose Lodge Rd,NB,2025-06-11,22:00:00,22:15:00,> 62,2,,
Input_xlxs.xlsx,Input_xlxs,Moose Lodge Rd,NB,2025-06-11,23:00:00,23:15:00,0 to 40,0,,
Input_xlxs.xlsx,Input_xlxs,Moose Lodge Rd,NB,2025-06-11,23:00:00,23:15:00,>40 to 42,0,,
Input_xlxs.xlsx,Input_xlxs,Moose Lodge Rd,NB,2025-06-11,23:00:00,23:15:00,>42 to 44,0,,
Input_xlxs.xlsx,Input_xlxs,Moose Lodge Rd,NB,2025-06-11,23:00:00,23:15:00,>44 to 46,0,,
Input_xlxs.xlsx,Input_xlxs,Moose Lodge Rd,NB,2025-06-11,23:00:00,23:15:00,>46 to 48,0,,
Input_xlxs.xlsx,Input_xlxs,Moose Lodge Rd,NB,2025-06-11,23:00:00,23:15:00,>48 to 50,0,,
Input_xlxs.xlsx,Input_xlxs,Moose Lodge Rd,NB,2025-06-11,23:00:00,23:15:00,>50 to 52,2,,
Input_xlxs.xlsx,Input_xlxs,Moose Lodge Rd,NB,2025-06-11,23:00:00,23:15:00,>52 to 54,1,,
Input_xlxs.xlsx,Input_xlxs,Moose Lodge Rd,NB,2025-06-11,23:00:00,23:15:00,>54 to 56,0,,
Input_xlxs.xlsx,Input_xlxs,Moose Lodge Rd,NB,2025-06-11,23:00:00,23:15:00,>56 to 58,0,,
Input_xlxs.xlsx,Input_xlxs,Moose Lodge Rd,NB,2025-06-11,23:00:00,23:15:00,>58 to 60,3,,
Input_xlxs.xlsx,Input_xlxs,Moose Lodge Rd,NB,2025-06-11,23:00:00,23:15:00,>60 to 62,1,,
Input_xlxs.xlsx,Input_xlxs,Moose Lodge Rd,NB,2025-06-11,23:00:00,23:15:00,> 62,3,,
Input_xlxs.xlsx,Input_xlxs,Moose Lodge Rd,NB,2025-06-12,00:00:00,00:15:00,0 to 40,0,,
Input_xlxs.xlsx,Input_xlxs,Moose Lodge Rd,NB,2025-06-12,00:00:00,00:15:00,>40 to 42,0,,
Input_xlxs.xlsx,Input_xlxs,Moose Lodge Rd,NB,2025-06-12,00:00:00,00:15:00,>42 to 44,0,,
Input_xlxs.xlsx,Input_xlxs,Moose Lodge Rd,NB,2025-06-12,00:00:00,00:15:00,>44 to 46,0,,
Input_xlxs.xlsx,Input_xlxs,Moose Lodge Rd,NB,2025-06-12,00:00:00,00:15:00,>46 to 48,0,,
Input_xlxs.xlsx,Input_xlxs,Moose Lodge Rd,NB,2025-06-12,00:00:00,00:15:00,>48 to 50,0,,
Input_xlxs.xlsx,Input_xlxs,Moose Lodge Rd,NB,2025-06-12,00:00:00,00:15:00,>50 to 52,0,,
Input_xlxs.xlsx,Input_xlxs,Moose Lodge Rd,NB,2025-06-12,00:00:00,00:15:00,>52 to 54,1,,
Input_xlxs.xlsx,Input_xlxs,Moose Lodge Rd,NB,2025-06-12,00:00:00,00:15:00,>54 to 56,1,,
Input_xlxs.xlsx,Input_xlxs,Moose Lodge Rd,NB,2025-06-12,00:00:00,00:15:00,>56 to 58,0,,
Input_xlxs.xlsx,Input_xlxs,Moose Lodge Rd,NB,2025-06-12,00:00:00,00:15:00,>58 to 60,0,,
Input_xlxs.xlsx,Input_xlxs,Moose Lodge Rd,NB,2025-06-12,00:00:00,00:15:00,>60 to 62,0,,
Input_xlxs.xlsx,Input_xlxs,Moose Lodge Rd,NB,2025-06-12,00:00:00,00:15:00,> 62,1,,
Input_xlxs.xlsx,Input_xlxs,Moose Lodge Rd,NB,2025-06-12,01:00:00,01:15:00,0 to 40,0,,
Input_xlxs.xlsx,Input_xlxs,Moose Lodge Rd,NB,2025-06-12,01:00:00,01:15:00,>40 to 42,0,,
Input_xlxs.xlsx,Input_xlxs,Moose Lodge Rd,NB,2025-06-12,01:00:00,01:15:00,>42 to 44,0,,
Input_xlxs.xlsx,Input_xlxs,Moose Lodge Rd,NB,2025-06-12,01:00:00,01:15:00,>44 to 46,0,,
Input_xlxs.xlsx,Input_xlxs,Moose Lodge Rd,NB,2025-06-12,01:00:00,01:15:00,>46 to 48,0,,
Input_xlxs.xlsx,Input_xlxs,Moose Lodge Rd,NB,2025-06-12,01:00:00,01:15:00,>48 to 50,0,,
Input_xlxs.xlsx,Input_xlxs,Moose Lodge Rd,NB,2025-06-12,01:00:00,01:15:00,>50 to 52,1,,
Input_xlxs.xlsx,Input_xlxs,Moose Lodge Rd,NB,2025-06-12,01:00:00,01:15:00,>52 to 54,1,,
Input_xlxs.xlsx,Input_xlxs,Moose Lodge Rd,NB,2025-06-12,01:00:00,01:15:00,>54 to 56,2,,
Input_xlxs.xlsx,Input_xlxs,Moose Lodge Rd,NB,2025-06-12,01:00:00,01:15:00,>56 to 58,1,,
Input_xlxs.xlsx,Input_xlxs,Moose Lodge Rd,NB,2025-06-12,01:00:00,01:15:00,>58 to 60,0,,
Input_xlxs.xlsx,Input_xlxs,Moose Lodge Rd,NB,2025-06-12,01:00:00,01:15:00,>60 to 62,0,,
Input_xlxs.xlsx,Input_xlxs,Moose Lodge Rd,NB,2025-06-12,01:00:00,01:15:00,> 62,2,,
Input_xlxs.xlsx,Input_xlxs,Moose Lodge Rd,NB,2025-06-12,02:00:00,02:15:00,0 to 40,0,,
Input_xlxs.xlsx,Input_xlxs,Moose Lodge Rd,NB,2025-06-12,02:00:00,02:15:00,>40 to 42,0,,
Input_xlxs.xlsx,Input_xlxs,Moose Lodge Rd,NB,2025-06-12,02:00:00,02:15:00,>42 to 44,0,,
Input_xlxs.xlsx,Input_xlxs,Moose Lodge Rd,NB,2025-06-12,02:00:00,02:15:00,>44 to 46,0,,
Input_xlxs.xlsx,Input_xlxs,Moose Lodge Rd,NB,2025-06-12,02:00:00,02:15:00,>46 to 48,0,,
Input_xlxs.xlsx,Input_xlxs,Moose Lodge Rd,NB,2025-06-12,02:00:00,02:15:00,>48 to 50,0,,
Input_xlxs.xlsx,Input_xlxs,Moose Lodge Rd,NB,2025-06-12,02:00:00,02:15:00,>50 to 52,0,,
Input_xlxs.xlsx,Input_xlxs,Moose Lodge Rd,NB,2025-06-12,02:00:00,02:15:00,>52 to 54,2,,
Input_xlxs.xlsx,Input_xlxs,Moose Lodge Rd,NB,2025-06-12,02:00:00,02:15:00,>54 to 56,0,,
Input_xlxs.xlsx,Input_xlxs,Moose Lodge Rd,NB,2025-06-12,02:00:00,02:15:00,>56 to 58,0,,
Input_xlxs.xlsx,Input_xlxs,Moose Lodge Rd,NB,2025-06-12,02:00:00,02:15:00,>58 to 60,0,,
Input_xlxs.xlsx,Input_xlxs,Moose Lodge Rd,NB,2025-06-12,02:00:00,02:15:00,>60 to 62,0,,
Input_xlxs.xlsx,Input_xlxs,Moose Lodge Rd,NB,2025-06-12,02:00:00,02:15:00,> 62,2,,
Input_xlxs.xlsx,Input_xlxs,Moose Lodge Rd,NB,2025-06-12,03:00:00,03:15:00,0 to 40,1,,
Input_xlxs.xlsx,Input_xlxs,Moose Lodge Rd,NB,2025-06-12,03:00:00,03:15:00,>40 to 42,0,,
Input_xlxs.xlsx,Input_xlxs,Moose Lodge Rd,NB,2025-06-12,03:00:00,03:15:00,>42 to 44,0,,
Input_xlxs.xlsx,Input_xlxs,Moose Lodge Rd,NB,2025-06-12,03:00:00,03:15:00,>44 to 46,0,,
Input_xlxs.xlsx,Input_xlxs,Moose Lodge Rd,NB,2025-06-12,03:00:00,03:15:00,>46 to 48,0,,
Input_xlxs.xlsx,Input_xlxs,Moose Lodge Rd,NB,2025-06-12,03:00:00,03:15:00,>48 to 50,0,,
Input_xlxs.xlsx,Input_xlxs,Moose Lodge Rd,NB,2025-06-12,03:00:00,03:15:00,>50 to 52,1,,
Input_xlxs.xlsx,Input_xlxs,Moose Lodge Rd,NB,2025-06-12,03:00:00,03:15:00,>52 to 54,1,,
Input_xlxs.xlsx,Input_xlxs,Moose Lodge Rd,NB,2025-06-12,03:00:00,03:15:00,>54 to 56,1,,
Input_xlxs.xlsx,Input_xlxs,Moose Lodge Rd,NB,2025-06-12,03:00:00,03:15:00,>56 to 58,1,,
Input_xlxs.xlsx,Input_xlxs,Moose Lodge Rd,NB,2025-06-12,03:00:00,03:15:00,>58 to 60,2,,
Input_xlxs.xlsx,Input_xlxs,Moose Lodge Rd,NB,2025-06-12,03:00:00,03:15:00,>60 to 62,0,,
Input_xlxs.xlsx,Input_xlxs,Moose Lodge Rd,NB,2025-06-12,03:00:00,03:15:00,> 62,4,,
Input_xlxs.xlsx,Input_xlxs,Moose Lodge Rd,NB,2025-06-12,04:00:00,04:15:00,0 to 40,0,,
Input_xlxs.xlsx,Input_xlxs,Moose Lodge Rd,NB,2025-06-12,04:00:00,04:15:00,>40 to 42,0,,
Input_xlxs.xlsx,Input_xlxs,Moose Lodge Rd,NB,2025-06-12,04:00:00,04:15:00,>42 to 44,0,,
Input_xlxs.xlsx,Input_xlxs,Moose Lodge Rd,NB,2025-06-12,04:00:00,04:15:00,>44 to 46,1,,
Input_xlxs.xlsx,Input_xlxs,Moose Lodge Rd,NB,2025-06-12,04:00:00,04:15:00,>46 to 48,0,,
Input_xlxs.xlsx,Input_xlxs,Moose Lodge Rd,NB,2025-06-12,04:00:00,04:15:00,>48 to 50,1,,
Input_xlxs.xlsx,Input_xlxs,Moose Lodge Rd,NB,2025-06-12,04:00:00,04:15:00,>50 to 52,1,,
Input_xlxs.xlsx,Input_xlxs,Moose Lodge Rd,NB,2025-06-12,04:00:00,04:15:00,>52 to 54,2,,
Input_xlxs.xlsx,Input_xlxs,Moose Lodge Rd,NB,2025-06-12,04:00:00,04:15:00,>54 to 56,0,,
Input_xlxs.xlsx,Input_xlxs,Moose Lodge Rd,NB,2025-06-12,04:00:00,04:15:00,>56 to 58,3,,
Input_xlxs.xlsx,Input_xlxs,Moose Lodge Rd,NB,2025-06-12,04:00:00,04:15:00,>58 to 60,1,,
Input_xlxs.xlsx,Input_xlxs,Moose Lodge Rd,NB,2025-06-12,04:00:00,04:15:00,>60 to 62,0,,
Input_xlxs.xlsx,Input_xlxs,Moose Lodge Rd,NB,2025-06-12,04:00:00,04:15:00,> 62,0,,
Input_xlxs.xlsx,Input_xlxs,Moose Lodge Rd,NB,2025-06-12,05:00:00,05:15:00,0 to 40,1,,
Input_xlxs.xlsx,Input_xlxs,Moose Lodge Rd,NB,2025-06-12,05:00:00,05:15:00,>40 to 42,1,,
Input_xlxs.xlsx,Input_xlxs,Moose Lodge Rd,NB,2025-06-12,05:00:00,05:15:00,>42 to 44,0,,
Input_xlxs.xlsx,Input_xlxs,Moose Lodge Rd,NB,2025-06-12,05:00:00,05:15:00,>44 to 46,3,,
Input_xlxs.xlsx,Input_xlxs,Moose Lodge Rd,NB,2025-06-12,05:00:00,05:15:00,>46 to 48,3,,
Input_xlxs.xlsx,Input_xlxs,Moose Lodge Rd,NB,2025-06-12,05:00:00,05:15:00,>48 to 50,4,,
Input_xlxs.xlsx,Input_xlxs,Moose Lodge Rd,NB,2025-06-12,05:00:00,05:15:00,>50 to 52,4,,
Input_xlxs.xlsx,Input_xlxs,Moose Lodge Rd,NB,2025-06-12,05:00:00,05:15:00,>52 to 54,9,,
Input_xlxs.xlsx,Input_xlxs,Moose Lodge Rd,NB,2025-06-12,05:00:00,05:15:00,>54 to 56,8,,
Input_xlxs.xlsx,Input_xlxs,Moose Lodge Rd,NB,2025-06-12,05:00:00,05:15:00,>56 to 58,9,,
Input_xlxs.xlsx,Input_xlxs,Moose Lodge Rd,NB,2025-06-12,05:00:00,05:15:00,>58 to 60,8,,
Input_xlxs.xlsx,Input_xlxs,Moose Lodge Rd,NB,2025-06-12,05:00:00,05:15:00,>60 to 62,5,,
Input_xlxs.xlsx,Input_xlxs,Moose Lodge Rd,NB,2025-06-12,05:00:00,05:15:00,> 62,8,,
Input_xlxs.xlsx,Input_xlxs,Moose Lodge Rd,NB,2025-06-12,06:00:00,06:15:00,0 to 40,2,,
Input_xlxs.xlsx,Input_xlxs,Moose Lodge Rd,NB,2025-06-12,06:00:00,06:15:00,>40 to 42,0,,
Input_xlxs.xlsx,Input_xlxs,Moose Lodge Rd,NB,2025-06-12,06:00:00,06:15:00,>42 to 44,1,,
Input_xlxs.xlsx,Input_xlxs,Moose Lodge Rd,NB,2025-06-12,06:00:00,06:15:00,>44 to 46,0,,
Input_xlxs.xlsx,Input_xlxs,Moose Lodge Rd,NB,2025-06-12,06:00:00,06:15:00,>46 to 48,0,,
Input_xlxs.xlsx,Input_xlxs,Moose Lodge Rd,NB,2025-06-12,06:00:00,06:15:00,>48 to 50,1,,
Input_xlxs.xlsx,Input_xlxs,Moose Lodge Rd,NB,2025-06-12,06:00:00,06:15:00,>50 to 52,9,,
Input_xlxs.xlsx,Input_xlxs,Moose Lodge Rd,NB,2025-06-12,06:00:00,06:15:00,>52 to 54,5,,
Input_xlxs.xlsx,Input_xlxs,Moose Lodge Rd,NB,2025-06-12,06:00:00,06:15:00,>54 to 56,25,,
Input_xlxs.xlsx,Input_xlxs,Moose Lodge Rd,NB,2025-06-12,06:00:00,06:15:00,>56 to 58,18,,
Input_xlxs.xlsx,Input_xlxs,Moose Lodge Rd,NB,2025-06-12,06:00:00,06:15:00,>58 to 60,15,,
Input_xlxs.xlsx,Input_xlxs,Moose Lodge Rd,NB,2025-06-12,06:00:00,06:15:00,>60 to 62,14,,
Input_xlxs.xlsx,Input_xlxs,Moose Lodge Rd,NB,2025-06-12,06:00:00,06:15:00,> 62,29,,
Input_xlxs.xlsx,Input_xlxs,Moose Lodge Rd,NB,2025-06-12,07:00:00,07:15:00,0 to 40,16,,
Input_xlxs.xlsx,Input_xlxs,Moose Lodge Rd,NB,2025-06-12,07:00:00,07:15:00,>40 to 42,2,,
Input_xlxs.xlsx,Input_xlxs,Moose Lodge Rd,NB,2025-06-12,07:00:00,07:15:00,>42 to 44,2,,
Input_xlxs.xlsx,Input_xlxs,Moose Lodge Rd,NB,2025-06-12,07:00:00,07:15:00,>44 to 46,0,,
Input_xlxs.xlsx,Input_xlxs,Moose Lodge Rd,NB,2025-06-12,07:00:00,07:15:00,>46 to 48,1,,
Input_xlxs.xlsx,Input_xlxs,Moose Lodge Rd,NB,2025-06-12,07:00:00,07:15:00,>48 to 50,4,,
Input_xlxs.xlsx,Input_xlxs,Moose Lodge Rd,NB,2025-06-12,07:00:00,07:15:00,>50 to 52,10,,
Input_xlxs.xlsx,Input_xlxs,Moose Lodge Rd,NB,2025-06-12,07:00:00,07:15:00,>52 to 54,21,,
Input_xlxs.xlsx,Input_xlxs,Moose Lodge Rd,NB,2025-06-12,07:00:00,07:15:00,>54 to 56,24,,
Input_xlxs.xlsx,Input_xlxs,Moose Lodge Rd,NB,2025-06-12,07:00:00,07:15:00,>56 to 58,41,,
Input_xlxs.xlsx,Input_xlxs,Moose Lodge Rd,NB,2025-06-12,07:00:00,07:15:00,>58 to 60,39,,
Input_xlxs.xlsx,Input_xlxs,Moose Lodge Rd,NB,2025-06-12,07:00:00,07:15:00,>60 to 62,32,,
Input_xlxs.xlsx,Input_xlxs,Moose Lodge Rd,NB,2025-06-12,07:00:00,07:15:00,> 62,62,,
Input_xlxs.xlsx,Input_xlxs,Moose Lodge Rd,NB,2025-06-12,08:00:00,08:15:00,0 to 40,4,,
Input_xlxs.xlsx,Input_xlxs,Moose Lodge Rd,NB,2025-06-12,08:00:00,08:15:00,>40 to 42,0,,
Input_xlxs.xlsx,Input_xlxs,Moose Lodge Rd,NB,2025-06-12,08:00:00,08:15:00,>42 to 44,1,,
Input_xlxs.xlsx,Input_xlxs,Moose Lodge Rd,NB,2025-06-12,08:00:00,08:15:00,>44 to 46,3,,
Input_xlxs.xlsx,Input_xlxs,Moose Lodge Rd,NB,2025-06-12,08:00:00,08:15:00,>46 to 48,5,,
Input_xlxs.xlsx,Input_xlxs,Moose Lodge Rd,NB,2025-06-12,08:00:00,08:15:00,>48 to 50,7,,
Input_xlxs.xlsx,Input_xlxs,Moose Lodge Rd,NB,2025-06-12,08:00:00,08:15:00,>50 to 52,10,,
Input_xlxs.xlsx,Input_xlxs,Moose Lodge Rd,NB,2025-06-12,08:00:00,08:15:00,>52 to 54,12,,
Input_xlxs.xlsx,Input_xlxs,Moose Lodge Rd,NB,2025-06-12,08:00:00,08:15:00,>54 to 56,21,,
Input_xlxs.xlsx,Input_xlxs,Moose Lodge Rd,NB,2025-06-12,08:00:00,08:15:00,>56 to 58,19,,
Input_xlxs.xlsx,Input_xlxs,Moose Lodge Rd,NB,2025-06-12,08:00:00,08:15:00,>58 to 60,13,,
Input_xlxs.xlsx,Input_xlxs,Moose Lodge Rd,NB,2025-06-12,08:00:00,08:15:00,>60 to 62,15,,
Input_xlxs.xlsx,Input_xlxs,Moose Lodge Rd,NB,2025-06-12,08:00:00,08:15:00,> 62,37,,
Input_xlxs.xlsx,Input_xlxs,Moose Lodge Rd,NB,2025-06-12,09:00:00,09:15:00,0 to 40,3,,
Input_xlxs.xlsx,Input_xlxs,Moose Lodge Rd,NB,2025-06-12,09:00:00,09:15:00,>40 to 42,0,,
Input_xlxs.xlsx,Input_xlxs,Moose Lodge Rd,NB,2025-06-12,09:00:00,09:15:00,>42 to 44,3,,
Input_xlxs.xlsx,Input_xlxs,Moose Lodge Rd,NB,2025-06-12,09:00:00,09:15:00,>44 to 46,2,,
Input_xlxs.xlsx,Input_xlxs,Moose Lodge Rd,NB,2025-06-12,09:00:00,09:15:00,>46 to 48,4,,
Input_xlxs.xlsx,Input_xlxs,Moose Lodge Rd,NB,2025-06-12,09:00:00,09:15:00,>48 to 50,14,,
Input_xlxs.xlsx,Input_xlxs,Moose Lodge Rd,NB,2025-06-12,09:00:00,09:15:00,>50 to 52,7,,
Input_xlxs.xlsx,Input_xlxs,Moose Lodge Rd,NB,2025-06-12,09:00:00,09:15:00,>52 to 54,20,,
Input_xlxs.xlsx,Input_xlxs,Moose Lodge Rd,NB,2025-06-12,09:00:00,09:15:00,>54 to 56,10,,
Input_xlxs.xlsx,Input_xlxs,Moose Lodge Rd,NB,2025-06-12,09:00:00,09:15:00,>56 to 58,13,,
Input_xlxs.xlsx,Input_xlxs,Moose Lodge Rd,NB,2025-06-12,09:00:00,09:15:00,>58 to 60,4,,
Input_xlxs.xlsx,Input_xlxs,Moose Lodge Rd,NB,2025-06-12,09:00:00,09:15:00,>60 to 62,3,,
Input_xlxs.xlsx,Input_xlxs,Moose Lodge Rd,NB,2025-06-12,09:00:00,09:15:00,> 62,18,,
Input_xlxs.xlsx,Input_xlxs,Moose Lodge Rd,NB,2025-06-12,10:00:00,10:15:00,0 to 40,10,,
Input_xlxs.xlsx,Input_xlxs,Moose Lodge Rd,NB,2025-06-12,10:00:00,10:15:00,>40 to 42,2,,
Input_xlxs.xlsx,Input_xlxs,Moose Lodge Rd,NB,2025-06-12,10:00:00,10:15:00,>42 to 44,2,,
Input_xlxs.xlsx,Input_xlxs,Moose Lodge Rd,NB,2025-06-12,10:00:00,10:15:00,>44 to 46,5,,
Input_xlxs.xlsx,Input_xlxs,Moose Lodge Rd,NB,2025-06-12,10:00:00,10:15:00,>46 to 48,11,,
Input_xlxs.xlsx,Input_xlxs,Moose Lodge Rd,NB,2025-06-12,10:00:00,10:15:00,>48 to 50,19,,
Input_xlxs.xlsx,Input_xlxs,Moose Lodge Rd,NB,2025-06-12,10:00:00,10:15:00,>50 to 52,21,,
Input_xlxs.xlsx,Input_xlxs,Moose Lodge Rd,NB,2025-06-12,10:00:00,10:15:00,>52 to 54,14,,
Input_xlxs.xlsx,Input_xlxs,Moose Lodge Rd,NB,2025-06-12,10:00:00,10:15:00,>54 to 56,14,,
Input_xlxs.xlsx,Input_xlxs,Moose Lodge Rd,NB,2025-06-12,10:00:00,10:15:00,>56 to 58,10,,
Input_xlxs.xlsx,Input_xlxs,Moose Lodge Rd,NB,2025-06-12,10:00:00,10:15:00,>58 to 60,4,,
Input_xlxs.xlsx,Input_xlxs,Moose Lodge Rd,NB,2025-06-12,10:00:00,10:15:00,>60 to 62,5,,
Input_xlxs.xlsx,Input_xlxs,Moose Lodge Rd,NB,2025-06-12,10:00:00,10:15:00,> 62,10,,
Input_xlxs.xlsx,Input_xlxs,Moose Lodge Rd,NB,2025-06-12,11:00:00,11:15:00,0 to 40,2,,
Input_xlxs.xlsx,Input_xlxs,Moose Lodge Rd,NB,2025-06-12,11:00:00,11:15:00,>40 to 42,0,,
Input_xlxs.xlsx,Input_xlxs,Moose Lodge Rd,NB,2025-06-12,11:00:00,11:15:00,>42 to 44,1,,
Input_xlxs.xlsx,Input_xlxs,Moose Lodge Rd,NB,2025-06-12,11:00:00,11:15:00,>44 to 46,4,,
Input_xlxs.xlsx,Input_xlxs,Moose Lodge Rd,NB,2025-06-12,11:00:00,11:15:00,>46 to 48,5,,
Input_xlxs.xlsx,Input_xlxs,Moose Lodge Rd,NB,2025-06-12,11:00:00,11:15:00,>48 to 50,6,,
Input_xlxs.xlsx,Input_xlxs,Moose Lodge Rd,NB,2025-06-12,11:00:00,11:15:00,>50 to 52,9,,
Input_xlxs.xlsx,Input_xlxs,Moose Lodge Rd,NB,2025-06-12,11:00:00,11:15:00,>52 to 54,11,,
Input_xlxs.xlsx,Input_xlxs,Moose Lodge Rd,NB,2025-06-12,11:00:00,11:15:00,>54 to 56,18,,
Input_xlxs.xlsx,Input_xlxs,Moose Lodge Rd,NB,2025-06-12,11:00:00,11:15:00,>56 to 58,11,,
Input_xlxs.xlsx,Input_xlxs,Moose Lodge Rd,NB,2025-06-12,11:00:00,11:15:00,>58 to 60,15,,
Input_xlxs.xlsx,Input_xlxs,Moose Lodge Rd,NB,2025-06-12,11:00:00,11:15:00,>60 to 62,7,,
Input_xlxs.xlsx,Input_xlxs,Moose Lodge Rd,NB,2025-06-12,11:00:00,11:15:00,> 62,23,,
Input_xlxs.xlsx,Input_xlxs,Moose Lodge Rd,NB,2025-06-12,12:00:00,12:15:00,0 to 40,3,,
Input_xlxs.xlsx,Input_xlxs,Moose Lodge Rd,NB,2025-06-12,12:00:00,12:15:00,>40 to 42,1,,
Input_xlxs.xlsx,Input_xlxs,Moose Lodge Rd,NB,2025-06-12,12:00:00,12:15:00,>42 to 44,7,,
Input_xlxs.xlsx,Input_xlxs,Moose Lodge Rd,NB,2025-06-12,12:00:00,12:15:00,>44 to 46,2,,
Input_xlxs.xlsx,Input_xlxs,Moose Lodge Rd,NB,2025-06-12,12:00:00,12:15:00,>46 to 48,2,,
Input_xlxs.xlsx,Input_xlxs,Moose Lodge Rd,NB,2025-06-12,12:00:00,12:15:00,>48 to 50,8,,
Input_xlxs.xlsx,Input_xlxs,Moose Lodge Rd,NB,2025-06-12,12:00:00,12:15:00,>50 to 52,20,,
Input_xlxs.xlsx,Input_xlxs,Moose Lodge Rd,NB,2025-06-12,12:00:00,12:15:00,>52 to 54,20,,
Input_xlxs.xlsx,Input_xlxs,Moose Lodge Rd,NB,2025-06-12,12:00:00,12:15:00,>54 to 56,18,,
Input_xlxs.xlsx,Input_xlxs,Moose Lodge Rd,NB,2025-06-12,12:00:00,12:15:00,>56 to 58,14,,
Input_xlxs.xlsx,Input_xlxs,Moose Lodge Rd,NB,2025-06-12,12:00:00,12:15:00,>58 to 60,8,,
Input_xlxs.xlsx,Input_xlxs,Moose Lodge Rd,NB,2025-06-12,12:00:00,12:15:00,>60 to 62,7,,
Input_xlxs.xlsx,Input_xlxs,Moose Lodge Rd,NB,2025-06-12,12:00:00,12:15:00,> 62,13,,
Input_xlxs.xlsx,Input_xlxs,Moose Lodge Rd,NB,2025-06-12,13:00:00,13:15:00,0 to 40,1,,
Input_xlxs.xlsx,Input_xlxs,Moose Lodge Rd,NB,2025-06-12,13:00:00,13:15:00,>40 to 42,3,,
Input_xlxs.xlsx,Input_xlxs,Moose Lodge Rd,NB,2025-06-12,13:00:00,13:15:00,>42 to 44,1,,
Input_xlxs.xlsx,Input_xlxs,Moose Lodge Rd,NB,2025-06-12,13:00:00,13:15:00,>44 to 46,4,,
Input_xlxs.xlsx,Input_xlxs,Moose Lodge Rd,NB,2025-06-12,13:00:00,13:15:00,>46 to 48,4,,
Input_xlxs.xlsx,Input_xlxs,Moose Lodge Rd,NB,2025-06-12,13:00:00,13:15:00,>48 to 50,6,,
Input_xlxs.xlsx,Input_xlxs,Moose Lodge Rd,NB,2025-06-12,13:00:00,13:15:00,>50 to 52,10,,
Input_xlxs.xlsx,Input_xlxs,Moose Lodge Rd,NB,2025-06-12,13:00:00,13:15:00,>52 to 54,18,,
Input_xlxs.xlsx,Input_xlxs,Moose Lodge Rd,NB,2025-06-12,13:00:00,13:15:00,>54 to 56,14,,
Input_xlxs.xlsx,Input_xlxs,Moose Lodge Rd,NB,2025-06-12,13:00:00,13:15:00,>56 to 58,19,,
Input_xlxs.xlsx,Input_xlxs,Moose Lodge Rd,NB,2025-06-12,13:00:00,13:15:00,>58 to 60,8,,
Input_xlxs.xlsx,Input_xlxs,Moose Lodge Rd,NB,2025-06-12,13:00:00,13:15:00,>60 to 62,9,,
Input_xlxs.xlsx,Input_xlxs,Moose Lodge Rd,NB,2025-06-12,13:00:00,13:15:00,> 62,14,,
Input_xlxs.xlsx,Input_xlxs,Moose Lodge Rd,NB,2025-06-12,14:00:00,14:15:00,0 to 40,4,,
Input_xlxs.xlsx,Input_xlxs,Moose Lodge Rd,NB,2025-06-12,14:00:00,14:15:00,>40 to 42,0,,
Input_xlxs.xlsx,Input_xlxs,Moose Lodge Rd,NB,2025-06-12,14:00:00,14:15:00,>42 to 44,0,,
Input_xlxs.xlsx,Input_xlxs,Moose Lodge Rd,NB,2025-06-12,14:00:00,14:15:00,>44 to 46,3,,
Input_xlxs.xlsx,Input_xlxs,Moose Lodge Rd,NB,2025-06-12,14:00:00,14:15:00,>46 to 48,4,,
Input_xlxs.xlsx,Input_xlxs,Moose Lodge Rd,NB,2025-06-12,14:00:00,14:15:00,>48 to 50,5,,
Input_xlxs.xlsx,Input_xlxs,Moose Lodge Rd,NB,2025-06-12,14:00:00,14:15:00,>50 to 52,8,,
Input_xlxs.xlsx,Input_xlxs,Moose Lodge Rd,NB,2025-06-12,14:00:00,14:15:00,>52 to 54,11,,
Input_xlxs.xlsx,Input_xlxs,Moose Lodge Rd,NB,2025-06-12,14:00:00,14:15:00,>54 to 56,21,,
Input_xlxs.xlsx,Input_xlxs,Moose Lodge Rd,NB,2025-06-12,14:00:00,14:15:00,>56 to 58,15,,
Input_xlxs.xlsx,Input_xlxs,Moose Lodge Rd,NB,2025-06-12,14:00:00,14:15:00,>58 to 60,12,,
Input_xlxs.xlsx,Input_xlxs,Moose Lodge Rd,NB,2025-06-12,14:00:00,14:15:00,>60 to 62,9,,
Input_xlxs.xlsx,Input_xlxs,Moose Lodge Rd,NB,2025-06-12,14:00:00,14:15:00,> 62,16,,
Input_xlxs.xlsx,Input_xlxs,Moose Lodge Rd,NB,2025-06-12,15:00:00,15:15:00,0 to 40,3,,
Input_xlxs.xlsx,Input_xlxs,Moose Lodge Rd,NB,2025-06-12,15:00:00,15:15:00,>40 to 42,0,,
Input_xlxs.xlsx,Input_xlxs,Moose Lodge Rd,NB,2025-06-12,15:00:00,15:15:00,>42 to 44,0,,
Input_xlxs.xlsx,Input_xlxs,Moose Lodge Rd,NB,2025-06-12,15:00:00,15:15:00,>44 to 46,0,,
Input_xlxs.xlsx,Input_xlxs,Moose Lodge Rd,NB,2025-06-12,15:00:00,15:15:00,>46 to 48,4,,
Input_xlxs.xlsx,Input_xlxs,Moose Lodge Rd,NB,2025-06-12,15:00:00,15:15:00,>48 to 50,4,,
Input_xlxs.xlsx,Input_xlxs,Moose Lodge Rd,NB,2025-06-12,15:00:00,15:15:00,>50 to 52,10,,
Input_xlxs.xlsx,Input_xlxs,Moose Lodge Rd,NB,2025-06-12,15:00:00,15:15:00,>52 to 54,14,,
Input_xlxs.xlsx,Input_xlxs,Moose Lodge Rd,NB,2025-06-12,15:00:00,15:15:00,>54 to 56,20,,
Input_xlxs.xlsx,Input_xlxs,Moose Lodge Rd,NB,2025-06-12,15:00:00,15:15:00,>56 to 58,18,,
Input_xlxs.xlsx,Input_xlxs,Moose Lodge Rd,NB,2025-06-12,15:00:00,15:15:00,>58 to 60,22,,
Input_xlxs.xlsx,Input_xlxs,Moose Lodge Rd,NB,2025-06-12,15:00:00,15:15:00,>60 to 62,8,,
Input_xlxs.xlsx,Input_xlxs,Moose Lodge Rd,NB,2025-06-12,15:00:00,15:15:00,> 62,24,,
Input_xlxs.xlsx,Input_xlxs,Moose Lodge Rd,NB,2025-06-12,16:00:00,16:15:00,0 to 40,4,,
Input_xlxs.xlsx,Input_xlxs,Moose Lodge Rd,NB,2025-06-12,16:00:00,16:15:00,>40 to 42,1,,
Input_xlxs.xlsx,Input_xlxs,Moose Lodge Rd,NB,2025-06-12,16:00:00,16:15:00,>42 to 44,1,,
Input_xlxs.xlsx,Input_xlxs,Moose Lodge Rd,NB,2025-06-12,16:00:00,16:15:00,>44 to 46,1,,
Input_xlxs.xlsx,Input_xlxs,Moose Lodge Rd,NB,2025-06-12,16:00:00,16:15:00,>46 to 48,3,,
Input_xlxs.xlsx,Input_xlxs,Moose Lodge Rd,NB,2025-06-12,16:00:00,16:15:00,>48 to 50,8,,
Input_xlxs.xlsx,Input_xlxs,Moose Lodge Rd,NB,2025-06-12,16:00:00,16:15:00,>50 to 52,16,,
Input_xlxs.xlsx,Input_xlxs,Moose Lodge Rd,NB,2025-06-12,16:00:00,16:15:00,>52 to 54,14,,
Input_xlxs.xlsx,Input_xlxs,Moose Lodge Rd,NB,2025-06-12,16:00:00,16:15:00,>54 to 56,12,,
Input_xlxs.xlsx,Input_xlxs,Moose Lodge Rd,NB,2025-06-12,16:00:00,16:15:00,>56 to 58,24,,
Input_xlxs.xlsx,Input_xlxs,Moose Lodge Rd,NB,2025-06-12,16:00:00,16:15:00,>58 to 60,13,,
Input_xlxs.xlsx,Input_xlxs,Moose Lodge Rd,NB,2025-06-12,16:00:00,16:15:00,>60 to 62,15,,
Input_xlxs.xlsx,Input_xlxs,Moose Lodge Rd,NB,2025-06-12,16:00:00,16:15:00,> 62,15,,
Input_xlxs.xlsx,Input_xlxs,Moose Lodge Rd,NB,2025-06-12,17:00:00,17:15:00,0 to 40,0,,
Input_xlxs.xlsx,Input_xlxs,Moose Lodge Rd,NB,2025-06-12,17:00:00,17:15:00,>40 to 42,1,,
Input_xlxs.xlsx,Input_xlxs,Moose Lodge Rd,NB,2025-06-12,17:00:00,17:15:00,>42 to 44,1,,
Input_xlxs.xlsx,Input_xlxs,Moose Lodge Rd,NB,2025-06-12,17:00:00,17:15:00,>44 to 46,1,,
Input_xlxs.xlsx,Input_xlxs,Moose Lodge Rd,NB,2025-06-12,17:00:00,17:15:00,>46 to 48,4,,
Input_xlxs.xlsx,Input_xlxs,Moose Lodge Rd,NB,2025-06-12,17:00:00,17:15:00,>48 to 50,7,,
Input_xlxs.xlsx,Input_xlxs,Moose Lodge Rd,NB,2025-06-12,17:00:00,17:15:00,>50 to 52,12,,
Input_xlxs.xlsx,Input_xlxs,Moose Lodge Rd,NB,2025-06-12,17:00:00,17:15:00,>52 to 54,17,,
Input_xlxs.xlsx,Input_xlxs,Moose Lodge Rd,NB,2025-06-12,17:00:00,17:15:00,>54 to 56,19,,
Input_xlxs.xlsx,Input_xlxs,Moose Lodge Rd,NB,2025-06-12,17:00:00,17:15:00,>56 to 58,20,,
Input_xlxs.xlsx,Input_xlxs,Moose Lodge Rd,NB,2025-06-12,17:00:00,17:15:00,>58 to 60,19,,
Input_xlxs.xlsx,Input_xlxs,Moose Lodge Rd,NB,2025-06-12,17:00:00,17:15:00,>60 to 62,16,,
Input_xlxs.xlsx,Input_xlxs,Moose Lodge Rd,NB,2025-06-12,17:00:00,17:15:00,> 62,28,,
Input_xlxs.xlsx,Input_xlxs,Moose Lodge Rd,NB,2025-06-12,18:00:00,18:15:00,0 to 40,3,,
Input_xlxs.xlsx,Input_xlxs,Moose Lodge Rd,NB,2025-06-12,18:00:00,18:15:00,>40 to 42,0,,
Input_xlxs.xlsx,Input_xlxs,Moose Lodge Rd,NB,2025-06-12,18:00:00,18:15:00,>42 to 44,1,,
Input_xlxs.xlsx,Input_xlxs,Moose Lodge Rd,NB,2025-06-12,18:00:00,18:15:00,>44 to 46,1,,
Input_xlxs.xlsx,Input_xlxs,Moose Lodge Rd,NB,2025-06-12,18:00:00,18:15:00,>46 to 48,1,,
Input_xlxs.xlsx,Input_xlxs,Moose Lodge Rd,NB,2025-06-12,18:00:00,18:15:00,>48 to 50,11,,
Input_xlxs.xlsx,Input_xlxs,Moose Lodge Rd,NB,2025-06-12,18:00:00,18:15:00,>50 to 52,11,,
Input_xlxs.xlsx,Input_xlxs,Moose Lodge Rd,NB,2025-06-12,18:00:00,18:15:00,>52 to 54,8,,
Input_xlxs.xlsx,Input_xlxs,Moose Lodge Rd,NB,2025-06-12,18:00:00,18:15:00,>54 to 56,14,,
Input_xlxs.xlsx,Input_xlxs,Moose Lodge Rd,NB,2025-06-12,18:00:00,18:15:00,>56 to 58,12,,
Input_xlxs.xlsx,Input_xlxs,Moose Lodge Rd,NB,2025-06-12,18:00:00,18:15:00,>58 to 60,13,,
Input_xlxs.xlsx,Input_xlxs,Moose Lodge Rd,NB,2025-06-12,18:00:00,18:15:00,>60 to 62,12,,
Input_xlxs.xlsx,Input_xlxs,Moose Lodge Rd,NB,2025-06-12,18:00:00,18:15:00,> 62,25,,
Input_xlxs.xlsx,Input_xlxs,Moose Lodge Rd,NB,2025-06-12,19:00:00,19:15:00,0 to 40,2,,
Input_xlxs.xlsx,Input_xlxs,Moose Lodge Rd,NB,2025-06-12,19:00:00,19:15:00,>40 to 42,1,,
Input_xlxs.xlsx,Input_xlxs,Moose Lodge Rd,NB,2025-06-12,19:00:00,19:15:00,>42 to 44,1,,
Input_xlxs.xlsx,Input_xlxs,Moose Lodge Rd,NB,2025-06-12,19:00:00,19:15:00,>44 to 46,0,,
Input_xlxs.xlsx,Input_xlxs,Moose Lodge Rd,NB,2025-06-12,19:00:00,19:15:00,>46 to 48,3,,
Input_xlxs.xlsx,Input_xlxs,Moose Lodge Rd,NB,2025-06-12,19:00:00,19:15:00,>48 to 50,5,,
Input_xlxs.xlsx,Input_xlxs,Moose Lodge Rd,NB,2025-06-12,19:00:00,19:15:00,>50 to 52,2,,
Input_xlxs.xlsx,Input_xlxs,Moose Lodge Rd,NB,2025-06-12,19:00:00,19:15:00,>52 to 54,3,,
Input_xlxs.xlsx,Input_xlxs,Moose Lodge Rd,NB,2025-06-12,19:00:00,19:15:00,>54 to 56,17,,
Input_xlxs.xlsx,Input_xlxs,Moose Lodge Rd,NB,2025-06-12,19:00:00,19:15:00,>56 to 58,10,,
Input_xlxs.xlsx,Input_xlxs,Moose Lodge Rd,NB,2025-06-12,19:00:00,19:15:00,>58 to 60,8,,
Input_xlxs.xlsx,Input_xlxs,Moose Lodge Rd,NB,2025-06-12,19:00:00,19:15:00,>60 to 62,4,,
Input_xlxs.xlsx,Input_xlxs,Moose Lodge Rd,NB,2025-06-12,19:00:00,19:15:00,> 62,19,,
Input_xlxs.xlsx,Input_xlxs,Moose Lodge Rd,NB,2025-06-12,20:00:00,20:15:00,0 to 40,2,,
Input_xlxs.xlsx,Input_xlxs,Moose Lodge Rd,NB,2025-06-12,20:00:00,20:15:00,>40 to 42,0,,
Input_xlxs.xlsx,Input_xlxs,Moose Lodge Rd,NB,2025-06-12,20:00:00,20:15:00,>42 to 44,2,,
Input_xlxs.xlsx,Input_xlxs,Moose Lodge Rd,NB,2025-06-12,20:00:00,20:15:00,>44 to 46,1,,
Input_xlxs.xlsx,Input_xlxs,Moose Lodge Rd,NB,2025-06-12,20:00:00,20:15:00,>46 to 48,0,,
Input_xlxs.xlsx,Input_xlxs,Moose Lodge Rd,NB,2025-06-12,20:00:00,20:15:00,>48 to 50,6,,
Input_xlxs.xlsx,Input_xlxs,Moose Lodge Rd,NB,2025-06-12,20:00:00,20:15:00,>50 to 52,5,,
Input_xlxs.xlsx,Input_xlxs,Moose Lodge Rd,NB,2025-06-12,20:00:00,20:15:00,>52 to 54,3,,
Input_xlxs.xlsx,Input_xlxs,Moose Lodge Rd,NB,2025-06-12,20:00:00,20:15:00,>54 to 56,6,,
Input_xlxs.xlsx,Input_xlxs,Moose Lodge Rd,NB,2025-06-12,20:00:00,20:15:00,>56 to 58,7,,
Input_xlxs.xlsx,Input_xlxs,Moose Lodge Rd,NB,2025-06-12,20:00:00,20:15:00,>58 to 60,4,,
Input_xlxs.xlsx,Input_xlxs,Moose Lodge Rd,NB,2025-06-12,20:00:00,20:15:00,>60 to 62,1,,
Input_xlxs.xlsx,Input_xlxs,Moose Lodge Rd,NB,2025-06-12,20:00:00,20:15:00,> 62,7,,
Input_xlxs.xlsx,Input_xlxs,Moose Lodge Rd,NB,2025-06-12,21:00:00,21:15:00,0 to 40,2,,
Input_xlxs.xlsx,Input_xlxs,Moose Lodge Rd,NB,2025-06-12,21:00:00,21:15:00,>40 to 42,0,,
Input_xlxs.xlsx,Input_xlxs,Moose Lodge Rd,NB,2025-06-12,21:00:00,21:15:00,>42 to 44,0,,
Input_xlxs.xlsx,Input_xlxs,Moose Lodge Rd,NB,2025-06-12,21:00:00,21:15:00,>44 to 46,3,,
Input_xlxs.xlsx,Input_xlxs,Moose Lodge Rd,NB,2025-06-12,21:00:00,21:15:00,>46 to 48,3,,
Input_xlxs.xlsx,Input_xlxs,Moose Lodge Rd,NB,2025-06-12,21:00:00,21:15:00,>48 to 50,4,,
Input_xlxs.xlsx,Input_xlxs,Moose Lodge Rd,NB,2025-06-12,21:00:00,21:15:00,>50 to 52,9,,
Input_xlxs.xlsx,Input_xlxs,Moose Lodge Rd,NB,2025-06-12,21:00:00,21:15:00,>52 to 54,6,,
Input_xlxs.xlsx,Input_xlxs,Moose Lodge Rd,NB,2025-06-12,21:00:00,21:15:00,>54 to 56,8,,
Input_xlxs.xlsx,Input_xlxs,Moose Lodge Rd,NB,2025-06-12,21:00:00,21:15:00,>56 to 58,6,,
Input_xlxs.xlsx,Input_xlxs,Moose Lodge Rd,NB,2025-06-12,21:00:00,21:15:00,>58 to 60,1,,
Input_xlxs.xlsx,Input_xlxs,Moose Lodge Rd,NB,2025-06-12,21:00:00,21:15:00,>60 to 62,5,,
Input_xlxs.xlsx,Input_xlxs,Moose Lodge Rd,NB,2025-06-12,21:00:00,21:15:00,> 62,3,,
Input_xlxs.xlsx,Input_xlxs,Moose Lodge Rd,NB,2025-06-12,22:00:00,22:15:00,0 to 40,0,,
Input_xlxs.xlsx,Input_xlxs,Moose Lodge Rd,NB,2025-06-12,22:00:00,22:15:00,>40 to 42,0,,
Input_xlxs.xlsx,Input_xlxs,Moose Lodge Rd,NB,2025-06-12,22:00:00,22:15:00,>42 to 44,1,,
Input_xlxs.xlsx,Input_xlxs,Moose Lodge Rd,NB,2025-06-12,22:00:00,22:15:00,>44 to 46,0,,
Input_xlxs.xlsx,Input_xlxs,Moose Lodge Rd,NB,2025-06-12,22:00:00,22:15:00,>46 to 48,0,,
Input_xlxs.xlsx,Input_xlxs,Moose Lodge Rd,NB,2025-06-12,22:00:00,22:15:00,>48 to 50,3,,
Input_xlxs.xlsx,Input_xlxs,Moose Lodge Rd,NB,2025-06-12,22:00:00,22:15:00,>50 to 52,3,,
Input_xlxs.xlsx,Input_xlxs,Moose Lodge Rd,NB,2025-06-12,22:00:00,22:15:00,>52 to 54,6,,
Input_xlxs.xlsx,Input_xlxs,Moose Lodge Rd,NB,2025-06-12,22:00:00,22:15:00,>54 to 56,1,,
Input_xlxs.xlsx,Input_xlxs,Moose Lodge Rd,NB,2025-06-12,22:00:00,22:15:00,>56 to 58,1,,
Input_xlxs.xlsx,Input_xlxs,Moose Lodge Rd,NB,2025-06-12,22:00:00,22:15:00,>58 to 60,1,,
Input_xlxs.xlsx,Input_xlxs,Moose Lodge Rd,NB,2025-06-12,22:00:00,22:15:00,>60 to 62,2,,
Input_xlxs.xlsx,Input_xlxs,Moose Lodge Rd,NB,2025-06-12,22:00:00,22:15:00,> 62,7,,
Input_xlxs.xlsx,Input_xlxs,Moose Lodge Rd,NB,2025-06-12,23:00:00,23:15:00,0 to 40,0,,
Input_xlxs.xlsx,Input_xlxs,Moose Lodge Rd,NB,2025-06-12,23:00:00,23:15:00,>40 to 42,0,,
Input_xlxs.xlsx,Input_xlxs,Moose Lodge Rd,NB,2025-06-12,23:00:00,23:15:00,>42 to 44,0,,
Input_xlxs.xlsx,Input_xlxs,Moose Lodge Rd,NB,2025-06-12,23:00:00,23:15:00,>44 to 46,1,,
Input_xlxs.xlsx,Input_xlxs,Moose Lodge Rd,NB,2025-06-12,23:00:00,23:15:00,>46 to 48,0,,
Input_xlxs.xlsx,Input_xlxs,Moose Lodge Rd,NB,2025-06-12,23:00:00,23:15:00,>48 to 50,1,,
Input_xlxs.xlsx,Input_xlxs,Moose Lodge Rd,NB,2025-06-12,23:00:00,23:15:00,>50 to 52,1,,
Input_xlxs.xlsx,Input_xlxs,Moose Lodge Rd,NB,2025-06-12,23:00:00,23:15:00,>52 to 54,1,,
Input_xlxs.xlsx,Input_xlxs,Moose Lodge Rd,NB,2025-06-12,23:00:00,23:15:00,>54 to 56,1,,
Input_xlxs.xlsx,Input_xlxs,Moose Lodge Rd,NB,2025-06-12,23:00:00,23:15:00,>56 to 58,2,,
Input_xlxs.xlsx,Input_xlxs,Moose Lodge Rd,NB,2025-06-12,23:00:00,23:15:00,>58 to 60,0,,
Input_xlxs.xlsx,Input_xlxs,Moose Lodge Rd,NB,2025-06-12,23:00:00,23:15:00,>60 to 62,1,,
Input_xlxs.xlsx,Input_xlxs,Moose Lodge Rd,NB,2025-06-12,23:00:00,23:15:00,> 62,2,,
Input_xlxs.xlsx,Input_xlxs,Moose Lodge Rd,NB,2025-06-13,00:00:00,00:15:00,0 to 40,0,,
Input_xlxs.xlsx,Input_xlxs,Moose Lodge Rd,NB,2025-06-13,00:00:00,00:15:00,>40 to 42,0,,
Input_xlxs.xlsx,Input_xlxs,Moose Lodge Rd,NB,2025-06-13,00:00:00,00:15:00,>42 to 44,0,,
Input_xlxs.xlsx,Input_xlxs,Moose Lodge Rd,NB,2025-06-13,00:00:00,00:15:00,>44 to 46,0,,
Input_xlxs.xlsx,Input_xlxs,Moose Lodge Rd,NB,2025-06-13,00:00:00,00:15:00,>46 to 48,0,,
Input_xlxs.xlsx,Input_xlxs,Moose Lodge Rd,NB,2025-06-13,00:00:00,00:15:00,>48 to 50,0,,
Input_xlxs.xlsx,Input_xlxs,Moose Lodge Rd,NB,2025-06-13,00:00:00,00:15:00,>50 to 52,1,,
Input_xlxs.xlsx,Input_xlxs,Moose Lodge Rd,NB,2025-06-13,00:00:00,00:15:00,>52 to 54,1,,
Input_xlxs.xlsx,Input_xlxs,Moose Lodge Rd,NB,2025-06-13,00:00:00,00:15:00,>54 to 56,2,,
Input_xlxs.xlsx,Input_xlxs,Moose Lodge Rd,NB,2025-06-13,00:00:00,00:15:00,>56 to 58,2,,
Input_xlxs.xlsx,Input_xlxs,Moose Lodge Rd,NB,2025-06-13,00:00:00,00:15:00,>58 to 60,0,,
Input_xlxs.xlsx,Input_xlxs,Moose Lodge Rd,NB,2025-06-13,00:00:00,00:15:00,>60 to 62,0,,
Input_xlxs.xlsx,Input_xlxs,Moose Lodge Rd,NB,2025-06-13,00:00:00,00:15:00,> 62,0,,
Input_xlxs.xlsx,Input_xlxs,Moose Lodge Rd,NB,2025-06-13,01:00:00,01:15:00,0 to 40,0,,
Input_xlxs.xlsx,Input_xlxs,Moose Lodge Rd,NB,2025-06-13,01:00:00,01:15:00,>40 to 42,0,,
Input_xlxs.xlsx,Input_xlxs,Moose Lodge Rd,NB,2025-06-13,01:00:00,01:15:00,>42 to 44,0,,
Input_xlxs.xlsx,Input_xlxs,Moose Lodge Rd,NB,2025-06-13,01:00:00,01:15:00,>44 to 46,0,,
Input_xlxs.xlsx,Input_xlxs,Moose Lodge Rd,NB,2025-06-13,01:00:00,01:15:00,>46 to 48,0,,
Input_xlxs.xlsx,Input_xlxs,Moose Lodge Rd,NB,2025-06-13,01:00:00,01:15:00,>48 to 50,0,,
Input_xlxs.xlsx,Input_xlxs,Moose Lodge Rd,NB,2025-06-13,01:00:00,01:15:00,>50 to 52,0,,
Input_xlxs.xlsx,Input_xlxs,Moose Lodge Rd,NB,2025-06-13,01:00:00,01:15:00,>52 to 54,1,,
Input_xlxs.xlsx,Input_xlxs,Moose Lodge Rd,NB,2025-06-13,01:00:00,01:15:00,>54 to 56,1,,
Input_xlxs.xlsx,Input_xlxs,Moose Lodge Rd,NB,2025-06-13,01:00:00,01:15:00,>56 to 58,0,,
Input_xlxs.xlsx,Input_xlxs,Moose Lodge Rd,NB,2025-06-13,01:00:00,01:15:00,>58 to 60,0,,
Input_xlxs.xlsx,Input_xlxs,Moose Lodge Rd,NB,2025-06-13,01:00:00,01:15:00,>60 to 62,0,,
Input_xlxs.xlsx,Input_xlxs,Moose Lodge Rd,NB,2025-06-13,01:00:00,01:15:00,> 62,0,,
Input_xlxs.xlsx,Input_xlxs,Moose Lodge Rd,NB,2025-06-13,02:00:00,02:15:00,0 to 40,0,,
Input_xlxs.xlsx,Input_xlxs,Moose Lodge Rd,NB,2025-06-13,02:00:00,02:15:00,>40 to 42,0,,
Input_xlxs.xlsx,Input_xlxs,Moose Lodge Rd,NB,2025-06-13,02:00:00,02:15:00,>42 to 44,0,,
Input_xlxs.xlsx,Input_xlxs,Moose Lodge Rd,NB,2025-06-13,02:00:00,02:15:00,>44 to 46,1,,
Input_xlxs.xlsx,Input_xlxs,Moose Lodge Rd,NB,2025-06-13,02:00:00,02:15:00,>46 to 48,0,,
Input_xlxs.xlsx,Input_xlxs,Moose Lodge Rd,NB,2025-06-13,02:00:00,02:15:00,>48 to 50,0,,
Input_xlxs.xlsx,Input_xlxs,Moose Lodge Rd,NB,2025-06-13,02:00:00,02:15:00,>50 to 52,0,,
Input_xlxs.xlsx,Input_xlxs,Moose Lodge Rd,NB,2025-06-13,02:00:00,02:15:00,>52 to 54,0,,
Input_xlxs.xlsx,Input_xlxs,Moose Lodge Rd,NB,2025-06-13,02:00:00,02:15:00,>54 to 56,2,,
Input_xlxs.xlsx,Input_xlxs,Moose Lodge Rd,NB,2025-06-13,02:00:00,02:15:00,>56 to 58,0,,
Input_xlxs.xlsx,Input_xlxs,Moose Lodge Rd,NB,2025-06-13,02:00:00,02:15:00,>58 to 60,0,,
Input_xlxs.xlsx,Input_xlxs,Moose Lodge Rd,NB,2025-06-13,02:00:00,02:15:00,>60 to 62,1,,
Input_xlxs.xlsx,Input_xlxs,Moose Lodge Rd,NB,2025-06-13,02:00:00,02:15:00,> 62,2,,
Input_xlxs.xlsx,Input_xlxs,Moose Lodge Rd,NB,2025-06-13,03:00:00,03:15:00,0 to 40,0,,
Input_xlxs.xlsx,Input_xlxs,Moose Lodge Rd,NB,2025-06-13,03:00:00,03:15:00,>40 to 42,0,,
Input_xlxs.xlsx,Input_xlxs,Moose Lodge Rd,NB,2025-06-13,03:00:00,03:15:00,>42 to 44,0,,
Input_xlxs.xlsx,Input_xlxs,Moose Lodge Rd,NB,2025-06-13,03:00:00,03:15:00,>44 to 46,0,,
Input_xlxs.xlsx,Input_xlxs,Moose Lodge Rd,NB,2025-06-13,03:00:00,03:15:00,>46 to 48,0,,
Input_xlxs.xlsx,Input_xlxs,Moose Lodge Rd,NB,2025-06-13,03:00:00,03:15:00,>48 to 50,0,,
Input_xlxs.xlsx,Input_xlxs,Moose Lodge Rd,NB,2025-06-13,03:00:00,03:15:00,>50 to 52,0,,
Input_xlxs.xlsx,Input_xlxs,Moose Lodge Rd,NB,2025-06-13,03:00:00,03:15:00,>52 to 54,0,,
Input_xlxs.xlsx,Input_xlxs,Moose Lodge Rd,NB,2025-06-13,03:00:00,03:15:00,>54 to 56,1,,
Input_xlxs.xlsx,Input_xlxs,Moose Lodge Rd,NB,2025-06-13,03:00:00,03:15:00,>56 to 58,2,,
Input_xlxs.xlsx,Input_xlxs,Moose Lodge Rd,NB,2025-06-13,03:00:00,03:15:00,>58 to 60,2,,
Input_xlxs.xlsx,Input_xlxs,Moose Lodge Rd,NB,2025-06-13,03:00:00,03:15:00,>60 to 62,1,,
Input_xlxs.xlsx,Input_xlxs,Moose Lodge Rd,NB,2025-06-13,03:00:00,03:15:00,> 62,2,,
Input_xlxs.xlsx,Input_xlxs,Moose Lodge Rd,NB,2025-06-13,04:00:00,04:15:00,0 to 40,1,,
Input_xlxs.xlsx,Input_xlxs,Moose Lodge Rd,NB,2025-06-13,04:00:00,04:15:00,>40 to 42,0,,
Input_xlxs.xlsx,Input_xlxs,Moose Lodge Rd,NB,2025-06-13,04:00:00,04:15:00,>42 to 44,0,,
Input_xlxs.xlsx,Input_xlxs,Moose Lodge Rd,NB,2025-06-13,04:00:00,04:15:00,>44 to 46,1,,
Input_xlxs.xlsx,Input_xlxs,Moose Lodge Rd,NB,2025-06-13,04:00:00,04:15:00,>46 to 48,1,,
Input_xlxs.xlsx,Input_xlxs,Moose Lodge Rd,NB,2025-06-13,04:00:00,04:15:00,>48 to 50,1,,
Input_xlxs.xlsx,Input_xlxs,Moose Lodge Rd,NB,2025-06-13,04:00:00,04:15:00,>50 to 52,0,,
Input_xlxs.xlsx,Input_xlxs,Moose Lodge Rd,NB,2025-06-13,04:00:00,04:15:00,>52 to 54,0,,
Input_xlxs.xlsx,Input_xlxs,Moose Lodge Rd,NB,2025-06-13,04:00:00,04:15:00,>54 to 56,0,,
Input_xlxs.xlsx,Input_xlxs,Moose Lodge Rd,NB,2025-06-13,04:00:00,04:15:00,>56 to 58,4,,
Input_xlxs.xlsx,Input_xlxs,Moose Lodge Rd,NB,2025-06-13,04:00:00,04:15:00,>58 to 60,0,,
Input_xlxs.xlsx,Input_xlxs,Moose Lodge Rd,NB,2025-06-13,04:00:00,04:15:00,>60 to 62,1,,
Input_xlxs.xlsx,Input_xlxs,Moose Lodge Rd,NB,2025-06-13,04:00:00,04:15:00,> 62,1,,
Input_xlxs.xlsx,Input_xlxs,Moose Lodge Rd,NB,2025-06-13,05:00:00,05:15:00,0 to 40,0,,
Input_xlxs.xlsx,Input_xlxs,Moose Lodge Rd,NB,2025-06-13,05:00:00,05:15:00,>40 to 42,0,,
Input_xlxs.xlsx,Input_xlxs,Moose Lodge Rd,NB,2025-06-13,05:00:00,05:15:00,>42 to 44,0,,
Input_xlxs.xlsx,Input_xlxs,Moose Lodge Rd,NB,2025-06-13,05:00:00,05:15:00,>44 to 46,0,,
Input_xlxs.xlsx,Input_xlxs,Moose Lodge Rd,NB,2025-06-13,05:00:00,05:15:00,>46 to 48,1,,
Input_xlxs.xlsx,Input_xlxs,Moose Lodge Rd,NB,2025-06-13,05:00:00,05:15:00,>48 to 50,0,,
Input_xlxs.xlsx,Input_xlxs,Moose Lodge Rd,NB,2025-06-13,05:00:00,05:15:00,>50 to 52,3,,
Input_xlxs.xlsx,Input_xlxs,Moose Lodge Rd,NB,2025-06-13,05:00:00,05:15:00,>52 to 54,4,,
Input_xlxs.xlsx,Input_xlxs,Moose Lodge Rd,NB,2025-06-13,05:00:00,05:15:00,>54 to 56,7,,
Input_xlxs.xlsx,Input_xlxs,Moose Lodge Rd,NB,2025-06-13,05:00:00,05:15:00,>56 to 58,5,,
Input_xlxs.xlsx,Input_xlxs,Moose Lodge Rd,NB,2025-06-13,05:00:00,05:15:00,>58 to 60,3,,
Input_xlxs.xlsx,Input_xlxs,Moose Lodge Rd,NB,2025-06-13,05:00:00,05:15:00,>60 to 62,5,,
Input_xlxs.xlsx,Input_xlxs,Moose Lodge Rd,NB,2025-06-13,05:00:00,05:15:00,> 62,11,,
Input_xlxs.xlsx,Input_xlxs,Moose Lodge Rd,NB,2025-06-13,06:00:00,06:15:00,0 to 40,0,,
Input_xlxs.xlsx,Input_xlxs,Moose Lodge Rd,NB,2025-06-13,06:00:00,06:15:00,>40 to 42,0,,
Input_xlxs.xlsx,Input_xlxs,Moose Lodge Rd,NB,2025-06-13,06:00:00,06:15:00,>42 to 44,0,,
Input_xlxs.xlsx,Input_xlxs,Moose Lodge Rd,NB,2025-06-13,06:00:00,06:15:00,>44 to 46,0,,
Input_xlxs.xlsx,Input_xlxs,Moose Lodge Rd,NB,2025-06-13,06:00:00,06:15:00,>46 to 48,2,,
Input_xlxs.xlsx,Input_xlxs,Moose Lodge Rd,NB,2025-06-13,06:00:00,06:15:00,>48 to 50,7,,
Input_xlxs.xlsx,Input_xlxs,Moose Lodge Rd,NB,2025-06-13,06:00:00,06:15:00,>50 to 52,3,,
Input_xlxs.xlsx,Input_xlxs,Moose Lodge Rd,NB,2025-06-13,06:00:00,06:15:00,>52 to 54,17,,
Input_xlxs.xlsx,Input_xlxs,Moose Lodge Rd,NB,2025-06-13,06:00:00,06:15:00,>54 to 56,18,,
Input_xlxs.xlsx,Input_xlxs,Moose Lodge Rd,NB,2025-06-13,06:00:00,06:15:00,>56 to 58,14,,
Input_xlxs.xlsx,Input_xlxs,Moose Lodge Rd,NB,2025-06-13,06:00:00,06:15:00,>58 to 60,14,,
Input_xlxs.xlsx,Input_xlxs,Moose Lodge Rd,NB,2025-06-13,06:00:00,06:15:00,>60 to 62,14,,
Input_xlxs.xlsx,Input_xlxs,Moose Lodge Rd,NB,2025-06-13,06:00:00,06:15:00,> 62,20,,
Input_xlxs.xlsx,Input_xlxs,Moose Lodge Rd,NB,2025-06-13,07:00:00,07:15:00,0 to 40,8,,
Input_xlxs.xlsx,Input_xlxs,Moose Lodge Rd,NB,2025-06-13,07:00:00,07:15:00,>40 to 42,2,,
Input_xlxs.xlsx,Input_xlxs,Moose Lodge Rd,NB,2025-06-13,07:00:00,07:15:00,>42 to 44,3,,
Input_xlxs.xlsx,Input_xlxs,Moose Lodge Rd,NB,2025-06-13,07:00:00,07:15:00,>44 to 46,8,,
Input_xlxs.xlsx,Input_xlxs,Moose Lodge Rd,NB,2025-06-13,07:00:00,07:15:00,>46 to 48,8,,
Input_xlxs.xlsx,Input_xlxs,Moose Lodge Rd,NB,2025-06-13,07:00:00,07:15:00,>48 to 50,8,,
Input_xlxs.xlsx,Input_xlxs,Moose Lodge Rd,NB,2025-06-13,07:00:00,07:15:00,>50 to 52,19,,
Input_xlxs.xlsx,Input_xlxs,Moose Lodge Rd,NB,2025-06-13,07:00:00,07:15:00,>52 to 54,22,,
Input_xlxs.xlsx,Input_xlxs,Moose Lodge Rd,NB,2025-06-13,07:00:00,07:15:00,>54 to 56,29,,
Input_xlxs.xlsx,Input_xlxs,Moose Lodge Rd,NB,2025-06-13,07:00:00,07:15:00,>56 to 58,35,,
Input_xlxs.xlsx,Input_xlxs,Moose Lodge Rd,NB,2025-06-13,07:00:00,07:15:00,>58 to 60,30,,
Input_xlxs.xlsx,Input_xlxs,Moose Lodge Rd,NB,2025-06-13,07:00:00,07:15:00,>60 to 62,25,,
Input_xlxs.xlsx,Input_xlxs,Moose Lodge Rd,NB,2025-06-13,07:00:00,07:15:00,> 62,34,,
Input_xlxs.xlsx,Input_xlxs,Moose Lodge Rd,NB,2025-06-13,08:00:00,08:15:00,0 to 40,1,,
Input_xlxs.xlsx,Input_xlxs,Moose Lodge Rd,NB,2025-06-13,08:00:00,08:15:00,>40 to 42,0,,
Input_xlxs.xlsx,Input_xlxs,Moose Lodge Rd,NB,2025-06-13,08:00:00,08:15:00,>42 to 44,3,,
Input_xlxs.xlsx,Input_xlxs,Moose Lodge Rd,NB,2025-06-13,08:00:00,08:15:00,>44 to 46,8,,
Input_xlxs.xlsx,Input_xlxs,Moose Lodge Rd,NB,2025-06-13,08:00:00,08:15:00,>46 to 48,9,,
Input_xlxs.xlsx,Input_xlxs,Moose Lodge Rd,NB,2025-06-13,08:00:00,08:15:00,>48 to 50,11,,
Input_xlxs.xlsx,Input_xlxs,Moose Lodge Rd,NB,2025-06-13,08:00:00,08:15:00,>50 to 52,11,,
Input_xlxs.xlsx,Input_xlxs,Moose Lodge Rd,NB,2025-06-13,08:00:00,08:15:00,>52 to 54,24,,
Input_xlxs.xlsx,Input_xlxs,Moose Lodge Rd,NB,2025-06-13,08:00:00,08:15:00,>54 to 56,23,,
Input_xlxs.xlsx,Input_xlxs,Moose Lodge Rd,NB,2025-06-13,08:00:00,08:15:00,>56 to 58,16,,
Input_xlxs.xlsx,Input_xlxs,Moose Lodge Rd,NB,2025-06-13,08:00:00,08:15:00,>58 to 60,14,,
Input_xlxs.xlsx,Input_xlxs,Moose Lodge Rd,NB,2025-06-13,08:00:00,08:15:00,>60 to 62,8,,
Input_xlxs.xlsx,Input_xlxs,Moose Lodge Rd,NB,2025-06-13,08:00:00,08:15:00,> 62,25,,
Input_xlxs.xlsx,Input_xlxs,Moose Lodge Rd,NB,2025-06-13,09:00:00,09:15:00,0 to 40,2,,
Input_xlxs.xlsx,Input_xlxs,Moose Lodge Rd,NB,2025-06-13,09:00:00,09:15:00,>40 to 42,1,,
Input_xlxs.xlsx,Input_xlxs,Moose Lodge Rd,NB,2025-06-13,09:00:00,09:15:00,>42 to 44,2,,
Input_xlxs.xlsx,Input_xlxs,Moose Lodge Rd,NB,2025-06-13,09:00:00,09:15:00,>44 to 46,1,,
Input_xlxs.xlsx,Input_xlxs,Moose Lodge Rd,NB,2025-06-13,09:00:00,09:15:00,>46 to 48,11,,
Input_xlxs.xlsx,Input_xlxs,Moose Lodge Rd,NB,2025-06-13,09:00:00,09:15:00,>48 to 50,11,,
Input_xlxs.xlsx,Input_xlxs,Moose Lodge Rd,NB,2025-06-13,09:00:00,09:15:00,>50 to 52,13,,
Input_xlxs.xlsx,Input_xlxs,Moose Lodge Rd,NB,2025-06-13,09:00:00,09:15:00,>52 to 54,16,,
Input_xlxs.xlsx,Input_xlxs,Moose Lodge Rd,NB,2025-06-13,09:00:00,09:15:00,>54 to 56,19,,
Input_xlxs.xlsx,Input_xlxs,Moose Lodge Rd,NB,2025-06-13,09:00:00,09:15:00,>56 to 58,19,,
Input_xlxs.xlsx,Input_xlxs,Moose Lodge Rd,NB,2025-06-13,09:00:00,09:15:00,>58 to 60,15,,
Input_xlxs.xlsx,Input_xlxs,Moose Lodge Rd,NB,2025-06-13,09:00:00,09:15:00,>60 to 62,8,,
Input_xlxs.xlsx,Input_xlxs,Moose Lodge Rd,NB,2025-06-13,09:00:00,09:15:00,> 62,21,,
Input_xlxs.xlsx,Input_xlxs,Moose Lodge Rd,NB,2025-06-13,10:00:00,10:15:00,0 to 40,7,,
Input_xlxs.xlsx,Input_xlxs,Moose Lodge Rd,NB,2025-06-13,10:00:00,10:15:00,>40 to 42,0,,
Input_xlxs.xlsx,Input_xlxs,Moose Lodge Rd,NB,2025-06-13,10:00:00,10:15:00,>42 to 44,0,,
Input_xlxs.xlsx,Input_xlxs,Moose Lodge Rd,NB,2025-06-13,10:00:00,10:15:00,>44 to 46,3,,
Input_xlxs.xlsx,Input_xlxs,Moose Lodge Rd,NB,2025-06-13,10:00:00,10:15:00,>46 to 48,5,,
Input_xlxs.xlsx,Input_xlxs,Moose Lodge Rd,NB,2025-06-13,10:00:00,10:15:00,>48 to 50,11,,
Input_xlxs.xlsx,Input_xlxs,Moose Lodge Rd,NB,2025-06-13,10:00:00,10:15:00,>50 to 52,10,,
Input_xlxs.xlsx,Input_xlxs,Moose Lodge Rd,NB,2025-06-13,10:00:00,10:15:00,>52 to 54,18,,
Input_xlxs.xlsx,Input_xlxs,Moose Lodge Rd,NB,2025-06-13,10:00:00,10:15:00,>54 to 56,25,,
Input_xlxs.xlsx,Input_xlxs,Moose Lodge Rd,NB,2025-06-13,10:00:00,10:15:00,>56 to 58,20,,
Input_xlxs.xlsx,Input_xlxs,Moose Lodge Rd,NB,2025-06-13,10:00:00,10:15:00,>58 to 60,12,,
Input_xlxs.xlsx,Input_xlxs,Moose Lodge Rd,NB,2025-06-13,10:00:00,10:15:00,>60 to 62,10,,
Input_xlxs.xlsx,Input_xlxs,Moose Lodge Rd,NB,2025-06-13,10:00:00,10:15:00,> 62,16,,
Input_xlxs.xlsx,Input_xlxs,Moose Lodge Rd,NB,2025-06-13,11:00:00,11:15:00,0 to 40,16,,
Input_xlxs.xlsx,Input_xlxs,Moose Lodge Rd,NB,2025-06-13,11:00:00,11:15:00,>40 to 42,0,,
Input_xlxs.xlsx,Input_xlxs,Moose Lodge Rd,NB,2025-06-13,11:00:00,11:15:00,>42 to 44,2,,
Input_xlxs.xlsx,Input_xlxs,Moose Lodge Rd,NB,2025-06-13,11:00:00,11:15:00,>44 to 46,4,,
Input_xlxs.xlsx,Input_xlxs,Moose Lodge Rd,NB,2025-06-13,11:00:00,11:15:00,>46 to 48,10,,
Input_xlxs.xlsx,Input_xlxs,Moose Lodge Rd,NB,2025-06-13,11:00:00,11:15:00,>48 to 50,8,,
Input_xlxs.xlsx,Input_xlxs,Moose Lodge Rd,NB,2025-06-13,11:00:00,11:15:00,>50 to 52,12,,
Input_xlxs.xlsx,Input_xlxs,Moose Lodge Rd,NB,2025-06-13,11:00:00,11:15:00,>52 to 54,27,,
Input_xlxs.xlsx,Input_xlxs,Moose Lodge Rd,NB,2025-06-13,11:00:00,11:15:00,>54 to 56,20,,
Input_xlxs.xlsx,Input_xlxs,Moose Lodge Rd,NB,2025-06-13,11:00:00,11:15:00,>56 to 58,15,,
Input_xlxs.xlsx,Input_xlxs,Moose Lodge Rd,NB,2025-06-13,11:00:00,11:15:00,>58 to 60,16,,
Input_xlxs.xlsx,Input_xlxs,Moose Lodge Rd,NB,2025-06-13,11:00:00,11:15:00,>60 to 62,2,,
Input_xlxs.xlsx,Input_xlxs,Moose Lodge Rd,NB,2025-06-13,11:00:00,11:15:00,> 62,21,,
Input_xlxs.xlsx,Input_xlxs,Moose Lodge Rd,NB,2025-06-13,12:00:00,12:15:00,0 to 40,8,,
Input_xlxs.xlsx,Input_xlxs,Moose Lodge Rd,NB,2025-06-13,12:00:00,12:15:00,>40 to 42,2,,
Input_xlxs.xlsx,Input_xlxs,Moose Lodge Rd,NB,2025-06-13,12:00:00,12:15:00,>42 to 44,1,,
Input_xlxs.xlsx,Input_xlxs,Moose Lodge Rd,NB,2025-06-13,12:00:00,12:15:00,>44 to 46,2,,
Input_xlxs.xlsx,Input_xlxs,Moose Lodge Rd,NB,2025-06-13,12:00:00,12:15:00,>46 to 48,9,,
Input_xlxs.xlsx,Input_xlxs,Moose Lodge Rd,NB,2025-06-13,12:00:00,12:15:00,>48 to 50,7,,
Input_xlxs.xlsx,Input_xlxs,Moose Lodge Rd,NB,2025-06-13,12:00:00,12:15:00,>50 to 52,10,,
Input_xlxs.xlsx,Input_xlxs,Moose Lodge Rd,NB,2025-06-13,12:00:00,12:15:00,>52 to 54,21,,
Input_xlxs.xlsx,Input_xlxs,Moose Lodge Rd,NB,2025-06-13,12:00:00,12:15:00,>54 to 56,18,,
Input_xlxs.xlsx,Input_xlxs,Moose Lodge Rd,NB,2025-06-13,12:00:00,12:15:00,>56 to 58,19,,
Input_xlxs.xlsx,Input_xlxs,Moose Lodge Rd,NB,2025-06-13,12:00:00,12:15:00,>58 to 60,19,,
Input_xlxs.xlsx,Input_xlxs,Moose Lodge Rd,NB,2025-06-13,12:00:00,12:15:00,>60 to 62,5,,
Input_xlxs.xlsx,Input_xlxs,Moose Lodge Rd,NB,2025-06-13,12:00:00,12:15:00,> 62,15,,
Input_xlxs.xlsx,Input_xlxs,Moose Lodge Rd,NB,2025-06-13,13:00:00,13:15:00,0 to 40,6,,
Input_xlxs.xlsx,Input_xlxs,Moose Lodge Rd,NB,2025-06-13,13:00:00,13:15:00,>40 to 42,0,,
Input_xlxs.xlsx,Input_xlxs,Moose Lodge Rd,NB,2025-06-13,13:00:00,13:15:00,>42 to 44,5,,
Input_xlxs.xlsx,Input_xlxs,Moose Lodge Rd,NB,2025-06-13,13:00:00,13:15:00,>44 to 46,9,,
Input_xlxs.xlsx,Input_xlxs,Moose Lodge Rd,NB,2025-06-13,13:00:00,13:15:00,>46 to 48,7,,
Input_xlxs.xlsx,Input_xlxs,Moose Lodge Rd,NB,2025-06-13,13:00:00,13:15:00,>48 to 50,11,,
Input_xlxs.xlsx,Input_xlxs,Moose Lodge Rd,NB,2025-06-13,13:00:00,13:15:00,>50 to 52,19,,
Input_xlxs.xlsx,Input_xlxs,Moose Lodge Rd,NB,2025-06-13,13:00:00,13:15:00,>52 to 54,16,,
Input_xlxs.xlsx,Input_xlxs,Moose Lodge Rd,NB,2025-06-13,13:00:00,13:15:00,>54 to 56,19,,
Input_xlxs.xlsx,Input_xlxs,Moose Lodge Rd,NB,2025-06-13,13:00:00,13:15:00,>56 to 58,17,,
Input_xlxs.xlsx,Input_xlxs,Moose Lodge Rd,NB,2025-06-13,13:00:00,13:15:00,>58 to 60,13,,
Input_xlxs.xlsx,Input_xlxs,Moose Lodge Rd,NB,2025-06-13,13:00:00,13:15:00,>60 to 62,7,,
Input_xlxs.xlsx,Input_xlxs,Moose Lodge Rd,NB,2025-06-13,13:00:00,13:15:00,> 62,22,,
Input_xlxs.xlsx,Input_xlxs,Moose Lodge Rd,NB,2025-06-13,14:00:00,14:15:00,0 to 40,3,,
Input_xlxs.xlsx,Input_xlxs,Moose Lodge Rd,NB,2025-06-13,14:00:00,14:15:00,>40 to 42,1,,
Input_xlxs.xlsx,Input_xlxs,Moose Lodge Rd,NB,2025-06-13,14:00:00,14:15:00,>42 to 44,3,,
Input_xlxs.xlsx,Input_xlxs,Moose Lodge Rd,NB,2025-06-13,14:00:00,14:15:00,>44 to 46,6,,
Input_xlxs.xlsx,Input_xlxs,Moose Lodge Rd,NB,2025-06-13,14:00:00,14:15:00,>46 to 48,4,,
Input_xlxs.xlsx,Input_xlxs,Moose Lodge Rd,NB,2025-06-13,14:00:00,14:15:00,>48 to 50,12,,
Input_xlxs.xlsx,Input_xlxs,Moose Lodge Rd,NB,2025-06-13,14:00:00,14:15:00,>50 to 52,18,,
Input_xlxs.xlsx,Input_xlxs,Moose Lodge Rd,NB,2025-06-13,14:00:00,14:15:00,>52 to 54,16,,
Input_xlxs.xlsx,Input_xlxs,Moose Lodge Rd,NB,2025-06-13,14:00:00,14:15:00,>54 to 56,13,,
Input_xlxs.xlsx,Input_xlxs,Moose Lodge Rd,NB,2025-06-13,14:00:00,14:15:00,>56 to 58,16,,
Input_xlxs.xlsx,Input_xlxs,Moose Lodge Rd,NB,2025-06-13,14:00:00,14:15:00,>58 to 60,16,,
Input_xlxs.xlsx,Input_xlxs,Moose Lodge Rd,NB,2025-06-13,14:00:00,14:15:00,>60 to 62,11,,
Input_xlxs.xlsx,Input_xlxs,Moose Lodge Rd,NB,2025-06-13,14:00:00,14:15:00,> 62,22,,
Input_xlxs.xlsx,Input_xlxs,Moose Lodge Rd,NB,2025-06-13,15:00:00,15:15:00,0 to 40,2,,
Input_xlxs.xlsx,Input_xlxs,Moose Lodge Rd,NB,2025-06-13,15:00:00,15:15:00,>40 to 42,0,,
Input_xlxs.xlsx,Input_xlxs,Moose Lodge Rd,NB,2025-06-13,15:00:00,15:15:00,>42 to 44,0,,
Input_xlxs.xlsx,Input_xlxs,Moose Lodge Rd,NB,2025-06-13,15:00:00,15:15:00,>44 to 46,4,,
Input_xlxs.xlsx,Input_xlxs,Moose Lodge Rd,NB,2025-06-13,15:00:00,15:15:00,>46 to 48,7,,
Input_xlxs.xlsx,Input_xlxs,Moose Lodge Rd,NB,2025-06-13,15:00:00,15:15:00,>48 to 50,13,,
Input_xlxs.xlsx,Input_xlxs,Moose Lodge Rd,NB,2025-06-13,15:00:00,15:15:00,>50 to 52,15,,
Input_xlxs.xlsx,Input_xlxs,Moose Lodge Rd,NB,2025-06-13,15:00:00,15:15:00,>52 to 54,24,,
Input_xlxs.xlsx,Input_xlxs,Moose Lodge Rd,NB,2025-06-13,15:00:00,15:15:00,>54 to 56,24,,
Input_xlxs.xlsx,Input_xlxs,Moose Lodge Rd,NB,2025-06-13,15:00:00,15:15:00,>56 to 58,12,,
Input_xlxs.xlsx,Input_xlxs,Moose Lodge Rd,NB,2025-06-13,15:00:00,15:15:00,>58 to 60,16,,
Input_xlxs.xlsx,Input_xlxs,Moose Lodge Rd,NB,2025-06-13,15:00:00,15:15:00,>60 to 62,6,,
Input_xlxs.xlsx,Input_xlxs,Moose Lodge Rd,NB,2025-06-13,15:00:00,15:15:00,> 62,11,,
Input_xlxs.xlsx,Input_xlxs,Moose Lodge Rd,NB,2025-06-13,16:00:00,16:15:00,0 to 40,0,,
Input_xlxs.xlsx,Input_xlxs,Moose Lodge Rd,NB,2025-06-13,16:00:00,16:15:00,>40 to 42,0,,
Input_xlxs.xlsx,Input_xlxs,Moose Lodge Rd,NB,2025-06-13,16:00:00,16:15:00,>42 to 44,1,,
Input_xlxs.xlsx,Input_xlxs,Moose Lodge Rd,NB,2025-06-13,16:00:00,16:15:00,>44 to 46,8,,
Input_xlxs.xlsx,Input_xlxs,Moose Lodge Rd,NB,2025-06-13,16:00:00,16:15:00,>46 to 48,8,,
Input_xlxs.xlsx,Input_xlxs,Moose Lodge Rd,NB,2025-06-13,16:00:00,16:15:00,>48 to 50,7,,
Input_xlxs.xlsx,Input_xlxs,Moose Lodge Rd,NB,2025-06-13,16:00:00,16:15:00,>50 to 52,18,,
Input_xlxs.xlsx,Input_xlxs,Moose Lodge Rd,NB,2025-06-13,16:00:00,16:15:00,>52 to 54,23,,
Input_xlxs.xlsx,Input_xlxs,Moose Lodge Rd,NB,2025-06-13,16:00:00,16:15:00,>54 to 56,28,,
Input_xlxs.xlsx,Input_xlxs,Moose Lodge Rd,NB,2025-06-13,16:00:00,16:15:00,>56 to 58,21,,
Input_xlxs.xlsx,Input_xlxs,Moose Lodge Rd,NB,2025-06-13,16:00:00,16:15:00,>58 to 60,20,,
Input_xlxs.xlsx,Input_xlxs,Moose Lodge Rd,NB,2025-06-13,16:00:00,16:15:00,>60 to 62,15,,
Input_xlxs.xlsx,Input_xlxs,Moose Lodge Rd,NB,2025-06-13,16:00:00,16:15:00,> 62,11,,
Input_xlxs.xlsx,Input_xlxs,Moose Lodge Rd,NB,2025-06-13,17:00:00,17:15:00,0 to 40,0,,
Input_xlxs.xlsx,Input_xlxs,Moose Lodge Rd,NB,2025-06-13,17:00:00,17:15:00,>40 to 42,0,,
Input_xlxs.xlsx,Input_xlxs,Moose Lodge Rd,NB,2025-06-13,17:00:00,17:15:00,>42 to 44,2,,
Input_xlxs.xlsx,Input_xlxs,Moose Lodge Rd,NB,2025-06-13,17:00:00,17:15:00,>44 to 46,0,,
Input_xlxs.xlsx,Input_xlxs,Moose Lodge Rd,NB,2025-06-13,17:00:00,17:15:00,>46 to 48,4,,
Input_xlxs.xlsx,Input_xlxs,Moose Lodge Rd,NB,2025-06-13,17:00:00,17:15:00,>48 to 50,8,,
Input_xlxs.xlsx,Input_xlxs,Moose Lodge Rd,NB,2025-06-13,17:00:00,17:15:00,>50 to 52,13,,
Input_xlxs.xlsx,Input_xlxs,Moose Lodge Rd,NB,2025-06-13,17:00:00,17:15:00,>52 to 54,13,,
Input_xlxs.xlsx,Input_xlxs,Moose Lodge Rd,NB,2025-06-13,17:00:00,17:15:00,>54 to 56,20,,
Input_xlxs.xlsx,Input_xlxs,Moose Lodge Rd,NB,2025-06-13,17:00:00,17:15:00,>56 to 58,14,,
Input_xlxs.xlsx,Input_xlxs,Moose Lodge Rd,NB,2025-06-13,17:00:00,17:15:00,>58 to 60,22,,
Input_xlxs.xlsx,Input_xlxs,Moose Lodge Rd,NB,2025-06-13,17:00:00,17:15:00,>60 to 62,9,,
Input_xlxs.xlsx,Input_xlxs,Moose Lodge Rd,NB,2025-06-13,17:00:00,17:15:00,> 62,21,,
Input_xlxs.xlsx,Input_xlxs,Moose Lodge Rd,NB,2025-06-13,18:00:00,18:15:00,0 to 40,2,,
Input_xlxs.xlsx,Input_xlxs,Moose Lodge Rd,NB,2025-06-13,18:00:00,18:15:00,>40 to 42,0,,
Input_xlxs.xlsx,Input_xlxs,Moose Lodge Rd,NB,2025-06-13,18:00:00,18:15:00,>42 to 44,0,,
Input_xlxs.xlsx,Input_xlxs,Moose Lodge Rd,NB,2025-06-13,18:00:00,18:15:00,>44 to 46,1,,
Input_xlxs.xlsx,Input_xlxs,Moose Lodge Rd,NB,2025-06-13,18:00:00,18:15:00,>46 to 48,1,,
Input_xlxs.xlsx,Input_xlxs,Moose Lodge Rd,NB,2025-06-13,18:00:00,18:15:00,>48 to 50,6,,
Input_xlxs.xlsx,Input_xlxs,Moose Lodge Rd,NB,2025-06-13,18:00:00,18:15:00,>50 to 52,11,,
Input_xlxs.xlsx,Input_xlxs,Moose Lodge Rd,NB,2025-06-13,18:00:00,18:15:00,>52 to 54,14,,
Input_xlxs.xlsx,Input_xlxs,Moose Lodge Rd,NB,2025-06-13,18:00:00,18:15:00,>54 to 56,10,,
Input_xlxs.xlsx,Input_xlxs,Moose Lodge Rd,NB,2025-06-13,18:00:00,18:15:00,>56 to 58,13,,
Input_xlxs.xlsx,Input_xlxs,Moose Lodge Rd,NB,2025-06-13,18:00:00,18:15:00,>58 to 60,14,,
Input_xlxs.xlsx,Input_xlxs,Moose Lodge Rd,NB,2025-06-13,18:00:00,18:15:00,>60 to 62,7,,
Input_xlxs.xlsx,Input_xlxs,Moose Lodge Rd,NB,2025-06-13,18:00:00,18:15:00,> 62,27,,
Input_xlxs.xlsx,Input_xlxs,Moose Lodge Rd,NB,2025-06-13,19:00:00,19:15:00,0 to 40,0,,
Input_xlxs.xlsx,Input_xlxs,Moose Lodge Rd,NB,2025-06-13,19:00:00,19:15:00,>40 to 42,0,,
Input_xlxs.xlsx,Input_xlxs,Moose Lodge Rd,NB,2025-06-13,19:00:00,19:15:00,>42 to 44,0,,
Input_xlxs.xlsx,Input_xlxs,Moose Lodge Rd,NB,2025-06-13,19:00:00,19:15:00,>44 to 46,0,,
Input_xlxs.xlsx,Input_xlxs,Moose Lodge Rd,NB,2025-06-13,19:00:00,19:15:00,>46 to 48,2,,
Input_xlxs.xlsx,Input_xlxs,Moose Lodge Rd,NB,2025-06-13,19:00:00,19:15:00,>48 to 50,6,,
Input_xlxs.xlsx,Input_xlxs,Moose Lodge Rd,NB,2025-06-13,19:00:00,19:15:00,>50 to 52,4,,
Input_xlxs.xlsx,Input_xlxs,Moose Lodge Rd,NB,2025-06-13,19:00:00,19:15:00,>52 to 54,8,,
Input_xlxs.xlsx,Input_xlxs,Moose Lodge Rd,NB,2025-06-13,19:00:00,19:15:00,>54 to 56,10,,
Input_xlxs.xlsx,Input_xlxs,Moose Lodge Rd,NB,2025-06-13,19:00:00,19:15:00,>56 to 58,13,,
Input_xlxs.xlsx,Input_xlxs,Moose Lodge Rd,NB,2025-06-13,19:00:00,19:15:00,>58 to 60,3,,
Input_xlxs.xlsx,Input_xlxs,Moose Lodge Rd,NB,2025-06-13,19:00:00,19:15:00,>60 to 62,6,,
Input_xlxs.xlsx,Input_xlxs,Moose Lodge Rd,NB,2025-06-13,19:00:00,19:15:00,> 62,22,,
Input_xlxs.xlsx,Input_xlxs,Moose Lodge Rd,NB,2025-06-13,20:00:00,20:15:00,0 to 40,2,,
Input_xlxs.xlsx,Input_xlxs,Moose Lodge Rd,NB,2025-06-13,20:00:00,20:15:00,>40 to 42,0,,
Input_xlxs.xlsx,Input_xlxs,Moose Lodge Rd,NB,2025-06-13,20:00:00,20:15:00,>42 to 44,0,,
Input_xlxs.xlsx,Input_xlxs,Moose Lodge Rd,NB,2025-06-13,20:00:00,20:15:00,>44 to 46,5,,
Input_xlxs.xlsx,Input_xlxs,Moose Lodge Rd,NB,2025-06-13,20:00:00,20:15:00,>46 to 48,2,,
Input_xlxs.xlsx,Input_xlxs,Moose Lodge Rd,NB,2025-06-13,20:00:00,20:15:00,>48 to 50,2,,
Input_xlxs.xlsx,Input_xlxs,Moose Lodge Rd,NB,2025-06-13,20:00:00,20:15:00,>50 to 52,3,,
Input_xlxs.xlsx,Input_xlxs,Moose Lodge Rd,NB,2025-06-13,20:00:00,20:15:00,>52 to 54,3,,
Input_xlxs.xlsx,Input_xlxs,Moose Lodge Rd,NB,2025-06-13,20:00:00,20:15:00,>54 to 56,5,,
Input_xlxs.xlsx,Input_xlxs,Moose Lodge Rd,NB,2025-06-13,20:00:00,20:15:00,>56 to 58,4,,
Input_xlxs.xlsx,Input_xlxs,Moose Lodge Rd,NB,2025-06-13,20:00:00,20:15:00,>58 to 60,5,,
Input_xlxs.xlsx,Input_xlxs,Moose Lodge Rd,NB,2025-06-13,20:00:00,20:15:00,>60 to 62,6,,
Input_xlxs.xlsx,Input_xlxs,Moose Lodge Rd,NB,2025-06-13,20:00:00,20:15:00,> 62,13,,
Input_xlxs.xlsx,Input_xlxs,Moose Lodge Rd,NB,2025-06-13,21:00:00,21:15:00,0 to 40,2,,
Input_xlxs.xlsx,Input_xlxs,Moose Lodge Rd,NB,2025-06-13,21:00:00,21:15:00,>40 to 42,0,,
Input_xlxs.xlsx,Input_xlxs,Moose Lodge Rd,NB,2025-06-13,21:00:00,21:15:00,>42 to 44,3,,
Input_xlxs.xlsx,Input_xlxs,Moose Lodge Rd,NB,2025-06-13,21:00:00,21:15:00,>44 to 46,5,,
Input_xlxs.xlsx,Input_xlxs,Moose Lodge Rd,NB,2025-06-13,21:00:00,21:15:00,>46 to 48,1,,
Input_xlxs.xlsx,Input_xlxs,Moose Lodge Rd,NB,2025-06-13,21:00:00,21:15:00,>48 to 50,3,,
Input_xlxs.xlsx,Input_xlxs,Moose Lodge Rd,NB,2025-06-13,21:00:00,21:15:00,>50 to 52,6,,
Input_xlxs.xlsx,Input_xlxs,Moose Lodge Rd,NB,2025-06-13,21:00:00,21:15:00,>52 to 54,7,,
Input_xlxs.xlsx,Input_xlxs,Moose Lodge Rd,NB,2025-06-13,21:00:00,21:15:00,>54 to 56,7,,
Input_xlxs.xlsx,Input_xlxs,Moose Lodge Rd,NB,2025-06-13,21:00:00,21:15:00,>56 to 58,8,,
Input_xlxs.xlsx,Input_xlxs,Moose Lodge Rd,NB,2025-06-13,21:00:00,21:15:00,>58 to 60,1,,
Input_xlxs.xlsx,Input_xlxs,Moose Lodge Rd,NB,2025-06-13,21:00:00,21:15:00,>60 to 62,3,,
Input_xlxs.xlsx,Input_xlxs,Moose Lodge Rd,NB,2025-06-13,21:00:00,21:15:00,> 62,8,,
Input_xlxs.xlsx,Input_xlxs,Moose Lodge Rd,NB,2025-06-13,22:00:00,22:15:00,0 to 40,0,,
Input_xlxs.xlsx,Input_xlxs,Moose Lodge Rd,NB,2025-06-13,22:00:00,22:15:00,>40 to 42,1,,
Input_xlxs.xlsx,Input_xlxs,Moose Lodge Rd,NB,2025-06-13,22:00:00,22:15:00,>42 to 44,1,,
Input_xlxs.xlsx,Input_xlxs,Moose Lodge Rd,NB,2025-06-13,22:00:00,22:15:00,>44 to 46,4,,
Input_xlxs.xlsx,Input_xlxs,Moose Lodge Rd,NB,2025-06-13,22:00:00,22:15:00,>46 to 48,1,,
Input_xlxs.xlsx,Input_xlxs,Moose Lodge Rd,NB,2025-06-13,22:00:00,22:15:00,>48 to 50,3,,
Input_xlxs.xlsx,Input_xlxs,Moose Lodge Rd,NB,2025-06-13,22:00:00,22:15:00,>50 to 52,6,,
Input_xlxs.xlsx,Input_xlxs,Moose Lodge Rd,NB,2025-06-13,22:00:00,22:15:00,>52 to 54,0,,
Input_xlxs.xlsx,Input_xlxs,Moose Lodge Rd,NB,2025-06-13,22:00:00,22:15:00,>54 to 56,1,,
Input_xlxs.xlsx,Input_xlxs,Moose Lodge Rd,NB,2025-06-13,22:00:00,22:15:00,>56 to 58,5,,
Input_xlxs.xlsx,Input_xlxs,Moose Lodge Rd,NB,2025-06-13,22:00:00,22:15:00,>58 to 60,5,,
Input_xlxs.xlsx,Input_xlxs,Moose Lodge Rd,NB,2025-06-13,22:00:00,22:15:00,>60 to 62,2,,
Input_xlxs.xlsx,Input_xlxs,Moose Lodge Rd,NB,2025-06-13,22:00:00,22:15:00,> 62,1,,
Input_xlxs.xlsx,Input_xlxs,Moose Lodge Rd,NB,2025-06-13,23:00:00,23:15:00,0 to 40,0,,
Input_xlxs.xlsx,Input_xlxs,Moose Lodge Rd,NB,2025-06-13,23:00:00,23:15:00,>40 to 42,0,,
Input_xlxs.xlsx,Input_xlxs,Moose Lodge Rd,NB,2025-06-13,23:00:00,23:15:00,>42 to 44,1,,
Input_xlxs.xlsx,Input_xlxs,Moose Lodge Rd,NB,2025-06-13,23:00:00,23:15:00,>44 to 46,1,,
Input_xlxs.xlsx,Input_xlxs,Moose Lodge Rd,NB,2025-06-13,23:00:00,23:15:00,>46 to 48,1,,
Input_xlxs.xlsx,Input_xlxs,Moose Lodge Rd,NB,2025-06-13,23:00:00,23:15:00,>48 to 50,2,,
Input_xlxs.xlsx,Input_xlxs,Moose Lodge Rd,NB,2025-06-13,23:00:00,23:15:00,>50 to 52,0,,
Input_xlxs.xlsx,Input_xlxs,Moose Lodge Rd,NB,2025-06-13,23:00:00,23:15:00,>52 to 54,3,,
Input_xlxs.xlsx,Input_xlxs,Moose Lodge Rd,NB,2025-06-13,23:00:00,23:15:00,>54 to 56,2,,
Input_xlxs.xlsx,Input_xlxs,Moose Lodge Rd,NB,2025-06-13,23:00:00,23:15:00,>56 to 58,4,,
Input_xlxs.xlsx,Input_xlxs,Moose Lodge Rd,NB,2025-06-13,23:00:00,23:15:00,>58 to 60,2,,
Input_xlxs.xlsx,Input_xlxs,Moose Lodge Rd,NB,2025-06-13,23:00:00,23:15:00,>60 to 62,0,,
Input_xlxs.xlsx,Input_xlxs,Moose Lodge Rd,NB,2025-06-13,23:00:00,23:15:00,> 62,8,,
Input_xlxs.xlsx,Input_xlxs,Moose Lodge Rd,NB,2025-06-14,00:00:00,00:15:00,0 to 40,0,,
Input_xlxs.xlsx,Input_xlxs,Moose Lodge Rd,NB,2025-06-14,00:00:00,00:15:00,>40 to 42,0,,
Input_xlxs.xlsx,Input_xlxs,Moose Lodge Rd,NB,2025-06-14,00:00:00,00:15:00,>42 to 44,1,,
Input_xlxs.xlsx,Input_xlxs,Moose Lodge Rd,NB,2025-06-14,00:00:00,00:15:00,>44 to 46,1,,
Input_xlxs.xlsx,Input_xlxs,Moose Lodge Rd,NB,2025-06-14,00:00:00,00:15:00,>46 to 48,3,,
Input_xlxs.xlsx,Input_xlxs,Moose Lodge Rd,NB,2025-06-14,00:00:00,00:15:00,>48 to 50,3,,
Input_xlxs.xlsx,Input_xlxs,Moose Lodge Rd,NB,2025-06-14,00:00:00,00:15:00,>50 to 52,1,,
Input_xlxs.xlsx,Input_xlxs,Moose Lodge Rd,NB,2025-06-14,00:00:00,00:15:00,>52 to 54,0,,
Input_xlxs.xlsx,Input_xlxs,Moose Lodge Rd,NB,2025-06-14,00:00:00,00:15:00,>54 to 56,2,,
Input_xlxs.xlsx,Input_xlxs,Moose Lodge Rd,NB,2025-06-14,00:00:00,00:15:00,>56 to 58,0,,
Input_xlxs.xlsx,Input_xlxs,Moose Lodge Rd,NB,2025-06-14,00:00:00,00:15:00,>58 to 60,2,,
Input_xlxs.xlsx,Input_xlxs,Moose Lodge Rd,NB,2025-06-14,00:00:00,00:15:00,>60 to 62,0,,
Input_xlxs.xlsx,Input_xlxs,Moose Lodge Rd,NB,2025-06-14,00:00:00,00:15:00,> 62,0,,
Input_xlxs.xlsx,Input_xlxs,Moose Lodge Rd,NB,2025-06-14,01:00:00,01:15:00,0 to 40,0,,
Input_xlxs.xlsx,Input_xlxs,Moose Lodge Rd,NB,2025-06-14,01:00:00,01:15:00,>40 to 42,0,,
Input_xlxs.xlsx,Input_xlxs,Moose Lodge Rd,NB,2025-06-14,01:00:00,01:15:00,>42 to 44,1,,
Input_xlxs.xlsx,Input_xlxs,Moose Lodge Rd,NB,2025-06-14,01:00:00,01:15:00,>44 to 46,0,,
Input_xlxs.xlsx,Input_xlxs,Moose Lodge Rd,NB,2025-06-14,01:00:00,01:15:00,>46 to 48,0,,
Input_xlxs.xlsx,Input_xlxs,Moose Lodge Rd,NB,2025-06-14,01:00:00,01:15:00,>48 to 50,0,,
Input_xlxs.xlsx,Input_xlxs,Moose Lodge Rd,NB,2025-06-14,01:00:00,01:15:00,>50 to 52,1,,
Input_xlxs.xlsx,Input_xlxs,Moose Lodge Rd,NB,2025-06-14,01:00:00,01:15:00,>52 to 54,1,,
Input_xlxs.xlsx,Input_xlxs,Moose Lodge Rd,NB,2025-06-14,01:00:00,01:15:00,>54 to 56,1,,
Input_xlxs.xlsx,Input_xlxs,Moose Lodge Rd,NB,2025-06-14,01:00:00,01:15:00,>56 to 58,1,,
Input_xlxs.xlsx,Input_xlxs,Moose Lodge Rd,NB,2025-06-14,01:00:00,01:15:00,>58 to 60,0,,
Input_xlxs.xlsx,Input_xlxs,Moose Lodge Rd,NB,2025-06-14,01:00:00,01:15:00,>60 to 62,0,,
Input_xlxs.xlsx,Input_xlxs,Moose Lodge Rd,NB,2025-06-14,01:00:00,01:15:00,> 62,1,,
Input_xlxs.xlsx,Input_xlxs,Moose Lodge Rd,NB,2025-06-14,02:00:00,02:15:00,0 to 40,0,,
Input_xlxs.xlsx,Input_xlxs,Moose Lodge Rd,NB,2025-06-14,02:00:00,02:15:00,>40 to 42,0,,
Input_xlxs.xlsx,Input_xlxs,Moose Lodge Rd,NB,2025-06-14,02:00:00,02:15:00,>42 to 44,1,,
Input_xlxs.xlsx,Input_xlxs,Moose Lodge Rd,NB,2025-06-14,02:00:00,02:15:00,>44 to 46,0,,
Input_xlxs.xlsx,Input_xlxs,Moose Lodge Rd,NB,2025-06-14,02:00:00,02:15:00,>46 to 48,0,,
Input_xlxs.xlsx,Input_xlxs,Moose Lodge Rd,NB,2025-06-14,02:00:00,02:15:00,>48 to 50,0,,
Input_xlxs.xlsx,Input_xlxs,Moose Lodge Rd,NB,2025-06-14,02:00:00,02:15:00,>50 to 52,0,,
Input_xlxs.xlsx,Input_xlxs,Moose Lodge Rd,NB,2025-06-14,02:00:00,02:15:00,>52 to 54,0,,
Input_xlxs.xlsx,Input_xlxs,Moose Lodge Rd,NB,2025-06-14,02:00:00,02:15:00,>54 to 56,1,,
Input_xlxs.xlsx,Input_xlxs,Moose Lodge Rd,NB,2025-06-14,02:00:00,02:15:00,>56 to 58,0,,
Input_xlxs.xlsx,Input_xlxs,Moose Lodge Rd,NB,2025-06-14,02:00:00,02:15:00,>58 to 60,0,,
Input_xlxs.xlsx,Input_xlxs,Moose Lodge Rd,NB,2025-06-14,02:00:00,02:15:00,>60 to 62,1,,
Input_xlxs.xlsx,Input_xlxs,Moose Lodge Rd,NB,2025-06-14,02:00:00,02:15:00,> 62,0,,
Input_xlxs.xlsx,Input_xlxs,Moose Lodge Rd,NB,2025-06-14,03:00:00,03:15:00,0 to 40,0,,
Input_xlxs.xlsx,Input_xlxs,Moose Lodge Rd,NB,2025-06-14,03:00:00,03:15:00,>40 to 42,0,,
Input_xlxs.xlsx,Input_xlxs,Moose Lodge Rd,NB,2025-06-14,03:00:00,03:15:00,>42 to 44,0,,
Input_xlxs.xlsx,Input_xlxs,Moose Lodge Rd,NB,2025-06-14,03:00:00,03:15:00,>44 to 46,0,,
Input_xlxs.xlsx,Input_xlxs,Moose Lodge Rd,NB,2025-06-14,03:00:00,03:15:00,>46 to 48,0,,
Input_xlxs.xlsx,Input_xlxs,Moose Lodge Rd,NB,2025-06-14,03:00:00,03:15:00,>48 to 50,0,,
Input_xlxs.xlsx,Input_xlxs,Moose Lodge Rd,NB,2025-06-14,03:00:00,03:15:00,>50 to 52,0,,
Input_xlxs.xlsx,Input_xlxs,Moose Lodge Rd,NB,2025-06-14,03:00:00,03:15:00,>52 to 54,0,,
Input_xlxs.xlsx,Input_xlxs,Moose Lodge Rd,NB,2025-06-14,03:00:00,03:15:00,>54 to 56,0,,
Input_xlxs.xlsx,Input_xlxs,Moose Lodge Rd,NB,2025-06-14,03:00:00,03:15:00,>56 to 58,1,,
Input_xlxs.xlsx,Input_xlxs,Moose Lodge Rd,NB,2025-06-14,03:00:00,03:15:00,>58 to 60,1,,
Input_xlxs.xlsx,Input_xlxs,Moose Lodge Rd,NB,2025-06-14,03:00:00,03:15:00,>60 to 62,1,,
Input_xlxs.xlsx,Input_xlxs,Moose Lodge Rd,NB,2025-06-14,03:00:00,03:15:00,> 62,1,,
Input_xlxs.xlsx,Input_xlxs,Moose Lodge Rd,NB,2025-06-14,04:00:00,04:15:00,0 to 40,0,,
Input_xlxs.xlsx,Input_xlxs,Moose Lodge Rd,NB,2025-06-14,04:00:00,04:15:00,>40 to 42,0,,
Input_xlxs.xlsx,Input_xlxs,Moose Lodge Rd,NB,2025-06-14,04:00:00,04:15:00,>42 to 44,0,,
Input_xlxs.xlsx,Input_xlxs,Moose Lodge Rd,NB,2025-06-14,04:00:00,04:15:00,>44 to 46,0,,
Input_xlxs.xlsx,Input_xlxs,Moose Lodge Rd,NB,2025-06-14,04:00:00,04:15:00,>46 to 48,1,,
Input_xlxs.xlsx,Input_xlxs,Moose Lodge Rd,NB,2025-06-14,04:00:00,04:15:00,>48 to 50,1,,
Input_xlxs.xlsx,Input_xlxs,Moose Lodge Rd,NB,2025-06-14,04:00:00,04:15:00,>50 to 52,3,,
Input_xlxs.xlsx,Input_xlxs,Moose Lodge Rd,NB,2025-06-14,04:00:00,04:15:00,>52 to 54,1,,
Input_xlxs.xlsx,Input_xlxs,Moose Lodge Rd,NB,2025-06-14,04:00:00,04:15:00,>54 to 56,3,,
Input_xlxs.xlsx,Input_xlxs,Moose Lodge Rd,NB,2025-06-14,04:00:00,04:15:00,>56 to 58,1,,
Input_xlxs.xlsx,Input_xlxs,Moose Lodge Rd,NB,2025-06-14,04:00:00,04:15:00,>58 to 60,0,,
Input_xlxs.xlsx,Input_xlxs,Moose Lodge Rd,NB,2025-06-14,04:00:00,04:15:00,>60 to 62,1,,
Input_xlxs.xlsx,Input_xlxs,Moose Lodge Rd,NB,2025-06-14,04:00:00,04:15:00,> 62,2,,
Input_xlxs.xlsx,Input_xlxs,Moose Lodge Rd,NB,2025-06-14,05:00:00,05:15:00,0 to 40,0,,
Input_xlxs.xlsx,Input_xlxs,Moose Lodge Rd,NB,2025-06-14,05:00:00,05:15:00,>40 to 42,0,,
Input_xlxs.xlsx,Input_xlxs,Moose Lodge Rd,NB,2025-06-14,05:00:00,05:15:00,>42 to 44,2,,
Input_xlxs.xlsx,Input_xlxs,Moose Lodge Rd,NB,2025-06-14,05:00:00,05:15:00,>44 to 46,0,,
Input_xlxs.xlsx,Input_xlxs,Moose Lodge Rd,NB,2025-06-14,05:00:00,05:15:00,>46 to 48,1,,
Input_xlxs.xlsx,Input_xlxs,Moose Lodge Rd,NB,2025-06-14,05:00:00,05:15:00,>48 to 50,1,,
Input_xlxs.xlsx,Input_xlxs,Moose Lodge Rd,NB,2025-06-14,05:00:00,05:15:00,>50 to 52,1,,
Input_xlxs.xlsx,Input_xlxs,Moose Lodge Rd,NB,2025-06-14,05:00:00,05:15:00,>52 to 54,0,,
Input_xlxs.xlsx,Input_xlxs,Moose Lodge Rd,NB,2025-06-14,05:00:00,05:15:00,>54 to 56,3,,
Input_xlxs.xlsx,Input_xlxs,Moose Lodge Rd,NB,2025-06-14,05:00:00,05:15:00,>56 to 58,2,,
Input_xlxs.xlsx,Input_xlxs,Moose Lodge Rd,NB,2025-06-14,05:00:00,05:15:00,>58 to 60,0,,
Input_xlxs.xlsx,Input_xlxs,Moose Lodge Rd,NB,2025-06-14,05:00:00,05:15:00,>60 to 62,0,,
Input_xlxs.xlsx,Input_xlxs,Moose Lodge Rd,NB,2025-06-14,05:00:00,05:15:00,> 62,4,,
Input_xlxs.xlsx,Input_xlxs,Moose Lodge Rd,NB,2025-06-14,06:00:00,06:15:00,0 to 40,0,,
Input_xlxs.xlsx,Input_xlxs,Moose Lodge Rd,NB,2025-06-14,06:00:00,06:15:00,>40 to 42,0,,
Input_xlxs.xlsx,Input_xlxs,Moose Lodge Rd,NB,2025-06-14,06:00:00,06:15:00,>42 to 44,0,,
Input_xlxs.xlsx,Input_xlxs,Moose Lodge Rd,NB,2025-06-14,06:00:00,06:15:00,>44 to 46,0,,
Input_xlxs.xlsx,Input_xlxs,Moose Lodge Rd,NB,2025-06-14,06:00:00,06:15:00,>46 to 48,1,,
Input_xlxs.xlsx,Input_xlxs,Moose Lodge Rd,NB,2025-06-14,06:00:00,06:15:00,>48 to 50,0,,
Input_xlxs.xlsx,Input_xlxs,Moose Lodge Rd,NB,2025-06-14,06:00:00,06:15:00,>50 to 52,3,,
Input_xlxs.xlsx,Input_xlxs,Moose Lodge Rd,NB,2025-06-14,06:00:00,06:15:00,>52 to 54,3,,
Input_xlxs.xlsx,Input_xlxs,Moose Lodge Rd,NB,2025-06-14,06:00:00,06:15:00,>54 to 56,3,,
Input_xlxs.xlsx,Input_xlxs,Moose Lodge Rd,NB,2025-06-14,06:00:00,06:15:00,>56 to 58,6,,
Input_xlxs.xlsx,Input_xlxs,Moose Lodge Rd,NB,2025-06-14,06:00:00,06:15:00,>58 to 60,6,,
Input_xlxs.xlsx,Input_xlxs,Moose Lodge Rd,NB,2025-06-14,06:00:00,06:15:00,>60 to 62,4,,
Input_xlxs.xlsx,Input_xlxs,Moose Lodge Rd,NB,2025-06-14,06:00:00,06:15:00,> 62,10,,
Input_xlxs.xlsx,Input_xlxs,Moose Lodge Rd,NB,2025-06-14,07:00:00,07:15:00,0 to 40,0,,
Input_xlxs.xlsx,Input_xlxs,Moose Lodge Rd,NB,2025-06-14,07:00:00,07:15:00,>40 to 42,0,,
Input_xlxs.xlsx,Input_xlxs,Moose Lodge Rd,NB,2025-06-14,07:00:00,07:15:00,>42 to 44,0,,
Input_xlxs.xlsx,Input_xlxs,Moose Lodge Rd,NB,2025-06-14,07:00:00,07:15:00,>44 to 46,0,,
Input_xlxs.xlsx,Input_xlxs,Moose Lodge Rd,NB,2025-06-14,07:00:00,07:15:00,>46 to 48,1,,
Input_xlxs.xlsx,Input_xlxs,Moose Lodge Rd,NB,2025-06-14,07:00:00,07:15:00,>48 to 50,2,,
Input_xlxs.xlsx,Input_xlxs,Moose Lodge Rd,NB,2025-06-14,07:00:00,07:15:00,>50 to 52,4,,
Input_xlxs.xlsx,Input_xlxs,Moose Lodge Rd,NB,2025-06-14,07:00:00,07:15:00,>52 to 54,9,,
Input_xlxs.xlsx,Input_xlxs,Moose Lodge Rd,NB,2025-06-14,07:00:00,07:15:00,>54 to 56,12,,
Input_xlxs.xlsx,Input_xlxs,Moose Lodge Rd,NB,2025-06-14,07:00:00,07:15:00,>56 to 58,7,,
Input_xlxs.xlsx,Input_xlxs,Moose Lodge Rd,NB,2025-06-14,07:00:00,07:15:00,>58 to 60,6,,
Input_xlxs.xlsx,Input_xlxs,Moose Lodge Rd,NB,2025-06-14,07:00:00,07:15:00,>60 to 62,6,,
Input_xlxs.xlsx,Input_xlxs,Moose Lodge Rd,NB,2025-06-14,07:00:00,07:15:00,> 62,10,,
Input_xlxs.xlsx,Input_xlxs,Moose Lodge Rd,NB,2025-06-14,08:00:00,08:15:00,0 to 40,1,,
Input_xlxs.xlsx,Input_xlxs,Moose Lodge Rd,NB,2025-06-14,08:00:00,08:15:00,>40 to 42,0,,
Input_xlxs.xlsx,Input_xlxs,Moose Lodge Rd,NB,2025-06-14,08:00:00,08:15:00,>42 to 44,0,,
Input_xlxs.xlsx,Input_xlxs,Moose Lodge Rd,NB,2025-06-14,08:00:00,08:15:00,>44 to 46,0,,
Input_xlxs.xlsx,Input_xlxs,Moose Lodge Rd,NB,2025-06-14,08:00:00,08:15:00,>46 to 48,3,,
Input_xlxs.xlsx,Input_xlxs,Moose Lodge Rd,NB,2025-06-14,08:00:00,08:15:00,>48 to 50,4,,
Input_xlxs.xlsx,Input_xlxs,Moose Lodge Rd,NB,2025-06-14,08:00:00,08:15:00,>50 to 52,13,,
Input_xlxs.xlsx,Input_xlxs,Moose Lodge Rd,NB,2025-06-14,08:00:00,08:15:00,>52 to 54,7,,
Input_xlxs.xlsx,Input_xlxs,Moose Lodge Rd,NB,2025-06-14,08:00:00,08:15:00,>54 to 56,7,,
Input_xlxs.xlsx,Input_xlxs,Moose Lodge Rd,NB,2025-06-14,08:00:00,08:15:00,>56 to 58,10,,
Input_xlxs.xlsx,Input_xlxs,Moose Lodge Rd,NB,2025-06-14,08:00:00,08:15:00,>58 to 60,12,,
Input_xlxs.xlsx,Input_xlxs,Moose Lodge Rd,NB,2025-06-14,08:00:00,08:15:00,>60 to 62,8,,
Input_xlxs.xlsx,Input_xlxs,Moose Lodge Rd,NB,2025-06-14,08:00:00,08:15:00,> 62,28,,
Input_xlxs.xlsx,Input_xlxs,Moose Lodge Rd,NB,2025-06-14,09:00:00,09:15:00,0 to 40,4,,
Input_xlxs.xlsx,Input_xlxs,Moose Lodge Rd,NB,2025-06-14,09:00:00,09:15:00,>40 to 42,0,,
Input_xlxs.xlsx,Input_xlxs,Moose Lodge Rd,NB,2025-06-14,09:00:00,09:15:00,>42 to 44,3,,
Input_xlxs.xlsx,Input_xlxs,Moose Lodge Rd,NB,2025-06-14,09:00:00,09:15:00,>44 to 46,2,,
Input_xlxs.xlsx,Input_xlxs,Moose Lodge Rd,NB,2025-06-14,09:00:00,09:15:00,>46 to 48,5,,
Input_xlxs.xlsx,Input_xlxs,Moose Lodge Rd,NB,2025-06-14,09:00:00,09:15:00,>48 to 50,7,,
Input_xlxs.xlsx,Input_xlxs,Moose Lodge Rd,NB,2025-06-14,09:00:00,09:15:00,>50 to 52,8,,
Input_xlxs.xlsx,Input_xlxs,Moose Lodge Rd,NB,2025-06-14,09:00:00,09:15:00,>52 to 54,11,,
Input_xlxs.xlsx,Input_xlxs,Moose Lodge Rd,NB,2025-06-14,09:00:00,09:15:00,>54 to 56,15,,
Input_xlxs.xlsx,Input_xlxs,Moose Lodge Rd,NB,2025-06-14,09:00:00,09:15:00,>56 to 58,14,,
Input_xlxs.xlsx,Input_xlxs,Moose Lodge Rd,NB,2025-06-14,09:00:00,09:15:00,>58 to 60,11,,
Input_xlxs.xlsx,Input_xlxs,Moose Lodge Rd,NB,2025-06-14,09:00:00,09:15:00,>60 to 62,5,,
Input_xlxs.xlsx,Input_xlxs,Moose Lodge Rd,NB,2025-06-14,09:00:00,09:15:00,> 62,12,,
Input_xlxs.xlsx,Input_xlxs,Moose Lodge Rd,NB,2025-06-14,10:00:00,10:15:00,0 to 40,2,,
Input_xlxs.xlsx,Input_xlxs,Moose Lodge Rd,NB,2025-06-14,10:00:00,10:15:00,>40 to 42,2,,
Input_xlxs.xlsx,Input_xlxs,Moose Lodge Rd,NB,2025-06-14,10:00:00,10:15:00,>42 to 44,3,,
Input_xlxs.xlsx,Input_xlxs,Moose Lodge Rd,NB,2025-06-14,10:00:00,10:15:00,>44 to 46,7,,
Input_xlxs.xlsx,Input_xlxs,Moose Lodge Rd,NB,2025-06-14,10:00:00,10:15:00,>46 to 48,5,,
Input_xlxs.xlsx,Input_xlxs,Moose Lodge Rd,NB,2025-06-14,10:00:00,10:15:00,>48 to 50,17,,
Input_xlxs.xlsx,Input_xlxs,Moose Lodge Rd,NB,2025-06-14,10:00:00,10:15:00,>50 to 52,17,,
Input_xlxs.xlsx,Input_xlxs,Moose Lodge Rd,NB,2025-06-14,10:00:00,10:15:00,>52 to 54,13,,
Input_xlxs.xlsx,Input_xlxs,Moose Lodge Rd,NB,2025-06-14,10:00:00,10:15:00,>54 to 56,17,,
Input_xlxs.xlsx,Input_xlxs,Moose Lodge Rd,NB,2025-06-14,10:00:00,10:15:00,>56 to 58,10,,
Input_xlxs.xlsx,Input_xlxs,Moose Lodge Rd,NB,2025-06-14,10:00:00,10:15:00,>58 to 60,18,,
Input_xlxs.xlsx,Input_xlxs,Moose Lodge Rd,NB,2025-06-14,10:00:00,10:15:00,>60 to 62,10,,
Input_xlxs.xlsx,Input_xlxs,Moose Lodge Rd,NB,2025-06-14,10:00:00,10:15:00,> 62,14,,
Input_xlxs.xlsx,Input_xlxs,Moose Lodge Rd,NB,2025-06-14,11:00:00,11:15:00,0 to 40,2,,
Input_xlxs.xlsx,Input_xlxs,Moose Lodge Rd,NB,2025-06-14,11:00:00,11:15:00,>40 to 42,4,,
Input_xlxs.xlsx,Input_xlxs,Moose Lodge Rd,NB,2025-06-14,11:00:00,11:15:00,>42 to 44,1,,
Input_xlxs.xlsx,Input_xlxs,Moose Lodge Rd,NB,2025-06-14,11:00:00,11:15:00,>44 to 46,2,,
Input_xlxs.xlsx,Input_xlxs,Moose Lodge Rd,NB,2025-06-14,11:00:00,11:15:00,>46 to 48,9,,
Input_xlxs.xlsx,Input_xlxs,Moose Lodge Rd,NB,2025-06-14,11:00:00,11:15:00,>48 to 50,9,,
Input_xlxs.xlsx,Input_xlxs,Moose Lodge Rd,NB,2025-06-14,11:00:00,11:15:00,>50 to 52,17,,
Input_xlxs.xlsx,Input_xlxs,Moose Lodge Rd,NB,2025-06-14,11:00:00,11:15:00,>52 to 54,20,,
Input_xlxs.xlsx,Input_xlxs,Moose Lodge Rd,NB,2025-06-14,11:00:00,11:15:00,>54 to 56,22,,
Input_xlxs.xlsx,Input_xlxs,Moose Lodge Rd,NB,2025-06-14,11:00:00,11:15:00,>56 to 58,17,,
Input_xlxs.xlsx,Input_xlxs,Moose Lodge Rd,NB,2025-06-14,11:00:00,11:15:00,>58 to 60,16,,
Input_xlxs.xlsx,Input_xlxs,Moose Lodge Rd,NB,2025-06-14,11:00:00,11:15:00,>60 to 62,8,,
Input_xlxs.xlsx,Input_xlxs,Moose Lodge Rd,NB,2025-06-14,11:00:00,11:15:00,> 62,17,,
Input_xlxs.xlsx,Input_xlxs,Moose Lodge Rd,NB,2025-06-14,12:00:00,12:15:00,0 to 40,1,,
Input_xlxs.xlsx,Input_xlxs,Moose Lodge Rd,NB,2025-06-14,12:00:00,12:15:00,>40 to 42,0,,
Input_xlxs.xlsx,Input_xlxs,Moose Lodge Rd,NB,2025-06-14,12:00:00,12:15:00,>42 to 44,0,,
Input_xlxs.xlsx,Input_xlxs,Moose Lodge Rd,NB,2025-06-14,12:00:00,12:15:00,>44 to 46,3,,
Input_xlxs.xlsx,Input_xlxs,Moose Lodge Rd,NB,2025-06-14,12:00:00,12:15:00,>46 to 48,2,,
Input_xlxs.xlsx,Input_xlxs,Moose Lodge Rd,NB,2025-06-14,12:00:00,12:15:00,>48 to 50,14,,
Input_xlxs.xlsx,Input_xlxs,Moose Lodge Rd,NB,2025-06-14,12:00:00,12:15:00,>50 to 52,17,,
Input_xlxs.xlsx,Input_xlxs,Moose Lodge Rd,NB,2025-06-14,12:00:00,12:15:00,>52 to 54,11,,
Input_xlxs.xlsx,Input_xlxs,Moose Lodge Rd,NB,2025-06-14,12:00:00,12:15:00,>54 to 56,11,,
Input_xlxs.xlsx,Input_xlxs,Moose Lodge Rd,NB,2025-06-14,12:00:00,12:15:00,>56 to 58,9,,
Input_xlxs.xlsx,Input_xlxs,Moose Lodge Rd,NB,2025-06-14,12:00:00,12:15:00,>58 to 60,12,,
Input_xlxs.xlsx,Input_xlxs,Moose Lodge Rd,NB,2025-06-14,12:00:00,12:15:00,>60 to 62,2,,
Input_xlxs.xlsx,Input_xlxs,Moose Lodge Rd,NB,2025-06-14,12:00:00,12:15:00,> 62,16,,
Input_xlxs.xlsx,Input_xlxs,Moose Lodge Rd,NB,2025-06-14,13:00:00,13:15:00,0 to 40,1,,
Input_xlxs.xlsx,Input_xlxs,Moose Lodge Rd,NB,2025-06-14,13:00:00,13:15:00,>40 to 42,0,,
Input_xlxs.xlsx,Input_xlxs,Moose Lodge Rd,NB,2025-06-14,13:00:00,13:15:00,>42 to 44,0,,
Input_xlxs.xlsx,Input_xlxs,Moose Lodge Rd,NB,2025-06-14,13:00:00,13:15:00,>44 to 46,1,,
Input_xlxs.xlsx,Input_xlxs,Moose Lodge Rd,NB,2025-06-14,13:00:00,13:15:00,>46 to 48,5,,
Input_xlxs.xlsx,Input_xlxs,Moose Lodge Rd,NB,2025-06-14,13:00:00,13:15:00,>48 to 50,10,,
Input_xlxs.xlsx,Input_xlxs,Moose Lodge Rd,NB,2025-06-14,13:00:00,13:15:00,>50 to 52,12,,
Input_xlxs.xlsx,Input_xlxs,Moose Lodge Rd,NB,2025-06-14,13:00:00,13:15:00,>52 to 54,22,,
Input_xlxs.xlsx,Input_xlxs,Moose Lodge Rd,NB,2025-06-14,13:00:00,13:15:00,>54 to 56,16,,
Input_xlxs.xlsx,Input_xlxs,Moose Lodge Rd,NB,2025-06-14,13:00:00,13:15:00,>56 to 58,13,,
Input_xlxs.xlsx,Input_xlxs,Moose Lodge Rd,NB,2025-06-14,13:00:00,13:15:00,>58 to 60,14,,
Input_xlxs.xlsx,Input_xlxs,Moose Lodge Rd,NB,2025-06-14,13:00:00,13:15:00,>60 to 62,4,,
Input_xlxs.xlsx,Input_xlxs,Moose Lodge Rd,NB,2025-06-14,13:00:00,13:15:00,> 62,13,,
Input_xlxs.xlsx,Input_xlxs,Moose Lodge Rd,NB,2025-06-14,14:00:00,14:15:00,0 to 40,1,,
Input_xlxs.xlsx,Input_xlxs,Moose Lodge Rd,NB,2025-06-14,14:00:00,14:15:00,>40 to 42,0,,
Input_xlxs.xlsx,Input_xlxs,Moose Lodge Rd,NB,2025-06-14,14:00:00,14:15:00,>42 to 44,2,,
Input_xlxs.xlsx,Input_xlxs,Moose Lodge Rd,NB,2025-06-14,14:00:00,14:15:00,>44 to 46,2,,
Input_xlxs.xlsx,Input_xlxs,Moose Lodge Rd,NB,2025-06-14,14:00:00,14:15:00,>46 to 48,8,,
Input_xlxs.xlsx,Input_xlxs,Moose Lodge Rd,NB,2025-06-14,14:00:00,14:15:00,>48 to 50,9,,
Input_xlxs.xlsx,Input_xlxs,Moose Lodge Rd,NB,2025-06-14,14:00:00,14:15:00,>50 to 52,8,,
Input_xlxs.xlsx,Input_xlxs,Moose Lodge Rd,NB,2025-06-14,14:00:00,14:15:00,>52 to 54,14,,
Input_xlxs.xlsx,Input_xlxs,Moose Lodge Rd,NB,2025-06-14,14:00:00,14:15:00,>54 to 56,17,,
Input_xlxs.xlsx,Input_xlxs,Moose Lodge Rd,NB,2025-06-14,14:00:00,14:15:00,>56 to 58,12,,
Input_xlxs.xlsx,Input_xlxs,Moose Lodge Rd,NB,2025-06-14,14:00:00,14:15:00,>58 to 60,15,,
Input_xlxs.xlsx,Input_xlxs,Moose Lodge Rd,NB,2025-06-14,14:00:00,14:15:00,>60 to 62,9,,
Input_xlxs.xlsx,Input_xlxs,Moose Lodge Rd,NB,2025-06-14,14:00:00,14:15:00,> 62,15,,
Input_xlxs.xlsx,Input_xlxs,Moose Lodge Rd,NB,2025-06-14,15:00:00,15:15:00,0 to 40,0,,
Input_xlxs.xlsx,Input_xlxs,Moose Lodge Rd,NB,2025-06-14,15:00:00,15:15:00,>40 to 42,0,,
Input_xlxs.xlsx,Input_xlxs,Moose Lodge Rd,NB,2025-06-14,15:00:00,15:15:00,>42 to 44,1,,
Input_xlxs.xlsx,Input_xlxs,Moose Lodge Rd,NB,2025-06-14,15:00:00,15:15:00,>44 to 46,4,,
Input_xlxs.xlsx,Input_xlxs,Moose Lodge Rd,NB,2025-06-14,15:00:00,15:15:00,>46 to 48,8,,
Input_xlxs.xlsx,Input_xlxs,Moose Lodge Rd,NB,2025-06-14,15:00:00,15:15:00,>48 to 50,9,,
Input_xlxs.xlsx,Input_xlxs,Moose Lodge Rd,NB,2025-06-14,15:00:00,15:15:00,>50 to 52,13,,
Input_xlxs.xlsx,Input_xlxs,Moose Lodge Rd,NB,2025-06-14,15:00:00,15:15:00,>52 to 54,14,,
Input_xlxs.xlsx,Input_xlxs,Moose Lodge Rd,NB,2025-06-14,15:00:00,15:15:00,>54 to 56,20,,
Input_xlxs.xlsx,Input_xlxs,Moose Lodge Rd,NB,2025-06-14,15:00:00,15:15:00,>56 to 58,11,,
Input_xlxs.xlsx,Input_xlxs,Moose Lodge Rd,NB,2025-06-14,15:00:00,15:15:00,>58 to 60,9,,
Input_xlxs.xlsx,Input_xlxs,Moose Lodge Rd,NB,2025-06-14,15:00:00,15:15:00,>60 to 62,11,,
Input_xlxs.xlsx,Input_xlxs,Moose Lodge Rd,NB,2025-06-14,15:00:00,15:15:00,> 62,13,,
Input_xlxs.xlsx,Input_xlxs,Moose Lodge Rd,NB,2025-06-14,16:00:00,16:15:00,0 to 40,2,,
Input_xlxs.xlsx,Input_xlxs,Moose Lodge Rd,NB,2025-06-14,16:00:00,16:15:00,>40 to 42,2,,
Input_xlxs.xlsx,Input_xlxs,Moose Lodge Rd,NB,2025-06-14,16:00:00,16:15:00,>42 to 44,0,,
Input_xlxs.xlsx,Input_xlxs,Moose Lodge Rd,NB,2025-06-14,16:00:00,16:15:00,>44 to 46,0,,
Input_xlxs.xlsx,Input_xlxs,Moose Lodge Rd,NB,2025-06-14,16:00:00,16:15:00,>46 to 48,2,,
Input_xlxs.xlsx,Input_xlxs,Moose Lodge Rd,NB,2025-06-14,16:00:00,16:15:00,>48 to 50,12,,
Input_xlxs.xlsx,Input_xlxs,Moose Lodge Rd,NB,2025-06-14,16:00:00,16:15:00,>50 to 52,12,,
Input_xlxs.xlsx,Input_xlxs,Moose Lodge Rd,NB,2025-06-14,16:00:00,16:15:00,>52 to 54,13,,
Input_xlxs.xlsx,Input_xlxs,Moose Lodge Rd,NB,2025-06-14,16:00:00,16:15:00,>54 to 56,9,,
Input_xlxs.xlsx,Input_xlxs,Moose Lodge Rd,NB,2025-06-14,16:00:00,16:15:00,>56 to 58,11,,
Input_xlxs.xlsx,Input_xlxs,Moose Lodge Rd,NB,2025-06-14,16:00:00,16:15:00,>58 to 60,9,,
Input_xlxs.xlsx,Input_xlxs,Moose Lodge Rd,NB,2025-06-14,16:00:00,16:15:00,>60 to 62,11,,
Input_xlxs.xlsx,Input_xlxs,Moose Lodge Rd,NB,2025-06-14,16:00:00,16:15:00,> 62,17,,
Input_xlxs.xlsx,Input_xlxs,Moose Lodge Rd,NB,2025-06-14,17:00:00,17:15:00,0 to 40,0,,
Input_xlxs.xlsx,Input_xlxs,Moose Lodge Rd,NB,2025-06-14,17:00:00,17:15:00,>40 to 42,0,,
Input_xlxs.xlsx,Input_xlxs,Moose Lodge Rd,NB,2025-06-14,17:00:00,17:15:00,>42 to 44,1,,
Input_xlxs.xlsx,Input_xlxs,Moose Lodge Rd,NB,2025-06-14,17:00:00,17:15:00,>44 to 46,0,,
Input_xlxs.xlsx,Input_xlxs,Moose Lodge Rd,NB,2025-06-14,17:00:00,17:15:00,>46 to 48,2,,
Input_xlxs.xlsx,Input_xlxs,Moose Lodge Rd,NB,2025-06-14,17:00:00,17:15:00,>48 to 50,9,,
Input_xlxs.xlsx,Input_xlxs,Moose Lodge Rd,NB,2025-06-14,17:00:00,17:15:00,>50 to 52,10,,
Input_xlxs.xlsx,Input_xlxs,Moose Lodge Rd,NB,2025-06-14,17:00:00,17:15:00,>52 to 54,15,,
Input_xlxs.xlsx,Input_xlxs,Moose Lodge Rd,NB,2025-06-14,17:00:00,17:15:00,>54 to 56,20,,
Input_xlxs.xlsx,Input_xlxs,Moose Lodge Rd,NB,2025-06-14,17:00:00,17:15:00,>56 to 58,14,,
Input_xlxs.xlsx,Input_xlxs,Moose Lodge Rd,NB,2025-06-14,17:00:00,17:15:00,>58 to 60,6,,
Input_xlxs.xlsx,Input_xlxs,Moose Lodge Rd,NB,2025-06-14,17:00:00,17:15:00,>60 to 62,5,,
Input_xlxs.xlsx,Input_xlxs,Moose Lodge Rd,NB,2025-06-14,17:00:00,17:15:00,> 62,18,,
Input_xlxs.xlsx,Input_xlxs,Moose Lodge Rd,NB,2025-06-14,18:00:00,18:15:00,0 to 40,0,,
Input_xlxs.xlsx,Input_xlxs,Moose Lodge Rd,NB,2025-06-14,18:00:00,18:15:00,>40 to 42,0,,
Input_xlxs.xlsx,Input_xlxs,Moose Lodge Rd,NB,2025-06-14,18:00:00,18:15:00,>42 to 44,0,,
Input_xlxs.xlsx,Input_xlxs,Moose Lodge Rd,NB,2025-06-14,18:00:00,18:15:00,>44 to 46,1,,
Input_xlxs.xlsx,Input_xlxs,Moose Lodge Rd,NB,2025-06-14,18:00:00,18:15:00,>46 to 48,4,,
Input_xlxs.xlsx,Input_xlxs,Moose Lodge Rd,NB,2025-06-14,18:00:00,18:15:00,>48 to 50,3,,
Input_xlxs.xlsx,Input_xlxs,Moose Lodge Rd,NB,2025-06-14,18:00:00,18:15:00,>50 to 52,5,,
Input_xlxs.xlsx,Input_xlxs,Moose Lodge Rd,NB,2025-06-14,18:00:00,18:15:00,>52 to 54,7,,
Input_xlxs.xlsx,Input_xlxs,Moose Lodge Rd,NB,2025-06-14,18:00:00,18:15:00,>54 to 56,10,,
Input_xlxs.xlsx,Input_xlxs,Moose Lodge Rd,NB,2025-06-14,18:00:00,18:15:00,>56 to 58,10,,
Input_xlxs.xlsx,Input_xlxs,Moose Lodge Rd,NB,2025-06-14,18:00:00,18:15:00,>58 to 60,6,,
Input_xlxs.xlsx,Input_xlxs,Moose Lodge Rd,NB,2025-06-14,18:00:00,18:15:00,>60 to 62,5,,
Input_xlxs.xlsx,Input_xlxs,Moose Lodge Rd,NB,2025-06-14,18:00:00,18:15:00,> 62,16,,
Input_xlxs.xlsx,Input_xlxs,Moose Lodge Rd,NB,2025-06-14,19:00:00,19:15:00,0 to 40,0,,
Input_xlxs.xlsx,Input_xlxs,Moose Lodge Rd,NB,2025-06-14,19:00:00,19:15:00,>40 to 42,0,,
Input_xlxs.xlsx,Input_xlxs,Moose Lodge Rd,NB,2025-06-14,19:00:00,19:15:00,>42 to 44,2,,
Input_xlxs.xlsx,Input_xlxs,Moose Lodge Rd,NB,2025-06-14,19:00:00,19:15:00,>44 to 46,1,,
Input_xlxs.xlsx,Input_xlxs,Moose Lodge Rd,NB,2025-06-14,19:00:00,19:15:00,>46 to 48,2,,
Input_xlxs.xlsx,Input_xlxs,Moose Lodge Rd,NB,2025-06-14,19:00:00,19:15:00,>48 to 50,4,,
Input_xlxs.xlsx,Input_xlxs,Moose Lodge Rd,NB,2025-06-14,19:00:00,19:15:00,>50 to 52,1,,
Input_xlxs.xlsx,Input_xlxs,Moose Lodge Rd,NB,2025-06-14,19:00:00,19:15:00,>52 to 54,7,,
Input_xlxs.xlsx,Input_xlxs,Moose Lodge Rd,NB,2025-06-14,19:00:00,19:15:00,>54 to 56,12,,
Input_xlxs.xlsx,Input_xlxs,Moose Lodge Rd,NB,2025-06-14,19:00:00,19:15:00,>56 to 58,5,,
Input_xlxs.xlsx,Input_xlxs,Moose Lodge Rd,NB,2025-06-14,19:00:00,19:15:00,>58 to 60,5,,
Input_xlxs.xlsx,Input_xlxs,Moose Lodge Rd,NB,2025-06-14,19:00:00,19:15:00,>60 to 62,9,,
Input_xlxs.xlsx,Input_xlxs,Moose Lodge Rd,NB,2025-06-14,19:00:00,19:15:00,> 62,10,,
Input_xlxs.xlsx,Input_xlxs,Moose Lodge Rd,NB,2025-06-14,20:00:00,20:15:00,0 to 40,0,,
Input_xlxs.xlsx,Input_xlxs,Moose Lodge Rd,NB,2025-06-14,20:00:00,20:15:00,>40 to 42,0,,
Input_xlxs.xlsx,Input_xlxs,Moose Lodge Rd,NB,2025-06-14,20:00:00,20:15:00,>42 to 44,0,,
Input_xlxs.xlsx,Input_xlxs,Moose Lodge Rd,NB,2025-06-14,20:00:00,20:15:00,>44 to 46,0,,
Input_xlxs.xlsx,Input_xlxs,Moose Lodge Rd,NB,2025-06-14,20:00:00,20:15:00,>46 to 48,2,,
Input_xlxs.xlsx,Input_xlxs,Moose Lodge Rd,NB,2025-06-14,20:00:00,20:15:00,>48 to 50,6,,
Input_xlxs.xlsx,Input_xlxs,Moose Lodge Rd,NB,2025-06-14,20:00:00,20:15:00,>50 to 52,4,,
Input_xlxs.xlsx,Input_xlxs,Moose Lodge Rd,NB,2025-06-14,20:00:00,20:15:00,>52 to 54,6,,
Input_xlxs.xlsx,Input_xlxs,Moose Lodge Rd,NB,2025-06-14,20:00:00,20:15:00,>54 to 56,7,,
Input_xlxs.xlsx,Input_xlxs,Moose Lodge Rd,NB,2025-06-14,20:00:00,20:15:00,>56 to 58,7,,
Input_xlxs.xlsx,Input_xlxs,Moose Lodge Rd,NB,2025-06-14,20:00:00,20:15:00,>58 to 60,5,,
Input_xlxs.xlsx,Input_xlxs,Moose Lodge Rd,NB,2025-06-14,20:00:00,20:15:00,>60 to 62,2,,
Input_xlxs.xlsx,Input_xlxs,Moose Lodge Rd,NB,2025-06-14,20:00:00,20:15:00,> 62,4,,
Input_xlxs.xlsx,Input_xlxs,Moose Lodge Rd,NB,2025-06-14,21:00:00,21:15:00,0 to 40,1,,
Input_xlxs.xlsx,Input_xlxs,Moose Lodge Rd,NB,2025-06-14,21:00:00,21:15:00,>40 to 42,0,,
Input_xlxs.xlsx,Input_xlxs,Moose Lodge Rd,NB,2025-06-14,21:00:00,21:15:00,>42 to 44,1,,
Input_xlxs.xlsx,Input_xlxs,Moose Lodge Rd,NB,2025-06-14,21:00:00,21:15:00,>44 to 46,1,,
Input_xlxs.xlsx,Input_xlxs,Moose Lodge Rd,NB,2025-06-14,21:00:00,21:15:00,>46 to 48,1,,
Input_xlxs.xlsx,Input_xlxs,Moose Lodge Rd,NB,2025-06-14,21:00:00,21:15:00,>48 to 50,1,,
Input_xlxs.xlsx,Input_xlxs,Moose Lodge Rd,NB,2025-06-14,21:00:00,21:15:00,>50 to 52,6,,
Input_xlxs.xlsx,Input_xlxs,Moose Lodge Rd,NB,2025-06-14,21:00:00,21:15:00,>52 to 54,5,,
Input_xlxs.xlsx,Input_xlxs,Moose Lodge Rd,NB,2025-06-14,21:00:00,21:15:00,>54 to 56,8,,
Input_xlxs.xlsx,Input_xlxs,Moose Lodge Rd,NB,2025-06-14,21:00:00,21:15:00,>56 to 58,3,,
Input_xlxs.xlsx,Input_xlxs,Moose Lodge Rd,NB,2025-06-14,21:00:00,21:15:00,>58 to 60,3,,
Input_xlxs.xlsx,Input_xlxs,Moose Lodge Rd,NB,2025-06-14,21:00:00,21:15:00,>60 to 62,4,,
Input_xlxs.xlsx,Input_xlxs,Moose Lodge Rd,NB,2025-06-14,21:00:00,21:15:00,> 62,9,,
Input_xlxs.xlsx,Input_xlxs,Moose Lodge Rd,NB,2025-06-14,22:00:00,22:15:00,0 to 40,0,,
Input_xlxs.xlsx,Input_xlxs,Moose Lodge Rd,NB,2025-06-14,22:00:00,22:15:00,>40 to 42,0,,
Input_xlxs.xlsx,Input_xlxs,Moose Lodge Rd,NB,2025-06-14,22:00:00,22:15:00,>42 to 44,0,,
Input_xlxs.xlsx,Input_xlxs,Moose Lodge Rd,NB,2025-06-14,22:00:00,22:15:00,>44 to 46,0,,
Input_xlxs.xlsx,Input_xlxs,Moose Lodge Rd,NB,2025-06-14,22:00:00,22:15:00,>46 to 48,0,,
Input_xlxs.xlsx,Input_xlxs,Moose Lodge Rd,NB,2025-06-14,22:00:00,22:15:00,>48 to 50,2,,
Input_xlxs.xlsx,Input_xlxs,Moose Lodge Rd,NB,2025-06-14,22:00:00,22:15:00,>50 to 52,6,,
Input_xlxs.xlsx,Input_xlxs,Moose Lodge Rd,NB,2025-06-14,22:00:00,22:15:00,>52 to 54,3,,
Input_xlxs.xlsx,Input_xlxs,Moose Lodge Rd,NB,2025-06-14,22:00:00,22:15:00,>54 to 56,5,,
Input_xlxs.xlsx,Input_xlxs,Moose Lodge Rd,NB,2025-06-14,22:00:00,22:15:00,>56 to 58,1,,
Input_xlxs.xlsx,Input_xlxs,Moose Lodge Rd,NB,2025-06-14,22:00:00,22:15:00,>58 to 60,6,,
Input_xlxs.xlsx,Input_xlxs,Moose Lodge Rd,NB,2025-06-14,22:00:00,22:15:00,>60 to 62,3,,
Input_xlxs.xlsx,Input_xlxs,Moose Lodge Rd,NB,2025-06-14,22:00:00,22:15:00,> 62,6,,
Input_xlxs.xlsx,Input_xlxs,Moose Lodge Rd,NB,2025-06-14,23:00:00,23:15:00,0 to 40,0,,
Input_xlxs.xlsx,Input_xlxs,Moose Lodge Rd,NB,2025-06-14,23:00:00,23:15:00,>40 to 42,0,,
Input_xlxs.xlsx,Input_xlxs,Moose Lodge Rd,NB,2025-06-14,23:00:00,23:15:00,>42 to 44,1,,
Input_xlxs.xlsx,Input_xlxs,Moose Lodge Rd,NB,2025-06-14,23:00:00,23:15:00,>44 to 46,1,,
Input_xlxs.xlsx,Input_xlxs,Moose Lodge Rd,NB,2025-06-14,23:00:00,23:15:00,>46 to 48,3,,
Input_xlxs.xlsx,Input_xlxs,Moose Lodge Rd,NB,2025-06-14,23:00:00,23:15:00,>48 to 50,0,,
Input_xlxs.xlsx,Input_xlxs,Moose Lodge Rd,NB,2025-06-14,23:00:00,23:15:00,>50 to 52,3,,
Input_xlxs.xlsx,Input_xlxs,Moose Lodge Rd,NB,2025-06-14,23:00:00,23:15:00,>52 to 54,2,,
Input_xlxs.xlsx,Input_xlxs,Moose Lodge Rd,NB,2025-06-14,23:00:00,23:15:00,>54 to 56,2,,
Input_xlxs.xlsx,Input_xlxs,Moose Lodge Rd,NB,2025-06-14,23:00:00,23:15:00,>56 to 58,1,,
Input_xlxs.xlsx,Input_xlxs,Moose Lodge Rd,NB,2025-06-14,23:00:00,23:15:00,>58 to 60,4,,
Input_xlxs.xlsx,Input_xlxs,Moose Lodge Rd,NB,2025-06-14,23:00:00,23:15:00,>60 to 62,2,,
Input_xlxs.xlsx,Input_xlxs,Moose Lodge Rd,NB,2025-06-14,23:00:00,23:15:00,> 62,2,,
Input_xlxs.xlsx,Input_xlxs,Moose Lodge Rd,NB,2025-06-15,00:00:00,00:15:00,0 to 40,0,,
Input_xlxs.xlsx,Input_xlxs,Moose Lodge Rd,NB,2025-06-15,00:00:00,00:15:00,>40 to 42,0,,
Input_xlxs.xlsx,Input_xlxs,Moose Lodge Rd,NB,2025-06-15,00:00:00,00:15:00,>42 to 44,0,,
Input_xlxs.xlsx,Input_xlxs,Moose Lodge Rd,NB,2025-06-15,00:00:00,00:15:00,>44 to 46,1,,
Input_xlxs.xlsx,Input_xlxs,Moose Lodge Rd,NB,2025-06-15,00:00:00,00:15:00,>46 to 48,0,,
Input_xlxs.xlsx,Input_xlxs,Moose Lodge Rd,NB,2025-06-15,00:00:00,00:15:00,>48 to 50,0,,
Input_xlxs.xlsx,Input_xlxs,Moose Lodge Rd,NB,2025-06-15,00:00:00,00:15:00,>50 to 52,1,,
Input_xlxs.xlsx,Input_xlxs,Moose Lodge Rd,NB,2025-06-15,00:00:00,00:15:00,>52 to 54,2,,
Input_xlxs.xlsx,Input_xlxs,Moose Lodge Rd,NB,2025-06-15,00:00:00,00:15:00,>54 to 56,2,,
Input_xlxs.xlsx,Input_xlxs,Moose Lodge Rd,NB,2025-06-15,00:00:00,00:15:00,>56 to 58,0,,
Input_xlxs.xlsx,Input_xlxs,Moose Lodge Rd,NB,2025-06-15,00:00:00,00:15:00,>58 to 60,1,,
Input_xlxs.xlsx,Input_xlxs,Moose Lodge Rd,NB,2025-06-15,00:00:00,00:15:00,>60 to 62,0,,
Input_xlxs.xlsx,Input_xlxs,Moose Lodge Rd,NB,2025-06-15,00:00:00,00:15:00,> 62,0,,
Input_xlxs.xlsx,Input_xlxs,Moose Lodge Rd,NB,2025-06-15,01:00:00,01:15:00,0 to 40,0,,
Input_xlxs.xlsx,Input_xlxs,Moose Lodge Rd,NB,2025-06-15,01:00:00,01:15:00,>40 to 42,0,,
Input_xlxs.xlsx,Input_xlxs,Moose Lodge Rd,NB,2025-06-15,01:00:00,01:15:00,>42 to 44,0,,
Input_xlxs.xlsx,Input_xlxs,Moose Lodge Rd,NB,2025-06-15,01:00:00,01:15:00,>44 to 46,0,,
Input_xlxs.xlsx,Input_xlxs,Moose Lodge Rd,NB,2025-06-15,01:00:00,01:15:00,>46 to 48,1,,
Input_xlxs.xlsx,Input_xlxs,Moose Lodge Rd,NB,2025-06-15,01:00:00,01:15:00,>48 to 50,0,,
Input_xlxs.xlsx,Input_xlxs,Moose Lodge Rd,NB,2025-06-15,01:00:00,01:15:00,>50 to 52,0,,
Input_xlxs.xlsx,Input_xlxs,Moose Lodge Rd,NB,2025-06-15,01:00:00,01:15:00,>52 to 54,1,,
Input_xlxs.xlsx,Input_xlxs,Moose Lodge Rd,NB,2025-06-15,01:00:00,01:15:00,>54 to 56,0,,
Input_xlxs.xlsx,Input_xlxs,Moose Lodge Rd,NB,2025-06-15,01:00:00,01:15:00,>56 to 58,2,,
Input_xlxs.xlsx,Input_xlxs,Moose Lodge Rd,NB,2025-06-15,01:00:00,01:15:00,>58 to 60,0,,
Input_xlxs.xlsx,Input_xlxs,Moose Lodge Rd,NB,2025-06-15,01:00:00,01:15:00,>60 to 62,0,,
Input_xlxs.xlsx,Input_xlxs,Moose Lodge Rd,NB,2025-06-15,01:00:00,01:15:00,> 62,0,,
Input_xlxs.xlsx,Input_xlxs,Moose Lodge Rd,NB,2025-06-15,02:00:00,02:15:00,0 to 40,1,,
Input_xlxs.xlsx,Input_xlxs,Moose Lodge Rd,NB,2025-06-15,02:00:00,02:15:00,>40 to 42,0,,
Input_xlxs.xlsx,Input_xlxs,Moose Lodge Rd,NB,2025-06-15,02:00:00,02:15:00,>42 to 44,0,,
Input_xlxs.xlsx,Input_xlxs,Moose Lodge Rd,NB,2025-06-15,02:00:00,02:15:00,>44 to 46,0,,
Input_xlxs.xlsx,Input_xlxs,Moose Lodge Rd,NB,2025-06-15,02:00:00,02:15:00,>46 to 48,1,,
Input_xlxs.xlsx,Input_xlxs,Moose Lodge Rd,NB,2025-06-15,02:00:00,02:15:00,>48 to 50,3,,
Input_xlxs.xlsx,Input_xlxs,Moose Lodge Rd,NB,2025-06-15,02:00:00,02:15:00,>50 to 52,0,,
Input_xlxs.xlsx,Input_xlxs,Moose Lodge Rd,NB,2025-06-15,02:00:00,02:15:00,>52 to 54,2,,
Input_xlxs.xlsx,Input_xlxs,Moose Lodge Rd,NB,2025-06-15,02:00:00,02:15:00,>54 to 56,0,,
Input_xlxs.xlsx,Input_xlxs,Moose Lodge Rd,NB,2025-06-15,02:00:00,02:15:00,>56 to 58,1,,
Input_xlxs.xlsx,Input_xlxs,Moose Lodge Rd,NB,2025-06-15,02:00:00,02:15:00,>58 to 60,0,,
Input_xlxs.xlsx,Input_xlxs,Moose Lodge Rd,NB,2025-06-15,02:00:00,02:15:00,>60 to 62,1,,
Input_xlxs.xlsx,Input_xlxs,Moose Lodge Rd,NB,2025-06-15,02:00:00,02:15:00,> 62,2,,
Input_xlxs.xlsx,Input_xlxs,Moose Lodge Rd,NB,2025-06-15,03:00:00,03:15:00,0 to 40,0,,
Input_xlxs.xlsx,Input_xlxs,Moose Lodge Rd,NB,2025-06-15,03:00:00,03:15:00,>40 to 42,0,,
Input_xlxs.xlsx,Input_xlxs,Moose Lodge Rd,NB,2025-06-15,03:00:00,03:15:00,>42 to 44,0,,
Input_xlxs.xlsx,Input_xlxs,Moose Lodge Rd,NB,2025-06-15,03:00:00,03:15:00,>44 to 46,0,,
Input_xlxs.xlsx,Input_xlxs,Moose Lodge Rd,NB,2025-06-15,03:00:00,03:15:00,>46 to 48,0,,
Input_xlxs.xlsx,Input_xlxs,Moose Lodge Rd,NB,2025-06-15,03:00:00,03:15:00,>48 to 50,0,,
Input_xlxs.xlsx,Input_xlxs,Moose Lodge Rd,NB,2025-06-15,03:00:00,03:15:00,>50 to 52,0,,
Input_xlxs.xlsx,Input_xlxs,Moose Lodge Rd,NB,2025-06-15,03:00:00,03:15:00,>52 to 54,0,,
Input_xlxs.xlsx,Input_xlxs,Moose Lodge Rd,NB,2025-06-15,03:00:00,03:15:00,>54 to 56,1,,
Input_xlxs.xlsx,Input_xlxs,Moose Lodge Rd,NB,2025-06-15,03:00:00,03:15:00,>56 to 58,1,,
Input_xlxs.xlsx,Input_xlxs,Moose Lodge Rd,NB,2025-06-15,03:00:00,03:15:00,>58 to 60,0,,
Input_xlxs.xlsx,Input_xlxs,Moose Lodge Rd,NB,2025-06-15,03:00:00,03:15:00,>60 to 62,1,,
Input_xlxs.xlsx,Input_xlxs,Moose Lodge Rd,NB,2025-06-15,03:00:00,03:15:00,> 62,1,,
Input_xlxs.xlsx,Input_xlxs,Moose Lodge Rd,NB,2025-06-15,04:00:00,04:15:00,0 to 40,0,,
Input_xlxs.xlsx,Input_xlxs,Moose Lodge Rd,NB,2025-06-15,04:00:00,04:15:00,>40 to 42,0,,
Input_xlxs.xlsx,Input_xlxs,Moose Lodge Rd,NB,2025-06-15,04:00:00,04:15:00,>42 to 44,0,,
Input_xlxs.xlsx,Input_xlxs,Moose Lodge Rd,NB,2025-06-15,04:00:00,04:15:00,>44 to 46,0,,
Input_xlxs.xlsx,Input_xlxs,Moose Lodge Rd,NB,2025-06-15,04:00:00,04:15:00,>46 to 48,0,,
Input_xlxs.xlsx,Input_xlxs,Moose Lodge Rd,NB,2025-06-15,04:00:00,04:15:00,>48 to 50,0,,
Input_xlxs.xlsx,Input_xlxs,Moose Lodge Rd,NB,2025-06-15,04:00:00,04:15:00,>50 to 52,0,,
Input_xlxs.xlsx,Input_xlxs,Moose Lodge Rd,NB,2025-06-15,04:00:00,04:15:00,>52 to 54,1,,
Input_xlxs.xlsx,Input_xlxs,Moose Lodge Rd,NB,2025-06-15,04:00:00,04:15:00,>54 to 56,0,,
Input_xlxs.xlsx,Input_xlxs,Moose Lodge Rd,NB,2025-06-15,04:00:00,04:15:00,>56 to 58,1,,
Input_xlxs.xlsx,Input_xlxs,Moose Lodge Rd,NB,2025-06-15,04:00:00,04:15:00,>58 to 60,0,,
Input_xlxs.xlsx,Input_xlxs,Moose Lodge Rd,NB,2025-06-15,04:00:00,04:15:00,>60 to 62,0,,
Input_xlxs.xlsx,Input_xlxs,Moose Lodge Rd,NB,2025-06-15,04:00:00,04:15:00,> 62,2,,
Input_xlxs.xlsx,Input_xlxs,Moose Lodge Rd,NB,2025-06-15,05:00:00,05:15:00,0 to 40,0,,
Input_xlxs.xlsx,Input_xlxs,Moose Lodge Rd,NB,2025-06-15,05:00:00,05:15:00,>40 to 42,0,,
Input_xlxs.xlsx,Input_xlxs,Moose Lodge Rd,NB,2025-06-15,05:00:00,05:15:00,>42 to 44,0,,
Input_xlxs.xlsx,Input_xlxs,Moose Lodge Rd,NB,2025-06-15,05:00:00,05:15:00,>44 to 46,0,,
Input_xlxs.xlsx,Input_xlxs,Moose Lodge Rd,NB,2025-06-15,05:00:00,05:15:00,>46 to 48,3,,
Input_xlxs.xlsx,Input_xlxs,Moose Lodge Rd,NB,2025-06-15,05:00:00,05:15:00,>48 to 50,0,,
Input_xlxs.xlsx,Input_xlxs,Moose Lodge Rd,NB,2025-06-15,05:00:00,05:15:00,>50 to 52,1,,
Input_xlxs.xlsx,Input_xlxs,Moose Lodge Rd,NB,2025-06-15,05:00:00,05:15:00,>52 to 54,1,,
Input_xlxs.xlsx,Input_xlxs,Moose Lodge Rd,NB,2025-06-15,05:00:00,05:15:00,>54 to 56,0,,
Input_xlxs.xlsx,Input_xlxs,Moose Lodge Rd,NB,2025-06-15,05:00:00,05:15:00,>56 to 58,0,,
Input_xlxs.xlsx,Input_xlxs,Moose Lodge Rd,NB,2025-06-15,05:00:00,05:15:00,>58 to 60,0,,
Input_xlxs.xlsx,Input_xlxs,Moose Lodge Rd,NB,2025-06-15,05:00:00,05:15:00,>60 to 62,1,,
Input_xlxs.xlsx,Input_xlxs,Moose Lodge Rd,NB,2025-06-15,05:00:00,05:15:00,> 62,1,,
Input_xlxs.xlsx,Input_xlxs,Moose Lodge Rd,NB,2025-06-15,06:00:00,06:15:00,0 to 40,1,,
Input_xlxs.xlsx,Input_xlxs,Moose Lodge Rd,NB,2025-06-15,06:00:00,06:15:00,>40 to 42,0,,
Input_xlxs.xlsx,Input_xlxs,Moose Lodge Rd,NB,2025-06-15,06:00:00,06:15:00,>42 to 44,0,,
Input_xlxs.xlsx,Input_xlxs,Moose Lodge Rd,NB,2025-06-15,06:00:00,06:15:00,>44 to 46,0,,
Input_xlxs.xlsx,Input_xlxs,Moose Lodge Rd,NB,2025-06-15,06:00:00,06:15:00,>46 to 48,0,,
Input_xlxs.xlsx,Input_xlxs,Moose Lodge Rd,NB,2025-06-15,06:00:00,06:15:00,>48 to 50,0,,
Input_xlxs.xlsx,Input_xlxs,Moose Lodge Rd,NB,2025-06-15,06:00:00,06:15:00,>50 to 52,1,,
Input_xlxs.xlsx,Input_xlxs,Moose Lodge Rd,NB,2025-06-15,06:00:00,06:15:00,>52 to 54,3,,
Input_xlxs.xlsx,Input_xlxs,Moose Lodge Rd,NB,2025-06-15,06:00:00,06:15:00,>54 to 56,2,,
Input_xlxs.xlsx,Input_xlxs,Moose Lodge Rd,NB,2025-06-15,06:00:00,06:15:00,>56 to 58,5,,
Input_xlxs.xlsx,Input_xlxs,Moose Lodge Rd,NB,2025-06-15,06:00:00,06:15:00,>58 to 60,2,,
Input_xlxs.xlsx,Input_xlxs,Moose Lodge Rd,NB,2025-06-15,06:00:00,06:15:00,>60 to 62,3,,
Input_xlxs.xlsx,Input_xlxs,Moose Lodge Rd,NB,2025-06-15,06:00:00,06:15:00,> 62,7,,
Input_xlxs.xlsx,Input_xlxs,Moose Lodge Rd,NB,2025-06-15,07:00:00,07:15:00,0 to 40,0,,
Input_xlxs.xlsx,Input_xlxs,Moose Lodge Rd,NB,2025-06-15,07:00:00,07:15:00,>40 to 42,0,,
Input_xlxs.xlsx,Input_xlxs,Moose Lodge Rd,NB,2025-06-15,07:00:00,07:15:00,>42 to 44,0,,
Input_xlxs.xlsx,Input_xlxs,Moose Lodge Rd,NB,2025-06-15,07:00:00,07:15:00,>44 to 46,0,,
Input_xlxs.xlsx,Input_xlxs,Moose Lodge Rd,NB,2025-06-15,07:00:00,07:15:00,>46 to 48,0,,
Input_xlxs.xlsx,Input_xlxs,Moose Lodge Rd,NB,2025-06-15,07:00:00,07:15:00,>48 to 50,2,,
Input_xlxs.xlsx,Input_xlxs,Moose Lodge Rd,NB,2025-06-15,07:00:00,07:15:00,>50 to 52,1,,
Input_xlxs.xlsx,Input_xlxs,Moose Lodge Rd,NB,2025-06-15,07:00:00,07:15:00,>52 to 54,2,,
Input_xlxs.xlsx,Input_xlxs,Moose Lodge Rd,NB,2025-06-15,07:00:00,07:15:00,>54 to 56,1,,
Input_xlxs.xlsx,Input_xlxs,Moose Lodge Rd,NB,2025-06-15,07:00:00,07:15:00,>56 to 58,4,,
Input_xlxs.xlsx,Input_xlxs,Moose Lodge Rd,NB,2025-06-15,07:00:00,07:15:00,>58 to 60,2,,
Input_xlxs.xlsx,Input_xlxs,Moose Lodge Rd,NB,2025-06-15,07:00:00,07:15:00,>60 to 62,4,,
Input_xlxs.xlsx,Input_xlxs,Moose Lodge Rd,NB,2025-06-15,07:00:00,07:15:00,> 62,12,,
Input_xlxs.xlsx,Input_xlxs,Moose Lodge Rd,NB,2025-06-15,08:00:00,08:15:00,0 to 40,0,,
Input_xlxs.xlsx,Input_xlxs,Moose Lodge Rd,NB,2025-06-15,08:00:00,08:15:00,>40 to 42,1,,
Input_xlxs.xlsx,Input_xlxs,Moose Lodge Rd,NB,2025-06-15,08:00:00,08:15:00,>42 to 44,0,,
Input_xlxs.xlsx,Input_xlxs,Moose Lodge Rd,NB,2025-06-15,08:00:00,08:15:00,>44 to 46,1,,
Input_xlxs.xlsx,Input_xlxs,Moose Lodge Rd,NB,2025-06-15,08:00:00,08:15:00,>46 to 48,5,,
Input_xlxs.xlsx,Input_xlxs,Moose Lodge Rd,NB,2025-06-15,08:00:00,08:15:00,>48 to 50,3,,
Input_xlxs.xlsx,Input_xlxs,Moose Lodge Rd,NB,2025-06-15,08:00:00,08:15:00,>50 to 52,7,,
Input_xlxs.xlsx,Input_xlxs,Moose Lodge Rd,NB,2025-06-15,08:00:00,08:15:00,>52 to 54,7,,
Input_xlxs.xlsx,Input_xlxs,Moose Lodge Rd,NB,2025-06-15,08:00:00,08:15:00,>54 to 56,7,,
Input_xlxs.xlsx,Input_xlxs,Moose Lodge Rd,NB,2025-06-15,08:00:00,08:15:00,>56 to 58,4,,
Input_xlxs.xlsx,Input_xlxs,Moose Lodge Rd,NB,2025-06-15,08:00:00,08:15:00,>58 to 60,6,,
Input_xlxs.xlsx,Input_xlxs,Moose Lodge Rd,NB,2025-06-15,08:00:00,08:15:00,>60 to 62,2,,
Input_xlxs.xlsx,Input_xlxs,Moose Lodge Rd,NB,2025-06-15,08:00:00,08:15:00,> 62,11,,
Input_xlxs.xlsx,Input_xlxs,Moose Lodge Rd,NB,2025-06-15,09:00:00,09:15:00,0 to 40,0,,
Input_xlxs.xlsx,Input_xlxs,Moose Lodge Rd,NB,2025-06-15,09:00:00,09:15:00,>40 to 42,1,,
Input_xlxs.xlsx,Input_xlxs,Moose Lodge Rd,NB,2025-06-15,09:00:00,09:15:00,>42 to 44,1,,
Input_xlxs.xlsx,Input_xlxs,Moose Lodge Rd,NB,2025-06-15,09:00:00,09:15:00,>44 to 46,1,,
Input_xlxs.xlsx,Input_xlxs,Moose Lodge Rd,NB,2025-06-15,09:00:00,09:15:00,>46 to 48,3,,
Input_xlxs.xlsx,Input_xlxs,Moose Lodge Rd,NB,2025-06-15,09:00:00,09:15:00,>48 to 50,8,,
Input_xlxs.xlsx,Input_xlxs,Moose Lodge Rd,NB,2025-06-15,09:00:00,09:15:00,>50 to 52,6,,
Input_xlxs.xlsx,Input_xlxs,Moose Lodge Rd,NB,2025-06-15,09:00:00,09:15:00,>52 to 54,6,,
Input_xlxs.xlsx,Input_xlxs,Moose Lodge Rd,NB,2025-06-15,09:00:00,09:15:00,>54 to 56,7,,
Input_xlxs.xlsx,Input_xlxs,Moose Lodge Rd,NB,2025-06-15,09:00:00,09:15:00,>56 to 58,7,,
Input_xlxs.xlsx,Input_xlxs,Moose Lodge Rd,NB,2025-06-15,09:00:00,09:15:00,>58 to 60,6,,
Input_xlxs.xlsx,Input_xlxs,Moose Lodge Rd,NB,2025-06-15,09:00:00,09:15:00,>60 to 62,5,,
Input_xlxs.xlsx,Input_xlxs,Moose Lodge Rd,NB,2025-06-15,09:00:00,09:15:00,> 62,13,,
Input_xlxs.xlsx,Input_xlxs,Moose Lodge Rd,NB,2025-06-15,10:00:00,10:15:00,0 to 40,0,,
Input_xlxs.xlsx,Input_xlxs,Moose Lodge Rd,NB,2025-06-15,10:00:00,10:15:00,>40 to 42,0,,
Input_xlxs.xlsx,Input_xlxs,Moose Lodge Rd,NB,2025-06-15,10:00:00,10:15:00,>42 to 44,0,,
Input_xlxs.xlsx,Input_xlxs,Moose Lodge Rd,NB,2025-06-15,10:00:00,10:15:00,>44 to 46,2,,
Input_xlxs.xlsx,Input_xlxs,Moose Lodge Rd,NB,2025-06-15,10:00:00,10:15:00,>46 to 48,6,,
Input_xlxs.xlsx,Input_xlxs,Moose Lodge Rd,NB,2025-06-15,10:00:00,10:15:00,>48 to 50,4,,
Input_xlxs.xlsx,Input_xlxs,Moose Lodge Rd,NB,2025-06-15,10:00:00,10:15:00,>50 to 52,9,,
Input_xlxs.xlsx,Input_xlxs,Moose Lodge Rd,NB,2025-06-15,10:00:00,10:15:00,>52 to 54,9,,
Input_xlxs.xlsx,Input_xlxs,Moose Lodge Rd,NB,2025-06-15,10:00:00,10:15:00,>54 to 56,5,,
Input_xlxs.xlsx,Input_xlxs,Moose Lodge Rd,NB,2025-06-15,10:00:00,10:15:00,>56 to 58,12,,
Input_xlxs.xlsx,Input_xlxs,Moose Lodge Rd,NB,2025-06-15,10:00:00,10:15:00,>58 to 60,10,,
Input_xlxs.xlsx,Input_xlxs,Moose Lodge Rd,NB,2025-06-15,10:00:00,10:15:00,>60 to 62,11,,
Input_xlxs.xlsx,Input_xlxs,Moose Lodge Rd,NB,2025-06-15,10:00:00,10:15:00,> 62,15,,
Input_xlxs.xlsx,Input_xlxs,Moose Lodge Rd,NB,2025-06-15,11:00:00,11:15:00,0 to 40,0,,
Input_xlxs.xlsx,Input_xlxs,Moose Lodge Rd,NB,2025-06-15,11:00:00,11:15:00,>40 to 42,0,,
Input_xlxs.xlsx,Input_xlxs,Moose Lodge Rd,NB,2025-06-15,11:00:00,11:15:00,>42 to 44,0,,
Input_xlxs.xlsx,Input_xlxs,Moose Lodge Rd,NB,2025-06-15,11:00:00,11:15:00,>44 to 46,2,,
Input_xlxs.xlsx,Input_xlxs,Moose Lodge Rd,NB,2025-06-15,11:00:00,11:15:00,>46 to 48,3,,
Input_xlxs.xlsx,Input_xlxs,Moose Lodge Rd,NB,2025-06-15,11:00:00,11:15:00,>48 to 50,1,,
Input_xlxs.xlsx,Input_xlxs,Moose Lodge Rd,NB,2025-06-15,11:00:00,11:15:00,>50 to 52,3,,
Input_xlxs.xlsx,Input_xlxs,Moose Lodge Rd,NB,2025-06-15,11:00:00,11:15:00,>52 to 54,10,,
Input_xlxs.xlsx,Input_xlxs,Moose Lodge Rd,NB,2025-06-15,11:00:00,11:15:00,>54 to 56,9,,
Input_xlxs.xlsx,Input_xlxs,Moose Lodge Rd,NB,2025-06-15,11:00:00,11:15:00,>56 to 58,12,,
Input_xlxs.xlsx,Input_xlxs,Moose Lodge Rd,NB,2025-06-15,11:00:00,11:15:00,>58 to 60,6,,
Input_xlxs.xlsx,Input_xlxs,Moose Lodge Rd,NB,2025-06-15,11:00:00,11:15:00,>60 to 62,5,,
Input_xlxs.xlsx,Input_xlxs,Moose Lodge Rd,NB,2025-06-15,11:00:00,11:15:00,> 62,14,,
Input_xlxs.xlsx,Input_xlxs,Moose Lodge Rd,NB,2025-06-15,12:00:00,12:15:00,0 to 40,5,,
Input_xlxs.xlsx,Input_xlxs,Moose Lodge Rd,NB,2025-06-15,12:00:00,12:15:00,>40 to 42,0,,
Input_xlxs.xlsx,Input_xlxs,Moose Lodge Rd,NB,2025-06-15,12:00:00,12:15:00,>42 to 44,0,,
Input_xlxs.xlsx,Input_xlxs,Moose Lodge Rd,NB,2025-06-15,12:00:00,12:15:00,>44 to 46,0,,
Input_xlxs.xlsx,Input_xlxs,Moose Lodge Rd,NB,2025-06-15,12:00:00,12:15:00,>46 to 48,6,,
Input_xlxs.xlsx,Input_xlxs,Moose Lodge Rd,NB,2025-06-15,12:00:00,12:15:00,>48 to 50,7,,
Input_xlxs.xlsx,Input_xlxs,Moose Lodge Rd,NB,2025-06-15,12:00:00,12:15:00,>50 to 52,8,,
Input_xlxs.xlsx,Input_xlxs,Moose Lodge Rd,NB,2025-06-15,12:00:00,12:15:00,>52 to 54,5,,
Input_xlxs.xlsx,Input_xlxs,Moose Lodge Rd,NB,2025-06-15,12:00:00,12:15:00,>54 to 56,11,,
Input_xlxs.xlsx,Input_xlxs,Moose Lodge Rd,NB,2025-06-15,12:00:00,12:15:00,>56 to 58,15,,
Input_xlxs.xlsx,Input_xlxs,Moose Lodge Rd,NB,2025-06-15,12:00:00,12:15:00,>58 to 60,11,,
Input_xlxs.xlsx,Input_xlxs,Moose Lodge Rd,NB,2025-06-15,12:00:00,12:15:00,>60 to 62,3,,
Input_xlxs.xlsx,Input_xlxs,Moose Lodge Rd,NB,2025-06-15,12:00:00,12:15:00,> 62,22,,
Input_xlxs.xlsx,Input_xlxs,Moose Lodge Rd,NB,2025-06-15,13:00:00,13:15:00,0 to 40,1,,
Input_xlxs.xlsx,Input_xlxs,Moose Lodge Rd,NB,2025-06-15,13:00:00,13:15:00,>40 to 42,1,,
Input_xlxs.xlsx,Input_xlxs,Moose Lodge Rd,NB,2025-06-15,13:00:00,13:15:00,>42 to 44,1,,
Input_xlxs.xlsx,Input_xlxs,Moose Lodge Rd,NB,2025-06-15,13:00:00,13:15:00,>44 to 46,0,,
Input_xlxs.xlsx,Input_xlxs,Moose Lodge Rd,NB,2025-06-15,13:00:00,13:15:00,>46 to 48,0,,
Input_xlxs.xlsx,Input_xlxs,Moose Lodge Rd,NB,2025-06-15,13:00:00,13:15:00,>48 to 50,2,,
Input_xlxs.xlsx,Input_xlxs,Moose Lodge Rd,NB,2025-06-15,13:00:00,13:15:00,>50 to 52,8,,
Input_xlxs.xlsx,Input_xlxs,Moose Lodge Rd,NB,2025-06-15,13:00:00,13:15:00,>52 to 54,12,,
Input_xlxs.xlsx,Input_xlxs,Moose Lodge Rd,NB,2025-06-15,13:00:00,13:15:00,>54 to 56,16,,
Input_xlxs.xlsx,Input_xlxs,Moose Lodge Rd,NB,2025-06-15,13:00:00,13:15:00,>56 to 58,13,,
Input_xlxs.xlsx,Input_xlxs,Moose Lodge Rd,NB,2025-06-15,13:00:00,13:15:00,>58 to 60,5,,
Input_xlxs.xlsx,Input_xlxs,Moose Lodge Rd,NB,2025-06-15,13:00:00,13:15:00,>60 to 62,10,,
Input_xlxs.xlsx,Input_xlxs,Moose Lodge Rd,NB,2025-06-15,13:00:00,13:15:00,> 62,23,,
Input_xlxs.xlsx,Input_xlxs,Moose Lodge Rd,NB,2025-06-15,14:00:00,14:15:00,0 to 40,1,,
Input_xlxs.xlsx,Input_xlxs,Moose Lodge Rd,NB,2025-06-15,14:00:00,14:15:00,>40 to 42,1,,
Input_xlxs.xlsx,Input_xlxs,Moose Lodge Rd,NB,2025-06-15,14:00:00,14:15:00,>42 to 44,1,,
Input_xlxs.xlsx,Input_xlxs,Moose Lodge Rd,NB,2025-06-15,14:00:00,14:15:00,>44 to 46,0,,
Input_xlxs.xlsx,Input_xlxs,Moose Lodge Rd,NB,2025-06-15,14:00:00,14:15:00,>46 to 48,1,,
Input_xlxs.xlsx,Input_xlxs,Moose Lodge Rd,NB,2025-06-15,14:00:00,14:15:00,>48 to 50,5,,
Input_xlxs.xlsx,Input_xlxs,Moose Lodge Rd,NB,2025-06-15,14:00:00,14:15:00,>50 to 52,9,,
Input_xlxs.xlsx,Input_xlxs,Moose Lodge Rd,NB,2025-06-15,14:00:00,14:15:00,>52 to 54,13,,
Input_xlxs.xlsx,Input_xlxs,Moose Lodge Rd,NB,2025-06-15,14:00:00,14:15:00,>54 to 56,15,,
Input_xlxs.xlsx,Input_xlxs,Moose Lodge Rd,NB,2025-06-15,14:00:00,14:15:00,>56 to 58,16,,
Input_xlxs.xlsx,Input_xlxs,Moose Lodge Rd,NB,2025-06-15,14:00:00,14:15:00,>58 to 60,9,,
Input_xlxs.xlsx,Input_xlxs,Moose Lodge Rd,NB,2025-06-15,14:00:00,14:15:00,>60 to 62,13,,
Input_xlxs.xlsx,Input_xlxs,Moose Lodge Rd,NB,2025-06-15,14:00:00,14:15:00,> 62,15,,
Input_xlxs.xlsx,Input_xlxs,Moose Lodge Rd,NB,2025-06-15,15:00:00,15:15:00,0 to 40,1,,
Input_xlxs.xlsx,Input_xlxs,Moose Lodge Rd,NB,2025-06-15,15:00:00,15:15:00,>40 to 42,1,,
Input_xlxs.xlsx,Input_xlxs,Moose Lodge Rd,NB,2025-06-15,15:00:00,15:15:00,>42 to 44,1,,
Input_xlxs.xlsx,Input_xlxs,Moose Lodge Rd,NB,2025-06-15,15:00:00,15:15:00,>44 to 46,4,,
Input_xlxs.xlsx,Input_xlxs,Moose Lodge Rd,NB,2025-06-15,15:00:00,15:15:00,>46 to 48,3,,
Input_xlxs.xlsx,Input_xlxs,Moose Lodge Rd,NB,2025-06-15,15:00:00,15:15:00,>48 to 50,3,,
Input_xlxs.xlsx,Input_xlxs,Moose Lodge Rd,NB,2025-06-15,15:00:00,15:15:00,>50 to 52,6,,
Input_xlxs.xlsx,Input_xlxs,Moose Lodge Rd,NB,2025-06-15,15:00:00,15:15:00,>52 to 54,12,,
Input_xlxs.xlsx,Input_xlxs,Moose Lodge Rd,NB,2025-06-15,15:00:00,15:15:00,>54 to 56,14,,
Input_xlxs.xlsx,Input_xlxs,Moose Lodge Rd,NB,2025-06-15,15:00:00,15:15:00,>56 to 58,9,,
Input_xlxs.xlsx,Input_xlxs,Moose Lodge Rd,NB,2025-06-15,15:00:00,15:15:00,>58 to 60,15,,
Input_xlxs.xlsx,Input_xlxs,Moose Lodge Rd,NB,2025-06-15,15:00:00,15:15:00,>60 to 62,10,,
Input_xlxs.xlsx,Input_xlxs,Moose Lodge Rd,NB,2025-06-15,15:00:00,15:15:00,> 62,19,,
Input_xlxs.xlsx,Input_xlxs,Moose Lodge Rd,NB,2025-06-15,16:00:00,16:15:00,0 to 40,3,,
Input_xlxs.xlsx,Input_xlxs,Moose Lodge Rd,NB,2025-06-15,16:00:00,16:15:00,>40 to 42,0,,
Input_xlxs.xlsx,Input_xlxs,Moose Lodge Rd,NB,2025-06-15,16:00:00,16:15:00,>42 to 44,0,,
Input_xlxs.xlsx,Input_xlxs,Moose Lodge Rd,NB,2025-06-15,16:00:00,16:15:00,>44 to 46,4,,
Input_xlxs.xlsx,Input_xlxs,Moose Lodge Rd,NB,2025-06-15,16:00:00,16:15:00,>46 to 48,5,,
Input_xlxs.xlsx,Input_xlxs,Moose Lodge Rd,NB,2025-06-15,16:00:00,16:15:00,>48 to 50,6,,
Input_xlxs.xlsx,Input_xlxs,Moose Lodge Rd,NB,2025-06-15,16:00:00,16:15:00,>50 to 52,12,,
Input_xlxs.xlsx,Input_xlxs,Moose Lodge Rd,NB,2025-06-15,16:00:00,16:15:00,>52 to 54,3,,
Input_xlxs.xlsx,Input_xlxs,Moose Lodge Rd,NB,2025-06-15,16:00:00,16:15:00,>54 to 56,7,,
Input_xlxs.xlsx,Input_xlxs,Moose Lodge Rd,NB,2025-06-15,16:00:00,16:15:00,>56 to 58,11,,
Input_xlxs.xlsx,Input_xlxs,Moose Lodge Rd,NB,2025-06-15,16:00:00,16:15:00,>58 to 60,13,,
Input_xlxs.xlsx,Input_xlxs,Moose Lodge Rd,NB,2025-06-15,16:00:00,16:15:00,>60 to 62,6,,
Input_xlxs.xlsx,Input_xlxs,Moose Lodge Rd,NB,2025-06-15,16:00:00,16:15:00,> 62,16,,
Input_xlxs.xlsx,Input_xlxs,Moose Lodge Rd,NB,2025-06-15,17:00:00,17:15:00,0 to 40,0,,
Input_xlxs.xlsx,Input_xlxs,Moose Lodge Rd,NB,2025-06-15,17:00:00,17:15:00,>40 to 42,0,,
Input_xlxs.xlsx,Input_xlxs,Moose Lodge Rd,NB,2025-06-15,17:00:00,17:15:00,>42 to 44,0,,
Input_xlxs.xlsx,Input_xlxs,Moose Lodge Rd,NB,2025-06-15,17:00:00,17:15:00,>44 to 46,1,,
Input_xlxs.xlsx,Input_xlxs,Moose Lodge Rd,NB,2025-06-15,17:00:00,17:15:00,>46 to 48,2,,
Input_xlxs.xlsx,Input_xlxs,Moose Lodge Rd,NB,2025-06-15,17:00:00,17:15:00,>48 to 50,8,,
Input_xlxs.xlsx,Input_xlxs,Moose Lodge Rd,NB,2025-06-15,17:00:00,17:15:00,>50 to 52,8,,
Input_xlxs.xlsx,Input_xlxs,Moose Lodge Rd,NB,2025-06-15,17:00:00,17:15:00,>52 to 54,11,,
Input_xlxs.xlsx,Input_xlxs,Moose Lodge Rd,NB,2025-06-15,17:00:00,17:15:00,>54 to 56,11,,
Input_xlxs.xlsx,Input_xlxs,Moose Lodge Rd,NB,2025-06-15,17:00:00,17:15:00,>56 to 58,12,,
Input_xlxs.xlsx,Input_xlxs,Moose Lodge Rd,NB,2025-06-15,17:00:00,17:15:00,>58 to 60,10,,
Input_xlxs.xlsx,Input_xlxs,Moose Lodge Rd,NB,2025-06-15,17:00:00,17:15:00,>60 to 62,13,,
Input_xlxs.xlsx,Input_xlxs,Moose Lodge Rd,NB,2025-06-15,17:00:00,17:15:00,> 62,23,,
Input_xlxs.xlsx,Input_xlxs,Moose Lodge Rd,NB,2025-06-15,18:00:00,18:15:00,0 to 40,0,,
Input_xlxs.xlsx,Input_xlxs,Moose Lodge Rd,NB,2025-06-15,18:00:00,18:15:00,>40 to 42,0,,
Input_xlxs.xlsx,Input_xlxs,Moose Lodge Rd,NB,2025-06-15,18:00:00,18:15:00,>42 to 44,0,,
Input_xlxs.xlsx,Input_xlxs,Moose Lodge Rd,NB,2025-06-15,18:00:00,18:15:00,>44 to 46,1,,
Input_xlxs.xlsx,Input_xlxs,Moose Lodge Rd,NB,2025-06-15,18:00:00,18:15:00,>46 to 48,1,,
Input_xlxs.xlsx,Input_xlxs,Moose Lodge Rd,NB,2025-06-15,18:00:00,18:15:00,>48 to 50,4,,
Input_xlxs.xlsx,Input_xlxs,Moose Lodge Rd,NB,2025-06-15,18:00:00,18:15:00,>50 to 52,8,,
Input_xlxs.xlsx,Input_xlxs,Moose Lodge Rd,NB,2025-06-15,18:00:00,18:15:00,>52 to 54,9,,
Input_xlxs.xlsx,Input_xlxs,Moose Lodge Rd,NB,2025-06-15,18:00:00,18:15:00,>54 to 56,5,,
Input_xlxs.xlsx,Input_xlxs,Moose Lodge Rd,NB,2025-06-15,18:00:00,18:15:00,>56 to 58,10,,
Input_xlxs.xlsx,Input_xlxs,Moose Lodge Rd,NB,2025-06-15,18:00:00,18:15:00,>58 to 60,4,,
Input_xlxs.xlsx,Input_xlxs,Moose Lodge Rd,NB,2025-06-15,18:00:00,18:15:00,>60 to 62,13,,
Input_xlxs.xlsx,Input_xlxs,Moose Lodge Rd,NB,2025-06-15,18:00:00,18:15:00,> 62,11,,
Input_xlxs.xlsx,Input_xlxs,Moose Lodge Rd,NB,2025-06-15,19:00:00,19:15:00,0 to 40,3,,
Input_xlxs.xlsx,Input_xlxs,Moose Lodge Rd,NB,2025-06-15,19:00:00,19:15:00,>40 to 42,1,,
Input_xlxs.xlsx,Input_xlxs,Moose Lodge Rd,NB,2025-06-15,19:00:00,19:15:00,>42 to 44,2,,
Input_xlxs.xlsx,Input_xlxs,Moose Lodge Rd,NB,2025-06-15,19:00:00,19:15:00,>44 to 46,2,,
Input_xlxs.xlsx,Input_xlxs,Moose Lodge Rd,NB,2025-06-15,19:00:00,19:15:00,>46 to 48,1,,
Input_xlxs.xlsx,Input_xlxs,Moose Lodge Rd,NB,2025-06-15,19:00:00,19:15:00,>48 to 50,3,,
Input_xlxs.xlsx,Input_xlxs,Moose Lodge Rd,NB,2025-06-15,19:00:00,19:15:00,>50 to 52,7,,
Input_xlxs.xlsx,Input_xlxs,Moose Lodge Rd,NB,2025-06-15,19:00:00,19:15:00,>52 to 54,7,,
Input_xlxs.xlsx,Input_xlxs,Moose Lodge Rd,NB,2025-06-15,19:00:00,19:15:00,>54 to 56,4,,
Input_xlxs.xlsx,Input_xlxs,Moose Lodge Rd,NB,2025-06-15,19:00:00,19:15:00,>56 to 58,8,,
Input_xlxs.xlsx,Input_xlxs,Moose Lodge Rd,NB,2025-06-15,19:00:00,19:15:00,>58 to 60,5,,
Input_xlxs.xlsx,Input_xlxs,Moose Lodge Rd,NB,2025-06-15,19:00:00,19:15:00,>60 to 62,9,,
Input_xlxs.xlsx,Input_xlxs,Moose Lodge Rd,NB,2025-06-15,19:00:00,19:15:00,> 62,14,,
Input_xlxs.xlsx,Input_xlxs,Moose Lodge Rd,NB,2025-06-15,20:00:00,20:15:00,0 to 40,4,,
Input_xlxs.xlsx,Input_xlxs,Moose Lodge Rd,NB,2025-06-15,20:00:00,20:15:00,>40 to 42,0,,
Input_xlxs.xlsx,Input_xlxs,Moose Lodge Rd,NB,2025-06-15,20:00:00,20:15:00,>42 to 44,2,,
Input_xlxs.xlsx,Input_xlxs,Moose Lodge Rd,NB,2025-06-15,20:00:00,20:15:00,>44 to 46,2,,
Input_xlxs.xlsx,Input_xlxs,Moose Lodge Rd,NB,2025-06-15,20:00:00,20:15:00,>46 to 48,2,,
Input_xlxs.xlsx,Input_xlxs,Moose Lodge Rd,NB,2025-06-15,20:00:00,20:15:00,>48 to 50,0,,
Input_xlxs.xlsx,Input_xlxs,Moose Lodge Rd,NB,2025-06-15,20:00:00,20:15:00,>50 to 52,0,,
Input_xlxs.xlsx,Input_xlxs,Moose Lodge Rd,NB,2025-06-15,20:00:00,20:15:00,>52 to 54,6,,
Input_xlxs.xlsx,Input_xlxs,Moose Lodge Rd,NB,2025-06-15,20:00:00,20:15:00,>54 to 56,4,,
Input_xlxs.xlsx,Input_xlxs,Moose Lodge Rd,NB,2025-06-15,20:00:00,20:15:00,>56 to 58,5,,
Input_xlxs.xlsx,Input_xlxs,Moose Lodge Rd,NB,2025-06-15,20:00:00,20:15:00,>58 to 60,2,,
Input_xlxs.xlsx,Input_xlxs,Moose Lodge Rd,NB,2025-06-15,20:00:00,20:15:00,>60 to 62,5,,
Input_xlxs.xlsx,Input_xlxs,Moose Lodge Rd,NB,2025-06-15,20:00:00,20:15:00,> 62,9,,
Input_xlxs.xlsx,Input_xlxs,Moose Lodge Rd,NB,2025-06-15,21:00:00,21:15:00,0 to 40,0,,
Input_xlxs.xlsx,Input_xlxs,Moose Lodge Rd,NB,2025-06-15,21:00:00,21:15:00,>40 to 42,0,,
Input_xlxs.xlsx,Input_xlxs,Moose Lodge Rd,NB,2025-06-15,21:00:00,21:15:00,>42 to 44,1,,
Input_xlxs.xlsx,Input_xlxs,Moose Lodge Rd,NB,2025-06-15,21:00:00,21:15:00,>44 to 46,0,,
Input_xlxs.xlsx,Input_xlxs,Moose Lodge Rd,NB,2025-06-15,21:00:00,21:15:00,>46 to 48,2,,
Input_xlxs.xlsx,Input_xlxs,Moose Lodge Rd,NB,2025-06-15,21:00:00,21:15:00,>48 to 50,2,,
Input_xlxs.xlsx,Input_xlxs,Moose Lodge Rd,NB,2025-06-15,21:00:00,21:15:00,>50 to 52,5,,
Input_xlxs.xlsx,Input_xlxs,Moose Lodge Rd,NB,2025-06-15,21:00:00,21:15:00,>52 to 54,2,,
Input_xlxs.xlsx,Input_xlxs,Moose Lodge Rd,NB,2025-06-15,21:00:00,21:15:00,>54 to 56,3,,
Input_xlxs.xlsx,Input_xlxs,Moose Lodge Rd,NB,2025-06-15,21:00:00,21:15:00,>56 to 58,5,,
Input_xlxs.xlsx,Input_xlxs,Moose Lodge Rd,NB,2025-06-15,21:00:00,21:15:00,>58 to 60,3,,
Input_xlxs.xlsx,Input_xlxs,Moose Lodge Rd,NB,2025-06-15,21:00:00,21:15:00,>60 to 62,0,,
Input_xlxs.xlsx,Input_xlxs,Moose Lodge Rd,NB,2025-06-15,21:00:00,21:15:00,> 62,8,,
Input_xlxs.xlsx,Input_xlxs,Moose Lodge Rd,NB,2025-06-15,22:00:00,22:15:00,0 to 40,1,,
Input_xlxs.xlsx,Input_xlxs,Moose Lodge Rd,NB,2025-06-15,22:00:00,22:15:00,>40 to 42,1,,
Input_xlxs.xlsx,Input_xlxs,Moose Lodge Rd,NB,2025-06-15,22:00:00,22:15:00,>42 to 44,1,,
Input_xlxs.xlsx,Input_xlxs,Moose Lodge Rd,NB,2025-06-15,22:00:00,22:15:00,>44 to 46,0,,
Input_xlxs.xlsx,Input_xlxs,Moose Lodge Rd,NB,2025-06-15,22:00:00,22:15:00,>46 to 48,2,,
Input_xlxs.xlsx,Input_xlxs,Moose Lodge Rd,NB,2025-06-15,22:00:00,22:15:00,>48 to 50,1,,
Input_xlxs.xlsx,Input_xlxs,Moose Lodge Rd,NB,2025-06-15,22:00:00,22:15:00,>50 to 52,0,,
Input_xlxs.xlsx,Input_xlxs,Moose Lodge Rd,NB,2025-06-15,22:00:00,22:15:00,>52 to 54,3,,
Input_xlxs.xlsx,Input_xlxs,Moose Lodge Rd,NB,2025-06-15,22:00:00,22:15:00,>54 to 56,0,,
Input_xlxs.xlsx,Input_xlxs,Moose Lodge Rd,NB,2025-06-15,22:00:00,22:15:00,>56 to 58,2,,
Input_xlxs.xlsx,Input_xlxs,Moose Lodge Rd,NB,2025-06-15,22:00:00,22:15:00,>58 to 60,0,,
Input_xlxs.xlsx,Input_xlxs,Moose Lodge Rd,NB,2025-06-15,22:00:00,22:15:00,>60 to 62,1,,
Input_xlxs.xlsx,Input_xlxs,Moose Lodge Rd,NB,2025-06-15,22:00:00,22:15:00,> 62,6,,
Input_xlxs.xlsx,Input_xlxs,Moose Lodge Rd,NB,2025-06-15,23:00:00,23:15:00,0 to 40,1,,
Input_xlxs.xlsx,Input_xlxs,Moose Lodge Rd,NB,2025-06-15,23:00:00,23:15:00,>40 to 42,0,,
Input_xlxs.xlsx,Input_xlxs,Moose Lodge Rd,NB,2025-06-15,23:00:00,23:15:00,>42 to 44,0,,
Input_xlxs.xlsx,Input_xlxs,Moose Lodge Rd,NB,2025-06-15,23:00:00,23:15:00,>44 to 46,0,,
Input_xlxs.xlsx,Input_xlxs,Moose Lodge Rd,NB,2025-06-15,23:00:00,23:15:00,>46 to 48,0,,
Input_xlxs.xlsx,Input_xlxs,Moose Lodge Rd,NB,2025-06-15,23:00:00,23:15:00,>48 to 50,3,,
Input_xlxs.xlsx,Input_xlxs,Moose Lodge Rd,NB,2025-06-15,23:00:00,23:15:00,>50 to 52,2,,
Input_xlxs.xlsx,Input_xlxs,Moose Lodge Rd,NB,2025-06-15,23:00:00,23:15:00,>52 to 54,1,,
Input_xlxs.xlsx,Input_xlxs,Moose Lodge Rd,NB,2025-06-15,23:00:00,23:15:00,>54 to 56,3,,
Input_xlxs.xlsx,Input_xlxs,Moose Lodge Rd,NB,2025-06-15,23:00:00,23:15:00,>56 to 58,3,,
Input_xlxs.xlsx,Input_xlxs,Moose Lodge Rd,NB,2025-06-15,23:00:00,23:15:00,>58 to 60,0,,
Input_xlxs.xlsx,Input_xlxs,Moose Lodge Rd,NB,2025-06-15,23:00:00,23:15:00,>60 to 62,0,,
Input_xlxs.xlsx,Input_xlxs,Moose Lodge Rd,NB,2025-06-15,23:00:00,23:15:00,> 62,1,,
Input_xlxs.xlsx,Input_xlxs,Moose Lodge Rd,NB,2025-06-16,00:00:00,00:15:00,0 to 40,0,,
Input_xlxs.xlsx,Input_xlxs,Moose Lodge Rd,NB,2025-06-16,00:00:00,00:15:00,>40 to 42,0,,
Input_xlxs.xlsx,Input_xlxs,Moose Lodge Rd,NB,2025-06-16,00:00:00,00:15:00,>42 to 44,0,,
Input_xlxs.xlsx,Input_xlxs,Moose Lodge Rd,NB,2025-06-16,00:00:00,00:15:00,>44 to 46,0,,
Input_xlxs.xlsx,Input_xlxs,Moose Lodge Rd,NB,2025-06-16,00:00:00,00:15:00,>46 to 48,1,,
Input_xlxs.xlsx,Input_xlxs,Moose Lodge Rd,NB,2025-06-16,00:00:00,00:15:00,>48 to 50,0,,
Input_xlxs.xlsx,Input_xlxs,Moose Lodge Rd,NB,2025-06-16,00:00:00,00:15:00,>50 to 52,0,,
Input_xlxs.xlsx,Input_xlxs,Moose Lodge Rd,NB,2025-06-16,00:00:00,00:15:00,>52 to 54,0,,
Input_xlxs.xlsx,Input_xlxs,Moose Lodge Rd,NB,2025-06-16,00:00:00,00:15:00,>54 to 56,0,,
Input_xlxs.xlsx,Input_xlxs,Moose Lodge Rd,NB,2025-06-16,00:00:00,00:15:00,>56 to 58,1,,
Input_xlxs.xlsx,Input_xlxs,Moose Lodge Rd,NB,2025-06-16,00:00:00,00:15:00,>58 to 60,0,,
Input_xlxs.xlsx,Input_xlxs,Moose Lodge Rd,NB,2025-06-16,00:00:00,00:15:00,>60 to 62,0,,
Input_xlxs.xlsx,Input_xlxs,Moose Lodge Rd,NB,2025-06-16,00:00:00,00:15:00,> 62,1,,
Input_xlxs.xlsx,Input_xlxs,Moose Lodge Rd,NB,2025-06-16,01:00:00,01:15:00,0 to 40,0,,
Input_xlxs.xlsx,Input_xlxs,Moose Lodge Rd,NB,2025-06-16,01:00:00,01:15:00,>40 to 42,1,,
Input_xlxs.xlsx,Input_xlxs,Moose Lodge Rd,NB,2025-06-16,01:00:00,01:15:00,>42 to 44,1,,
Input_xlxs.xlsx,Input_xlxs,Moose Lodge Rd,NB,2025-06-16,01:00:00,01:15:00,>44 to 46,0,,
Input_xlxs.xlsx,Input_xlxs,Moose Lodge Rd,NB,2025-06-16,01:00:00,01:15:00,>46 to 48,0,,
Input_xlxs.xlsx,Input_xlxs,Moose Lodge Rd,NB,2025-06-16,01:00:00,01:15:00,>48 to 50,0,,
Input_xlxs.xlsx,Input_xlxs,Moose Lodge Rd,NB,2025-06-16,01:00:00,01:15:00,>50 to 52,0,,
Input_xlxs.xlsx,Input_xlxs,Moose Lodge Rd,NB,2025-06-16,01:00:00,01:15:00,>52 to 54,1,,
Input_xlxs.xlsx,Input_xlxs,Moose Lodge Rd,NB,2025-06-16,01:00:00,01:15:00,>54 to 56,1,,
Input_xlxs.xlsx,Input_xlxs,Moose Lodge Rd,NB,2025-06-16,01:00:00,01:15:00,>56 to 58,1,,
Input_xlxs.xlsx,Input_xlxs,Moose Lodge Rd,NB,2025-06-16,01:00:00,01:15:00,>58 to 60,0,,
Input_xlxs.xlsx,Input_xlxs,Moose Lodge Rd,NB,2025-06-16,01:00:00,01:15:00,>60 to 62,0,,
Input_xlxs.xlsx,Input_xlxs,Moose Lodge Rd,NB,2025-06-16,01:00:00,01:15:00,> 62,2,,
Input_xlxs.xlsx,Input_xlxs,Moose Lodge Rd,NB,2025-06-16,02:00:00,02:15:00,0 to 40,2,,
Input_xlxs.xlsx,Input_xlxs,Moose Lodge Rd,NB,2025-06-16,02:00:00,02:15:00,>40 to 42,0,,
Input_xlxs.xlsx,Input_xlxs,Moose Lodge Rd,NB,2025-06-16,02:00:00,02:15:00,>42 to 44,1,,
Input_xlxs.xlsx,Input_xlxs,Moose Lodge Rd,NB,2025-06-16,02:00:00,02:15:00,>44 to 46,0,,
Input_xlxs.xlsx,Input_xlxs,Moose Lodge Rd,NB,2025-06-16,02:00:00,02:15:00,>46 to 48,0,,
Input_xlxs.xlsx,Input_xlxs,Moose Lodge Rd,NB,2025-06-16,02:00:00,02:15:00,>48 to 50,0,,
Input_xlxs.xlsx,Input_xlxs,Moose Lodge Rd,NB,2025-06-16,02:00:00,02:15:00,>50 to 52,0,,
Input_xlxs.xlsx,Input_xlxs,Moose Lodge Rd,NB,2025-06-16,02:00:00,02:15:00,>52 to 54,0,,
Input_xlxs.xlsx,Input_xlxs,Moose Lodge Rd,NB,2025-06-16,02:00:00,02:15:00,>54 to 56,0,,
Input_xlxs.xlsx,Input_xlxs,Moose Lodge Rd,NB,2025-06-16,02:00:00,02:15:00,>56 to 58,1,,
Input_xlxs.xlsx,Input_xlxs,Moose Lodge Rd,NB,2025-06-16,02:00:00,02:15:00,>58 to 60,1,,
Input_xlxs.xlsx,Input_xlxs,Moose Lodge Rd,NB,2025-06-16,02:00:00,02:15:00,>60 to 62,0,,
Input_xlxs.xlsx,Input_xlxs,Moose Lodge Rd,NB,2025-06-16,02:00:00,02:15:00,> 62,0,,
Input_xlxs.xlsx,Input_xlxs,Moose Lodge Rd,NB,2025-06-16,03:00:00,03:15:00,0 to 40,0,,
Input_xlxs.xlsx,Input_xlxs,Moose Lodge Rd,NB,2025-06-16,03:00:00,03:15:00,>40 to 42,0,,
Input_xlxs.xlsx,Input_xlxs,Moose Lodge Rd,NB,2025-06-16,03:00:00,03:15:00,>42 to 44,0,,
Input_xlxs.xlsx,Input_xlxs,Moose Lodge Rd,NB,2025-06-16,03:00:00,03:15:00,>44 to 46,0,,
Input_xlxs.xlsx,Input_xlxs,Moose Lodge Rd,NB,2025-06-16,03:00:00,03:15:00,>46 to 48,0,,
Input_xlxs.xlsx,Input_xlxs,Moose Lodge Rd,NB,2025-06-16,03:00:00,03:15:00,>48 to 50,0,,
Input_xlxs.xlsx,Input_xlxs,Moose Lodge Rd,NB,2025-06-16,03:00:00,03:15:00,>50 to 52,0,,
Input_xlxs.xlsx,Input_xlxs,Moose Lodge Rd,NB,2025-06-16,03:00:00,03:15:00,>52 to 54,0,,
Input_xlxs.xlsx,Input_xlxs,Moose Lodge Rd,NB,2025-06-16,03:00:00,03:15:00,>54 to 56,1,,
Input_xlxs.xlsx,Input_xlxs,Moose Lodge Rd,NB,2025-06-16,03:00:00,03:15:00,>56 to 58,1,,
Input_xlxs.xlsx,Input_xlxs,Moose Lodge Rd,NB,2025-06-16,03:00:00,03:15:00,>58 to 60,0,,
Input_xlxs.xlsx,Input_xlxs,Moose Lodge Rd,NB,2025-06-16,03:00:00,03:15:00,>60 to 62,1,,
Input_xlxs.xlsx,Input_xlxs,Moose Lodge Rd,NB,2025-06-16,03:00:00,03:15:00,> 62,2,,
Input_xlxs.xlsx,Input_xlxs,Moose Lodge Rd,NB,2025-06-16,04:00:00,04:15:00,0 to 40,1,,
Input_xlxs.xlsx,Input_xlxs,Moose Lodge Rd,NB,2025-06-16,04:00:00,04:15:00,>40 to 42,0,,
Input_xlxs.xlsx,Input_xlxs,Moose Lodge Rd,NB,2025-06-16,04:00:00,04:15:00,>42 to 44,0,,
Input_xlxs.xlsx,Input_xlxs,Moose Lodge Rd,NB,2025-06-16,04:00:00,04:15:00,>44 to 46,2,,
Input_xlxs.xlsx,Input_xlxs,Moose Lodge Rd,NB,2025-06-16,04:00:00,04:15:00,>46 to 48,2,,
Input_xlxs.xlsx,Input_xlxs,Moose Lodge Rd,NB,2025-06-16,04:00:00,04:15:00,>48 to 50,0,,
Input_xlxs.xlsx,Input_xlxs,Moose Lodge Rd,NB,2025-06-16,04:00:00,04:15:00,>50 to 52,1,,
Input_xlxs.xlsx,Input_xlxs,Moose Lodge Rd,NB,2025-06-16,04:00:00,04:15:00,>52 to 54,2,,
Input_xlxs.xlsx,Input_xlxs,Moose Lodge Rd,NB,2025-06-16,04:00:00,04:15:00,>54 to 56,1,,
Input_xlxs.xlsx,Input_xlxs,Moose Lodge Rd,NB,2025-06-16,04:00:00,04:15:00,>56 to 58,2,,
Input_xlxs.xlsx,Input_xlxs,Moose Lodge Rd,NB,2025-06-16,04:00:00,04:15:00,>58 to 60,4,,
Input_xlxs.xlsx,Input_xlxs,Moose Lodge Rd,NB,2025-06-16,04:00:00,04:15:00,>60 to 62,0,,
Input_xlxs.xlsx,Input_xlxs,Moose Lodge Rd,NB,2025-06-16,04:00:00,04:15:00,> 62,2,,
Input_xlxs.xlsx,Input_xlxs,Moose Lodge Rd,NB,2025-06-16,05:00:00,05:15:00,0 to 40,0,,
Input_xlxs.xlsx,Input_xlxs,Moose Lodge Rd,NB,2025-06-16,05:00:00,05:15:00,>40 to 42,0,,
Input_xlxs.xlsx,Input_xlxs,Moose Lodge Rd,NB,2025-06-16,05:00:00,05:15:00,>42 to 44,0,,
Input_xlxs.xlsx,Input_xlxs,Moose Lodge Rd,NB,2025-06-16,05:00:00,05:15:00,>44 to 46,2,,
Input_xlxs.xlsx,Input_xlxs,Moose Lodge Rd,NB,2025-06-16,05:00:00,05:15:00,>46 to 48,3,,
Input_xlxs.xlsx,Input_xlxs,Moose Lodge Rd,NB,2025-06-16,05:00:00,05:15:00,>48 to 50,3,,
Input_xlxs.xlsx,Input_xlxs,Moose Lodge Rd,NB,2025-06-16,05:00:00,05:15:00,>50 to 52,2,,
Input_xlxs.xlsx,Input_xlxs,Moose Lodge Rd,NB,2025-06-16,05:00:00,05:15:00,>52 to 54,9,,
Input_xlxs.xlsx,Input_xlxs,Moose Lodge Rd,NB,2025-06-16,05:00:00,05:15:00,>54 to 56,7,,
Input_xlxs.xlsx,Input_xlxs,Moose Lodge Rd,NB,2025-06-16,05:00:00,05:15:00,>56 to 58,8,,
Input_xlxs.xlsx,Input_xlxs,Moose Lodge Rd,NB,2025-06-16,05:00:00,05:15:00,>58 to 60,5,,
Input_xlxs.xlsx,Input_xlxs,Moose Lodge Rd,NB,2025-06-16,05:00:00,05:15:00,>60 to 62,2,,
Input_xlxs.xlsx,Input_xlxs,Moose Lodge Rd,NB,2025-06-16,05:00:00,05:15:00,> 62,7,,
Input_xlxs.xlsx,Input_xlxs,Moose Lodge Rd,NB,2025-06-16,06:00:00,06:15:00,0 to 40,0,,
Input_xlxs.xlsx,Input_xlxs,Moose Lodge Rd,NB,2025-06-16,06:00:00,06:15:00,>40 to 42,0,,
Input_xlxs.xlsx,Input_xlxs,Moose Lodge Rd,NB,2025-06-16,06:00:00,06:15:00,>42 to 44,0,,
Input_xlxs.xlsx,Input_xlxs,Moose Lodge Rd,NB,2025-06-16,06:00:00,06:15:00,>44 to 46,1,,
Input_xlxs.xlsx,Input_xlxs,Moose Lodge Rd,NB,2025-06-16,06:00:00,06:15:00,>46 to 48,8,,
Input_xlxs.xlsx,Input_xlxs,Moose Lodge Rd,NB,2025-06-16,06:00:00,06:15:00,>48 to 50,7,,
Input_xlxs.xlsx,Input_xlxs,Moose Lodge Rd,NB,2025-06-16,06:00:00,06:15:00,>50 to 52,12,,
Input_xlxs.xlsx,Input_xlxs,Moose Lodge Rd,NB,2025-06-16,06:00:00,06:15:00,>52 to 54,12,,
Input_xlxs.xlsx,Input_xlxs,Moose Lodge Rd,NB,2025-06-16,06:00:00,06:15:00,>54 to 56,16,,
Input_xlxs.xlsx,Input_xlxs,Moose Lodge Rd,NB,2025-06-16,06:00:00,06:15:00,>56 to 58,13,,
Input_xlxs.xlsx,Input_xlxs,Moose Lodge Rd,NB,2025-06-16,06:00:00,06:15:00,>58 to 60,20,,
Input_xlxs.xlsx,Input_xlxs,Moose Lodge Rd,NB,2025-06-16,06:00:00,06:15:00,>60 to 62,14,,
Input_xlxs.xlsx,Input_xlxs,Moose Lodge Rd,NB,2025-06-16,06:00:00,06:15:00,> 62,24,,
Input_xlxs.xlsx,Input_xlxs,Moose Lodge Rd,NB,2025-06-16,07:00:00,07:15:00,0 to 40,1,,
Input_xlxs.xlsx,Input_xlxs,Moose Lodge Rd,NB,2025-06-16,07:00:00,07:15:00,>40 to 42,1,,
Input_xlxs.xlsx,Input_xlxs,Moose Lodge Rd,NB,2025-06-16,07:00:00,07:15:00,>42 to 44,1,,
Input_xlxs.xlsx,Input_xlxs,Moose Lodge Rd,NB,2025-06-16,07:00:00,07:15:00,>44 to 46,5,,
Input_xlxs.xlsx,Input_xlxs,Moose Lodge Rd,NB,2025-06-16,07:00:00,07:15:00,>46 to 48,13,,
Input_xlxs.xlsx,Input_xlxs,Moose Lodge Rd,NB,2025-06-16,07:00:00,07:15:00,>48 to 50,20,,
Input_xlxs.xlsx,Input_xlxs,Moose Lodge Rd,NB,2025-06-16,07:00:00,07:15:00,>50 to 52,36,,
Input_xlxs.xlsx,Input_xlxs,Moose Lodge Rd,NB,2025-06-16,07:00:00,07:15:00,>52 to 54,28,,
Input_xlxs.xlsx,Input_xlxs,Moose Lodge Rd,NB,2025-06-16,07:00:00,07:15:00,>54 to 56,25,,
Input_xlxs.xlsx,Input_xlxs,Moose Lodge Rd,NB,2025-06-16,07:00:00,07:15:00,>56 to 58,32,,
Input_xlxs.xlsx,Input_xlxs,Moose Lodge Rd,NB,2025-06-16,07:00:00,07:15:00,>58 to 60,31,,
Input_xlxs.xlsx,Input_xlxs,Moose Lodge Rd,NB,2025-06-16,07:00:00,07:15:00,>60 to 62,21,,
Input_xlxs.xlsx,Input_xlxs,Moose Lodge Rd,NB,2025-06-16,07:00:00,07:15:00,> 62,23,,
Input_xlxs.xlsx,Input_xlxs,Moose Lodge Rd,NB,2025-06-16,08:00:00,08:15:00,0 to 40,3,,
Input_xlxs.xlsx,Input_xlxs,Moose Lodge Rd,NB,2025-06-16,08:00:00,08:15:00,>40 to 42,3,,
Input_xlxs.xlsx,Input_xlxs,Moose Lodge Rd,NB,2025-06-16,08:00:00,08:15:00,>42 to 44,1,,
Input_xlxs.xlsx,Input_xlxs,Moose Lodge Rd,NB,2025-06-16,08:00:00,08:15:00,>44 to 46,5,,
Input_xlxs.xlsx,Input_xlxs,Moose Lodge Rd,NB,2025-06-16,08:00:00,08:15:00,>46 to 48,7,,
Input_xlxs.xlsx,Input_xlxs,Moose Lodge Rd,NB,2025-06-16,08:00:00,08:15:00,>48 to 50,7,,
Input_xlxs.xlsx,Input_xlxs,Moose Lodge Rd,NB,2025-06-16,08:00:00,08:15:00,>50 to 52,16,,
Input_xlxs.xlsx,Input_xlxs,Moose Lodge Rd,NB,2025-06-16,08:00:00,08:15:00,>52 to 54,18,,
Input_xlxs.xlsx,Input_xlxs,Moose Lodge Rd,NB,2025-06-16,08:00:00,08:15:00,>54 to 56,24,,
Input_xlxs.xlsx,Input_xlxs,Moose Lodge Rd,NB,2025-06-16,08:00:00,08:15:00,>56 to 58,23,,
Input_xlxs.xlsx,Input_xlxs,Moose Lodge Rd,NB,2025-06-16,08:00:00,08:15:00,>58 to 60,19,,
Input_xlxs.xlsx,Input_xlxs,Moose Lodge Rd,NB,2025-06-16,08:00:00,08:15:00,>60 to 62,9,,
Input_xlxs.xlsx,Input_xlxs,Moose Lodge Rd,NB,2025-06-16,08:00:00,08:15:00,> 62,20,,
Input_xlxs.xlsx,Input_xlxs,Moose Lodge Rd,NB,2025-06-16,09:00:00,09:15:00,0 to 40,0,,
Input_xlxs.xlsx,Input_xlxs,Moose Lodge Rd,NB,2025-06-16,09:00:00,09:15:00,>40 to 42,0,,
Input_xlxs.xlsx,Input_xlxs,Moose Lodge Rd,NB,2025-06-16,09:00:00,09:15:00,>42 to 44,0,,
Input_xlxs.xlsx,Input_xlxs,Moose Lodge Rd,NB,2025-06-16,09:00:00,09:15:00,>44 to 46,4,,
Input_xlxs.xlsx,Input_xlxs,Moose Lodge Rd,NB,2025-06-16,09:00:00,09:15:00,>46 to 48,7,,
Input_xlxs.xlsx,Input_xlxs,Moose Lodge Rd,NB,2025-06-16,09:00:00,09:15:00,>48 to 50,7,,
Input_xlxs.xlsx,Input_xlxs,Moose Lodge Rd,NB,2025-06-16,09:00:00,09:15:00,>50 to 52,16,,
Input_xlxs.xlsx,Input_xlxs,Moose Lodge Rd,NB,2025-06-16,09:00:00,09:15:00,>52 to 54,23,,
Input_xlxs.xlsx,Input_xlxs,Moose Lodge Rd,NB,2025-06-16,09:00:00,09:15:00,>54 to 56,21,,
Input_xlxs.xlsx,Input_xlxs,Moose Lodge Rd,NB,2025-06-16,09:00:00,09:15:00,>56 to 58,5,,
Input_xlxs.xlsx,Input_xlxs,Moose Lodge Rd,NB,2025-06-16,09:00:00,09:15:00,>58 to 60,15,,
Input_xlxs.xlsx,Input_xlxs,Moose Lodge Rd,NB,2025-06-16,09:00:00,09:15:00,>60 to 62,6,,
Input_xlxs.xlsx,Input_xlxs,Moose Lodge Rd,NB,2025-06-16,09:00:00,09:15:00,> 62,6,,
Input_xlxs.xlsx,Input_xlxs,Moose Lodge Rd,NB,2025-06-16,10:00:00,10:15:00,0 to 40,2,,
Input_xlxs.xlsx,Input_xlxs,Moose Lodge Rd,NB,2025-06-16,10:00:00,10:15:00,>40 to 42,1,,
Input_xlxs.xlsx,Input_xlxs,Moose Lodge Rd,NB,2025-06-16,10:00:00,10:15:00,>42 to 44,0,,
Input_xlxs.xlsx,Input_xlxs,Moose Lodge Rd,NB,2025-06-16,10:00:00,10:15:00,>44 to 46,1,,
Input_xlxs.xlsx,Input_xlxs,Moose Lodge Rd,NB,2025-06-16,10:00:00,10:15:00,>46 to 48,4,,
Input_xlxs.xlsx,Input_xlxs,Moose Lodge Rd,NB,2025-06-16,10:00:00,10:15:00,>48 to 50,11,,
Input_xlxs.xlsx,Input_xlxs,Moose Lodge Rd,NB,2025-06-16,10:00:00,10:15:00,>50 to 52,17,,
Input_xlxs.xlsx,Input_xlxs,Moose Lodge Rd,NB,2025-06-16,10:00:00,10:15:00,>52 to 54,12,,
Input_xlxs.xlsx,Input_xlxs,Moose Lodge Rd,NB,2025-06-16,10:00:00,10:15:00,>54 to 56,15,,
Input_xlxs.xlsx,Input_xlxs,Moose Lodge Rd,NB,2025-06-16,10:00:00,10:15:00,>56 to 58,13,,
Input_xlxs.xlsx,Input_xlxs,Moose Lodge Rd,NB,2025-06-16,10:00:00,10:15:00,>58 to 60,8,,
Input_xlxs.xlsx,Input_xlxs,Moose Lodge Rd,NB,2025-06-16,10:00:00,10:15:00,>60 to 62,9,,
Input_xlxs.xlsx,Input_xlxs,Moose Lodge Rd,NB,2025-06-16,10:00:00,10:15:00,> 62,8,,
Input_xlxs.xlsx,Input_xlxs,Moose Lodge Rd,NB,2025-06-16,11:00:00,11:15:00,0 to 40,4,,
Input_xlxs.xlsx,Input_xlxs,Moose Lodge Rd,NB,2025-06-16,11:00:00,11:15:00,>40 to 42,1,,
Input_xlxs.xlsx,Input_xlxs,Moose Lodge Rd,NB,2025-06-16,11:00:00,11:15:00,>42 to 44,0,,
Input_xlxs.xlsx,Input_xlxs,Moose Lodge Rd,NB,2025-06-16,11:00:00,11:15:00,>44 to 46,2,,
Input_xlxs.xlsx,Input_xlxs,Moose Lodge Rd,NB,2025-06-16,11:00:00,11:15:00,>46 to 48,6,,
Input_xlxs.xlsx,Input_xlxs,Moose Lodge Rd,NB,2025-06-16,11:00:00,11:15:00,>48 to 50,7,,
Input_xlxs.xlsx,Input_xlxs,Moose Lodge Rd,NB,2025-06-16,11:00:00,11:15:00,>50 to 52,11,,
Input_xlxs.xlsx,Input_xlxs,Moose Lodge Rd,NB,2025-06-16,11:00:00,11:15:00,>52 to 54,13,,
Input_xlxs.xlsx,Input_xlxs,Moose Lodge Rd,NB,2025-06-16,11:00:00,11:15:00,>54 to 56,13,,
Input_xlxs.xlsx,Input_xlxs,Moose Lodge Rd,NB,2025-06-16,11:00:00,11:15:00,>56 to 58,11,,
Input_xlxs.xlsx,Input_xlxs,Moose Lodge Rd,NB,2025-06-16,11:00:00,11:15:00,>58 to 60,4,,
Input_xlxs.xlsx,Input_xlxs,Moose Lodge Rd,NB,2025-06-16,11:00:00,11:15:00,>60 to 62,7,,
Input_xlxs.xlsx,Input_xlxs,Moose Lodge Rd,NB,2025-06-16,11:00:00,11:15:00,> 62,11,,
Input_xlxs.xlsx,Input_xlxs,Moose Lodge Rd,NB,2025-06-16,12:00:00,12:15:00,0 to 40,2,,
Input_xlxs.xlsx,Input_xlxs,Moose Lodge Rd,NB,2025-06-16,12:00:00,12:15:00,>40 to 42,1,,
Input_xlxs.xlsx,Input_xlxs,Moose Lodge Rd,NB,2025-06-16,12:00:00,12:15:00,>42 to 44,3,,
Input_xlxs.xlsx,Input_xlxs,Moose Lodge Rd,NB,2025-06-16,12:00:00,12:15:00,>44 to 46,2,,
Input_xlxs.xlsx,Input_xlxs,Moose Lodge Rd,NB,2025-06-16,12:00:00,12:15:00,>46 to 48,1,,
Input_xlxs.xlsx,Input_xlxs,Moose Lodge Rd,NB,2025-06-16,12:00:00,12:15:00,>48 to 50,13,,
Input_xlxs.xlsx,Input_xlxs,Moose Lodge Rd,NB,2025-06-16,12:00:00,12:15:00,>50 to 52,10,,
Input_xlxs.xlsx,Input_xlxs,Moose Lodge Rd,NB,2025-06-16,12:00:00,12:15:00,>52 to 54,18,,
Input_xlxs.xlsx,Input_xlxs,Moose Lodge Rd,NB,2025-06-16,12:00:00,12:15:00,>54 to 56,17,,
Input_xlxs.xlsx,Input_xlxs,Moose Lodge Rd,NB,2025-06-16,12:00:00,12:15:00,>56 to 58,15,,
Input_xlxs.xlsx,Input_xlxs,Moose Lodge Rd,NB,2025-06-16,12:00:00,12:15:00,>58 to 60,6,,
Input_xlxs.xlsx,Input_xlxs,Moose Lodge Rd,NB,2025-06-16,12:00:00,12:15:00,>60 to 62,4,,
Input_xlxs.xlsx,Input_xlxs,Moose Lodge Rd,NB,2025-06-16,12:00:00,12:15:00,> 62,8,,
Input_xlxs.xlsx,Input_xlxs,Moose Lodge Rd,NB,2025-06-16,13:00:00,13:15:00,0 to 40,1,,
Input_xlxs.xlsx,Input_xlxs,Moose Lodge Rd,NB,2025-06-16,13:00:00,13:15:00,>40 to 42,0,,
Input_xlxs.xlsx,Input_xlxs,Moose Lodge Rd,NB,2025-06-16,13:00:00,13:15:00,>42 to 44,2,,
Input_xlxs.xlsx,Input_xlxs,Moose Lodge Rd,NB,2025-06-16,13:00:00,13:15:00,>44 to 46,4,,
Input_xlxs.xlsx,Input_xlxs,Moose Lodge Rd,NB,2025-06-16,13:00:00,13:15:00,>46 to 48,4,,
Input_xlxs.xlsx,Input_xlxs,Moose Lodge Rd,NB,2025-06-16,13:00:00,13:15:00,>48 to 50,17,,
Input_xlxs.xlsx,Input_xlxs,Moose Lodge Rd,NB,2025-06-16,13:00:00,13:15:00,>50 to 52,10,,
Input_xlxs.xlsx,Input_xlxs,Moose Lodge Rd,NB,2025-06-16,13:00:00,13:15:00,>52 to 54,12,,
Input_xlxs.xlsx,Input_xlxs,Moose Lodge Rd,NB,2025-06-16,13:00:00,13:15:00,>54 to 56,12,,
Input_xlxs.xlsx,Input_xlxs,Moose Lodge Rd,NB,2025-06-16,13:00:00,13:15:00,>56 to 58,13,,
Input_xlxs.xlsx,Input_xlxs,Moose Lodge Rd,NB,2025-06-16,13:00:00,13:15:00,>58 to 60,6,,
Input_xlxs.xlsx,Input_xlxs,Moose Lodge Rd,NB,2025-06-16,13:00:00,13:15:00,>60 to 62,12,,
Input_xlxs.xlsx,Input_xlxs,Moose Lodge Rd,NB,2025-06-16,13:00:00,13:15:00,> 62,16,,
Input_xlxs.xlsx,Input_xlxs,Moose Lodge Rd,NB,2025-06-16,14:00:00,14:15:00,0 to 40,0,,
Input_xlxs.xlsx,Input_xlxs,Moose Lodge Rd,NB,2025-06-16,14:00:00,14:15:00,>40 to 42,0,,
Input_xlxs.xlsx,Input_xlxs,Moose Lodge Rd,NB,2025-06-16,14:00:00,14:15:00,>42 to 44,3,,
Input_xlxs.xlsx,Input_xlxs,Moose Lodge Rd,NB,2025-06-16,14:00:00,14:15:00,>44 to 46,1,,
Input_xlxs.xlsx,Input_xlxs,Moose Lodge Rd,NB,2025-06-16,14:00:00,14:15:00,>46 to 48,6,,
Input_xlxs.xlsx,Input_xlxs,Moose Lodge Rd,NB,2025-06-16,14:00:00,14:15:00,>48 to 50,12,,
Input_xlxs.xlsx,Input_xlxs,Moose Lodge Rd,NB,2025-06-16,14:00:00,14:15:00,>50 to 52,14,,
Input_xlxs.xlsx,Input_xlxs,Moose Lodge Rd,NB,2025-06-16,14:00:00,14:15:00,>52 to 54,26,,
Input_xlxs.xlsx,Input_xlxs,Moose Lodge Rd,NB,2025-06-16,14:00:00,14:15:00,>54 to 56,10,,
Input_xlxs.xlsx,Input_xlxs,Moose Lodge Rd,NB,2025-06-16,14:00:00,14:15:00,>56 to 58,11,,
Input_xlxs.xlsx,Input_xlxs,Moose Lodge Rd,NB,2025-06-16,14:00:00,14:15:00,>58 to 60,7,,
Input_xlxs.xlsx,Input_xlxs,Moose Lodge Rd,NB,2025-06-16,14:00:00,14:15:00,>60 to 62,8,,
Input_xlxs.xlsx,Input_xlxs,Moose Lodge Rd,NB,2025-06-16,14:00:00,14:15:00,> 62,17,,
Input_xlxs.xlsx,Input_xlxs,Moose Lodge Rd,NB,2025-06-16,15:00:00,15:15:00,0 to 40,2,,
Input_xlxs.xlsx,Input_xlxs,Moose Lodge Rd,NB,2025-06-16,15:00:00,15:15:00,>40 to 42,0,,
Input_xlxs.xlsx,Input_xlxs,Moose Lodge Rd,NB,2025-06-16,15:00:00,15:15:00,>42 to 44,2,,
Input_xlxs.xlsx,Input_xlxs,Moose Lodge Rd,NB,2025-06-16,15:00:00,15:15:00,>44 to 46,3,,
Input_xlxs.xlsx,Input_xlxs,Moose Lodge Rd,NB,2025-06-16,15:00:00,15:15:00,>46 to 48,8,,
Input_xlxs.xlsx,Input_xlxs,Moose Lodge Rd,NB,2025-06-16,15:00:00,15:15:00,>48 to 50,8,,
Input_xlxs.xlsx,Input_xlxs,Moose Lodge Rd,NB,2025-06-16,15:00:00,15:15:00,>50 to 52,14,,
Input_xlxs.xlsx,Input_xlxs,Moose Lodge Rd,NB,2025-06-16,15:00:00,15:15:00,>52 to 54,14,,
Input_xlxs.xlsx,Input_xlxs,Moose Lodge Rd,NB,2025-06-16,15:00:00,15:15:00,>54 to 56,21,,
Input_xlxs.xlsx,Input_xlxs,Moose Lodge Rd,NB,2025-06-16,15:00:00,15:15:00,>56 to 58,11,,
Input_xlxs.xlsx,Input_xlxs,Moose Lodge Rd,NB,2025-06-16,15:00:00,15:15:00,>58 to 60,16,,
Input_xlxs.xlsx,Input_xlxs,Moose Lodge Rd,NB,2025-06-16,15:00:00,15:15:00,>60 to 62,9,,
Input_xlxs.xlsx,Input_xlxs,Moose Lodge Rd,NB,2025-06-16,15:00:00,15:15:00,> 62,11,,
Input_xlxs.xlsx,Input_xlxs,Moose Lodge Rd,NB,2025-06-16,16:00:00,16:15:00,0 to 40,0,,
Input_xlxs.xlsx,Input_xlxs,Moose Lodge Rd,NB,2025-06-16,16:00:00,16:15:00,>40 to 42,1,,
Input_xlxs.xlsx,Input_xlxs,Moose Lodge Rd,NB,2025-06-16,16:00:00,16:15:00,>42 to 44,0,,
Input_xlxs.xlsx,Input_xlxs,Moose Lodge Rd,NB,2025-06-16,16:00:00,16:15:00,>44 to 46,2,,
Input_xlxs.xlsx,Input_xlxs,Moose Lodge Rd,NB,2025-06-16,16:00:00,16:15:00,>46 to 48,11,,
Input_xlxs.xlsx,Input_xlxs,Moose Lodge Rd,NB,2025-06-16,16:00:00,16:15:00,>48 to 50,11,,
Input_xlxs.xlsx,Input_xlxs,Moose Lodge Rd,NB,2025-06-16,16:00:00,16:15:00,>50 to 52,9,,
Input_xlxs.xlsx,Input_xlxs,Moose Lodge Rd,NB,2025-06-16,16:00:00,16:15:00,>52 to 54,14,,
Input_xlxs.xlsx,Input_xlxs,Moose Lodge Rd,NB,2025-06-16,16:00:00,16:15:00,>54 to 56,15,,
Input_xlxs.xlsx,Input_xlxs,Moose Lodge Rd,NB,2025-06-16,16:00:00,16:15:00,>56 to 58,25,,
Input_xlxs.xlsx,Input_xlxs,Moose Lodge Rd,NB,2025-06-16,16:00:00,16:15:00,>58 to 60,13,,
Input_xlxs.xlsx,Input_xlxs,Moose Lodge Rd,NB,2025-06-16,16:00:00,16:15:00,>60 to 62,8,,
Input_xlxs.xlsx,Input_xlxs,Moose Lodge Rd,NB,2025-06-16,16:00:00,16:15:00,> 62,18,,
Input_xlxs.xlsx,Input_xlxs,Moose Lodge Rd,NB,2025-06-16,17:00:00,17:15:00,0 to 40,3,,
Input_xlxs.xlsx,Input_xlxs,Moose Lodge Rd,NB,2025-06-16,17:00:00,17:15:00,>40 to 42,0,,
Input_xlxs.xlsx,Input_xlxs,Moose Lodge Rd,NB,2025-06-16,17:00:00,17:15:00,>42 to 44,1,,
Input_xlxs.xlsx,Input_xlxs,Moose Lodge Rd,NB,2025-06-16,17:00:00,17:15:00,>44 to 46,1,,
Input_xlxs.xlsx,Input_xlxs,Moose Lodge Rd,NB,2025-06-16,17:00:00,17:15:00,>46 to 48,4,,
Input_xlxs.xlsx,Input_xlxs,Moose Lodge Rd,NB,2025-06-16,17:00:00,17:15:00,>48 to 50,4,,
Input_xlxs.xlsx,Input_xlxs,Moose Lodge Rd,NB,2025-06-16,17:00:00,17:15:00,>50 to 52,7,,
Input_xlxs.xlsx,Input_xlxs,Moose Lodge Rd,NB,2025-06-16,17:00:00,17:15:00,>52 to 54,18,,
Input_xlxs.xlsx,Input_xlxs,Moose Lodge Rd,NB,2025-06-16,17:00:00,17:15:00,>54 to 56,19,,
Input_xlxs.xlsx,Input_xlxs,Moose Lodge Rd,NB,2025-06-16,17:00:00,17:15:00,>56 to 58,20,,
Input_xlxs.xlsx,Input_xlxs,Moose Lodge Rd,NB,2025-06-16,17:00:00,17:15:00,>58 to 60,10,,
Input_xlxs.xlsx,Input_xlxs,Moose Lodge Rd,NB,2025-06-16,17:00:00,17:15:00,>60 to 62,11,,
Input_xlxs.xlsx,Input_xlxs,Moose Lodge Rd,NB,2025-06-16,17:00:00,17:15:00,> 62,23,,
Input_xlxs.xlsx,Input_xlxs,Moose Lodge Rd,NB,2025-06-16,18:00:00,18:15:00,0 to 40,0,,
Input_xlxs.xlsx,Input_xlxs,Moose Lodge Rd,NB,2025-06-16,18:00:00,18:15:00,>40 to 42,3,,
Input_xlxs.xlsx,Input_xlxs,Moose Lodge Rd,NB,2025-06-16,18:00:00,18:15:00,>42 to 44,4,,
Input_xlxs.xlsx,Input_xlxs,Moose Lodge Rd,NB,2025-06-16,18:00:00,18:15:00,>44 to 46,3,,
Input_xlxs.xlsx,Input_xlxs,Moose Lodge Rd,NB,2025-06-16,18:00:00,18:15:00,>46 to 48,2,,
Input_xlxs.xlsx,Input_xlxs,Moose Lodge Rd,NB,2025-06-16,18:00:00,18:15:00,>48 to 50,4,,
Input_xlxs.xlsx,Input_xlxs,Moose Lodge Rd,NB,2025-06-16,18:00:00,18:15:00,>50 to 52,3,,
Input_xlxs.xlsx,Input_xlxs,Moose Lodge Rd,NB,2025-06-16,18:00:00,18:15:00,>52 to 54,6,,
Input_xlxs.xlsx,Input_xlxs,Moose Lodge Rd,NB,2025-06-16,18:00:00,18:15:00,>54 to 56,7,,
Input_xlxs.xlsx,Input_xlxs,Moose Lodge Rd,NB,2025-06-16,18:00:00,18:15:00,>56 to 58,5,,
Input_xlxs.xlsx,Input_xlxs,Moose Lodge Rd,NB,2025-06-16,18:00:00,18:15:00,>58 to 60,8,,
Input_xlxs.xlsx,Input_xlxs,Moose Lodge Rd,NB,2025-06-16,18:00:00,18:15:00,>60 to 62,6,,
Input_xlxs.xlsx,Input_xlxs,Moose Lodge Rd,NB,2025-06-16,18:00:00,18:15:00,> 62,19,,
Input_xlxs.xlsx,Input_xlxs,Moose Lodge Rd,NB,2025-06-16,19:00:00,19:15:00,0 to 40,0,,
Input_xlxs.xlsx,Input_xlxs,Moose Lodge Rd,NB,2025-06-16,19:00:00,19:15:00,>40 to 42,0,,
Input_xlxs.xlsx,Input_xlxs,Moose Lodge Rd,NB,2025-06-16,19:00:00,19:15:00,>42 to 44,0,,
Input_xlxs.xlsx,Input_xlxs,Moose Lodge Rd,NB,2025-06-16,19:00:00,19:15:00,>44 to 46,0,,
Input_xlxs.xlsx,Input_xlxs,Moose Lodge Rd,NB,2025-06-16,19:00:00,19:15:00,>46 to 48,1,,
Input_xlxs.xlsx,Input_xlxs,Moose Lodge Rd,NB,2025-06-16,19:00:00,19:15:00,>48 to 50,3,,
Input_xlxs.xlsx,Input_xlxs,Moose Lodge Rd,NB,2025-06-16,19:00:00,19:15:00,>50 to 52,5,,
Input_xlxs.xlsx,Input_xlxs,Moose Lodge Rd,NB,2025-06-16,19:00:00,19:15:00,>52 to 54,4,,
Input_xlxs.xlsx,Input_xlxs,Moose Lodge Rd,NB,2025-06-16,19:00:00,19:15:00,>54 to 56,5,,
Input_xlxs.xlsx,Input_xlxs,Moose Lodge Rd,NB,2025-06-16,19:00:00,19:15:00,>56 to 58,3,,
Input_xlxs.xlsx,Input_xlxs,Moose Lodge Rd,NB,2025-06-16,19:00:00,19:15:00,>58 to 60,3,,
Input_xlxs.xlsx,Input_xlxs,Moose Lodge Rd,NB,2025-06-16,19:00:00,19:15:00,>60 to 62,10,,
Input_xlxs.xlsx,Input_xlxs,Moose Lodge Rd,NB,2025-06-16,19:00:00,19:15:00,> 62,13,,
Input_xlxs.xlsx,Input_xlxs,Moose Lodge Rd,NB,2025-06-16,20:00:00,20:15:00,0 to 40,2,,
Input_xlxs.xlsx,Input_xlxs,Moose Lodge Rd,NB,2025-06-16,20:00:00,20:15:00,>40 to 42,0,,
Input_xlxs.xlsx,Input_xlxs,Moose Lodge Rd,NB,2025-06-16,20:00:00,20:15:00,>42 to 44,0,,
Input_xlxs.xlsx,Input_xlxs,Moose Lodge Rd,NB,2025-06-16,20:00:00,20:15:00,>44 to 46,1,,
Input_xlxs.xlsx,Input_xlxs,Moose Lodge Rd,NB,2025-06-16,20:00:00,20:15:00,>46 to 48,1,,
Input_xlxs.xlsx,Input_xlxs,Moose Lodge Rd,NB,2025-06-16,20:00:00,20:15:00,>48 to 50,4,,
Input_xlxs.xlsx,Input_xlxs,Moose Lodge Rd,NB,2025-06-16,20:00:00,20:15:00,>50 to 52,3,,
Input_xlxs.xlsx,Input_xlxs,Moose Lodge Rd,NB,2025-06-16,20:00:00,20:15:00,>52 to 54,2,,
Input_xlxs.xlsx,Input_xlxs,Moose Lodge Rd,NB,2025-06-16,20:00:00,20:15:00,>54 to 56,3,,
Input_xlxs.xlsx,Input_xlxs,Moose Lodge Rd,NB,2025-06-16,20:00:00,20:15:00,>56 to 58,3,,
Input_xlxs.xlsx,Input_xlxs,Moose Lodge Rd,NB,2025-06-16,20:00:00,20:15:00,>58 to 60,4,,
Input_xlxs.xlsx,Input_xlxs,Moose Lodge Rd,NB,2025-06-16,20:00:00,20:15:00,>60 to 62,2,,
Input_xlxs.xlsx,Input_xlxs,Moose Lodge Rd,NB,2025-06-16,20:00:00,20:15:00,> 62,5,,
Input_xlxs.xlsx,Input_xlxs,Moose Lodge Rd,NB,2025-06-16,21:00:00,21:15:00,0 to 40,1,,
Input_xlxs.xlsx,Input_xlxs,Moose Lodge Rd,NB,2025-06-16,21:00:00,21:15:00,>40 to 42,2,,
Input_xlxs.xlsx,Input_xlxs,Moose Lodge Rd,NB,2025-06-16,21:00:00,21:15:00,>42 to 44,1,,
Input_xlxs.xlsx,Input_xlxs,Moose Lodge Rd,NB,2025-06-16,21:00:00,21:15:00,>44 to 46,1,,
Input_xlxs.xlsx,Input_xlxs,Moose Lodge Rd,NB,2025-06-16,21:00:00,21:15:00,>46 to 48,3,,
Input_xlxs.xlsx,Input_xlxs,Moose Lodge Rd,NB,2025-06-16,21:00:00,21:15:00,>48 to 50,8,,
Input_xlxs.xlsx,Input_xlxs,Moose Lodge Rd,NB,2025-06-16,21:00:00,21:15:00,>50 to 52,5,,
Input_xlxs.xlsx,Input_xlxs,Moose Lodge Rd,NB,2025-06-16,21:00:00,21:15:00,>52 to 54,4,,
Input_xlxs.xlsx,Input_xlxs,Moose Lodge Rd,NB,2025-06-16,21:00:00,21:15:00,>54 to 56,1,,
Input_xlxs.xlsx,Input_xlxs,Moose Lodge Rd,NB,2025-06-16,21:00:00,21:15:00,>56 to 58,0,,
Input_xlxs.xlsx,Input_xlxs,Moose Lodge Rd,NB,2025-06-16,21:00:00,21:15:00,>58 to 60,3,,
Input_xlxs.xlsx,Input_xlxs,Moose Lodge Rd,NB,2025-06-16,21:00:00,21:15:00,>60 to 62,1,,
Input_xlxs.xlsx,Input_xlxs,Moose Lodge Rd,NB,2025-06-16,21:00:00,21:15:00,> 62,4,,
Input_xlxs.xlsx,Input_xlxs,Moose Lodge Rd,NB,2025-06-16,22:00:00,22:15:00,0 to 40,1,,
Input_xlxs.xlsx,Input_xlxs,Moose Lodge Rd,NB,2025-06-16,22:00:00,22:15:00,>40 to 42,0,,
Input_xlxs.xlsx,Input_xlxs,Moose Lodge Rd,NB,2025-06-16,22:00:00,22:15:00,>42 to 44,0,,
Input_xlxs.xlsx,Input_xlxs,Moose Lodge Rd,NB,2025-06-16,22:00:00,22:15:00,>44 to 46,0,,
Input_xlxs.xlsx,Input_xlxs,Moose Lodge Rd,NB,2025-06-16,22:00:00,22:15:00,>46 to 48,0,,
Input_xlxs.xlsx,Input_xlxs,Moose Lodge Rd,NB,2025-06-16,22:00:00,22:15:00,>48 to 50,1,,
Input_xlxs.xlsx,Input_xlxs,Moose Lodge Rd,NB,2025-06-16,22:00:00,22:15:00,>50 to 52,3,,
Input_xlxs.xlsx,Input_xlxs,Moose Lodge Rd,NB,2025-06-16,22:00:00,22:15:00,>52 to 54,1,,
Input_xlxs.xlsx,Input_xlxs,Moose Lodge Rd,NB,2025-06-16,22:00:00,22:15:00,>54 to 56,2,,
Input_xlxs.xlsx,Input_xlxs,Moose Lodge Rd,NB,2025-06-16,22:00:00,22:15:00,>56 to 58,2,,
Input_xlxs.xlsx,Input_xlxs,Moose Lodge Rd,NB,2025-06-16,22:00:00,22:15:00,>58 to 60,4,,
Input_xlxs.xlsx,Input_xlxs,Moose Lodge Rd,NB,2025-06-16,22:00:00,22:15:00,>60 to 62,2,,
Input_xlxs.xlsx,Input_xlxs,Moose Lodge Rd,NB,2025-06-16,22:00:00,22:15:00,> 62,4,,
Input_xlxs.xlsx,Input_xlxs,Moose Lodge Rd,NB,2025-06-16,23:00:00,23:15:00,0 to 40,0,,
Input_xlxs.xlsx,Input_xlxs,Moose Lodge Rd,NB,2025-06-16,23:00:00,23:15:00,>40 to 42,0,,
Input_xlxs.xlsx,Input_xlxs,Moose Lodge Rd,NB,2025-06-16,23:00:00,23:15:00,>42 to 44,0,,
Input_xlxs.xlsx,Input_xlxs,Moose Lodge Rd,NB,2025-06-16,23:00:00,23:15:00,>44 to 46,0,,
Input_xlxs.xlsx,Input_xlxs,Moose Lodge Rd,NB,2025-06-16,23:00:00,23:15:00,>46 to 48,1,,
Input_xlxs.xlsx,Input_xlxs,Moose Lodge Rd,NB,2025-06-16,23:00:00,23:15:00,>48 to 50,2,,
Input_xlxs.xlsx,Input_xlxs,Moose Lodge Rd,NB,2025-06-16,23:00:00,23:15:00,>50 to 52,0,,
Input_xlxs.xlsx,Input_xlxs,Moose Lodge Rd,NB,2025-06-16,23:00:00,23:15:00,>52 to 54,1,,
Input_xlxs.xlsx,Input_xlxs,Moose Lodge Rd,NB,2025-06-16,23:00:00,23:15:00,>54 to 56,0,,
Input_xlxs.xlsx,Input_xlxs,Moose Lodge Rd,NB,2025-06-16,23:00:00,23:15:00,>56 to 58,1,,
Input_xlxs.xlsx,Input_xlxs,Moose Lodge Rd,NB,2025-06-16,23:00:00,23:15:00,>58 to 60,0,,
Input_xlxs.xlsx,Input_xlxs,Moose Lodge Rd,NB,2025-06-16,23:00:00,23:15:00,>60 to 62,1,,
Input_xlxs.xlsx,Input_xlxs,Moose Lodge Rd,NB,2025-06-16,23:00:00,23:15:00,> 62,1,,
Input_xlxs.xlsx,Input_xlxs,Moose Lodge Rd,NB,2025-06-17,00:00:00,00:15:00,0 to 40,0,,
Input_xlxs.xlsx,Input_xlxs,Moose Lodge Rd,NB,2025-06-17,00:00:00,00:15:00,>40 to 42,0,,
Input_xlxs.xlsx,Input_xlxs,Moose Lodge Rd,NB,2025-06-17,00:00:00,00:15:00,>42 to 44,1,,
Input_xlxs.xlsx,Input_xlxs,Moose Lodge Rd,NB,2025-06-17,00:00:00,00:15:00,>44 to 46,1,,
Input_xlxs.xlsx,Input_xlxs,Moose Lodge Rd,NB,2025-06-17,00:00:00,00:15:00,>46 to 48,0,,
Input_xlxs.xlsx,Input_xlxs,Moose Lodge Rd,NB,2025-06-17,00:00:00,00:15:00,>48 to 50,0,,
Input_xlxs.xlsx,Input_xlxs,Moose Lodge Rd,NB,2025-06-17,00:00:00,00:15:00,>50 to 52,0,,
Input_xlxs.xlsx,Input_xlxs,Moose Lodge Rd,NB,2025-06-17,00:00:00,00:15:00,>52 to 54,1,,
Input_xlxs.xlsx,Input_xlxs,Moose Lodge Rd,NB,2025-06-17,00:00:00,00:15:00,>54 to 56,0,,
Input_xlxs.xlsx,Input_xlxs,Moose Lodge Rd,NB,2025-06-17,00:00:00,00:15:00,>56 to 58,0,,
Input_xlxs.xlsx,Input_xlxs,Moose Lodge Rd,NB,2025-06-17,00:00:00,00:15:00,>58 to 60,1,,
Input_xlxs.xlsx,Input_xlxs,Moose Lodge Rd,NB,2025-06-17,00:00:00,00:15:00,>60 to 62,0,,
Input_xlxs.xlsx,Input_xlxs,Moose Lodge Rd,NB,2025-06-17,00:00:00,00:15:00,> 62,2,,
Input_xlxs.xlsx,Input_xlxs,Moose Lodge Rd,NB,2025-06-17,01:00:00,01:15:00,0 to 40,0,,
Input_xlxs.xlsx,Input_xlxs,Moose Lodge Rd,NB,2025-06-17,01:00:00,01:15:00,>40 to 42,0,,
Input_xlxs.xlsx,Input_xlxs,Moose Lodge Rd,NB,2025-06-17,01:00:00,01:15:00,>42 to 44,0,,
Input_xlxs.xlsx,Input_xlxs,Moose Lodge Rd,NB,2025-06-17,01:00:00,01:15:00,>44 to 46,1,,
Input_xlxs.xlsx,Input_xlxs,Moose Lodge Rd,NB,2025-06-17,01:00:00,01:15:00,>46 to 48,2,,
Input_xlxs.xlsx,Input_xlxs,Moose Lodge Rd,NB,2025-06-17,01:00:00,01:15:00,>48 to 50,0,,
Input_xlxs.xlsx,Input_xlxs,Moose Lodge Rd,NB,2025-06-17,01:00:00,01:15:00,>50 to 52,0,,
Input_xlxs.xlsx,Input_xlxs,Moose Lodge Rd,NB,2025-06-17,01:00:00,01:15:00,>52 to 54,1,,
Input_xlxs.xlsx,Input_xlxs,Moose Lodge Rd,NB,2025-06-17,01:00:00,01:15:00,>54 to 56,0,,
Input_xlxs.xlsx,Input_xlxs,Moose Lodge Rd,NB,2025-06-17,01:00:00,01:15:00,>56 to 58,1,,
Input_xlxs.xlsx,Input_xlxs,Moose Lodge Rd,NB,2025-06-17,01:00:00,01:15:00,>58 to 60,0,,
Input_xlxs.xlsx,Input_xlxs,Moose Lodge Rd,NB,2025-06-17,01:00:00,01:15:00,>60 to 62,0,,
Input_xlxs.xlsx,Input_xlxs,Moose Lodge Rd,NB,2025-06-17,01:00:00,01:15:00,> 62,1,,
Input_xlxs.xlsx,Input_xlxs,Moose Lodge Rd,NB,2025-06-17,02:00:00,02:15:00,0 to 40,0,,
Input_xlxs.xlsx,Input_xlxs,Moose Lodge Rd,NB,2025-06-17,02:00:00,02:15:00,>40 to 42,0,,
Input_xlxs.xlsx,Input_xlxs,Moose Lodge Rd,NB,2025-06-17,02:00:00,02:15:00,>42 to 44,0,,
Input_xlxs.xlsx,Input_xlxs,Moose Lodge Rd,NB,2025-06-17,02:00:00,02:15:00,>44 to 46,0,,
Input_xlxs.xlsx,Input_xlxs,Moose Lodge Rd,NB,2025-06-17,02:00:00,02:15:00,>46 to 48,0,,
Input_xlxs.xlsx,Input_xlxs,Moose Lodge Rd,NB,2025-06-17,02:00:00,02:15:00,>48 to 50,0,,
Input_xlxs.xlsx,Input_xlxs,Moose Lodge Rd,NB,2025-06-17,02:00:00,02:15:00,>50 to 52,0,,
Input_xlxs.xlsx,Input_xlxs,Moose Lodge Rd,NB,2025-06-17,02:00:00,02:15:00,>52 to 54,1,,
Input_xlxs.xlsx,Input_xlxs,Moose Lodge Rd,NB,2025-06-17,02:00:00,02:15:00,>54 to 56,0,,
Input_xlxs.xlsx,Input_xlxs,Moose Lodge Rd,NB,2025-06-17,02:00:00,02:15:00,>56 to 58,1,,
Input_xlxs.xlsx,Input_xlxs,Moose Lodge Rd,NB,2025-06-17,02:00:00,02:15:00,>58 to 60,0,,
Input_xlxs.xlsx,Input_xlxs,Moose Lodge Rd,NB,2025-06-17,02:00:00,02:15:00,>60 to 62,0,,
Input_xlxs.xlsx,Input_xlxs,Moose Lodge Rd,NB,2025-06-17,02:00:00,02:15:00,> 62,4,,
Input_xlxs.xlsx,Input_xlxs,Moose Lodge Rd,NB,2025-06-17,03:00:00,03:15:00,0 to 40,0,,
Input_xlxs.xlsx,Input_xlxs,Moose Lodge Rd,NB,2025-06-17,03:00:00,03:15:00,>40 to 42,0,,
Input_xlxs.xlsx,Input_xlxs,Moose Lodge Rd,NB,2025-06-17,03:00:00,03:15:00,>42 to 44,0,,
Input_xlxs.xlsx,Input_xlxs,Moose Lodge Rd,NB,2025-06-17,03:00:00,03:15:00,>44 to 46,1,,
Input_xlxs.xlsx,Input_xlxs,Moose Lodge Rd,NB,2025-06-17,03:00:00,03:15:00,>46 to 48,0,,
Input_xlxs.xlsx,Input_xlxs,Moose Lodge Rd,NB,2025-06-17,03:00:00,03:15:00,>48 to 50,0,,
Input_xlxs.xlsx,Input_xlxs,Moose Lodge Rd,NB,2025-06-17,03:00:00,03:15:00,>50 to 52,0,,
Input_xlxs.xlsx,Input_xlxs,Moose Lodge Rd,NB,2025-06-17,03:00:00,03:15:00,>52 to 54,1,,
Input_xlxs.xlsx,Input_xlxs,Moose Lodge Rd,NB,2025-06-17,03:00:00,03:15:00,>54 to 56,0,,
Input_xlxs.xlsx,Input_xlxs,Moose Lodge Rd,NB,2025-06-17,03:00:00,03:15:00,>56 to 58,3,,
Input_xlxs.xlsx,Input_xlxs,Moose Lodge Rd,NB,2025-06-17,03:00:00,03:15:00,>58 to 60,0,,
Input_xlxs.xlsx,Input_xlxs,Moose Lodge Rd,NB,2025-06-17,03:00:00,03:15:00,>60 to 62,1,,
Input_xlxs.xlsx,Input_xlxs,Moose Lodge Rd,NB,2025-06-17,03:00:00,03:15:00,> 62,0,,
Input_xlxs.xlsx,Input_xlxs,Moose Lodge Rd,NB,2025-06-17,04:00:00,04:15:00,0 to 40,0,,
Input_xlxs.xlsx,Input_xlxs,Moose Lodge Rd,NB,2025-06-17,04:00:00,04:15:00,>40 to 42,0,,
Input_xlxs.xlsx,Input_xlxs,Moose Lodge Rd,NB,2025-06-17,04:00:00,04:15:00,>42 to 44,0,,
Input_xlxs.xlsx,Input_xlxs,Moose Lodge Rd,NB,2025-06-17,04:00:00,04:15:00,>44 to 46,1,,
Input_xlxs.xlsx,Input_xlxs,Moose Lodge Rd,NB,2025-06-17,04:00:00,04:15:00,>46 to 48,2,,
Input_xlxs.xlsx,Input_xlxs,Moose Lodge Rd,NB,2025-06-17,04:00:00,04:15:00,>48 to 50,0,,
Input_xlxs.xlsx,Input_xlxs,Moose Lodge Rd,NB,2025-06-17,04:00:00,04:15:00,>50 to 52,1,,
Input_xlxs.xlsx,Input_xlxs,Moose Lodge Rd,NB,2025-06-17,04:00:00,04:15:00,>52 to 54,0,,
Input_xlxs.xlsx,Input_xlxs,Moose Lodge Rd,NB,2025-06-17,04:00:00,04:15:00,>54 to 56,0,,
Input_xlxs.xlsx,Input_xlxs,Moose Lodge Rd,NB,2025-06-17,04:00:00,04:15:00,>56 to 58,1,,
Input_xlxs.xlsx,Input_xlxs,Moose Lodge Rd,NB,2025-06-17,04:00:00,04:15:00,>58 to 60,2,,
Input_xlxs.xlsx,Input_xlxs,Moose Lodge Rd,NB,2025-06-17,04:00:00,04:15:00,>60 to 62,0,,
Input_xlxs.xlsx,Input_xlxs,Moose Lodge Rd,NB,2025-06-17,04:00:00,04:15:00,> 62,3,,
Input_xlxs.xlsx,Input_xlxs,Moose Lodge Rd,NB,2025-06-17,05:00:00,05:15:00,0 to 40,0,,
Input_xlxs.xlsx,Input_xlxs,Moose Lodge Rd,NB,2025-06-17,05:00:00,05:15:00,>40 to 42,0,,
Input_xlxs.xlsx,Input_xlxs,Moose Lodge Rd,NB,2025-06-17,05:00:00,05:15:00,>42 to 44,0,,
Input_xlxs.xlsx,Input_xlxs,Moose Lodge Rd,NB,2025-06-17,05:00:00,05:15:00,>44 to 46,2,,
Input_xlxs.xlsx,Input_xlxs,Moose Lodge Rd,NB,2025-06-17,05:00:00,05:15:00,>46 to 48,0,,
Input_xlxs.xlsx,Input_xlxs,Moose Lodge Rd,NB,2025-06-17,05:00:00,05:15:00,>48 to 50,3,,
Input_xlxs.xlsx,Input_xlxs,Moose Lodge Rd,NB,2025-06-17,05:00:00,05:15:00,>50 to 52,6,,
Input_xlxs.xlsx,Input_xlxs,Moose Lodge Rd,NB,2025-06-17,05:00:00,05:15:00,>52 to 54,6,,
Input_xlxs.xlsx,Input_xlxs,Moose Lodge Rd,NB,2025-06-17,05:00:00,05:15:00,>54 to 56,7,,
Input_xlxs.xlsx,Input_xlxs,Moose Lodge Rd,NB,2025-06-17,05:00:00,05:15:00,>56 to 58,4,,
Input_xlxs.xlsx,Input_xlxs,Moose Lodge Rd,NB,2025-06-17,05:00:00,05:15:00,>58 to 60,10,,
Input_xlxs.xlsx,Input_xlxs,Moose Lodge Rd,NB,2025-06-17,05:00:00,05:15:00,>60 to 62,3,,
Input_xlxs.xlsx,Input_xlxs,Moose Lodge Rd,NB,2025-06-17,05:00:00,05:15:00,> 62,15,,
Input_xlxs.xlsx,Input_xlxs,Moose Lodge Rd,NB,2025-06-17,06:00:00,06:15:00,0 to 40,1,,
Input_xlxs.xlsx,Input_xlxs,Moose Lodge Rd,NB,2025-06-17,06:00:00,06:15:00,>40 to 42,0,,
Input_xlxs.xlsx,Input_xlxs,Moose Lodge Rd,NB,2025-06-17,06:00:00,06:15:00,>42 to 44,1,,
Input_xlxs.xlsx,Input_xlxs,Moose Lodge Rd,NB,2025-06-17,06:00:00,06:15:00,>44 to 46,1,,
Input_xlxs.xlsx,Input_xlxs,Moose Lodge Rd,NB,2025-06-17,06:00:00,06:15:00,>46 to 48,1,,
Input_xlxs.xlsx,Input_xlxs,Moose Lodge Rd,NB,2025-06-17,06:00:00,06:15:00,>48 to 50,2,,
Input_xlxs.xlsx,Input_xlxs,Moose Lodge Rd,NB,2025-06-17,06:00:00,06:15:00,>50 to 52,15,,
Input_xlxs.xlsx,Input_xlxs,Moose Lodge Rd,NB,2025-06-17,06:00:00,06:15:00,>52 to 54,6,,
Input_xlxs.xlsx,Input_xlxs,Moose Lodge Rd,NB,2025-06-17,06:00:00,06:15:00,>54 to 56,8,,
Input_xlxs.xlsx,Input_xlxs,Moose Lodge Rd,NB,2025-06-17,06:00:00,06:15:00,>56 to 58,18,,
Input_xlxs.xlsx,Input_xlxs,Moose Lodge Rd,NB,2025-06-17,06:00:00,06:15:00,>58 to 60,19,,
Input_xlxs.xlsx,Input_xlxs,Moose Lodge Rd,NB,2025-06-17,06:00:00,06:15:00,>60 to 62,17,,
Input_xlxs.xlsx,Input_xlxs,Moose Lodge Rd,NB,2025-06-17,06:00:00,06:15:00,> 62,28,,
Input_xlxs.xlsx,Input_xlxs,Moose Lodge Rd,NB,2025-06-17,07:00:00,07:15:00,0 to 40,8,,
Input_xlxs.xlsx,Input_xlxs,Moose Lodge Rd,NB,2025-06-17,07:00:00,07:15:00,>40 to 42,0,,
Input_xlxs.xlsx,Input_xlxs,Moose Lodge Rd,NB,2025-06-17,07:00:00,07:15:00,>42 to 44,0,,
Input_xlxs.xlsx,Input_xlxs,Moose Lodge Rd,NB,2025-06-17,07:00:00,07:15:00,>44 to 46,6,,
Input_xlxs.xlsx,Input_xlxs,Moose Lodge Rd,NB,2025-06-17,07:00:00,07:15:00,>46 to 48,3,,
Input_xlxs.xlsx,Input_xlxs,Moose Lodge Rd,NB,2025-06-17,07:00:00,07:15:00,>48 to 50,4,,
Input_xlxs.xlsx,Input_xlxs,Moose Lodge Rd,NB,2025-06-17,07:00:00,07:15:00,>50 to 52,14,,
Input_xlxs.xlsx,Input_xlxs,Moose Lodge Rd,NB,2025-06-17,07:00:00,07:15:00,>52 to 54,30,,
Input_xlxs.xlsx,Input_xlxs,Moose Lodge Rd,NB,2025-06-17,07:00:00,07:15:00,>54 to 56,36,,
Input_xlxs.xlsx,Input_xlxs,Moose Lodge Rd,NB,2025-06-17,07:00:00,07:15:00,>56 to 58,45,,
Input_xlxs.xlsx,Input_xlxs,Moose Lodge Rd,NB,2025-06-17,07:00:00,07:15:00,>58 to 60,24,,
Input_xlxs.xlsx,Input_xlxs,Moose Lodge Rd,NB,2025-06-17,07:00:00,07:15:00,>60 to 62,21,,
Input_xlxs.xlsx,Input_xlxs,Moose Lodge Rd,NB,2025-06-17,07:00:00,07:15:00,> 62,42,,
Input_xlxs.xlsx,Input_xlxs,Moose Lodge Rd,NB,2025-06-17,08:00:00,08:15:00,0 to 40,2,,
Input_xlxs.xlsx,Input_xlxs,Moose Lodge Rd,NB,2025-06-17,08:00:00,08:15:00,>40 to 42,0,,
Input_xlxs.xlsx,Input_xlxs,Moose Lodge Rd,NB,2025-06-17,08:00:00,08:15:00,>42 to 44,0,,
Input_xlxs.xlsx,Input_xlxs,Moose Lodge Rd,NB,2025-06-17,08:00:00,08:15:00,>44 to 46,0,,
Input_xlxs.xlsx,Input_xlxs,Moose Lodge Rd,NB,2025-06-17,08:00:00,08:15:00,>46 to 48,9,,
Input_xlxs.xlsx,Input_xlxs,Moose Lodge Rd,NB,2025-06-17,08:00:00,08:15:00,>48 to 50,11,,
Input_xlxs.xlsx,Input_xlxs,Moose Lodge Rd,NB,2025-06-17,08:00:00,08:15:00,>50 to 52,16,,
Input_xlxs.xlsx,Input_xlxs,Moose Lodge Rd,NB,2025-06-17,08:00:00,08:15:00,>52 to 54,26,,
Input_xlxs.xlsx,Input_xlxs,Moose Lodge Rd,NB,2025-06-17,08:00:00,08:15:00,>54 to 56,19,,
Input_xlxs.xlsx,Input_xlxs,Moose Lodge Rd,NB,2025-06-17,08:00:00,08:15:00,>56 to 58,26,,
Input_xlxs.xlsx,Input_xlxs,Moose Lodge Rd,NB,2025-06-17,08:00:00,08:15:00,>58 to 60,21,,
Input_xlxs.xlsx,Input_xlxs,Moose Lodge Rd,NB,2025-06-17,08:00:00,08:15:00,>60 to 62,9,,
Input_xlxs.xlsx,Input_xlxs,Moose Lodge Rd,NB,2025-06-17,08:00:00,08:15:00,> 62,28,,
Input_xlxs.xlsx,Input_xlxs,Moose Lodge Rd,NB,2025-06-17,09:00:00,09:15:00,0 to 40,1,,
Input_xlxs.xlsx,Input_xlxs,Moose Lodge Rd,NB,2025-06-17,09:00:00,09:15:00,>40 to 42,0,,
Input_xlxs.xlsx,Input_xlxs,Moose Lodge Rd,NB,2025-06-17,09:00:00,09:15:00,>42 to 44,2,,
Input_xlxs.xlsx,Input_xlxs,Moose Lodge Rd,NB,2025-06-17,09:00:00,09:15:00,>44 to 46,3,,
Input_xlxs.xlsx,Input_xlxs,Moose Lodge Rd,NB,2025-06-17,09:00:00,09:15:00,>46 to 48,6,,
Input_xlxs.xlsx,Input_xlxs,Moose Lodge Rd,NB,2025-06-17,09:00:00,09:15:00,>48 to 50,4,,
Input_xlxs.xlsx,Input_xlxs,Moose Lodge Rd,NB,2025-06-17,09:00:00,09:15:00,>50 to 52,11,,
Input_xlxs.xlsx,Input_xlxs,Moose Lodge Rd,NB,2025-06-17,09:00:00,09:15:00,>52 to 54,12,,
Input_xlxs.xlsx,Input_xlxs,Moose Lodge Rd,NB,2025-06-17,09:00:00,09:15:00,>54 to 56,19,,
Input_xlxs.xlsx,Input_xlxs,Moose Lodge Rd,NB,2025-06-17,09:00:00,09:15:00,>56 to 58,18,,
Input_xlxs.xlsx,Input_xlxs,Moose Lodge Rd,NB,2025-06-17,09:00:00,09:15:00,>58 to 60,16,,
Input_xlxs.xlsx,Input_xlxs,Moose Lodge Rd,NB,2025-06-17,09:00:00,09:15:00,>60 to 62,10,,
Input_xlxs.xlsx,Input_xlxs,Moose Lodge Rd,NB,2025-06-17,09:00:00,09:15:00,> 62,14,,
Input_xlxs.xlsx,Input_xlxs,Moose Lodge Rd,NB,2025-06-17,10:00:00,10:15:00,0 to 40,0,,
Input_xlxs.xlsx,Input_xlxs,Moose Lodge Rd,NB,2025-06-17,10:00:00,10:15:00,>40 to 42,1,,
Input_xlxs.xlsx,Input_xlxs,Moose Lodge Rd,NB,2025-06-17,10:00:00,10:15:00,>42 to 44,5,,
Input_xlxs.xlsx,Input_xlxs,Moose Lodge Rd,NB,2025-06-17,10:00:00,10:15:00,>44 to 46,6,,
Input_xlxs.xlsx,Input_xlxs,Moose Lodge Rd,NB,2025-06-17,10:00:00,10:15:00,>46 to 48,3,,
Input_xlxs.xlsx,Input_xlxs,Moose Lodge Rd,NB,2025-06-17,10:00:00,10:15:00,>48 to 50,12,,
Input_xlxs.xlsx,Input_xlxs,Moose Lodge Rd,NB,2025-06-17,10:00:00,10:15:00,>50 to 52,14,,
Input_xlxs.xlsx,Input_xlxs,Moose Lodge Rd,NB,2025-06-17,10:00:00,10:15:00,>52 to 54,12,,
Input_xlxs.xlsx,Input_xlxs,Moose Lodge Rd,NB,2025-06-17,10:00:00,10:15:00,>54 to 56,9,,
Input_xlxs.xlsx,Input_xlxs,Moose Lodge Rd,NB,2025-06-17,10:00:00,10:15:00,>56 to 58,11,,
Input_xlxs.xlsx,Input_xlxs,Moose Lodge Rd,NB,2025-06-17,10:00:00,10:15:00,>58 to 60,6,,
Input_xlxs.xlsx,Input_xlxs,Moose Lodge Rd,NB,2025-06-17,10:00:00,10:15:00,>60 to 62,3,,
Input_xlxs.xlsx,Input_xlxs,Moose Lodge Rd,NB,2025-06-17,10:00:00,10:15:00,> 62,18,,
Input_xlxs.xlsx,Input_xlxs,Moose Lodge Rd,NB,2025-06-17,11:00:00,11:15:00,0 to 40,0,,
Input_xlxs.xlsx,Input_xlxs,Moose Lodge Rd,NB,2025-06-17,11:00:00,11:15:00,>40 to 42,0,,
Input_xlxs.xlsx,Input_xlxs,Moose Lodge Rd,NB,2025-06-17,11:00:00,11:15:00,>42 to 44,0,,
Input_xlxs.xlsx,Input_xlxs,Moose Lodge Rd,NB,2025-06-17,11:00:00,11:15:00,>44 to 46,4,,
Input_xlxs.xlsx,Input_xlxs,Moose Lodge Rd,NB,2025-06-17,11:00:00,11:15:00,>46 to 48,2,,
Input_xlxs.xlsx,Input_xlxs,Moose Lodge Rd,NB,2025-06-17,11:00:00,11:15:00,>48 to 50,18,,
Input_xlxs.xlsx,Input_xlxs,Moose Lodge Rd,NB,2025-06-17,11:00:00,11:15:00,>50 to 52,13,,
Input_xlxs.xlsx,Input_xlxs,Moose Lodge Rd,NB,2025-06-17,11:00:00,11:15:00,>52 to 54,16,,
Input_xlxs.xlsx,Input_xlxs,Moose Lodge Rd,NB,2025-06-17,11:00:00,11:15:00,>54 to 56,11,,
Input_xlxs.xlsx,Input_xlxs,Moose Lodge Rd,NB,2025-06-17,11:00:00,11:15:00,>56 to 58,13,,
Input_xlxs.xlsx,Input_xlxs,Moose Lodge Rd,NB,2025-06-17,11:00:00,11:15:00,>58 to 60,9,,
Input_xlxs.xlsx,Input_xlxs,Moose Lodge Rd,NB,2025-06-17,11:00:00,11:15:00,>60 to 62,8,,
Input_xlxs.xlsx,Input_xlxs,Moose Lodge Rd,NB,2025-06-17,11:00:00,11:15:00,> 62,20,,
Input_xlxs.xlsx,Input_xlxs,Moose Lodge Rd,NB,2025-06-17,12:00:00,12:15:00,0 to 40,5,,
Input_xlxs.xlsx,Input_xlxs,Moose Lodge Rd,NB,2025-06-17,12:00:00,12:15:00,>40 to 42,2,,
Input_xlxs.xlsx,Input_xlxs,Moose Lodge Rd,NB,2025-06-17,12:00:00,12:15:00,>42 to 44,2,,
Input_xlxs.xlsx,Input_xlxs,Moose Lodge Rd,NB,2025-06-17,12:00:00,12:15:00,>44 to 46,5,,
Input_xlxs.xlsx,Input_xlxs,Moose Lodge Rd,NB,2025-06-17,12:00:00,12:15:00,>46 to 48,5,,
Input_xlxs.xlsx,Input_xlxs,Moose Lodge Rd,NB,2025-06-17,12:00:00,12:15:00,>48 to 50,4,,
Input_xlxs.xlsx,Input_xlxs,Moose Lodge Rd,NB,2025-06-17,12:00:00,12:15:00,>50 to 52,10,,
Input_xlxs.xlsx,Input_xlxs,Moose Lodge Rd,NB,2025-06-17,12:00:00,12:15:00,>52 to 54,17,,
Input_xlxs.xlsx,Input_xlxs,Moose Lodge Rd,NB,2025-06-17,12:00:00,12:15:00,>54 to 56,16,,
Input_xlxs.xlsx,Input_xlxs,Moose Lodge Rd,NB,2025-06-17,12:00:00,12:15:00,>56 to 58,12,,
Input_xlxs.xlsx,Input_xlxs,Moose Lodge Rd,NB,2025-06-17,12:00:00,12:15:00,>58 to 60,15,,
Input_xlxs.xlsx,Input_xlxs,Moose Lodge Rd,NB,2025-06-17,12:00:00,12:15:00,>60 to 62,12,,
Input_xlxs.xlsx,Input_xlxs,Moose Lodge Rd,NB,2025-06-17,12:00:00,12:15:00,> 62,12,,
Input_xlxs.xlsx,Input_xlxs,Moose Lodge Rd,NB,2025-06-17,13:00:00,13:15:00,0 to 40,2,,
Input_xlxs.xlsx,Input_xlxs,Moose Lodge Rd,NB,2025-06-17,13:00:00,13:15:00,>40 to 42,0,,
Input_xlxs.xlsx,Input_xlxs,Moose Lodge Rd,NB,2025-06-17,13:00:00,13:15:00,>42 to 44,2,,
Input_xlxs.xlsx,Input_xlxs,Moose Lodge Rd,NB,2025-06-17,13:00:00,13:15:00,>44 to 46,5,,
Input_xlxs.xlsx,Input_xlxs,Moose Lodge Rd,NB,2025-06-17,13:00:00,13:15:00,>46 to 48,9,,
Input_xlxs.xlsx,Input_xlxs,Moose Lodge Rd,NB,2025-06-17,13:00:00,13:15:00,>48 to 50,9,,
Input_xlxs.xlsx,Input_xlxs,Moose Lodge Rd,NB,2025-06-17,13:00:00,13:15:00,>50 to 52,12,,
Input_xlxs.xlsx,Input_xlxs,Moose Lodge Rd,NB,2025-06-17,13:00:00,13:15:00,>52 to 54,17,,
Input_xlxs.xlsx,Input_xlxs,Moose Lodge Rd,NB,2025-06-17,13:00:00,13:15:00,>54 to 56,14,,
Input_xlxs.xlsx,Input_xlxs,Moose Lodge Rd,NB,2025-06-17,13:00:00,13:15:00,>56 to 58,9,,
Input_xlxs.xlsx,Input_xlxs,Moose Lodge Rd,NB,2025-06-17,13:00:00,13:15:00,>58 to 60,17,,
Input_xlxs.xlsx,Input_xlxs,Moose Lodge Rd,NB,2025-06-17,13:00:00,13:15:00,>60 to 62,13,,
Input_xlxs.xlsx,Input_xlxs,Moose Lodge Rd,NB,2025-06-17,13:00:00,13:15:00,> 62,14,,
Input_xlxs.xlsx,Input_xlxs,Moose Lodge Rd,NB,2025-06-17,14:00:00,14:15:00,0 to 40,1,,
Input_xlxs.xlsx,Input_xlxs,Moose Lodge Rd,NB,2025-06-17,14:00:00,14:15:00,>40 to 42,0,,
Input_xlxs.xlsx,Input_xlxs,Moose Lodge Rd,NB,2025-06-17,14:00:00,14:15:00,>42 to 44,2,,
Input_xlxs.xlsx,Input_xlxs,Moose Lodge Rd,NB,2025-06-17,14:00:00,14:15:00,>44 to 46,9,,
Input_xlxs.xlsx,Input_xlxs,Moose Lodge Rd,NB,2025-06-17,14:00:00,14:15:00,>46 to 48,6,,
Input_xlxs.xlsx,Input_xlxs,Moose Lodge Rd,NB,2025-06-17,14:00:00,14:15:00,>48 to 50,11,,
Input_xlxs.xlsx,Input_xlxs,Moose Lodge Rd,NB,2025-06-17,14:00:00,14:15:00,>50 to 52,9,,
Input_xlxs.xlsx,Input_xlxs,Moose Lodge Rd,NB,2025-06-17,14:00:00,14:15:00,>52 to 54,14,,
Input_xlxs.xlsx,Input_xlxs,Moose Lodge Rd,NB,2025-06-17,14:00:00,14:15:00,>54 to 56,15,,
Input_xlxs.xlsx,Input_xlxs,Moose Lodge Rd,NB,2025-06-17,14:00:00,14:15:00,>56 to 58,20,,
Input_xlxs.xlsx,Input_xlxs,Moose Lodge Rd,NB,2025-06-17,14:00:00,14:15:00,>58 to 60,9,,
Input_xlxs.xlsx,Input_xlxs,Moose Lodge Rd,NB,2025-06-17,14:00:00,14:15:00,>60 to 62,9,,
Input_xlxs.xlsx,Input_xlxs,Moose Lodge Rd,NB,2025-06-17,14:00:00,14:15:00,> 62,30,,
Input_xlxs.xlsx,Input_xlxs,Moose Lodge Rd,NB,2025-06-17,15:00:00,15:15:00,0 to 40,9,,
Input_xlxs.xlsx,Input_xlxs,Moose Lodge Rd,NB,2025-06-17,15:00:00,15:15:00,>40 to 42,1,,
Input_xlxs.xlsx,Input_xlxs,Moose Lodge Rd,NB,2025-06-17,15:00:00,15:15:00,>42 to 44,0,,
Input_xlxs.xlsx,Input_xlxs,Moose Lodge Rd,NB,2025-06-17,15:00:00,15:15:00,>44 to 46,3,,
Input_xlxs.xlsx,Input_xlxs,Moose Lodge Rd,NB,2025-06-17,15:00:00,15:15:00,>46 to 48,1,,
Input_xlxs.xlsx,Input_xlxs,Moose Lodge Rd,NB,2025-06-17,15:00:00,15:15:00,>48 to 50,9,,
Input_xlxs.xlsx,Input_xlxs,Moose Lodge Rd,NB,2025-06-17,15:00:00,15:15:00,>50 to 52,6,,
Input_xlxs.xlsx,Input_xlxs,Moose Lodge Rd,NB,2025-06-17,15:00:00,15:15:00,>52 to 54,18,,
Input_xlxs.xlsx,Input_xlxs,Moose Lodge Rd,NB,2025-06-17,15:00:00,15:15:00,>54 to 56,13,,
Input_xlxs.xlsx,Input_xlxs,Moose Lodge Rd,NB,2025-06-17,15:00:00,15:15:00,>56 to 58,12,,
Input_xlxs.xlsx,Input_xlxs,Moose Lodge Rd,NB,2025-06-17,15:00:00,15:15:00,>58 to 60,12,,
Input_xlxs.xlsx,Input_xlxs,Moose Lodge Rd,NB,2025-06-17,15:00:00,15:15:00,>60 to 62,7,,
Input_xlxs.xlsx,Input_xlxs,Moose Lodge Rd,NB,2025-06-17,15:00:00,15:15:00,> 62,29,,
Input_xlxs.xlsx,Input_xlxs,Moose Lodge Rd,NB,2025-06-17,16:00:00,16:15:00,0 to 40,4,,
Input_xlxs.xlsx,Input_xlxs,Moose Lodge Rd,NB,2025-06-17,16:00:00,16:15:00,>40 to 42,0,,
Input_xlxs.xlsx,Input_xlxs,Moose Lodge Rd,NB,2025-06-17,16:00:00,16:15:00,>42 to 44,0,,
Input_xlxs.xlsx,Input_xlxs,Moose Lodge Rd,NB,2025-06-17,16:00:00,16:15:00,>44 to 46,2,,
Input_xlxs.xlsx,Input_xlxs,Moose Lodge Rd,NB,2025-06-17,16:00:00,16:15:00,>46 to 48,6,,
Input_xlxs.xlsx,Input_xlxs,Moose Lodge Rd,NB,2025-06-17,16:00:00,16:15:00,>48 to 50,7,,
Input_xlxs.xlsx,Input_xlxs,Moose Lodge Rd,NB,2025-06-17,16:00:00,16:15:00,>50 to 52,14,,
Input_xlxs.xlsx,Input_xlxs,Moose Lodge Rd,NB,2025-06-17,16:00:00,16:15:00,>52 to 54,19,,
Input_xlxs.xlsx,Input_xlxs,Moose Lodge Rd,NB,2025-06-17,16:00:00,16:15:00,>54 to 56,23,,
Input_xlxs.xlsx,Input_xlxs,Moose Lodge Rd,NB,2025-06-17,16:00:00,16:15:00,>56 to 58,17,,
Input_xlxs.xlsx,Input_xlxs,Moose Lodge Rd,NB,2025-06-17,16:00:00,16:15:00,>58 to 60,13,,
Input_xlxs.xlsx,Input_xlxs,Moose Lodge Rd,NB,2025-06-17,16:00:00,16:15:00,>60 to 62,12,,
Input_xlxs.xlsx,Input_xlxs,Moose Lodge Rd,NB,2025-06-17,16:00:00,16:15:00,> 62,27,,
Input_xlxs.xlsx,Input_xlxs,Moose Lodge Rd,NB,2025-06-17,17:00:00,17:15:00,0 to 40,6,,
Input_xlxs.xlsx,Input_xlxs,Moose Lodge Rd,NB,2025-06-17,17:00:00,17:15:00,>40 to 42,0,,
Input_xlxs.xlsx,Input_xlxs,Moose Lodge Rd,NB,2025-06-17,17:00:00,17:15:00,>42 to 44,2,,
Input_xlxs.xlsx,Input_xlxs,Moose Lodge Rd,NB,2025-06-17,17:00:00,17:15:00,>44 to 46,2,,
Input_xlxs.xlsx,Input_xlxs,Moose Lodge Rd,NB,2025-06-17,17:00:00,17:15:00,>46 to 48,6,,
Input_xlxs.xlsx,Input_xlxs,Moose Lodge Rd,NB,2025-06-17,17:00:00,17:15:00,>48 to 50,5,,
Input_xlxs.xlsx,Input_xlxs,Moose Lodge Rd,NB,2025-06-17,17:00:00,17:15:00,>50 to 52,12,,
Input_xlxs.xlsx,Input_xlxs,Moose Lodge Rd,NB,2025-06-17,17:00:00,17:15:00,>52 to 54,19,,
Input_xlxs.xlsx,Input_xlxs,Moose Lodge Rd,NB,2025-06-17,17:00:00,17:15:00,>54 to 56,23,,
Input_xlxs.xlsx,Input_xlxs,Moose Lodge Rd,NB,2025-06-17,17:00:00,17:15:00,>56 to 58,19,,
Input_xlxs.xlsx,Input_xlxs,Moose Lodge Rd,NB,2025-06-17,17:00:00,17:15:00,>58 to 60,6,,
Input_xlxs.xlsx,Input_xlxs,Moose Lodge Rd,NB,2025-06-17,17:00:00,17:15:00,>60 to 62,9,,
Input_xlxs.xlsx,Input_xlxs,Moose Lodge Rd,NB,2025-06-17,17:00:00,17:15:00,> 62,21,,
Input_xlxs.xlsx,Input_xlxs,Moose Lodge Rd,NB,2025-06-17,18:00:00,18:15:00,0 to 40,1,,
Input_xlxs.xlsx,Input_xlxs,Moose Lodge Rd,NB,2025-06-17,18:00:00,18:15:00,>40 to 42,0,,
Input_xlxs.xlsx,Input_xlxs,Moose Lodge Rd,NB,2025-06-17,18:00:00,18:15:00,>42 to 44,3,,
Input_xlxs.xlsx,Input_xlxs,Moose Lodge Rd,NB,2025-06-17,18:00:00,18:15:00,>44 to 46,2,,
Input_xlxs.xlsx,Input_xlxs,Moose Lodge Rd,NB,2025-06-17,18:00:00,18:15:00,>46 to 48,1,,
Input_xlxs.xlsx,Input_xlxs,Moose Lodge Rd,NB,2025-06-17,18:00:00,18:15:00,>48 to 50,6,,
Input_xlxs.xlsx,Input_xlxs,Moose Lodge Rd,NB,2025-06-17,18:00:00,18:15:00,>50 to 52,6,,
Input_xlxs.xlsx,Input_xlxs,Moose Lodge Rd,NB,2025-06-17,18:00:00,18:15:00,>52 to 54,10,,
Input_xlxs.xlsx,Input_xlxs,Moose Lodge Rd,NB,2025-06-17,18:00:00,18:15:00,>54 to 56,9,,
Input_xlxs.xlsx,Input_xlxs,Moose Lodge Rd,NB,2025-06-17,18:00:00,18:15:00,>56 to 58,13,,
Input_xlxs.xlsx,Input_xlxs,Moose Lodge Rd,NB,2025-06-17,18:00:00,18:15:00,>58 to 60,13,,
Input_xlxs.xlsx,Input_xlxs,Moose Lodge Rd,NB,2025-06-17,18:00:00,18:15:00,>60 to 62,12,,
Input_xlxs.xlsx,Input_xlxs,Moose Lodge Rd,NB,2025-06-17,18:00:00,18:15:00,> 62,9,,
Input_xlxs.xlsx,Input_xlxs,Moose Lodge Rd,NB,2025-06-17,19:00:00,19:15:00,0 to 40,0,,
Input_xlxs.xlsx,Input_xlxs,Moose Lodge Rd,NB,2025-06-17,19:00:00,19:15:00,>40 to 42,0,,
Input_xlxs.xlsx,Input_xlxs,Moose Lodge Rd,NB,2025-06-17,19:00:00,19:15:00,>42 to 44,1,,
Input_xlxs.xlsx,Input_xlxs,Moose Lodge Rd,NB,2025-06-17,19:00:00,19:15:00,>44 to 46,0,,
Input_xlxs.xlsx,Input_xlxs,Moose Lodge Rd,NB,2025-06-17,19:00:00,19:15:00,>46 to 48,0,,
Input_xlxs.xlsx,Input_xlxs,Moose Lodge Rd,NB,2025-06-17,19:00:00,19:15:00,>48 to 50,6,,
Input_xlxs.xlsx,Input_xlxs,Moose Lodge Rd,NB,2025-06-17,19:00:00,19:15:00,>50 to 52,4,,
Input_xlxs.xlsx,Input_xlxs,Moose Lodge Rd,NB,2025-06-17,19:00:00,19:15:00,>52 to 54,6,,
Input_xlxs.xlsx,Input_xlxs,Moose Lodge Rd,NB,2025-06-17,19:00:00,19:15:00,>54 to 56,5,,
Input_xlxs.xlsx,Input_xlxs,Moose Lodge Rd,NB,2025-06-17,19:00:00,19:15:00,>56 to 58,8,,
Input_xlxs.xlsx,Input_xlxs,Moose Lodge Rd,NB,2025-06-17,19:00:00,19:15:00,>58 to 60,3,,
Input_xlxs.xlsx,Input_xlxs,Moose Lodge Rd,NB,2025-06-17,19:00:00,19:15:00,>60 to 62,4,,
Input_xlxs.xlsx,Input_xlxs,Moose Lodge Rd,NB,2025-06-17,19:00:00,19:15:00,> 62,14,,
Input_xlxs.xlsx,Input_xlxs,Moose Lodge Rd,NB,2025-06-17,20:00:00,20:15:00,0 to 40,0,,
Input_xlxs.xlsx,Input_xlxs,Moose Lodge Rd,NB,2025-06-17,20:00:00,20:15:00,>40 to 42,2,,
Input_xlxs.xlsx,Input_xlxs,Moose Lodge Rd,NB,2025-06-17,20:00:00,20:15:00,>42 to 44,1,,
Input_xlxs.xlsx,Input_xlxs,Moose Lodge Rd,NB,2025-06-17,20:00:00,20:15:00,>44 to 46,1,,
Input_xlxs.xlsx,Input_xlxs,Moose Lodge Rd,NB,2025-06-17,20:00:00,20:15:00,>46 to 48,1,,
Input_xlxs.xlsx,Input_xlxs,Moose Lodge Rd,NB,2025-06-17,20:00:00,20:15:00,>48 to 50,1,,
Input_xlxs.xlsx,Input_xlxs,Moose Lodge Rd,NB,2025-06-17,20:00:00,20:15:00,>50 to 52,2,,
Input_xlxs.xlsx,Input_xlxs,Moose Lodge Rd,NB,2025-06-17,20:00:00,20:15:00,>52 to 54,8,,
Input_xlxs.xlsx,Input_xlxs,Moose Lodge Rd,NB,2025-06-17,20:00:00,20:15:00,>54 to 56,5,,
Input_xlxs.xlsx,Input_xlxs,Moose Lodge Rd,NB,2025-06-17,20:00:00,20:15:00,>56 to 58,6,,
Input_xlxs.xlsx,Input_xlxs,Moose Lodge Rd,NB,2025-06-17,20:00:00,20:15:00,>58 to 60,7,,
Input_xlxs.xlsx,Input_xlxs,Moose Lodge Rd,NB,2025-06-17,20:00:00,20:15:00,>60 to 62,3,,
Input_xlxs.xlsx,Input_xlxs,Moose Lodge Rd,NB,2025-06-17,20:00:00,20:15:00,> 62,7,,
Input_xlxs.xlsx,Input_xlxs,Moose Lodge Rd,NB,2025-06-17,21:00:00,21:15:00,0 to 40,1,,
Input_xlxs.xlsx,Input_xlxs,Moose Lodge Rd,NB,2025-06-17,21:00:00,21:15:00,>40 to 42,0,,
Input_xlxs.xlsx,Input_xlxs,Moose Lodge Rd,NB,2025-06-17,21:00:00,21:15:00,>42 to 44,0,,
Input_xlxs.xlsx,Input_xlxs,Moose Lodge Rd,NB,2025-06-17,21:00:00,21:15:00,>44 to 46,3,,
Input_xlxs.xlsx,Input_xlxs,Moose Lodge Rd,NB,2025-06-17,21:00:00,21:15:00,>46 to 48,4,,
Input_xlxs.xlsx,Input_xlxs,Moose Lodge Rd,NB,2025-06-17,21:00:00,21:15:00,>48 to 50,1,,
Input_xlxs.xlsx,Input_xlxs,Moose Lodge Rd,NB,2025-06-17,21:00:00,21:15:00,>50 to 52,2,,
Input_xlxs.xlsx,Input_xlxs,Moose Lodge Rd,NB,2025-06-17,21:00:00,21:15:00,>52 to 54,6,,
Input_xlxs.xlsx,Input_xlxs,Moose Lodge Rd,NB,2025-06-17,21:00:00,21:15:00,>54 to 56,6,,
Input_xlxs.xlsx,Input_xlxs,Moose Lodge Rd,NB,2025-06-17,21:00:00,21:15:00,>56 to 58,1,,
Input_xlxs.xlsx,Input_xlxs,Moose Lodge Rd,NB,2025-06-17,21:00:00,21:15:00,>58 to 60,1,,
Input_xlxs.xlsx,Input_xlxs,Moose Lodge Rd,NB,2025-06-17,21:00:00,21:15:00,>60 to 62,3,,
Input_xlxs.xlsx,Input_xlxs,Moose Lodge Rd,NB,2025-06-17,21:00:00,21:15:00,> 62,7,,
Input_xlxs.xlsx,Input_xlxs,Moose Lodge Rd,NB,2025-06-17,22:00:00,22:15:00,0 to 40,1,,
Input_xlxs.xlsx,Input_xlxs,Moose Lodge Rd,NB,2025-06-17,22:00:00,22:15:00,>40 to 42,1,,
Input_xlxs.xlsx,Input_xlxs,Moose Lodge Rd,NB,2025-06-17,22:00:00,22:15:00,>42 to 44,0,,
Input_xlxs.xlsx,Input_xlxs,Moose Lodge Rd,NB,2025-06-17,22:00:00,22:15:00,>44 to 46,4,,
Input_xlxs.xlsx,Input_xlxs,Moose Lodge Rd,NB,2025-06-17,22:00:00,22:15:00,>46 to 48,2,,
Input_xlxs.xlsx,Input_xlxs,Moose Lodge Rd,NB,2025-06-17,22:00:00,22:15:00,>48 to 50,2,,
Input_xlxs.xlsx,Input_xlxs,Moose Lodge Rd,NB,2025-06-17,22:00:00,22:15:00,>50 to 52,2,,
Input_xlxs.xlsx,Input_xlxs,Moose Lodge Rd,NB,2025-06-17,22:00:00,22:15:00,>52 to 54,4,,
Input_xlxs.xlsx,Input_xlxs,Moose Lodge Rd,NB,2025-06-17,22:00:00,22:15:00,>54 to 56,1,,
Input_xlxs.xlsx,Input_xlxs,Moose Lodge Rd,NB,2025-06-17,22:00:00,22:15:00,>56 to 58,0,,
Input_xlxs.xlsx,Input_xlxs,Moose Lodge Rd,NB,2025-06-17,22:00:00,22:15:00,>58 to 60,1,,
Input_xlxs.xlsx,Input_xlxs,Moose Lodge Rd,NB,2025-06-17,22:00:00,22:15:00,>60 to 62,0,,
Input_xlxs.xlsx,Input_xlxs,Moose Lodge Rd,NB,2025-06-17,22:00:00,22:15:00,> 62,5,,
Input_xlxs.xlsx,Input_xlxs,Moose Lodge Rd,NB,2025-06-17,23:00:00,23:15:00,0 to 40,0,,
Input_xlxs.xlsx,Input_xlxs,Moose Lodge Rd,NB,2025-06-17,23:00:00,23:15:00,>40 to 42,0,,
Input_xlxs.xlsx,Input_xlxs,Moose Lodge Rd,NB,2025-06-17,23:00:00,23:15:00,>42 to 44,0,,
Input_xlxs.xlsx,Input_xlxs,Moose Lodge Rd,NB,2025-06-17,23:00:00,23:15:00,>44 to 46,1,,
Input_xlxs.xlsx,Input_xlxs,Moose Lodge Rd,NB,2025-06-17,23:00:00,23:15:00,>46 to 48,0,,
Input_xlxs.xlsx,Input_xlxs,Moose Lodge Rd,NB,2025-06-17,23:00:00,23:15:00,>48 to 50,2,,
Input_xlxs.xlsx,Input_xlxs,Moose Lodge Rd,NB,2025-06-17,23:00:00,23:15:00,>50 to 52,0,,
Input_xlxs.xlsx,Input_xlxs,Moose Lodge Rd,NB,2025-06-17,23:00:00,23:15:00,>52 to 54,0,,
Input_xlxs.xlsx,Input_xlxs,Moose Lodge Rd,NB,2025-06-17,23:00:00,23:15:00,>54 to 56,0,,
Input_xlxs.xlsx,Input_xlxs,Moose Lodge Rd,NB,2025-06-17,23:00:00,23:15:00,>56 to 58,0,,
Input_xlxs.xlsx,Input_xlxs,Moose Lodge Rd,NB,2025-06-17,23:00:00,23:15:00,>58 to 60,1,,
Input_xlxs.xlsx,Input_xlxs,Moose Lodge Rd,NB,2025-06-17,23:00:00,23:15:00,>60 to 62,0,,
Input_xlxs.xlsx,Input_xlxs,Moose Lodge Rd,NB,2025-06-17,23:00:00,23:15:00,> 62,3,,
