Station,VehicleClass,H01,H02,H03,H04,H05,H06,H07,H08,H09,H10,H11,H12,H13,H14,H15,H16,H17,H18,H19,H20,H21,H22,H23,H24,Total,SourceFile,SourceSheet
00030G,M-cycle,31,20,20,11,10,10,66,95,134,244,457,645,765,881,835,777,712,585,484,315,220,168,111,74,7670,Atlantic County Class by Hour.xlsx,Sheet1
00030G,Car,38344,23630,16792,17065,27359,58556,126891,197165,201712,179488,184936,211960,236223,241038,272402,303309,319975,290389,229360,179413,144553,113686,87950,67378,3769574,Atlantic County Class by Hour.xlsx,Sheet1
00030G,Pickup,12016,7628,5688,5838,12718,28533,62650,84177,87389,85320,91225,87961,86724,88187,96771,109459,104575,90507,70141,56245,44966,33124,24159,19266,1395267,Atlantic County Class by Hour.xlsx,Sheet1
00030G,Bus,663,715,677,823,631,653,684,836,1236,900,884,879,834,891,832,1047,972,977,953,668,558,824,687,737,19561,Atlantic County Class by Hour.xlsx,Sheet1
00030G,SU 2A-6T,880,718,648,962,1134,3229,7976,12701,12636,10884,10561,9606,8458,9856,10880,10128,9228,5993,4297,3067,2492,1874,1477,1230,140915,Atlantic County Class by Hour.xlsx,Sheet1
00030G,SU 3 Axles,41,25,43,65,246,572,1012,847,1025,1193,1285,1271,1226,1143,991,803,531,332,176,115,91,51,41,45,13170,Atlantic County Class by Hour.xlsx,Sheet1
00030G,SU 4+Axles,4,5,205,6,14,15,77,171,312,275,330,295,253,280,254,115,67,21,13,4,5,2,6,5,2734,Atlantic County Class by Hour.xlsx,Sheet1
00030G,STT 3-4 Axles,227,23,89,68,54,47,84,230,246,287,350,372,308,265,338,185,346,226,66,48,27,21,14,43,3964,Atlantic County Class by Hour.xlsx,Sheet1
00030G,STT 5 Axles,124,112,113,155,215,383,488,663,727,755,759,742,729,588,536,513,370,276,248,386,250,280,161,116,9689,Atlantic County Class by Hour.xlsx,Sheet1
00030G,STT 6+ Axles,2,0,0,3,5,5,29,66,59,52,54,55,57,41,42,33,32,10,9,6,1,3,4,0,568,Atlantic County Class by Hour.xlsx,Sheet1
00030G,MTT 5 Axles,0,0,1,0,0,0,0,0,0,0,0,0,0,1,0,0,0,0,0,0,0,0,0,1,3,Atlantic County Class by Hour.xlsx,Sheet1
00030G,MTT 6 Axles,3,0,0,0,0,0,0,0,0,0,0,0,0,1,0,0,0,0,0,0,0,0,1,2,7,Atlantic County Class by Hour.xlsx,Sheet1
00030G,MTT 7+ Axles,0,0,0,0,0,1,3,7,3,4,3,6,6,7,4,3,7,1,1,0,0,0,0,0,56,Atlantic County Class by Hour.xlsx,Sheet1
00030G,Unclassified,0,0,0,0,0,0,0,0,0,0,0,0,0,0,0,0,0,0,0,0,0,0,0,0,0,Atlantic County Class by Hour.xlsx,Sheet1
00030G,BC(4-13),1944,1598,1776,2082,2299,4905,10353,15521,16244,14350,14226,13226,11871,13073,13877,12827,11553,7836,5763,4294,3424,3055,2391,2179,190667,Atlantic County Class by Hour.xlsx,Sheet1
00030G,Total,52335,32876,24276,24996,42386,92004,199960,296958,305479,279402,290844,313792,335583,343179,383885,426372,436815,389317,305748,240267,193163,150033,114611,88897,5363178,Atlantic County Class by Hour.xlsx,Sheet1
00030G_1_EB,M-cycle,3,1,3,0,1,1,6,20,54,72,112,173,225,220,201,157,143,108,90,77,50,34,19,10,1780,Atlantic County Class by Hour.xlsx,Sheet2
00030G_1_EB,Car,8642,5012,3958,4550,6493,17155,35059,54255,57827,53259,56512,61229,66559,68209,74232,77116,78861,72335,62888,49281,39978,33661,25360,16319,1028750,Atlantic County Class by Hour.xlsx,Sheet2
00030G_1_EB,Pickup,1936,1322,1153,1027,2780,7215,18364,23306,23006,21933,22037,22268,22793,22871,24046,24793,23292,20523,16218,12390,9764,7276,5107,3205,338625,Atlantic County Class by Hour.xlsx,Sheet2
00030G_1_EB,Bus,314,361,343,334,312,337,348,453,695,365,424,385,337,373,363,596,342,335,571,306,209,463,334,373,9273,Atlantic County Class by Hour.xlsx,Sheet2
00030G_1_EB,SU 2A-6T,124,87,58,71,130,595,2418,3705,3699,2771,2315,2254,1993,2286,2383,2065,1537,1129,726,461,295,191,165,166,31624,Atlantic County Class by Hour.xlsx,Sheet2
00030G_1_EB,SU 3 Axles,6,6,9,12,32,124,440,247,317,369,333,287,304,256,244,175,109,83,49,34,26,18,7,15,3502,Atlantic County Class by Hour.xlsx,Sheet2
00030G_1_EB,SU 4+Axles,1,1,2,1,2,4,39,74,139,132,138,136,111,106,83,33,12,4,4,1,1,0,1,3,1028,Atlantic County Class by Hour.xlsx,Sheet2
00030G_1_EB,STT 3-4 Axles,200,7,42,28,27,16,25,98,73,87,95,95,60,45,44,22,36,16,12,6,5,4,3,2,1048,Atlantic County Class by Hour.xlsx,Sheet2
00030G_1_EB,STT 5 Axles,16,18,18,14,27,133,147,195,210,182,177,182,176,130,113,113,90,85,72,94,58,51,35,23,2359,Atlantic County Class by Hour.xlsx,Sheet2
00030G_1_EB,STT 6+ Axles,0,0,0,0,4,0,8,15,9,8,9,14,16,4,7,6,3,0,1,2,1,0,1,0,108,Atlantic County Class by Hour.xlsx,Sheet2
00030G_1_EB,MTT 5 Axles,0,0,1,0,0,0,0,0,0,0,0,0,0,0,0,0,0,0,0,0,0,0,0,0,1,Atlantic County Class by Hour.xlsx,Sheet2
00030G_1_EB,MTT 6 Axles,3,0,0,0,0,0,0,0,0,0,0,0,0,0,0,0,0,0,0,0,0,0,1,2,6,Atlantic County Class by Hour.xlsx,Sheet2
00030G_1_EB,MTT 7+ Axles,0,0,0,0,0,1,1,2,2,1,0,0,3,3,3,0,2,0,0,0,0,0,0,0,18,Atlantic County Class by Hour.xlsx,Sheet2
00030G_1_EB,Unclassified,0,0,0,0,0,0,0,0,0,0,0,0,0,0,0,0,0,0,0,0,0,0,0,0,0,Atlantic County Class by Hour.xlsx,Sheet2
00030G_1_EB,BC(4-13),664,480,473,460,534,1210,3426,4789,5144,3915,3491,3353,3000,3203,3240,3010,2131,1652,1435,904,595,727,547,584,48967,Atlantic County Class by Hour.xlsx,Sheet2
00030G_1_EB,Total,11245,6815,5587,6037,9808,25581,56855,82370,86031,79179,82152,87023,92577,94503,101719,105076,104427,94618,80631,62652,50387,41698,31033,20118,1418122,Atlantic County Class by Hour.xlsx,Sheet2
00030G_1_WB,M-cycle,13,7,10,5,5,3,42,44,42,84,136,223,221,263,253,237,202,189,143,105,88,62,37,35,2449,Atlantic County Class by Hour.xlsx,Sheet3
00030G_1_WB,Car,18162,11442,7660,7290,13162,23523,43540,62779,62618,60861,62272,73639,80580,81892,92359,107609,117505,106963,82647,69106,57846,43748,35090,30136,1352429,Atlantic County Class by Hour.xlsx,Sheet3
00030G_1_WB,Pickup,6039,3711,2694,2785,5534,11826,22198,29380,30644,31186,33920,32573,31021,31933,35197,38900,37272,32094,25458,21940,18799,14058,10827,9794,519783,Atlantic County Class by Hour.xlsx,Sheet3
00030G_1_WB,Bus,359,351,350,505,297,313,340,383,498,502,414,426,426,457,407,396,611,611,363,359,356,359,357,363,9803,Atlantic County Class by Hour.xlsx,Sheet3
00030G_1_WB,SU 2A-6T,495,392,364,599,677,1586,3466,5400,5609,5120,4700,4252,3768,4448,5299,4414,4727,2704,2119,1532,1353,1060,837,669,65590,Atlantic County Class by Hour.xlsx,Sheet3
00030G_1_WB,SU 3 Axles,27,13,29,37,173,301,248,359,467,549,632,593,611,612,523,464,292,175,89,65,41,23,22,28,6373,Atlantic County Class by Hour.xlsx,Sheet3
00030G_1_WB,SU 4+Axles,2,2,212,4,14,5,5,27,58,74,66,77,57,78,69,44,49,13,6,2,2,1,3,1,871,Atlantic County Class by Hour.xlsx,Sheet3
00030G_1_WB,STT 3-4 Axles,4,14,28,6,3,19,19,52,107,118,147,156,142,154,211,99,81,58,31,23,9,7,7,13,1508,Atlantic County Class by Hour.xlsx,Sheet3
00030G_1_WB,STT 5 Axles,48,30,41,83,100,125,173,254,307,347,334,349,341,275,244,240,154,111,68,81,59,52,34,44,3894,Atlantic County Class by Hour.xlsx,Sheet3
00030G_1_WB,STT 6+ Axles,2,0,0,1,0,3,11,26,27,24,25,24,28,26,18,19,18,4,4,2,0,1,2,0,265,Atlantic County Class by Hour.xlsx,Sheet3
00030G_1_WB,MTT 5 Axles,0,0,0,0,0,0,0,0,0,0,0,0,0,1,0,0,0,0,0,0,0,0,0,1,2,Atlantic County Class by Hour.xlsx,Sheet3
00030G_1_WB,MTT 6 Axles,0,0,0,0,0,0,0,0,0,0,0,0,0,1,0,0,0,0,0,0,0,0,0,0,1,Atlantic County Class by Hour.xlsx,Sheet3
00030G_1_WB,MTT 7+ Axles,0,0,0,0,0,0,2,3,1,3,1,4,1,3,1,2,5,1,0,0,0,0,0,0,27,Atlantic County Class by Hour.xlsx,Sheet3
00030G_1_WB,Unclassified,0,0,0,0,0,0,0,0,0,0,0,0,0,0,0,0,0,0,0,0,0,0,0,0,0,Atlantic County Class by Hour.xlsx,Sheet3
00030G_1_WB,BC(4-13),937,802,1024,1235,1264,2352,4264,6504,7074,6737,6319,5881,5374,6055,6772,5678,5937,3677,2680,2064,1820,1503,1262,1119,88334,Atlantic County Class by Hour.xlsx,Sheet3
00030G_1_WB,Total,25151,15962,11388,11315,19965,37704,70044,98707,100378,98868,102647,112316,117196,120143,134581,152424,160916,142923,110928,93215,78553,59371,47216,41084,1962995,Atlantic County Class by Hour.xlsx,Sheet3
00030G_2_EB,M-cycle,8,5,5,3,3,3,12,21,28,53,116,137,181,192,194,185,192,156,151,82,43,42,37,16,1865,Atlantic County Class by Hour.xlsx,Sheet4
00030G_2_EB,Car,7400,4643,3101,3432,5352,13120,37520,59501,59617,48516,47779,49860,54813,54867,63879,66138,68506,64692,54093,38846,30440,25169,19143,13701,894128,Atlantic County Class by Hour.xlsx,Sheet4
00030G_2_EB,Pickup,1455,977,837,815,2184,5945,14523,17079,17702,15634,15306,15358,16283,17041,18439,21675,20052,17456,13379,9672,7057,5345,3340,2323,259877,Atlantic County Class by Hour.xlsx,Sheet4
00030G_2_EB,Bus,11,11,5,10,29,10,15,12,47,33,48,60,47,58,42,42,33,26,20,14,4,10,7,9,603,Atlantic County Class by Hour.xlsx,Sheet4
00030G_2_EB,SU 2A-6T,105,108,108,171,165,397,1300,2551,1787,1384,1321,1586,1388,1821,1847,1800,1426,1004,607,375,319,232,199,169,22170,Atlantic County Class by Hour.xlsx,Sheet4
00030G_2_EB,SU 3 Axles,9,7,6,12,20,120,291,215,197,220,222,243,199,175,137,97,80,56,23,14,21,8,9,4,2385,Atlantic County Class by Hour.xlsx,Sheet4
00030G_2_EB,SU 4+Axles,1,2,0,0,0,6,33,68,113,64,121,74,80,89,102,37,1,1,2,2,2,0,1,1,800,Atlantic County Class by Hour.xlsx,Sheet4
00030G_2_EB,STT 3-4 Axles,9,3,22,31,22,8,25,73,51,71,65,84,63,26,33,25,202,137,13,8,2,0,0,2,975,Atlantic County Class by Hour.xlsx,Sheet4
00030G_2_EB,STT 5 Axles,26,29,27,32,54,105,154,162,162,157,177,156,135,127,119,122,91,66,84,138,70,67,48,24,2332,Atlantic County Class by Hour.xlsx,Sheet4
00030G_2_EB,STT 6+ Axles,0,0,0,2,0,2,9,27,21,20,15,13,9,10,12,6,8,5,2,0,0,1,0,0,162,Atlantic County Class by Hour.xlsx,Sheet4
00030G_2_EB,MTT 5 Axles,0,0,0,0,0,0,0,0,0,0,0,0,0,0,0,0,0,0,0,0,0,0,0,0,0,Atlantic County Class by Hour.xlsx,Sheet4
00030G_2_EB,MTT 6 Axles,0,0,0,0,0,0,0,0,0,0,0,0,0,0,0,0,0,0,0,0,0,0,0,0,0,Atlantic County Class by Hour.xlsx,Sheet4
00030G_2_EB,MTT 7+ Axles,0,0,0,0,0,0,0,1,0,0,0,2,1,2,0,1,1,0,1,0,0,0,0,0,9,Atlantic County Class by Hour.xlsx,Sheet4
00030G_2_EB,Unclassified,0,0,0,0,0,0,0,0,0,0,0,0,0,0,0,0,0,0,0,0,0,0,0,0,0,Atlantic County Class by Hour.xlsx,Sheet4
00030G_2_EB,BC(4-13),161,160,168,258,290,648,1827,3109,2378,1949,1969,2218,1922,2308,2292,2130,1842,1295,752,551,418,318,264,209,29436,Atlantic County Class by Hour.xlsx,Sheet4
00030G_2_EB,Total,9024,5785,4111,4508,7829,19716,53882,79710,79725,66152,65170,67573,73199,74408,84804,90128,90592,83599,68375,49151,37958,30874,22784,16249,1185306,Atlantic County Class by Hour.xlsx,Sheet4
00030G_2_WB,M-cycle,7,7,2,3,1,3,6,11,10,35,94,113,141,211,189,199,181,133,101,51,39,30,18,13,1598,Atlantic County Class by Hour.xlsx,Sheet5
00030G_2_WB,Car,5710,3514,2763,2500,3631,7083,15056,27904,28637,23195,24920,34356,41923,43840,51296,64278,67986,57952,37818,28872,21721,14902,11418,10024,631299,Atlantic County Class by Hour.xlsx,Sheet5
00030G_2_WB,Pickup,2915,1826,1203,1421,2568,4397,9337,16642,18448,18934,22446,20626,19602,19424,22584,27986,27783,23369,17214,13649,10427,7233,5507,4526,320067,Atlantic County Class by Hour.xlsx,Sheet5
00030G_2_WB,Bus,6,17,3,13,12,11,8,16,31,35,29,38,55,37,55,39,32,49,28,14,14,17,15,16,590,Atlantic County Class by Hour.xlsx,Sheet5
00030G_2_WB,SU 2A-6T,202,152,152,166,208,725,1005,1384,1902,1946,2485,1828,1641,1719,1878,2258,1946,1344,973,775,602,446,329,270,26336,Atlantic County Class by Hour.xlsx,Sheet5
00030G_2_WB,SU 3 Axles,2,3,4,7,37,43,45,58,80,107,148,193,158,138,118,94,60,31,18,8,8,6,7,2,1375,Atlantic County Class by Hour.xlsx,Sheet5
00030G_2_WB,SU 4+Axles,0,0,3,1,2,0,0,2,3,6,8,9,10,10,5,2,6,3,1,0,0,1,1,0,73,Atlantic County Class by Hour.xlsx,Sheet5
00030G_2_WB,STT 3-4 Axles,17,0,0,3,2,6,17,12,20,20,54,47,53,54,64,46,33,20,14,18,14,14,4,34,566,Atlantic County Class by Hour.xlsx,Sheet5
00030G_2_WB,STT 5 Axles,39,35,30,38,47,28,22,63,75,94,96,79,107,70,73,60,49,23,27,77,70,116,45,27,1390,Atlantic County Class by Hour.xlsx,Sheet5
00030G_2_WB,STT 6+ Axles,0,0,0,0,1,0,1,0,4,1,6,7,7,3,8,5,4,1,2,2,0,1,1,0,54,Atlantic County Class by Hour.xlsx,Sheet5
00030G_2_WB,MTT 5 Axles,0,0,0,0,0,0,0,0,0,0,0,0,0,0,0,0,0,0,0,0,0,0,0,0,0,Atlantic County Class by Hour.xlsx,Sheet5
00030G_2_WB,MTT 6 Axles,0,0,0,0,0,0,0,0,0,0,0,0,0,0,0,0,0,0,0,0,0,0,0,0,0,Atlantic County Class by Hour.xlsx,Sheet5
00030G_2_WB,MTT 7+ Axles,0,0,0,0,0,0,0,1,0,0,2,0,1,0,0,0,0,0,0,0,0,0,0,0,4,Atlantic County Class by Hour.xlsx,Sheet5
00030G_2_WB,Unclassified,0,0,0,0,0,0,0,0,0,0,0,0,0,0,0,0,0,0,0,0,0,0,0,0,0,Atlantic County Class by Hour.xlsx,Sheet5
00030G_2_WB,BC(4-13),266,207,192,228,309,813,1098,1536,2115,2209,2828,2201,2032,2031,2201,2504,2130,1471,1063,894,708,601,402,349,30388,Atlantic County Class by Hour.xlsx,Sheet5
00030G_2_WB,Total,8898,5554,4160,4152,6509,12296,25497,46093,49210,44373,50288,57296,63698,65506,76270,94967,98080,82925,56196,43466,32895,22766,17345,14912,983352,Atlantic County Class by Hour.xlsx,Sheet5
00030G_EB,M-cycle,11,6,8,3,4,4,18,41,82,125,228,310,406,412,395,342,335,264,241,159,93,76,56,26,3645,Atlantic County Class by Hour.xlsx,Sheet6
00030G_EB,Car,16042,9655,7059,7982,11845,30275,72579,113756,117444,101775,104291,111089,121372,123076,138111,143254,147367,137027,116981,88127,70418,58830,44503,30020,1922878,Atlantic County Class by Hour.xlsx,Sheet6
00030G_EB,Pickup,3391,2299,1990,1842,4964,13160,32887,40385,40708,37567,37343,37626,39076,39912,42485,46468,43344,37979,29597,22062,16821,12621,8447,5528,598502,Atlantic County Class by Hour.xlsx,Sheet6
00030G_EB,Bus,325,372,348,344,341,347,363,465,742,398,472,445,384,431,405,638,375,361,591,320,213,473,341,382,9876,Atlantic County Class by Hour.xlsx,Sheet6
00030G_EB,SU 2A-6T,229,195,166,242,295,992,3718,6256,5486,4155,3636,3840,3381,4107,4230,3865,2963,2133,1333,836,614,423,364,335,53794,Atlantic County Class by Hour.xlsx,Sheet6
00030G_EB,SU 3 Axles,15,13,15,24,52,244,731,462,514,589,555,530,503,431,381,272,189,139,72,48,47,26,16,19,5887,Atlantic County Class by Hour.xlsx,Sheet6
00030G_EB,SU 4+Axles,2,3,2,1,2,10,72,142,252,196,259,210,191,195,185,70,13,5,6,3,3,0,2,4,1828,Atlantic County Class by Hour.xlsx,Sheet6
00030G_EB,STT 3-4 Axles,209,10,64,59,49,24,50,171,124,158,160,179,123,71,77,47,238,153,25,14,7,4,3,4,2023,Atlantic County Class by Hour.xlsx,Sheet6
00030G_EB,STT 5 Axles,42,47,45,46,81,238,301,357,372,339,354,338,311,257,232,235,181,151,156,232,128,118,83,47,4691,Atlantic County Class by Hour.xlsx,Sheet6
00030G_EB,STT 6+ Axles,0,0,0,2,4,2,17,42,30,28,24,27,25,14,19,12,11,5,3,2,1,1,1,0,270,Atlantic County Class by Hour.xlsx,Sheet6
00030G_EB,MTT 5 Axles,0,0,1,0,0,0,0,0,0,0,0,0,0,0,0,0,0,0,0,0,0,0,0,0,1,Atlantic County Class by Hour.xlsx,Sheet6
00030G_EB,MTT 6 Axles,3,0,0,0,0,0,0,0,0,0,0,0,0,0,0,0,0,0,0,0,0,0,1,2,6,Atlantic County Class by Hour.xlsx,Sheet6
00030G_EB,MTT 7+ Axles,0,0,0,0,0,1,1,3,2,1,0,2,4,5,3,1,3,0,1,0,0,0,0,0,27,Atlantic County Class by Hour.xlsx,Sheet6
00030G_EB,Unclassified,0,0,0,0,0,0,0,0,0,0,0,0,0,0,0,0,0,0,0,0,0,0,0,0,0,Atlantic County Class by Hour.xlsx,Sheet6
00030G_EB,BC(4-13),825,640,641,718,824,1858,5253,7898,7522,5864,5460,5571,4922,5511,5532,5140,3973,2947,2187,1455,1013,1045,811,793,78403,Atlantic County Class by Hour.xlsx,Sheet6
00030G_EB,Total,20269,12600,9698,10545,17637,45297,110737,162080,165756,145331,147322,154596,165776,168911,186523,195204,195019,178217,149006,111803,88345,72572,53817,36367,2603428,Atlantic County Class by Hour.xlsx,Sheet6
00030G_WB,M-cycle,20,14,12,8,6,6,48,55,52,119,230,336,362,474,442,436,383,322,244,156,127,92,55,48,4047,Atlantic County Class by Hour.xlsx,Sheet7
00030G_WB,Car,23872,14956,10423,9790,16793,30606,58596,90683,91255,84056,87192,107995,122503,125732,143655,171887,185491,164915,120465,97978,79567,58650,46508,40160,1983728,Atlantic County Class by Hour.xlsx,Sheet7
00030G_WB,Pickup,8954,5537,3897,4206,8102,16223,31535,46022,49092,50120,56366,53199,50623,51357,57781,66886,65055,55463,42672,35589,29226,21291,16334,14320,839850,Atlantic County Class by Hour.xlsx,Sheet7
00030G_WB,Bus,365,368,353,518,309,324,348,399,529,537,443,464,481,494,462,435,643,660,391,373,370,376,372,379,10393,Atlantic County Class by Hour.xlsx,Sheet7
00030G_WB,SU 2A-6T,697,544,516,765,885,2311,4471,6784,7511,7066,7185,6080,5409,6167,7177,6672,6673,4048,3092,2307,1955,1506,1166,939,91926,Atlantic County Class by Hour.xlsx,Sheet7
00030G_WB,SU 3 Axles,29,16,33,44,210,344,293,417,547,656,780,786,769,750,641,558,352,206,107,73,49,29,29,30,7748,Atlantic County Class by Hour.xlsx,Sheet7
00030G_WB,SU 4+Axles,2,2,215,5,16,5,5,29,61,80,74,86,67,88,74,46,55,16,7,2,2,2,4,1,944,Atlantic County Class by Hour.xlsx,Sheet7
00030G_WB,STT 3-4 Axles,21,14,28,9,5,25,36,64,127,138,201,203,195,208,275,145,114,78,45,41,23,21,11,47,2074,Atlantic County Class by Hour.xlsx,Sheet7
00030G_WB,STT 5 Axles,87,65,71,121,147,153,195,317,382,441,430,428,448,345,317,300,203,134,95,158,129,168,79,71,5284,Atlantic County Class by Hour.xlsx,Sheet7
00030G_WB,STT 6+ Axles,2,0,0,1,1,3,12,26,31,25,31,31,35,29,26,24,22,5,6,4,0,2,3,0,319,Atlantic County Class by Hour.xlsx,Sheet7
00030G_WB,MTT 5 Axles,0,0,0,0,0,0,0,0,0,0,0,0,0,1,0,0,0,0,0,0,0,0,0,1,2,Atlantic County Class by Hour.xlsx,Sheet7
00030G_WB,MTT 6 Axles,0,0,0,0,0,0,0,0,0,0,0,0,0,1,0,0,0,0,0,0,0,0,0,0,1,Atlantic County Class by Hour.xlsx,Sheet7
00030G_WB,MTT 7+ Axles,0,0,0,0,0,0,2,4,1,3,3,4,2,3,1,2,5,1,0,0,0,0,0,0,31,Atlantic County Class by Hour.xlsx,Sheet7
00030G_WB,Unclassified,0,0,0,0,0,0,0,0,0,0,0,0,0,0,0,0,0,0,0,0,0,0,0,0,0,Atlantic County Class by Hour.xlsx,Sheet7
00030G_WB,BC(4-13),1203,1009,1216,1463,1573,3165,5362,8040,9189,8946,9147,8082,7406,8086,8973,8182,8067,5148,3743,2958,2528,2104,1664,1468,118722,Atlantic County Class by Hour.xlsx,Sheet7
00030G_WB,Total,34049,21516,15548,15467,26474,50000,95541,144800,149588,143241,152935,169612,180894,185649,210851,247391,258996,225848,167124,136681,111448,82137,64561,55996,2946347,Atlantic County Class by Hour.xlsx,Sheet7
00030M,M-cycle,6,7,8,25,13,40,39,37,66,184,334,442,444,518,490,436,383,325,235,153,109,73,34,20,4421,Atlantic County Class by Hour.xlsx,Sheet8
00030M,Car,19759,13551,13603,18588,37796,96615,155967,175896,151107,155405,175958,197952,207520,217280,241942,265557,268033,213810,158083,125292,99691,77090,56385,34654,3177534,Atlantic County Class by Hour.xlsx,Sheet8
00030M,Pickup,5162,3790,4661,7837,18931,42998,63758,67439,68701,73386,71872,73485,75557,80068,88223,95062,86036,68702,50744,40464,30504,20215,12963,8153,1158711,Atlantic County Class by Hour.xlsx,Sheet8
00030M,Bus,822,725,832,782,752,831,961,1221,1133,1060,1024,902,921,967,1119,810,1036,1327,713,640,880,702,892,674,21726,Atlantic County Class by Hour.xlsx,Sheet8
00030M,SU 2A-6T,521,509,818,1041,2355,5270,8461,9026,7960,8202,7119,6415,6541,6388,7075,6855,5419,4026,2914,2356,1631,1212,872,587,103573,Atlantic County Class by Hour.xlsx,Sheet8
00030M,SU 3 Axles,103,99,220,402,866,1594,2059,2091,2296,2486,2552,2548,2355,2391,2095,1218,608,389,306,193,153,191,159,110,27484,Atlantic County Class by Hour.xlsx,Sheet8
00030M,SU 4+Axles,47,176,195,62,71,167,417,684,666,667,725,637,730,683,350,144,71,21,3,6,12,49,33,36,6652,Atlantic County Class by Hour.xlsx,Sheet8
00030M,STT 3-4 Axles,20,27,34,87,161,198,377,396,480,670,670,558,548,532,466,370,325,175,109,47,48,66,52,51,6467,Atlantic County Class by Hour.xlsx,Sheet8
00030M,STT 5 Axles,123,137,179,352,600,810,1054,1347,1590,1567,1597,1628,1469,1222,1007,689,562,428,363,258,197,178,138,100,17595,Atlantic County Class by Hour.xlsx,Sheet8
00030M,STT 6+ Axles,3,1,2,4,11,36,78,83,80,69,75,79,66,58,47,32,16,13,8,4,1,2,4,2,774,Atlantic County Class by Hour.xlsx,Sheet8
00030M,MTT 5 Axles,0,1,0,0,0,0,0,0,0,0,0,0,0,1,0,0,0,0,0,0,0,0,0,1,3,Atlantic County Class by Hour.xlsx,Sheet8
00030M,MTT 6 Axles,0,1,0,0,0,0,0,0,0,0,0,0,1,0,0,0,0,0,0,0,0,1,2,3,8,Atlantic County Class by Hour.xlsx,Sheet8
00030M,MTT 7+ Axles,0,0,0,0,0,3,6,4,7,8,8,7,5,5,7,5,1,1,1,0,0,0,0,0,68,Atlantic County Class by Hour.xlsx,Sheet8
00030M,Unclassified,0,0,0,0,0,0,0,0,0,0,0,0,0,0,0,0,0,0,0,0,0,0,0,0,0,Atlantic County Class by Hour.xlsx,Sheet8
00030M,BC(4-13),1639,1676,2280,2730,4816,8909,13413,14852,14212,14729,13770,12774,12636,12247,12166,10123,8038,6380,4417,3504,2922,2401,2152,1564,184350,Atlantic County Class by Hour.xlsx,Sheet8
00030M,Total,26566,19024,20552,29180,61556,148562,233177,258224,234086,243704,261934,284653,296157,310113,342821,371178,362490,289217,213479,169413,133226,99779,71534,44391,4525016,Atlantic County Class by Hour.xlsx,Sheet8
00030M_1_EB,M-cycle,2,4,7,20,7,13,14,23,36,88,150,202,164,209,149,172,134,119,88,57,35,21,9,5,1728,Atlantic County Class by Hour.xlsx,Sheet9
00030M_1_EB,Car,5731,3725,3952,4695,11625,34525,59301,65184,55726,56821,66209,74998,79147,83376,88851,92661,93995,78254,60795,48148,38866,29421,20495,11419,1167920,Atlantic County Class by Hour.xlsx,Sheet9
00030M_1_EB,Pickup,1498,994,1293,1592,5294,15359,23101,24140,26487,29878,27359,26653,27477,28469,30607,31751,29412,25154,19886,15810,11961,7191,4409,2449,418224,Atlantic County Class by Hour.xlsx,Sheet9
00030M_1_EB,Bus,431,372,364,362,354,373,503,801,445,527,491,406,433,443,647,391,369,616,298,240,486,368,392,290,10402,Atlantic County Class by Hour.xlsx,Sheet9
00030M_1_EB,SU 2A-6T,168,150,198,280,865,1930,4037,4482,4082,4228,3447,2979,2812,2785,2860,2732,2195,1667,1164,1047,714,471,308,218,45819,Atlantic County Class by Hour.xlsx,Sheet9
00030M_1_EB,SU 3 Axles,27,35,101,68,162,744,928,787,879,931,982,1016,732,835,823,460,259,137,100,65,59,37,36,21,10224,Atlantic County Class by Hour.xlsx,Sheet9
00030M_1_EB,SU 4+Axles,10,5,9,10,18,127,310,509,481,484,512,465,552,500,213,58,30,10,0,3,2,18,20,11,4357,Atlantic County Class by Hour.xlsx,Sheet9
00030M_1_EB,STT 3-4 Axles,6,5,4,14,20,70,194,196,218,362,386,286,266,226,163,105,66,47,32,16,21,27,12,9,2751,Atlantic County Class by Hour.xlsx,Sheet9
00030M_1_EB,STT 5 Axles,53,53,61,115,339,569,704,782,899,844,872,883,778,612,500,361,264,225,234,139,111,100,67,46,9611,Atlantic County Class by Hour.xlsx,Sheet9
00030M_1_EB,STT 6+ Axles,1,0,1,0,4,26,57,41,47,29,31,31,19,23,13,9,5,4,4,4,0,0,2,0,351,Atlantic County Class by Hour.xlsx,Sheet9
00030M_1_EB,MTT 5 Axles,0,1,0,0,0,0,0,0,0,0,0,0,0,0,0,0,0,0,0,0,0,0,0,0,1,Atlantic County Class by Hour.xlsx,Sheet9
00030M_1_EB,MTT 6 Axles,0,1,0,0,0,0,0,0,0,0,0,0,0,0,0,0,0,0,0,0,0,1,2,3,7,Atlantic County Class by Hour.xlsx,Sheet9
00030M_1_EB,MTT 7+ Axles,0,0,0,0,0,3,4,2,1,4,4,5,1,2,3,2,0,1,1,0,0,0,0,0,33,Atlantic County Class by Hour.xlsx,Sheet9
00030M_1_EB,Unclassified,0,0,0,0,0,0,0,0,0,0,0,0,0,0,0,0,0,0,0,0,0,0,0,0,0,Atlantic County Class by Hour.xlsx,Sheet9
00030M_1_EB,BC(4-13),696,622,738,849,1762,3842,6737,7600,7052,7409,6725,6071,5593,5426,5222,4118,3188,2707,1833,1514,1393,1022,839,598,83556,Atlantic County Class by Hour.xlsx,Sheet9
00030M_1_EB,Total,7927,5345,5990,7156,18688,53739,89153,96947,89301,94196,100443,107924,112381,117480,124829,128702,126729,106234,82602,65529,52255,37655,25752,14471,1671428,Atlantic County Class by Hour.xlsx,Sheet9
00030M_1_WB,M-cycle,2,0,0,0,1,19,12,9,13,35,67,84,107,115,121,101,78,89,48,36,20,19,6,7,989,Atlantic County Class by Hour.xlsx,Sheet10
00030M_1_WB,Car,8198,5707,4819,7999,15269,34711,49932,59334,56885,59846,65144,70727,72533,73905,82353,93322,94602,75833,55884,45430,35999,29029,20783,13682,1131926,Atlantic County Class by Hour.xlsx,Sheet10
00030M_1_WB,Pickup,1940,1420,1681,3254,8153,15326,21249,24163,24267,24284,25175,26355,26381,27890,30588,32864,28455,22710,16248,13496,10101,7103,4686,3080,400869,Atlantic County Class by Hour.xlsx,Sheet10
00030M_1_WB,Bus,328,338,446,366,359,423,401,325,609,453,458,401,391,433,371,354,605,628,384,378,367,312,479,368,9977,Atlantic County Class by Hour.xlsx,Sheet10
00030M_1_WB,SU 2A-6T,109,129,264,301,851,1806,2575,2569,2161,2012,1939,1823,2044,1942,2269,1982,1599,1034,817,524,328,290,214,134,29716,Atlantic County Class by Hour.xlsx,Sheet10
00030M_1_WB,SU 3 Axles,44,38,79,274,537,655,807,999,1066,1139,1144,1088,1128,1150,934,565,233,165,143,76,52,72,67,59,12514,Atlantic County Class by Hour.xlsx,Sheet10
00030M_1_WB,SU 4+Axles,18,125,150,27,30,24,79,100,111,105,117,99,86,97,87,63,34,8,3,3,8,23,11,13,1421,Atlantic County Class by Hour.xlsx,Sheet10
00030M_1_WB,STT 3-4 Axles,10,19,27,63,113,82,151,151,196,231,205,205,195,225,239,214,222,99,55,21,19,31,25,8,2806,Atlantic County Class by Hour.xlsx,Sheet10
00030M_1_WB,STT 5 Axles,24,25,34,76,140,134,199,390,443,486,465,505,435,361,321,202,202,121,64,64,46,39,38,23,4837,Atlantic County Class by Hour.xlsx,Sheet10
00030M_1_WB,STT 6+ Axles,1,1,0,4,6,8,12,30,22,27,30,37,35,19,21,16,9,7,4,0,0,0,2,2,293,Atlantic County Class by Hour.xlsx,Sheet10
00030M_1_WB,MTT 5 Axles,0,0,0,0,0,0,0,0,0,0,0,0,0,0,0,0,0,0,0,0,0,0,0,1,1,Atlantic County Class by Hour.xlsx,Sheet10
00030M_1_WB,MTT 6 Axles,0,0,0,0,0,0,0,0,0,0,0,0,1,0,0,0,0,0,0,0,0,0,0,0,1,Atlantic County Class by Hour.xlsx,Sheet10
00030M_1_WB,MTT 7+ Axles,0,0,0,0,0,0,1,1,5,3,2,2,3,3,3,2,0,0,0,0,0,0,0,0,25,Atlantic County Class by Hour.xlsx,Sheet10
00030M_1_WB,Unclassified,0,0,0,0,0,0,0,0,0,0,0,0,0,0,0,0,0,0,0,0,0,0,0,0,0,Atlantic County Class by Hour.xlsx,Sheet10
00030M_1_WB,BC(4-13),534,675,1000,1111,2036,3132,4225,4565,4613,4456,4360,4160,4318,4230,4245,3398,2904,2062,1470,1066,820,767,836,608,61591,Atlantic County Class by Hour.xlsx,Sheet10
00030M_1_WB,Total,10674,7802,7500,12364,25459,53188,75418,88071,85778,88621,94746,101326,103339,106140,117307,129685,126039,100694,73650,60028,46940,36918,26311,17377,1595375,Atlantic County Class by Hour.xlsx,Sheet10
00030M_2_EB,M-cycle,1,3,1,4,4,7,11,3,15,35,80,101,103,105,111,87,104,52,39,32,32,24,12,8,974,Atlantic County Class by Hour.xlsx,Sheet11
00030M_2_EB,Car,2140,1394,1839,1775,4724,13799,24469,27818,17986,18287,21833,25896,29072,32619,35339,37520,36958,31131,22352,16273,12906,9388,7574,4095,437187,Atlantic County Class by Hour.xlsx,Sheet11
00030M_2_EB,Pickup,658,451,549,947,2062,6338,10344,10258,9625,11006,10399,10178,10859,11781,12979,13770,12710,10178,7309,5222,4102,2582,1786,1048,167141,Atlantic County Class by Hour.xlsx,Sheet11
00030M_2_EB,Bus,8,3,3,7,12,9,23,41,18,30,43,40,37,28,44,35,20,19,7,8,19,4,10,5,473,Atlantic County Class by Hour.xlsx,Sheet11
00030M_2_EB,SU 2A-6T,123,117,207,229,132,538,759,1038,923,1146,947,730,709,672,803,876,602,533,390,392,271,186,157,98,12578,Atlantic County Class by Hour.xlsx,Sheet11
00030M_2_EB,SU 3 Axles,13,13,20,6,31,63,119,90,93,135,122,138,136,135,110,67,37,26,22,22,12,14,16,10,1450,Atlantic County Class by Hour.xlsx,Sheet11
00030M_2_EB,SU 4+Axles,0,0,0,0,5,12,23,60,56,60,79,59,78,67,37,5,3,1,0,0,0,0,1,1,547,Atlantic County Class by Hour.xlsx,Sheet11
00030M_2_EB,STT 3-4 Axles,1,1,0,0,3,23,13,15,29,47,49,32,38,39,24,18,12,10,11,6,5,4,9,5,394,Atlantic County Class by Hour.xlsx,Sheet11
00030M_2_EB,STT 5 Axles,17,37,30,47,47,50,82,80,107,115,135,118,124,124,88,57,44,50,40,30,23,21,18,18,1502,Atlantic County Class by Hour.xlsx,Sheet11
00030M_2_EB,STT 6+ Axles,1,0,1,0,0,2,9,6,6,3,5,4,1,3,1,0,1,1,0,0,1,1,0,0,46,Atlantic County Class by Hour.xlsx,Sheet11
00030M_2_EB,MTT 5 Axles,0,0,0,0,0,0,0,0,0,0,0,0,0,0,0,0,0,0,0,0,0,0,0,0,0,Atlantic County Class by Hour.xlsx,Sheet11
00030M_2_EB,MTT 6 Axles,0,0,0,0,0,0,0,0,0,0,0,0,0,0,0,0,0,0,0,0,0,0,0,0,0,Atlantic County Class by Hour.xlsx,Sheet11
00030M_2_EB,MTT 7+ Axles,0,0,0,0,0,0,0,1,1,0,0,0,0,0,0,1,0,0,0,0,0,0,0,0,3,Atlantic County Class by Hour.xlsx,Sheet11
00030M_2_EB,Unclassified,0,0,0,0,0,0,0,0,0,0,0,0,0,0,0,0,0,0,0,0,0,0,0,0,0,Atlantic County Class by Hour.xlsx,Sheet11
00030M_2_EB,BC(4-13),163,171,261,289,230,697,1028,1331,1233,1536,1380,1121,1123,1068,1107,1059,719,640,470,458,331,230,211,137,16993,Atlantic County Class by Hour.xlsx,Sheet11
00030M_2_EB,Total,2962,2019,2650,3015,7020,20841,35852,39410,28859,30864,33692,37296,41157,45573,49536,52436,50491,42001,30170,21985,17371,12224,9583,5288,622295,Atlantic County Class by Hour.xlsx,Sheet11
00030M_2_WB,M-cycle,1,0,0,1,1,1,2,2,2,26,37,55,70,89,109,76,67,65,60,28,22,9,7,0,730,Atlantic County Class by Hour.xlsx,Sheet12
00030M_2_WB,Car,3690,2725,2993,4119,6178,13580,22265,23560,20510,20451,22772,26331,26768,27380,35399,42054,42478,28592,19052,15441,11920,9252,7533,5458,440501,Atlantic County Class by Hour.xlsx,Sheet12
00030M_2_WB,Pickup,1066,925,1138,2044,3422,5975,9064,8878,8322,8218,8939,10299,10840,11928,14049,16677,15459,10660,7301,5936,4340,3339,2082,1576,172477,Atlantic County Class by Hour.xlsx,Sheet12
00030M_2_WB,Bus,55,12,19,47,27,26,34,54,61,50,32,55,60,63,57,30,42,64,24,14,8,18,11,11,874,Atlantic County Class by Hour.xlsx,Sheet12
00030M_2_WB,SU 2A-6T,121,113,149,231,507,996,1090,937,794,816,786,883,976,989,1143,1265,1023,792,543,393,318,265,193,137,15460,Atlantic County Class by Hour.xlsx,Sheet12
00030M_2_WB,SU 3 Axles,19,13,20,54,136,132,205,215,258,281,304,306,359,271,228,126,79,61,41,30,30,68,40,20,3296,Atlantic County Class by Hour.xlsx,Sheet12
00030M_2_WB,SU 4+Axles,19,46,36,25,18,4,5,15,18,18,17,14,14,19,13,18,4,2,0,0,2,8,1,11,327,Atlantic County Class by Hour.xlsx,Sheet12
00030M_2_WB,STT 3-4 Axles,3,2,3,10,25,23,19,34,37,30,30,35,49,42,40,33,25,19,11,4,3,4,6,29,516,Atlantic County Class by Hour.xlsx,Sheet12
00030M_2_WB,STT 5 Axles,29,22,54,114,74,57,69,95,141,122,125,122,132,125,98,69,52,32,25,25,17,18,15,13,1645,Atlantic County Class by Hour.xlsx,Sheet12
00030M_2_WB,STT 6+ Axles,0,0,0,0,1,0,0,6,5,10,9,7,11,13,12,7,1,1,0,0,0,1,0,0,84,Atlantic County Class by Hour.xlsx,Sheet12
00030M_2_WB,MTT 5 Axles,0,0,0,0,0,0,0,0,0,0,0,0,0,1,0,0,0,0,0,0,0,0,0,0,1,Atlantic County Class by Hour.xlsx,Sheet12
00030M_2_WB,MTT 6 Axles,0,0,0,0,0,0,0,0,0,0,0,0,0,0,0,0,0,0,0,0,0,0,0,0,0,Atlantic County Class by Hour.xlsx,Sheet12
00030M_2_WB,MTT 7+ Axles,0,0,0,0,0,0,1,0,0,1,2,0,1,0,1,0,1,0,0,0,0,0,0,0,7,Atlantic County Class by Hour.xlsx,Sheet12
00030M_2_WB,Unclassified,0,0,0,0,0,0,0,0,0,0,0,0,0,0,0,0,0,0,0,0,0,0,0,0,0,Atlantic County Class by Hour.xlsx,Sheet12
00030M_2_WB,BC(4-13),246,208,281,481,788,1238,1423,1356,1314,1328,1305,1422,1602,1523,1592,1548,1227,971,644,466,378,382,266,221,22210,Atlantic County Class by Hour.xlsx,Sheet12
00030M_2_WB,Total,5003,3858,4412,6645,10389,20794,32754,33796,30148,30023,33053,38107,39280,40920,51149,60355,59231,40288,27057,21871,16660,12982,9888,7255,635918,Atlantic County Class by Hour.xlsx,Sheet12
00030M_EB,M-cycle,3,7,8,24,11,20,25,26,51,123,230,303,267,314,260,259,238,171,127,89,67,45,21,13,2702,Atlantic County Class by Hour.xlsx,Sheet13
00030M_EB,Car,7871,5119,5791,6470,16349,48324,83770,93002,73712,75108,88042,100894,108219,115995,124190,130181,130953,109385,83147,64421,51772,38809,28069,15514,1605107,Atlantic County Class by Hour.xlsx,Sheet13
00030M_EB,Pickup,2156,1445,1842,2539,7356,21697,33445,34398,36112,40884,37758,36831,38336,40250,43586,45521,42122,35332,27195,21032,16063,9773,6195,3497,585365,Atlantic County Class by Hour.xlsx,Sheet13
00030M_EB,Bus,439,375,367,369,366,382,526,842,463,557,534,446,470,471,691,426,389,635,305,248,505,372,402,295,10875,Atlantic County Class by Hour.xlsx,Sheet13
00030M_EB,SU 2A-6T,291,267,405,509,997,2468,4796,5520,5005,5374,4394,3709,3521,3457,3663,3608,2797,2200,1554,1439,985,657,465,316,58397,Atlantic County Class by Hour.xlsx,Sheet13
00030M_EB,SU 3 Axles,40,48,121,74,193,807,1047,877,972,1066,1104,1154,868,970,933,527,296,163,122,87,71,51,52,31,11674,Atlantic County Class by Hour.xlsx,Sheet13
00030M_EB,SU 4+Axles,10,5,9,10,23,139,333,569,537,544,591,524,630,567,250,63,33,11,0,3,2,18,21,12,4904,Atlantic County Class by Hour.xlsx,Sheet13
00030M_EB,STT 3-4 Axles,7,6,4,14,23,93,207,211,247,409,435,318,304,265,187,123,78,57,43,22,26,31,21,14,3145,Atlantic County Class by Hour.xlsx,Sheet13
00030M_EB,STT 5 Axles,70,90,91,162,386,619,786,862,1006,959,1007,1001,902,736,588,418,308,275,274,169,134,121,85,64,11113,Atlantic County Class by Hour.xlsx,Sheet13
00030M_EB,STT 6+ Axles,2,0,2,0,4,28,66,47,53,32,36,35,20,26,14,9,6,5,4,4,1,1,2,0,397,Atlantic County Class by Hour.xlsx,Sheet13
00030M_EB,MTT 5 Axles,0,1,0,0,0,0,0,0,0,0,0,0,0,0,0,0,0,0,0,0,0,0,0,0,1,Atlantic County Class by Hour.xlsx,Sheet13
00030M_EB,MTT 6 Axles,0,1,0,0,0,0,0,0,0,0,0,0,0,0,0,0,0,0,0,0,0,1,2,3,7,Atlantic County Class by Hour.xlsx,Sheet13
00030M_EB,MTT 7+ Axles,0,0,0,0,0,3,4,3,2,4,4,5,1,2,3,3,0,1,1,0,0,0,0,0,36,Atlantic County Class by Hour.xlsx,Sheet13
00030M_EB,Unclassified,0,0,0,0,0,0,0,0,0,0,0,0,0,0,0,0,0,0,0,0,0,0,0,0,0,Atlantic County Class by Hour.xlsx,Sheet13
00030M_EB,BC(4-13),859,793,999,1138,1992,4539,7765,8931,8285,8945,8105,7192,6716,6494,6329,5177,3907,3347,2303,1972,1724,1252,1050,735,100549,Atlantic County Class by Hour.xlsx,Sheet13
00030M_EB,Total,10889,7364,8640,10171,25708,74580,125005,136357,118160,125060,134135,145220,153538,163053,174365,181138,177220,148235,112772,87514,69626,49879,35335,19759,2293723,Atlantic County Class by Hour.xlsx,Sheet13
00030M_WB,M-cycle,3,0,0,1,2,20,14,11,15,61,104,139,177,204,230,177,145,154,108,64,42,28,13,7,1719,Atlantic County Class by Hour.xlsx,Sheet14
00030M_WB,Car,11888,8432,7812,12118,21447,48291,72197,82894,77395,80297,87916,97058,99301,101285,117752,135376,137080,104425,74936,60871,47919,38281,28316,19140,1572427,Atlantic County Class by Hour.xlsx,Sheet14
00030M_WB,Pickup,3006,2345,2819,5298,11575,21301,30313,33041,32589,32502,34114,36654,37221,39818,44637,49541,43914,33370,23549,19432,14441,10442,6768,4656,573346,Atlantic County Class by Hour.xlsx,Sheet14
00030M_WB,Bus,383,350,465,413,386,449,435,379,670,503,490,456,451,496,428,384,647,692,408,392,375,330,490,379,10851,Atlantic County Class by Hour.xlsx,Sheet14
00030M_WB,SU 2A-6T,230,242,413,532,1358,2802,3665,3506,2955,2828,2725,2706,3020,2931,3412,3247,2622,1826,1360,917,646,555,407,271,45176,Atlantic County Class by Hour.xlsx,Sheet14
00030M_WB,SU 3 Axles,63,51,99,328,673,787,1012,1214,1324,1420,1448,1394,1487,1421,1162,691,312,226,184,106,82,140,107,79,15810,Atlantic County Class by Hour.xlsx,Sheet14
00030M_WB,SU 4+Axles,37,171,186,52,48,28,84,115,129,123,134,113,100,116,100,81,38,10,3,3,10,31,12,24,1748,Atlantic County Class by Hour.xlsx,Sheet14
00030M_WB,STT 3-4 Axles,13,21,30,73,138,105,170,185,233,261,235,240,244,267,279,247,247,118,66,25,22,35,31,37,3322,Atlantic County Class by Hour.xlsx,Sheet14
00030M_WB,STT 5 Axles,53,47,88,190,214,191,268,485,584,608,590,627,567,486,419,271,254,153,89,89,63,57,53,36,6482,Atlantic County Class by Hour.xlsx,Sheet14
00030M_WB,STT 6+ Axles,1,1,0,4,7,8,12,36,27,37,39,44,46,32,33,23,10,8,4,0,0,1,2,2,377,Atlantic County Class by Hour.xlsx,Sheet14
00030M_WB,MTT 5 Axles,0,0,0,0,0,0,0,0,0,0,0,0,0,1,0,0,0,0,0,0,0,0,0,1,2,Atlantic County Class by Hour.xlsx,Sheet14
00030M_WB,MTT 6 Axles,0,0,0,0,0,0,0,0,0,0,0,0,1,0,0,0,0,0,0,0,0,0,0,0,1,Atlantic County Class by Hour.xlsx,Sheet14
00030M_WB,MTT 7+ Axles,0,0,0,0,0,0,2,1,5,4,4,2,4,3,4,2,1,0,0,0,0,0,0,0,32,Atlantic County Class by Hour.xlsx,Sheet14
00030M_WB,Unclassified,0,0,0,0,0,0,0,0,0,0,0,0,0,0,0,0,0,0,0,0,0,0,0,0,0,Atlantic County Class by Hour.xlsx,Sheet14
00030M_WB,BC(4-13),780,883,1281,1592,2824,4370,5648,5921,5927,5784,5665,5582,5920,5753,5837,4946,4131,3033,2114,1532,1198,1149,1102,829,83801,Atlantic County Class by Hour.xlsx,Sheet14
00030M_WB,Total,15677,11660,11912,19009,35848,73982,108172,121867,115926,118644,127799,139433,142619,147060,168456,190040,185270,140982,100707,81899,63600,49900,36199,24632,2231293,Atlantic County Class by Hour.xlsx,Sheet14
00040B_1_WB,M-cycle,10,3,8,0,2,0,4,6,9,9,19,24,36,44,41,60,49,48,47,23,48,27,28,15,560,Atlantic County Class by Hour.xlsx,Sheet15
00040B_1_WB,Car,11436,7462,5909,5429,6742,6775,12480,20391,25667,26951,28815,31042,33439,33456,36985,40145,39658,38094,31452,27114,25440,20635,18953,15881,550351,Atlantic County Class by Hour.xlsx,Sheet15
00040B_1_WB,Pickup,3768,2203,1968,1666,1961,2718,5950,10499,11185,10871,10874,11660,11879,11877,12709,14235,14202,13394,11105,9133,8012,6587,5651,4494,198601,Atlantic County Class by Hour.xlsx,Sheet15
00040B_1_WB,Bus,1,3,3,0,3,2,1,4,6,15,20,34,44,29,31,26,33,16,15,0,7,5,0,4,302,Atlantic County Class by Hour.xlsx,Sheet15
00040B_1_WB,SU 2A-6T,488,356,250,246,292,458,1318,2945,2529,2028,2095,1911,1960,2120,2216,2534,2135,1872,1513,866,781,638,575,489,32615,Atlantic County Class by Hour.xlsx,Sheet15
00040B_1_WB,SU 3 Axles,5,3,2,2,0,12,45,149,290,327,277,319,292,274,272,167,69,26,6,9,10,5,7,9,2577,Atlantic County Class by Hour.xlsx,Sheet15
00040B_1_WB,SU 4+Axles,0,0,0,0,1,0,0,23,31,52,47,50,39,38,43,25,7,3,4,5,6,3,4,1,382,Atlantic County Class by Hour.xlsx,Sheet15
00040B_1_WB,STT 3-4 Axles,0,1,0,0,0,1,6,18,19,19,41,37,32,38,33,20,34,26,12,2,1,0,3,0,343,Atlantic County Class by Hour.xlsx,Sheet15
00040B_1_WB,STT 5 Axles,4,7,16,6,3,2,29,32,44,60,55,43,40,37,29,33,27,11,1,2,5,3,7,1,497,Atlantic County Class by Hour.xlsx,Sheet15
00040B_1_WB,STT 6+ Axles,0,1,0,0,0,0,0,0,0,5,2,4,0,0,0,1,4,0,1,0,1,0,1,0,20,Atlantic County Class by Hour.xlsx,Sheet15
00040B_1_WB,MTT 5 Axles,0,0,0,0,0,0,0,0,0,0,0,0,0,0,0,0,0,0,0,0,0,0,0,0,0,Atlantic County Class by Hour.xlsx,Sheet15
00040B_1_WB,MTT 6 Axles,0,0,0,0,0,0,0,0,0,0,0,0,0,0,0,0,0,0,0,0,0,0,0,0,0,Atlantic County Class by Hour.xlsx,Sheet15
00040B_1_WB,MTT 7+ Axles,0,0,0,0,0,0,0,0,0,1,0,0,0,0,0,0,0,0,0,0,0,0,0,0,1,Atlantic County Class by Hour.xlsx,Sheet15
00040B_1_WB,Unclassified,0,0,0,0,0,0,0,0,0,0,0,0,0,0,0,0,0,0,0,0,0,0,0,0,0,Atlantic County Class by Hour.xlsx,Sheet15
00040B_1_WB,BC(4-13),498,371,271,254,299,475,1399,3171,2919,2507,2537,2398,2407,2536,2624,2806,2309,1954,1552,884,811,654,597,504,36737,Atlantic County Class by Hour.xlsx,Sheet15
00040B_1_WB,Total,15712,10039,8156,7349,9004,9968,19833,34067,39780,40338,42245,45124,47761,47913,52359,57246,56218,53490,44156,37154,34311,27903,25229,20894,786249,Atlantic County Class by Hour.xlsx,Sheet15
00040B_2_WB,M-cycle,25,23,12,21,18,21,31,65,111,86,119,127,112,140,135,158,148,148,132,82,65,54,26,30,1889,Atlantic County Class by Hour.xlsx,Sheet16
00040B_2_WB,Car,10322,6023,4753,4505,6084,6015,11622,23541,28213,27018,28766,32016,35750,36768,40652,46313,46074,45773,35654,29428,26441,19509,17452,13985,582677,Atlantic County Class by Hour.xlsx,Sheet16
00040B_2_WB,Pickup,4771,2700,2327,1743,2372,2904,5915,11725,12968,12052,12848,13585,14204,14132,15399,18319,18220,16028,12816,11300,10502,8638,7222,5992,238682,Atlantic County Class by Hour.xlsx,Sheet16
00040B_2_WB,Bus,8,4,1,3,3,19,8,8,18,24,40,42,41,44,27,19,18,9,6,9,2,2,7,3,365,Atlantic County Class by Hour.xlsx,Sheet16
00040B_2_WB,SU 2A-6T,39,36,21,39,36,91,252,203,328,329,369,329,364,392,370,417,426,270,208,142,114,87,71,54,4987,Atlantic County Class by Hour.xlsx,Sheet16
00040B_2_WB,SU 3 Axles,3,1,0,0,0,3,3,16,28,29,40,45,58,71,32,25,15,10,8,7,10,4,7,2,417,Atlantic County Class by Hour.xlsx,Sheet16
00040B_2_WB,SU 4+Axles,0,0,0,0,1,0,0,1,2,0,7,9,6,4,3,0,1,0,1,2,0,1,0,0,38,Atlantic County Class by Hour.xlsx,Sheet16
00040B_2_WB,STT 3-4 Axles,0,0,0,0,0,0,0,4,3,6,7,10,14,9,20,8,50,37,9,2,5,0,2,0,186,Atlantic County Class by Hour.xlsx,Sheet16
00040B_2_WB,STT 5 Axles,0,6,4,2,0,1,6,14,16,16,18,17,19,11,12,11,4,3,5,2,0,1,1,1,170,Atlantic County Class by Hour.xlsx,Sheet16
00040B_2_WB,STT 6+ Axles,0,0,0,0,0,0,0,0,0,0,0,0,0,1,0,0,0,0,0,0,0,0,0,0,1,Atlantic County Class by Hour.xlsx,Sheet16
00040B_2_WB,MTT 5 Axles,0,0,0,0,0,0,0,0,0,0,0,0,0,0,0,0,0,0,0,0,0,0,0,0,0,Atlantic County Class by Hour.xlsx,Sheet16
00040B_2_WB,MTT 6 Axles,0,0,0,0,0,0,0,0,0,0,0,0,0,0,0,0,0,0,0,0,0,0,0,0,0,Atlantic County Class by Hour.xlsx,Sheet16
00040B_2_WB,MTT 7+ Axles,0,0,0,0,0,0,0,0,0,0,0,0,0,0,0,0,0,0,0,0,0,0,0,0,0,Atlantic County Class by Hour.xlsx,Sheet16
00040B_2_WB,Unclassified,0,0,0,0,0,0,0,0,0,0,0,0,0,0,0,0,0,0,0,0,0,0,0,0,0,Atlantic County Class by Hour.xlsx,Sheet16
00040B_2_WB,BC(4-13),50,47,26,44,40,114,269,246,395,404,481,452,502,532,464,480,514,329,237,164,131,95,88,60,6164,Atlantic County Class by Hour.xlsx,Sheet16
00040B_2_WB,Total,15168,8793,7118,6313,8514,9054,17837,35577,41687,39560,42214,46180,50568,51572,56650,65270,64956,62278,48839,40974,37139,28296,24788,20067,829412,Atlantic County Class by Hour.xlsx,Sheet16
00040B_WB,M-cycle,35,26,20,21,20,21,35,71,120,95,138,151,148,184,176,218,197,196,179,105,113,81,54,45,2449,Atlantic County Class by Hour.xlsx,Sheet17
00040B_WB,Car,21758,13485,10662,9934,12826,12790,24102,43932,53880,53969,57581,63058,69189,70224,77637,86458,85732,83867,67106,56542,51881,40144,36405,29866,1133028,Atlantic County Class by Hour.xlsx,Sheet17
00040B_WB,Pickup,8539,4903,4295,3409,4333,5622,11865,22224,24153,22923,23722,25245,26083,26009,28108,32554,32422,29422,23921,20433,18514,15225,12873,10486,437283,Atlantic County Class by Hour.xlsx,Sheet17
00040B_WB,Bus,9,7,4,3,6,21,9,12,24,39,60,76,85,73,58,45,51,25,21,9,9,7,7,7,667,Atlantic County Class by Hour.xlsx,Sheet17
00040B_WB,SU 2A-6T,527,392,271,285,328,549,1570,3148,2857,2357,2464,2240,2324,2512,2586,2951,2561,2142,1721,1008,895,725,646,543,37602,Atlantic County Class by Hour.xlsx,Sheet17
00040B_WB,SU 3 Axles,8,4,2,2,0,15,48,165,318,356,317,364,350,345,304,192,84,36,14,16,20,9,14,11,2994,Atlantic County Class by Hour.xlsx,Sheet17
00040B_WB,SU 4+Axles,0,0,0,0,2,0,0,24,33,52,54,59,45,42,46,25,8,3,5,7,6,4,4,1,420,Atlantic County Class by Hour.xlsx,Sheet17
00040B_WB,STT 3-4 Axles,0,1,0,0,0,1,6,22,22,25,48,47,46,47,53,28,84,63,21,4,6,0,5,0,529,Atlantic County Class by Hour.xlsx,Sheet17
00040B_WB,STT 5 Axles,4,13,20,8,3,3,35,46,60,76,73,60,59,48,41,44,31,14,6,4,5,4,8,2,667,Atlantic County Class by Hour.xlsx,Sheet17
00040B_WB,STT 6+ Axles,0,1,0,0,0,0,0,0,0,5,2,4,0,1,0,1,4,0,1,0,1,0,1,0,21,Atlantic County Class by Hour.xlsx,Sheet17
00040B_WB,MTT 5 Axles,0,0,0,0,0,0,0,0,0,0,0,0,0,0,0,0,0,0,0,0,0,0,0,0,0,Atlantic County Class by Hour.xlsx,Sheet17
00040B_WB,MTT 6 Axles,0,0,0,0,0,0,0,0,0,0,0,0,0,0,0,0,0,0,0,0,0,0,0,0,0,Atlantic County Class by Hour.xlsx,Sheet17
00040B_WB,MTT 7+ Axles,0,0,0,0,0,0,0,0,0,1,0,0,0,0,0,0,0,0,0,0,0,0,0,0,1,Atlantic County Class by Hour.xlsx,Sheet17
00040B_WB,Unclassified,0,0,0,0,0,0,0,0,0,0,0,0,0,0,0,0,0,0,0,0,0,0,0,0,0,Atlantic County Class by Hour.xlsx,Sheet17
00040B_WB,BC(4-13),548,418,297,298,339,589,1668,3417,3314,2911,3018,2850,2909,3068,3088,3286,2823,2283,1789,1048,942,749,685,564,42901,Atlantic County Class by Hour.xlsx,Sheet17
00040B_WB,Total,30880,18832,15274,13662,17518,19022,37670,69644,81467,79898,84459,91304,98329,99485,109009,122516,121174,115768,92995,78128,71450,56199,50017,40961,1615661,Atlantic County Class by Hour.xlsx,Sheet17
00322H_1_EB,M-cycle,4,0,0,0,0,3,7,12,27,67,151,206,278,270,238,208,186,170,121,89,72,40,12,8,2169,Atlantic County Class by Hour.xlsx,Sheet18
00322H_1_EB,Car,13250,7475,5978,5538,8882,26004,54453,76419,71620,64344,69686,76617,80737,83280,88003,95338,100878,97325,79721,63558,52025,43775,32327,21589,1318822,Atlantic County Class by Hour.xlsx,Sheet18
00322H_1_EB,Pickup,2530,1744,1450,1618,3593,12537,24855,28459,25997,23899,24410,24652,25309,25664,30093,31813,30557,26436,20314,15153,12554,9403,6530,3985,413555,Atlantic County Class by Hour.xlsx,Sheet18
00322H_1_EB,Bus,9,10,17,8,18,26,33,148,58,37,342,76,77,42,88,92,29,11,280,16,14,6,3,5,1445,Atlantic County Class by Hour.xlsx,Sheet18
00322H_1_EB,SU 2A-6T,210,249,265,182,314,1268,2778,3583,3221,2234,2091,1891,1951,2390,2822,2894,2355,1735,1174,696,533,385,367,222,35810,Atlantic County Class by Hour.xlsx,Sheet18
00322H_1_EB,SU 3 Axles,18,32,21,33,104,344,796,552,603,504,547,652,644,531,533,511,278,118,75,85,40,25,22,32,7100,Atlantic County Class by Hour.xlsx,Sheet18
00322H_1_EB,SU 4+Axles,52,32,18,5,4,82,188,329,689,271,413,502,306,508,380,94,31,8,19,48,75,67,74,74,4269,Atlantic County Class by Hour.xlsx,Sheet18
00322H_1_EB,STT 3-4 Axles,6,32,9,9,8,29,65,127,198,146,127,122,116,125,117,122,100,38,20,21,11,5,4,3,1560,Atlantic County Class by Hour.xlsx,Sheet18
00322H_1_EB,STT 5 Axles,91,116,92,80,206,377,607,664,714,587,609,607,590,518,408,373,293,215,166,160,144,150,114,155,8036,Atlantic County Class by Hour.xlsx,Sheet18
00322H_1_EB,STT 6+ Axles,4,2,0,1,1,14,50,47,39,31,45,43,43,36,18,11,10,4,5,2,0,0,1,1,408,Atlantic County Class by Hour.xlsx,Sheet18
00322H_1_EB,MTT 5 Axles,0,0,0,0,0,0,0,0,0,0,1,0,0,0,0,0,0,0,0,0,0,0,0,0,1,Atlantic County Class by Hour.xlsx,Sheet18
00322H_1_EB,MTT 6 Axles,0,0,0,0,0,0,0,0,0,0,0,0,0,0,0,0,0,0,0,0,0,0,0,0,0,Atlantic County Class by Hour.xlsx,Sheet18
00322H_1_EB,MTT 7+ Axles,0,0,0,0,1,1,10,8,11,12,20,18,12,9,8,6,1,1,2,0,0,0,0,0,120,Atlantic County Class by Hour.xlsx,Sheet18
00322H_1_EB,Unclassified,0,0,0,0,0,0,0,0,0,0,0,0,0,0,0,0,0,0,0,0,0,0,0,0,0,Atlantic County Class by Hour.xlsx,Sheet18
00322H_1_EB,BC(4-13),390,473,422,318,656,2141,4527,5458,5533,3822,4195,3911,3739,4159,4374,4103,3097,2130,1741,1028,817,638,585,492,58749,Atlantic County Class by Hour.xlsx,Sheet18
00322H_1_EB,Total,16174,9692,7850,7474,13131,40685,83842,110348,103177,92132,98442,105386,110063,113373,122708,131462,134718,126061,101897,79828,65468,53856,39454,26074,1793295,Atlantic County Class by Hour.xlsx,Sheet18
00322H_2_EB,M-cycle,1,1,0,0,1,1,5,23,8,24,49,83,87,117,118,108,106,77,57,28,22,21,4,2,943,Atlantic County Class by Hour.xlsx,Sheet19
00322H_2_EB,Car,3358,2205,1726,1982,2700,7867,21903,35685,28279,21437,23764,26770,28591,29398,31161,36217,39219,37409,28579,20159,15818,12393,9125,5783,471528,Atlantic County Class by Hour.xlsx,Sheet19
00322H_2_EB,Pickup,599,407,490,387,1016,3290,10408,10335,7701,6606,7478,8088,8639,9162,11361,13626,12409,10744,7546,5202,3905,2684,1942,1118,145143,Atlantic County Class by Hour.xlsx,Sheet19
00322H_2_EB,Bus,0,0,0,1,3,0,7,6,3,2,56,4,7,10,8,5,2,4,66,5,0,1,1,0,191,Atlantic County Class by Hour.xlsx,Sheet19
00322H_2_EB,SU 2A-6T,28,31,54,31,33,186,352,548,301,292,302,290,301,409,630,770,556,417,333,154,125,96,70,56,6365,Atlantic County Class by Hour.xlsx,Sheet19
00322H_2_EB,SU 3 Axles,0,2,4,6,10,33,97,40,56,49,56,47,54,41,57,41,16,16,7,10,3,3,5,2,655,Atlantic County Class by Hour.xlsx,Sheet19
00322H_2_EB,SU 4+Axles,2,1,1,0,0,0,6,22,126,53,77,122,45,82,92,7,7,2,0,0,1,5,3,7,661,Atlantic County Class by Hour.xlsx,Sheet19
00322H_2_EB,STT 3-4 Axles,0,0,1,4,3,1,9,2,4,7,6,9,6,9,9,14,9,1,2,3,1,0,1,0,101,Atlantic County Class by Hour.xlsx,Sheet19
00322H_2_EB,STT 5 Axles,6,7,3,7,10,15,25,27,45,48,40,50,61,63,42,34,45,18,22,16,16,15,8,8,631,Atlantic County Class by Hour.xlsx,Sheet19
00322H_2_EB,STT 6+ Axles,0,0,0,0,0,0,2,2,1,3,2,1,1,2,1,2,0,3,0,0,0,0,0,0,20,Atlantic County Class by Hour.xlsx,Sheet19
00322H_2_EB,MTT 5 Axles,0,0,0,0,0,0,0,0,0,0,0,0,0,0,0,0,0,0,0,0,0,0,0,0,0,Atlantic County Class by Hour.xlsx,Sheet19
00322H_2_EB,MTT 6 Axles,0,0,0,0,0,0,0,0,0,0,0,0,0,0,0,0,0,0,0,0,0,0,0,0,0,Atlantic County Class by Hour.xlsx,Sheet19
00322H_2_EB,MTT 7+ Axles,0,0,0,0,0,0,0,0,0,0,2,0,0,0,0,0,0,0,0,0,0,0,0,0,2,Atlantic County Class by Hour.xlsx,Sheet19
00322H_2_EB,Unclassified,0,0,0,0,0,0,0,0,0,0,0,0,0,0,0,0,0,0,0,0,0,0,0,0,0,Atlantic County Class by Hour.xlsx,Sheet19
00322H_2_EB,BC(4-13),36,41,63,49,59,235,498,647,536,454,541,523,475,616,839,873,635,461,430,188,146,120,88,73,8626,Atlantic County Class by Hour.xlsx,Sheet19
00322H_2_EB,Total,3994,2654,2279,2418,3776,11393,32814,46690,36524,28521,31832,35464,37792,39293,43479,50824,52369,48691,36612,25577,19891,15218,11159,6976,626240,Atlantic County Class by Hour.xlsx,Sheet19
00322H_EB,M-cycle,5,1,0,0,1,4,12,35,35,91,200,289,365,387,356,316,292,247,178,117,94,61,16,10,3112,Atlantic County Class by Hour.xlsx,Sheet20
00322H_EB,Car,16608,9680,7704,7520,11582,33871,76356,112104,99899,85781,93450,103387,109328,112678,119164,131555,140097,134734,108300,83717,67843,56168,41452,27372,1790350,Atlantic County Class by Hour.xlsx,Sheet20
00322H_EB,Pickup,3129,2151,1940,2005,4609,15827,35263,38794,33698,30505,31888,32740,33948,34826,41454,45439,42966,37180,27860,20355,16459,12087,8472,5103,558698,Atlantic County Class by Hour.xlsx,Sheet20
00322H_EB,Bus,9,10,17,9,21,26,40,154,61,39,398,80,84,52,96,97,31,15,346,21,14,7,4,5,1636,Atlantic County Class by Hour.xlsx,Sheet20
00322H_EB,SU 2A-6T,238,280,319,213,347,1454,3130,4131,3522,2526,2393,2181,2252,2799,3452,3664,2911,2152,1507,850,658,481,437,278,42175,Atlantic County Class by Hour.xlsx,Sheet20
00322H_EB,SU 3 Axles,18,34,25,39,114,377,893,592,659,553,603,699,698,572,590,552,294,134,82,95,43,28,27,34,7755,Atlantic County Class by Hour.xlsx,Sheet20
00322H_EB,SU 4+Axles,54,33,19,5,4,82,194,351,815,324,490,624,351,590,472,101,38,10,19,48,76,72,77,81,4930,Atlantic County Class by Hour.xlsx,Sheet20
00322H_EB,STT 3-4 Axles,6,32,10,13,11,30,74,129,202,153,133,131,122,134,126,136,109,39,22,24,12,5,5,3,1661,Atlantic County Class by Hour.xlsx,Sheet20
00322H_EB,STT 5 Axles,97,123,95,87,216,392,632,691,759,635,649,657,651,581,450,407,338,233,188,176,160,165,122,163,8667,Atlantic County Class by Hour.xlsx,Sheet20
00322H_EB,STT 6+ Axles,4,2,0,1,1,14,52,49,40,34,47,44,44,38,19,13,10,7,5,2,0,0,1,1,428,Atlantic County Class by Hour.xlsx,Sheet20
00322H_EB,MTT 5 Axles,0,0,0,0,0,0,0,0,0,0,1,0,0,0,0,0,0,0,0,0,0,0,0,0,1,Atlantic County Class by Hour.xlsx,Sheet20
00322H_EB,MTT 6 Axles,0,0,0,0,0,0,0,0,0,0,0,0,0,0,0,0,0,0,0,0,0,0,0,0,0,Atlantic County Class by Hour.xlsx,Sheet20
00322H_EB,MTT 7+ Axles,0,0,0,0,1,1,10,8,11,12,22,18,12,9,8,6,1,1,2,0,0,0,0,0,122,Atlantic County Class by Hour.xlsx,Sheet20
00322H_EB,Unclassified,0,0,0,0,0,0,0,0,0,0,0,0,0,0,0,0,0,0,0,0,0,0,0,0,0,Atlantic County Class by Hour.xlsx,Sheet20
00322H_EB,BC(4-13),426,514,485,367,715,2376,5025,6105,6069,4276,4736,4434,4214,4775,5213,4976,3732,2591,2171,1216,963,758,673,565,67375,Atlantic County Class by Hour.xlsx,Sheet20
00322H_EB,Total,20168,12346,10129,9892,16907,52078,116656,157038,139701,120653,130274,140850,147855,152666,166187,182286,187087,174752,138509,105405,85359,69074,50613,33050,2419535,Atlantic County Class by Hour.xlsx,Sheet20
13ms8a,M-cycle,12,1,0,8,7,30,30,39,33,41,132,89,80,110,123,96,133,112,77,72,109,72,38,28,1472,Atlantic County Class by Hour.xlsx,Sheet21
13ms8a,Car,4488,2955,1691,1920,3732,10915,20222,29568,32354,29637,31828,34708,37887,37395,39916,44729,50402,44971,32823,25700,20905,16579,11248,8066,574639,Atlantic County Class by Hour.xlsx,Sheet21
13ms8a,Pickup,562,415,335,523,1249,3782,7894,9953,10484,9620,9843,9818,10109,10145,11000,12324,11827,9823,7201,5342,3939,2844,1995,1100,152127,Atlantic County Class by Hour.xlsx,Sheet21
13ms8a,Bus,4,1,2,2,5,13,38,72,141,101,126,127,114,135,115,111,58,31,13,9,6,4,6,6,1240,Atlantic County Class by Hour.xlsx,Sheet21
13ms8a,SU 2A-6T,94,59,90,96,192,877,2114,2551,2714,2369,1919,2008,2114,2133,2168,2125,1971,1383,928,579,420,310,178,115,29507,Atlantic County Class by Hour.xlsx,Sheet21
13ms8a,SU 3 Axles,5,27,53,38,29,53,238,357,334,352,406,478,493,473,446,254,106,54,38,38,18,21,15,9,4335,Atlantic County Class by Hour.xlsx,Sheet21
13ms8a,SU 4+Axles,1,0,0,0,3,5,42,90,105,107,105,108,102,104,99,48,26,16,3,2,0,1,2,4,973,Atlantic County Class by Hour.xlsx,Sheet21
13ms8a,STT 3-4 Axles,3,2,29,30,59,52,60,90,103,84,108,130,100,110,123,98,95,60,43,20,16,11,4,3,1433,Atlantic County Class by Hour.xlsx,Sheet21
13ms8a,STT 5 Axles,18,21,22,37,29,68,114,171,233,251,276,236,252,180,186,104,73,43,39,34,53,49,51,19,2559,Atlantic County Class by Hour.xlsx,Sheet21
13ms8a,STT 6+ Axles,0,0,0,0,0,0,5,11,7,5,8,5,9,6,7,3,3,2,2,0,1,0,0,0,74,Atlantic County Class by Hour.xlsx,Sheet21
13ms8a,MTT 5 Axles,0,0,0,0,0,0,0,0,0,0,0,0,0,0,0,0,0,1,0,0,1,0,0,0,2,Atlantic County Class by Hour.xlsx,Sheet21
13ms8a,MTT 6 Axles,0,0,0,0,0,0,0,0,0,0,1,0,0,0,0,0,0,0,0,0,0,0,0,0,1,Atlantic County Class by Hour.xlsx,Sheet21
13ms8a,MTT 7+ Axles,0,0,0,0,0,0,0,1,0,0,0,0,2,0,0,0,0,0,0,0,0,0,0,0,3,Atlantic County Class by Hour.xlsx,Sheet21
13ms8a,Unclassified,1,2,0,2,1,4,7,10,11,6,8,10,10,4,9,14,7,2,2,6,4,0,1,4,125,Atlantic County Class by Hour.xlsx,Sheet21
13ms8a,BC(4-13),125,110,196,203,317,1068,2611,3343,3637,3269,2949,3092,3186,3141,3144,2743,2332,1590,1066,682,515,396,256,156,40127,Atlantic County Class by Hour.xlsx,Sheet21
13ms8a,Total,5187,3481,2222,2654,5305,15795,30757,42903,46508,42567,44752,47707,51262,50791,54183,59892,64694,56496,41167,31796,25468,19891,13537,9350,768365,Atlantic County Class by Hour.xlsx,Sheet21
13ms8a_NB,M-cycle,1,0,0,0,0,1,5,7,7,18,49,40,33,61,61,49,64,41,33,21,15,12,0,1,519,Atlantic County Class by Hour.xlsx,Sheet22
13ms8a_NB,Car,2134,1515,822,715,1425,5298,6886,9821,10714,11458,13197,14849,16536,16911,18577,22530,25245,22847,15679,12612,10198,8229,5388,3796,257382,Atlantic County Class by Hour.xlsx,Sheet22
13ms8a_NB,Pickup,273,183,105,184,501,1309,1821,2925,3812,3762,4270,4525,4562,4845,5658,7043,6114,4870,3320,2703,2095,1476,971,464,67791,Atlantic County Class by Hour.xlsx,Sheet22
13ms8a_NB,Bus,2,0,2,1,1,10,20,31,79,58,65,64,63,88,61,71,21,12,5,4,2,1,4,4,669,Atlantic County Class by Hour.xlsx,Sheet22
13ms8a_NB,SU 2A-6T,44,35,24,31,81,322,618,707,1148,1019,927,1024,978,939,1104,1225,993,678,464,297,231,166,100,52,13207,Atlantic County Class by Hour.xlsx,Sheet22
13ms8a_NB,SU 3 Axles,3,8,11,2,17,29,65,183,150,152,175,184,223,247,224,132,52,21,18,17,9,10,6,8,1946,Atlantic County Class by Hour.xlsx,Sheet22
13ms8a_NB,SU 4+Axles,0,0,0,0,0,2,15,36,25,27,38,31,35,25,18,23,5,5,0,2,0,1,0,0,288,Atlantic County Class by Hour.xlsx,Sheet22
13ms8a_NB,STT 3-4 Axles,2,1,1,1,3,4,26,31,49,47,48,57,50,60,67,50,65,38,23,11,7,2,1,1,645,Atlantic County Class by Hour.xlsx,Sheet22
13ms8a_NB,STT 5 Axles,11,9,13,29,7,35,44,69,104,103,110,117,123,90,101,59,39,24,27,9,11,9,12,12,1167,Atlantic County Class by Hour.xlsx,Sheet22
13ms8a_NB,STT 6+ Axles,0,0,0,0,0,0,1,0,3,0,3,2,2,5,2,3,2,1,1,0,0,0,0,0,25,Atlantic County Class by Hour.xlsx,Sheet22
13ms8a_NB,MTT 5 Axles,0,0,0,0,0,0,0,0,0,0,0,0,0,0,0,0,0,1,0,0,1,0,0,0,2,Atlantic County Class by Hour.xlsx,Sheet22
13ms8a_NB,MTT 6 Axles,0,0,0,0,0,0,0,0,0,0,1,0,0,0,0,0,0,0,0,0,0,0,0,0,1,Atlantic County Class by Hour.xlsx,Sheet22
13ms8a_NB,MTT 7+ Axles,0,0,0,0,0,0,0,0,0,0,0,0,1,0,0,0,0,0,0,0,0,0,0,0,1,Atlantic County Class by Hour.xlsx,Sheet22
13ms8a_NB,Unclassified,0,0,0,1,0,1,3,6,2,1,4,4,6,0,8,7,3,2,0,0,1,0,0,2,51,Atlantic County Class by Hour.xlsx,Sheet22
13ms8a_NB,BC(4-13),62,53,51,64,109,402,789,1057,1558,1406,1367,1479,1475,1454,1577,1563,1177,780,538,340,261,189,123,77,17951,Atlantic County Class by Hour.xlsx,Sheet22
13ms8a_NB,Total,2470,1751,978,963,2035,7010,9501,13810,16091,16644,18883,20893,22606,23271,25873,31185,32600,28538,19570,15676,12569,9906,6482,4338,343643,Atlantic County Class by Hour.xlsx,Sheet22
13ms8a_SB,M-cycle,11,1,0,8,7,29,25,32,26,23,83,49,47,49,62,47,69,71,44,51,94,60,38,27,953,Atlantic County Class by Hour.xlsx,Sheet23
13ms8a_SB,Car,2354,1440,869,1205,2307,5617,13336,19747,21640,18179,18631,19859,21351,20484,21339,22199,25157,22124,17144,13088,10707,8350,5860,4270,317257,Atlantic County Class by Hour.xlsx,Sheet23
13ms8a_SB,Pickup,289,232,230,339,748,2473,6073,7028,6672,5858,5573,5293,5547,5300,5342,5281,5713,4953,3881,2639,1844,1368,1024,636,84336,Atlantic County Class by Hour.xlsx,Sheet23
13ms8a_SB,Bus,2,1,0,1,4,3,18,41,62,43,61,63,51,47,54,40,37,19,8,5,4,3,2,2,571,Atlantic County Class by Hour.xlsx,Sheet23
13ms8a_SB,SU 2A-6T,50,24,66,65,111,555,1496,1844,1566,1350,992,984,1136,1194,1064,900,978,705,464,282,189,144,78,63,16300,Atlantic County Class by Hour.xlsx,Sheet23
13ms8a_SB,SU 3 Axles,2,19,42,36,12,24,173,174,184,200,231,294,270,226,222,122,54,33,20,21,9,11,9,1,2389,Atlantic County Class by Hour.xlsx,Sheet23
13ms8a_SB,SU 4+Axles,1,0,0,0,3,3,27,54,80,80,67,77,67,79,81,25,21,11,3,0,0,0,2,4,685,Atlantic County Class by Hour.xlsx,Sheet23
13ms8a_SB,STT 3-4 Axles,1,1,28,29,56,48,34,59,54,37,60,73,50,50,56,48,30,22,20,9,9,9,3,2,788,Atlantic County Class by Hour.xlsx,Sheet23
13ms8a_SB,STT 5 Axles,7,12,9,8,22,33,70,102,129,148,166,119,129,90,85,45,34,19,12,25,42,40,39,7,1392,Atlantic County Class by Hour.xlsx,Sheet23
13ms8a_SB,STT 6+ Axles,0,0,0,0,0,0,4,11,4,5,5,3,7,1,5,0,1,1,1,0,1,0,0,0,49,Atlantic County Class by Hour.xlsx,Sheet23
13ms8a_SB,MTT 5 Axles,0,0,0,0,0,0,0,0,0,0,0,0,0,0,0,0,0,0,0,0,0,0,0,0,0,Atlantic County Class by Hour.xlsx,Sheet23
13ms8a_SB,MTT 6 Axles,0,0,0,0,0,0,0,0,0,0,0,0,0,0,0,0,0,0,0,0,0,0,0,0,0,Atlantic County Class by Hour.xlsx,Sheet23
13ms8a_SB,MTT 7+ Axles,0,0,0,0,0,0,0,1,0,0,0,0,1,0,0,0,0,0,0,0,0,0,0,0,2,Atlantic County Class by Hour.xlsx,Sheet23
13ms8a_SB,Unclassified,1,2,0,1,1,3,4,4,9,5,4,6,4,4,1,7,4,0,2,6,3,0,1,2,74,Atlantic County Class by Hour.xlsx,Sheet23
13ms8a_SB,BC(4-13),63,57,145,139,208,666,1822,2286,2079,1863,1582,1613,1711,1687,1567,1180,1155,810,528,342,254,207,133,79,22176,Atlantic County Class by Hour.xlsx,Sheet23
13ms8a_SB,Total,2717,1730,1244,1691,3270,8785,21256,29093,30417,25923,25869,26814,28656,27520,28310,28707,32094,27958,21597,16120,12899,9985,7055,5012,424722,Atlantic County Class by Hour.xlsx,Sheet23
13ms9a,M-cycle,6,1,5,2,2,5,2,8,26,35,60,82,92,109,109,98,90,72,74,57,34,25,7,9,1010,Atlantic County Class by Hour.xlsx,Sheet24
13ms9a,Car,406,175,150,126,359,927,2742,3936,3744,4129,4566,5220,5325,5837,5802,6735,6392,6193,4423,3370,2640,1763,1219,942,77121,Atlantic County Class by Hour.xlsx,Sheet24
13ms9a,Pickup,116,83,79,67,142,1054,1472,1840,2171,2343,2346,2530,2521,2760,2926,3296,3522,2882,2032,1565,1286,863,461,322,38679,Atlantic County Class by Hour.xlsx,Sheet24
13ms9a,Bus,1,1,0,0,0,1,32,17,20,17,11,12,15,21,11,17,5,4,2,0,1,0,0,0,188,Atlantic County Class by Hour.xlsx,Sheet24
13ms9a,SU 2A-6T,20,17,6,13,53,357,647,699,705,718,621,625,604,683,674,843,803,522,343,256,162,103,60,28,9562,Atlantic County Class by Hour.xlsx,Sheet24
13ms9a,SU 3 Axles,5,4,7,20,73,31,73,46,35,49,53,62,41,38,43,50,45,31,25,23,3,1,9,2,769,Atlantic County Class by Hour.xlsx,Sheet24
13ms9a,SU 4+Axles,0,1,2,0,2,1,0,9,6,11,10,8,8,4,12,7,8,1,0,1,0,0,0,0,91,Atlantic County Class by Hour.xlsx,Sheet24
13ms9a,STT 3-4 Axles,0,1,0,0,6,12,15,27,24,16,26,47,36,33,24,37,18,14,16,9,2,1,3,0,367,Atlantic County Class by Hour.xlsx,Sheet24
13ms9a,STT 5 Axles,1,1,2,2,8,20,18,11,38,38,27,32,27,34,34,24,18,12,5,10,5,1,2,2,372,Atlantic County Class by Hour.xlsx,Sheet24
13ms9a,STT 6+ Axles,0,0,0,0,2,11,2,1,2,6,2,4,7,1,3,0,2,6,1,0,0,0,0,0,50,Atlantic County Class by Hour.xlsx,Sheet24
13ms9a,MTT 5 Axles,0,0,0,0,0,0,0,0,0,0,0,0,0,0,0,0,0,0,0,0,0,0,0,0,0,Atlantic County Class by Hour.xlsx,Sheet24
13ms9a,MTT 6 Axles,0,0,0,0,0,0,0,0,0,0,0,0,0,0,0,0,0,0,0,0,0,0,0,0,0,Atlantic County Class by Hour.xlsx,Sheet24
13ms9a,MTT 7+ Axles,0,0,0,0,0,0,0,1,1,0,1,4,0,0,0,0,0,0,0,0,0,0,0,0,7,Atlantic County Class by Hour.xlsx,Sheet24
13ms9a,Unclassified,0,0,0,0,0,1,4,7,7,9,14,23,6,11,9,11,11,10,4,6,6,5,1,2,147,Atlantic County Class by Hour.xlsx,Sheet24
13ms9a,BC(4-13),27,25,17,35,144,433,787,811,831,855,751,794,738,814,801,978,899,590,392,299,173,106,74,32,11406,Atlantic County Class by Hour.xlsx,Sheet24
13ms9a,Total,555,284,251,230,647,2419,5003,6595,6772,7362,7723,8626,8676,9520,9638,11107,10903,9737,6921,5291,4133,2757,1761,1305,128216,Atlantic County Class by Hour.xlsx,Sheet24
13ms9a_NB,M-cycle,1,0,3,1,2,5,1,4,12,27,36,40,59,60,52,45,57,37,32,26,11,12,4,5,532,Atlantic County Class by Hour.xlsx,Sheet25
13ms9a_NB,Car,172,73,57,75,283,689,1487,2555,2248,2483,2416,2595,2533,2692,2536,3611,2971,3059,1998,1537,1028,684,389,529,38700,Atlantic County Class by Hour.xlsx,Sheet25
13ms9a_NB,Pickup,47,42,48,45,101,732,741,740,1126,1341,1193,1286,1196,1309,1353,1592,1797,1410,952,685,538,295,160,169,18898,Atlantic County Class by Hour.xlsx,Sheet25
13ms9a_NB,Bus,1,0,0,0,0,0,3,4,3,11,4,6,7,13,5,14,3,2,1,0,0,0,0,0,77,Atlantic County Class by Hour.xlsx,Sheet25
13ms9a_NB,SU 2A-6T,8,7,4,8,44,218,357,388,242,368,257,274,268,336,261,449,298,206,116,101,60,35,14,17,4336,Atlantic County Class by Hour.xlsx,Sheet25
13ms9a_NB,SU 3 Axles,0,0,1,12,63,17,27,14,17,18,29,44,25,18,24,31,20,19,13,12,1,0,1,0,406,Atlantic County Class by Hour.xlsx,Sheet25
13ms9a_NB,SU 4+Axles,0,1,0,0,2,0,0,5,2,4,4,2,5,3,9,3,1,0,0,0,0,0,0,0,41,Atlantic County Class by Hour.xlsx,Sheet25
13ms9a_NB,STT 3-4 Axles,0,1,0,0,5,10,4,13,12,6,12,25,23,13,10,24,9,5,6,3,1,1,3,0,186,Atlantic County Class by Hour.xlsx,Sheet25
13ms9a_NB,STT 5 Axles,1,1,2,1,7,18,11,9,17,15,10,13,11,19,15,11,10,7,1,7,3,1,1,0,191,Atlantic County Class by Hour.xlsx,Sheet25
13ms9a_NB,STT 6+ Axles,0,0,0,0,2,10,2,0,1,2,1,2,3,1,1,0,0,2,1,0,0,0,0,0,28,Atlantic County Class by Hour.xlsx,Sheet25
13ms9a_NB,MTT 5 Axles,0,0,0,0,0,0,0,0,0,0,0,0,0,0,0,0,0,0,0,0,0,0,0,0,0,Atlantic County Class by Hour.xlsx,Sheet25
13ms9a_NB,MTT 6 Axles,0,0,0,0,0,0,0,0,0,0,0,0,0,0,0,0,0,0,0,0,0,0,0,0,0,Atlantic County Class by Hour.xlsx,Sheet25
13ms9a_NB,MTT 7+ Axles,0,0,0,0,0,0,0,0,0,0,1,3,0,0,0,0,0,0,0,0,0,0,0,0,4,Atlantic County Class by Hour.xlsx,Sheet25
13ms9a_NB,Unclassified,0,0,0,0,0,0,0,4,1,2,9,16,2,3,1,5,4,3,3,3,1,1,1,1,60,Atlantic County Class by Hour.xlsx,Sheet25
13ms9a_NB,BC(4-13),10,10,7,21,123,273,404,433,294,424,318,369,342,403,325,532,341,241,138,123,65,37,19,17,5269,Atlantic County Class by Hour.xlsx,Sheet25
13ms9a_NB,Total,230,125,115,142,509,1699,2633,3732,3680,4275,3963,4290,4130,4464,4266,5780,5166,4747,3120,2371,1642,1028,572,720,63399,Atlantic County Class by Hour.xlsx,Sheet25
13ms9a_SB,M-cycle,5,1,2,1,0,0,1,4,14,8,24,42,33,49,57,53,33,35,42,31,23,13,3,4,478,Atlantic County Class by Hour.xlsx,Sheet26
13ms9a_SB,Car,234,102,93,51,76,238,1255,1381,1496,1646,2150,2625,2792,3145,3266,3124,3421,3134,2425,1833,1612,1079,830,413,38421,Atlantic County Class by Hour.xlsx,Sheet26
13ms9a_SB,Pickup,69,41,31,22,41,322,731,1100,1045,1002,1153,1244,1325,1451,1573,1704,1725,1472,1080,880,748,568,301,153,19781,Atlantic County Class by Hour.xlsx,Sheet26
13ms9a_SB,Bus,0,1,0,0,0,1,29,13,17,6,7,6,8,8,6,3,2,2,1,0,1,0,0,0,111,Atlantic County Class by Hour.xlsx,Sheet26
13ms9a_SB,SU 2A-6T,12,10,2,5,9,139,290,311,463,350,364,351,336,347,413,394,505,316,227,155,102,68,46,11,5226,Atlantic County Class by Hour.xlsx,Sheet26
13ms9a_SB,SU 3 Axles,5,4,6,8,10,14,46,32,18,31,24,18,16,20,19,19,25,12,12,11,2,1,8,2,363,Atlantic County Class by Hour.xlsx,Sheet26
13ms9a_SB,SU 4+Axles,0,0,2,0,0,1,0,4,4,7,6,6,3,1,3,4,7,1,0,1,0,0,0,0,50,Atlantic County Class by Hour.xlsx,Sheet26
13ms9a_SB,STT 3-4 Axles,0,0,0,0,1,2,11,14,12,10,14,22,13,20,14,13,9,9,10,6,1,0,0,0,181,Atlantic County Class by Hour.xlsx,Sheet26
13ms9a_SB,STT 5 Axles,0,0,0,1,1,2,7,2,21,23,17,19,16,15,19,13,8,5,4,3,2,0,1,2,181,Atlantic County Class by Hour.xlsx,Sheet26
13ms9a_SB,STT 6+ Axles,0,0,0,0,0,1,0,1,1,4,1,2,4,0,2,0,2,4,0,0,0,0,0,0,22,Atlantic County Class by Hour.xlsx,Sheet26
13ms9a_SB,MTT 5 Axles,0,0,0,0,0,0,0,0,0,0,0,0,0,0,0,0,0,0,0,0,0,0,0,0,0,Atlantic County Class by Hour.xlsx,Sheet26
13ms9a_SB,MTT 6 Axles,0,0,0,0,0,0,0,0,0,0,0,0,0,0,0,0,0,0,0,0,0,0,0,0,0,Atlantic County Class by Hour.xlsx,Sheet26
13ms9a_SB,MTT 7+ Axles,0,0,0,0,0,0,0,1,1,0,0,1,0,0,0,0,0,0,0,0,0,0,0,0,3,Atlantic County Class by Hour.xlsx,Sheet26
13ms9a_SB,Unclassified,0,0,0,0,0,1,4,3,6,7,5,7,4,8,8,6,7,7,1,3,5,4,0,1,87,Atlantic County Class by Hour.xlsx,Sheet26
13ms9a_SB,BC(4-13),17,15,10,14,21,160,383,378,537,431,433,425,396,411,476,446,558,349,254,176,108,69,55,15,6137,Atlantic County Class by Hour.xlsx,Sheet26
13ms9a_SB,Total,325,159,136,88,138,720,2370,2863,3092,3087,3760,4336,4546,5056,5372,5327,5737,4990,3801,2920,2491,1729,1189,585,64817,Atlantic County Class by Hour.xlsx,Sheet26
13msaa,M-cycle,2,1,4,3,1,2,11,30,34,42,32,26,39,45,41,52,51,28,45,16,6,9,4,12,536,Atlantic County Class by Hour.xlsx,Sheet27
13msaa,Car,1433,938,656,1454,1884,3538,10325,12273,12735,11028,11283,13305,15313,14339,15090,19245,20694,15803,9560,6930,5209,3818,3167,2169,212189,Atlantic County Class by Hour.xlsx,Sheet27
13msaa,Pickup,200,136,112,265,423,1739,4560,6896,7484,7101,6581,6774,6691,6293,6803,8068,5839,3678,1856,1287,864,635,403,280,84968,Atlantic County Class by Hour.xlsx,Sheet27
13msaa,Bus,1,1,3,4,41,124,96,169,283,216,251,263,285,268,244,156,63,34,25,15,3,6,0,0,2551,Atlantic County Class by Hour.xlsx,Sheet27
13msaa,SU 2A-6T,29,13,25,25,61,367,1307,2797,3000,3080,2281,2234,2073,2110,2059,2024,1379,1057,491,203,118,75,47,45,26900,Atlantic County Class by Hour.xlsx,Sheet27
13msaa,SU 3 Axles,8,7,9,53,278,363,951,1687,1563,1870,2163,2125,2068,2108,1923,1096,391,121,27,20,27,17,21,14,18910,Atlantic County Class by Hour.xlsx,Sheet27
13msaa,SU 4+Axles,4,1,2,2,3,6,133,254,252,279,305,263,289,259,216,74,11,2,1,3,10,6,7,4,2386,Atlantic County Class by Hour.xlsx,Sheet27
13msaa,STT 3-4 Axles,1,0,16,79,41,13,19,37,57,33,76,82,112,102,121,83,45,15,8,3,3,0,1,1,948,Atlantic County Class by Hour.xlsx,Sheet27
13msaa,STT 5 Axles,0,4,14,73,71,72,127,224,277,201,222,260,231,212,173,92,30,9,5,3,2,4,1,1,2308,Atlantic County Class by Hour.xlsx,Sheet27
13msaa,STT 6+ Axles,0,0,0,0,0,0,3,2,6,7,2,2,1,2,2,1,0,0,0,0,0,0,0,0,28,Atlantic County Class by Hour.xlsx,Sheet27
13msaa,MTT 5 Axles,0,0,0,0,0,0,0,0,0,0,0,0,0,0,0,0,0,0,0,0,0,0,0,0,0,Atlantic County Class by Hour.xlsx,Sheet27
13msaa,MTT 6 Axles,0,0,0,0,0,0,0,0,0,0,0,0,0,0,0,0,0,0,0,0,0,0,0,0,0,Atlantic County Class by Hour.xlsx,Sheet27
13msaa,MTT 7+ Axles,0,0,0,0,0,0,0,1,0,0,0,0,0,0,0,1,0,0,0,0,0,0,0,0,2,Atlantic County Class by Hour.xlsx,Sheet27
13msaa,Unclassified,0,0,0,0,2,3,1,3,14,11,8,5,8,11,16,8,7,2,4,1,3,0,0,0,107,Atlantic County Class by Hour.xlsx,Sheet27
13msaa,BC(4-13),43,26,69,236,495,945,2636,5171,5438,5686,5300,5229,5059,5061,4738,3527,1919,1238,557,247,163,108,77,65,54033,Atlantic County Class by Hour.xlsx,Sheet27
13msaa,Total,1678,1101,841,1958,2803,6224,17532,24370,25691,23857,23196,25334,27102,25738,26672,30892,28503,20747,12018,8480,6242,4570,3651,2526,351726,Atlantic County Class by Hour.xlsx,Sheet27
13msaa_NB,M-cycle,1,1,1,1,1,2,7,24,25,30,17,15,19,23,14,20,28,11,15,7,2,4,3,10,281,Atlantic County Class by Hour.xlsx,Sheet28
13msaa_NB,Car,693,407,378,982,1334,2737,7842,8658,7622,6211,5676,6304,7385,6945,6844,7338,7628,6494,4649,3171,2381,1869,1573,1067,106188,Atlantic County Class by Hour.xlsx,Sheet28
13msaa_NB,Pickup,117,92,76,201,336,1410,3331,3850,3702,3589,3239,3311,3164,3242,3282,3544,2467,1723,914,634,451,387,250,154,43466,Atlantic County Class by Hour.xlsx,Sheet28
13msaa_NB,Bus,1,1,0,2,5,7,61,84,110,118,134,172,192,176,167,105,38,24,21,14,1,4,0,0,1437,Atlantic County Class by Hour.xlsx,Sheet28
13msaa_NB,SU 2A-6T,17,9,16,18,44,232,852,1280,1249,1148,1251,1197,1130,1176,1180,1089,793,760,324,117,65,43,27,26,14043,Atlantic County Class by Hour.xlsx,Sheet28
13msaa_NB,SU 3 Axles,5,5,6,4,14,59,244,553,681,869,1003,967,959,1022,1120,694,257,92,18,11,15,9,15,6,8628,Atlantic County Class by Hour.xlsx,Sheet28
13msaa_NB,SU 4+Axles,0,0,0,2,3,4,128,207,214,259,270,229,248,229,189,60,8,1,0,2,0,0,0,1,2054,Atlantic County Class by Hour.xlsx,Sheet28
13msaa_NB,STT 3-4 Axles,0,0,5,28,34,8,11,16,43,20,38,32,41,47,62,50,23,14,6,2,1,0,1,1,483,Atlantic County Class by Hour.xlsx,Sheet28
13msaa_NB,STT 5 Axles,0,2,6,37,40,39,97,128,109,78,108,142,123,93,89,31,11,6,4,2,2,1,1,1,1150,Atlantic County Class by Hour.xlsx,Sheet28
13msaa_NB,STT 6+ Axles,0,0,0,0,0,0,2,0,3,5,1,1,0,1,1,1,0,0,0,0,0,0,0,0,15,Atlantic County Class by Hour.xlsx,Sheet28
13msaa_NB,MTT 5 Axles,0,0,0,0,0,0,0,0,0,0,0,0,0,0,0,0,0,0,0,0,0,0,0,0,0,Atlantic County Class by Hour.xlsx,Sheet28
13msaa_NB,MTT 6 Axles,0,0,0,0,0,0,0,0,0,0,0,0,0,0,0,0,0,0,0,0,0,0,0,0,0,Atlantic County Class by Hour.xlsx,Sheet28
13msaa_NB,MTT 7+ Axles,0,0,0,0,0,0,0,0,0,0,0,0,0,0,0,0,0,0,0,0,0,0,0,0,0,Atlantic County Class by Hour.xlsx,Sheet28
13msaa_NB,Unclassified,0,0,0,0,2,1,1,2,11,9,4,3,2,8,8,4,3,2,3,0,2,0,0,0,65,Atlantic County Class by Hour.xlsx,Sheet28
13msaa_NB,BC(4-13),23,17,33,91,140,349,1395,2268,2409,2497,2805,2740,2693,2744,2808,2030,1130,897,373,148,84,57,44,35,27810,Atlantic County Class by Hour.xlsx,Sheet28
13msaa_NB,Total,834,517,488,1275,1811,4498,12575,14800,13758,12327,11737,12370,13261,12954,12948,12932,11253,9125,5951,3960,2918,2317,1870,1266,177745,Atlantic County Class by Hour.xlsx,Sheet28
13msaa_SB,M-cycle,1,0,3,2,0,0,4,6,9,12,15,11,20,22,27,32,23,17,30,9,4,5,1,2,255,Atlantic County Class by Hour.xlsx,Sheet29
13msaa_SB,Car,740,531,278,472,550,801,2483,3615,5113,4817,5607,7001,7928,7394,8246,11907,13066,9309,4911,3759,2828,1949,1594,1102,106001,Atlantic County Class by Hour.xlsx,Sheet29
13msaa_SB,Pickup,83,44,36,64,87,329,1229,3046,3782,3512,3342,3463,3527,3051,3521,4524,3372,1955,942,653,413,248,153,126,41502,Atlantic County Class by Hour.xlsx,Sheet29
13msaa_SB,Bus,0,0,3,2,36,117,35,85,173,98,117,91,93,92,77,51,25,10,4,1,2,2,0,0,1114,Atlantic County Class by Hour.xlsx,Sheet29
13msaa_SB,SU 2A-6T,12,4,9,7,17,135,455,1517,1751,1932,1030,1037,943,934,879,935,586,297,167,86,53,32,20,19,12857,Atlantic County Class by Hour.xlsx,Sheet29
13msaa_SB,SU 3 Axles,3,2,3,49,264,304,707,1134,882,1001,1160,1158,1109,1086,803,402,134,29,9,9,12,8,6,8,10282,Atlantic County Class by Hour.xlsx,Sheet29
13msaa_SB,SU 4+Axles,4,1,2,0,0,2,5,47,38,20,35,34,41,30,27,14,3,1,1,1,10,6,7,3,332,Atlantic County Class by Hour.xlsx,Sheet29
13msaa_SB,STT 3-4 Axles,1,0,11,51,7,5,8,21,14,13,38,50,71,55,59,33,22,1,2,1,2,0,0,0,465,Atlantic County Class by Hour.xlsx,Sheet29
13msaa_SB,STT 5 Axles,0,2,8,36,31,33,30,96,168,123,114,118,108,119,84,61,19,3,1,1,0,3,0,0,1158,Atlantic County Class by Hour.xlsx,Sheet29
13msaa_SB,STT 6+ Axles,0,0,0,0,0,0,1,2,3,2,1,1,1,1,1,0,0,0,0,0,0,0,0,0,13,Atlantic County Class by Hour.xlsx,Sheet29
13msaa_SB,MTT 5 Axles,0,0,0,0,0,0,0,0,0,0,0,0,0,0,0,0,0,0,0,0,0,0,0,0,0,Atlantic County Class by Hour.xlsx,Sheet29
13msaa_SB,MTT 6 Axles,0,0,0,0,0,0,0,0,0,0,0,0,0,0,0,0,0,0,0,0,0,0,0,0,0,Atlantic County Class by Hour.xlsx,Sheet29
13msaa_SB,MTT 7+ Axles,0,0,0,0,0,0,0,1,0,0,0,0,0,0,0,1,0,0,0,0,0,0,0,0,2,Atlantic County Class by Hour.xlsx,Sheet29
13msaa_SB,Unclassified,0,0,0,0,0,2,0,1,3,2,4,2,6,3,8,4,4,0,1,1,1,0,0,0,42,Atlantic County Class by Hour.xlsx,Sheet29
13msaa_SB,BC(4-13),20,9,36,145,355,596,1241,2903,3029,3189,2495,2489,2366,2317,1930,1497,789,341,184,99,79,51,33,30,26223,Atlantic County Class by Hour.xlsx,Sheet29
13msaa_SB,Total,844,584,353,683,992,1726,4957,9570,11933,11530,11459,12964,13841,12784,13724,17960,17250,11622,6067,4520,3324,2253,1781,1260,173981,Atlantic County Class by Hour.xlsx,Sheet29
14ms5a,M-cycle,6,2,4,2,1,3,28,48,28,29,54,49,59,52,54,65,61,67,37,30,27,10,5,3,724,Atlantic County Class by Hour.xlsx,Sheet30
14ms5a,Car,2615,1644,999,836,1150,3026,6329,16176,17582,11747,11984,13418,14446,14447,17941,20600,19627,19049,14843,12252,9902,7590,5470,4161,247834,Atlantic County Class by Hour.xlsx,Sheet30
14ms5a,Pickup,293,173,125,110,266,583,1723,4061,3917,2855,2680,2725,3046,2817,3814,4650,4181,3766,2614,2172,1506,920,617,441,50055,Atlantic County Class by Hour.xlsx,Sheet30
14ms5a,Bus,0,0,0,0,0,4,6,18,30,28,32,42,39,28,28,19,16,5,0,0,0,0,1,1,297,Atlantic County Class by Hour.xlsx,Sheet30
14ms5a,SU 2A-6T,22,13,17,11,30,113,483,1347,1470,508,518,613,620,714,1237,1553,930,449,359,228,141,96,98,40,11610,Atlantic County Class by Hour.xlsx,Sheet30
14ms5a,SU 3 Axles,1,2,1,3,6,18,36,45,62,69,65,73,57,39,48,23,9,14,6,8,15,17,2,1,620,Atlantic County Class by Hour.xlsx,Sheet30
14ms5a,SU 4+Axles,0,0,0,0,1,0,1,18,17,15,14,18,5,8,4,3,1,2,3,0,1,0,0,0,111,Atlantic County Class by Hour.xlsx,Sheet30
14ms5a,STT 3-4 Axles,0,0,0,0,0,0,1,9,14,7,12,21,17,12,9,8,4,6,0,0,2,0,0,0,122,Atlantic County Class by Hour.xlsx,Sheet30
14ms5a,STT 5 Axles,0,0,0,0,0,2,7,22,23,26,25,19,24,22,15,15,13,4,3,1,0,2,2,0,225,Atlantic County Class by Hour.xlsx,Sheet30
14ms5a,STT 6+ Axles,0,1,0,2,0,1,3,5,1,1,1,1,2,1,3,5,1,5,1,1,0,0,1,0,36,Atlantic County Class by Hour.xlsx,Sheet30
14ms5a,MTT 5 Axles,0,0,0,0,0,0,0,0,0,0,0,0,0,0,0,0,0,0,0,0,0,0,0,0,0,Atlantic County Class by Hour.xlsx,Sheet30
14ms5a,MTT 6 Axles,0,0,0,0,0,0,0,0,0,0,0,0,0,0,0,0,0,0,0,0,0,0,0,0,0,Atlantic County Class by Hour.xlsx,Sheet30
14ms5a,MTT 7+ Axles,0,0,0,0,1,0,0,0,0,0,0,0,0,0,0,0,0,0,0,0,0,0,0,0,1,Atlantic County Class by Hour.xlsx,Sheet30
14ms5a,Unclassified,1,0,0,0,0,0,2,0,2,3,4,2,2,1,5,4,1,4,1,2,1,0,1,0,36,Atlantic County Class by Hour.xlsx,Sheet30
14ms5a,BC(4-13),23,16,18,16,38,138,537,1464,1617,654,667,787,764,824,1344,1626,974,485,372,238,159,115,104,42,13022,Atlantic County Class by Hour.xlsx,Sheet30
14ms5a,Total,2937,1835,1146,964,1455,3750,8617,21749,23144,15285,15385,16979,18315,18140,23153,26941,24843,23367,17866,14692,11594,8635,6196,4647,311635,Atlantic County Class by Hour.xlsx,Sheet30
14ms5a_NB,M-cycle,1,1,2,0,0,3,20,37,16,13,21,14,23,18,23,34,21,21,10,16,11,4,2,1,312,Atlantic County Class by Hour.xlsx,Sheet31
14ms5a_NB,Car,805,619,438,472,833,2425,4282,8360,9473,7012,6827,7144,7347,7012,8991,9924,8347,7877,6036,4823,3617,2750,2093,1211,118718,Atlantic County Class by Hour.xlsx,Sheet31
14ms5a_NB,Pickup,124,88,76,76,198,422,1062,1781,1525,1417,1435,1406,1621,1346,1907,2528,1979,1747,1194,1078,679,372,253,156,24470,Atlantic County Class by Hour.xlsx,Sheet31
14ms5a_NB,Bus,0,0,0,0,0,4,5,9,17,10,16,29,25,19,23,12,9,4,0,0,0,0,1,1,184,Atlantic County Class by Hour.xlsx,Sheet31
14ms5a_NB,SU 2A-6T,17,10,10,6,15,80,350,554,492,230,261,296,315,378,718,541,481,252,195,113,72,50,58,28,5522,Atlantic County Class by Hour.xlsx,Sheet31
14ms5a_NB,SU 3 Axles,1,0,1,0,4,7,28,29,41,48,47,38,32,23,32,13,4,10,3,5,2,1,1,0,370,Atlantic County Class by Hour.xlsx,Sheet31
14ms5a_NB,SU 4+Axles,0,0,0,0,1,0,0,0,3,1,4,4,2,1,2,1,1,1,0,0,0,0,0,0,21,Atlantic County Class by Hour.xlsx,Sheet31
14ms5a_NB,STT 3-4 Axles,0,0,0,0,0,0,0,1,4,3,9,11,13,7,5,7,4,6,0,0,1,0,0,0,71,Atlantic County Class by Hour.xlsx,Sheet31
14ms5a_NB,STT 5 Axles,0,0,0,0,0,1,1,8,11,16,13,11,11,15,9,11,9,4,2,1,0,1,2,0,126,Atlantic County Class by Hour.xlsx,Sheet31
14ms5a_NB,STT 6+ Axles,0,1,0,0,0,0,0,3,0,1,0,1,1,0,2,4,1,4,0,1,0,0,1,0,20,Atlantic County Class by Hour.xlsx,Sheet31
14ms5a_NB,MTT 5 Axles,0,0,0,0,0,0,0,0,0,0,0,0,0,0,0,0,0,0,0,0,0,0,0,0,0,Atlantic County Class by Hour.xlsx,Sheet31
14ms5a_NB,MTT 6 Axles,0,0,0,0,0,0,0,0,0,0,0,0,0,0,0,0,0,0,0,0,0,0,0,0,0,Atlantic County Class by Hour.xlsx,Sheet31
14ms5a_NB,MTT 7+ Axles,0,0,0,0,1,0,0,0,0,0,0,0,0,0,0,0,0,0,0,0,0,0,0,0,1,Atlantic County Class by Hour.xlsx,Sheet31
14ms5a_NB,Unclassified,0,0,0,0,0,0,2,0,2,2,1,0,1,1,4,1,0,1,0,0,0,0,0,0,15,Atlantic County Class by Hour.xlsx,Sheet31
14ms5a_NB,BC(4-13),18,11,11,6,21,92,384,604,568,309,350,390,399,443,791,589,509,281,200,120,75,52,63,29,6315,Atlantic County Class by Hour.xlsx,Sheet31
14ms5a_NB,Total,948,719,527,554,1052,2942,5748,10782,11582,8751,8633,8954,9390,8819,11712,13075,10856,9926,7440,6037,4382,3178,2411,1397,149815,Atlantic County Class by Hour.xlsx,Sheet31
14ms5a_SB,M-cycle,5,1,2,2,1,0,8,11,12,16,33,35,36,34,31,31,40,46,27,14,16,6,3,2,412,Atlantic County Class by Hour.xlsx,Sheet32
14ms5a_SB,Car,1810,1025,561,364,317,601,2047,7816,8109,4735,5157,6274,7099,7435,8950,10676,11280,11172,8807,7429,6285,4840,3377,2950,129116,Atlantic County Class by Hour.xlsx,Sheet32
14ms5a_SB,Pickup,169,85,49,34,68,161,661,2280,2392,1438,1245,1319,1425,1471,1907,2122,2202,2019,1420,1094,827,548,364,285,25585,Atlantic County Class by Hour.xlsx,Sheet32
14ms5a_SB,Bus,0,0,0,0,0,0,1,9,13,18,16,13,14,9,5,7,7,1,0,0,0,0,0,0,113,Atlantic County Class by Hour.xlsx,Sheet32
14ms5a_SB,SU 2A-6T,5,3,7,5,15,33,133,793,978,278,257,317,305,336,519,1012,449,197,164,115,69,46,40,12,6088,Atlantic County Class by Hour.xlsx,Sheet32
14ms5a_SB,SU 3 Axles,0,2,0,3,2,11,8,16,21,21,18,35,25,16,16,10,5,4,3,3,13,16,1,1,250,Atlantic County Class by Hour.xlsx,Sheet32
14ms5a_SB,SU 4+Axles,0,0,0,0,0,0,1,18,14,14,10,14,3,7,2,2,0,1,3,0,1,0,0,0,90,Atlantic County Class by Hour.xlsx,Sheet32
14ms5a_SB,STT 3-4 Axles,0,0,0,0,0,0,1,8,10,4,3,10,4,5,4,1,0,0,0,0,1,0,0,0,51,Atlantic County Class by Hour.xlsx,Sheet32
14ms5a_SB,STT 5 Axles,0,0,0,0,0,1,6,14,12,10,12,8,13,7,6,4,4,0,1,0,0,1,0,0,99,Atlantic County Class by Hour.xlsx,Sheet32
14ms5a_SB,STT 6+ Axles,0,0,0,2,0,1,3,2,1,0,1,0,1,1,1,1,0,1,1,0,0,0,0,0,16,Atlantic County Class by Hour.xlsx,Sheet32
14ms5a_SB,MTT 5 Axles,0,0,0,0,0,0,0,0,0,0,0,0,0,0,0,0,0,0,0,0,0,0,0,0,0,Atlantic County Class by Hour.xlsx,Sheet32
14ms5a_SB,MTT 6 Axles,0,0,0,0,0,0,0,0,0,0,0,0,0,0,0,0,0,0,0,0,0,0,0,0,0,Atlantic County Class by Hour.xlsx,Sheet32
14ms5a_SB,MTT 7+ Axles,0,0,0,0,0,0,0,0,0,0,0,0,0,0,0,0,0,0,0,0,0,0,0,0,0,Atlantic County Class by Hour.xlsx,Sheet32
14ms5a_SB,Unclassified,1,0,0,0,0,0,0,0,0,1,3,2,1,0,1,3,1,3,1,2,1,0,1,0,21,Atlantic County Class by Hour.xlsx,Sheet32
14ms5a_SB,BC(4-13),5,5,7,10,17,46,153,860,1049,345,317,397,365,381,553,1037,465,204,172,118,84,63,41,13,6707,Atlantic County Class by Hour.xlsx,Sheet32
14ms5a_SB,Total,1989,1116,619,410,403,808,2869,10967,11562,6534,6752,8025,8925,9321,11441,13866,13987,13441,10426,8655,7212,5457,3785,3250,161820,Atlantic County Class by Hour.xlsx,Sheet32
17ms5a,M-cycle,17,5,6,21,16,21,26,62,81,85,123,142,166,168,163,201,236,158,95,120,68,36,28,22,2066,Atlantic County Class by Hour.xlsx,Sheet33
17ms5a,Car,12167,7782,5632,5859,6052,12000,27672,49376,64343,72299,82563,90435,92992,91200,92567,99654,98998,92099,76739,62715,50668,39453,29399,20240,1282904,Atlantic County Class by Hour.xlsx,Sheet33
17ms5a,Pickup,2356,1454,1106,1071,1848,3969,10561,19554,22880,25235,26365,27231,27271,25799,25977,27986,26768,22988,17729,14119,11400,8190,5960,3746,361563,Atlantic County Class by Hour.xlsx,Sheet33
17ms5a,Bus,22,7,11,4,2,26,72,186,260,323,309,260,237,220,187,97,66,31,22,30,17,17,15,12,2433,Atlantic County Class by Hour.xlsx,Sheet33
17ms5a,SU 2A-6T,445,397,549,495,664,923,2512,4391,5194,5010,4708,4839,4807,4422,4261,4543,3758,2917,2061,1613,1185,894,655,527,61770,Atlantic County Class by Hour.xlsx,Sheet33
17ms5a,SU 3 Axles,0,0,1,1,7,51,232,672,672,668,604,628,632,573,474,322,189,60,24,17,7,4,1,1,5840,Atlantic County Class by Hour.xlsx,Sheet33
17ms5a,SU 4+Axles,0,0,0,0,0,2,30,100,63,65,82,77,67,72,42,23,3,2,0,0,0,0,0,0,628,Atlantic County Class by Hour.xlsx,Sheet33
17ms5a,STT 3-4 Axles,1,2,1,7,23,40,99,162,201,170,166,164,148,153,150,113,120,74,133,91,37,9,8,4,2076,Atlantic County Class by Hour.xlsx,Sheet33
17ms5a,STT 5 Axles,15,3,10,14,40,74,149,184,204,192,191,164,124,116,101,61,68,71,48,56,38,33,13,16,1985,Atlantic County Class by Hour.xlsx,Sheet33
17ms5a,STT 6+ Axles,0,0,0,0,0,1,5,7,5,7,6,5,8,4,7,4,3,2,0,3,0,0,0,0,67,Atlantic County Class by Hour.xlsx,Sheet33
17ms5a,MTT 5 Axles,0,0,0,0,0,0,0,0,0,0,0,0,0,0,0,0,0,0,0,0,0,0,0,0,0,Atlantic County Class by Hour.xlsx,Sheet33
17ms5a,MTT 6 Axles,0,0,0,0,0,0,0,0,0,0,0,0,0,0,0,0,0,0,0,0,0,0,0,0,0,Atlantic County Class by Hour.xlsx,Sheet33
17ms5a,MTT 7+ Axles,0,0,0,0,0,0,0,2,0,0,0,0,0,0,0,0,0,0,0,0,0,0,0,0,2,Atlantic County Class by Hour.xlsx,Sheet33
17ms5a,Unclassified,2,2,0,4,6,20,35,55,50,69,67,87,62,88,79,58,102,112,32,20,33,11,7,1,1002,Atlantic County Class by Hour.xlsx,Sheet33
17ms5a,BC(4-13),483,409,572,521,736,1117,3099,5704,6599,6435,6066,6137,6023,5560,5222,5163,4207,3157,2288,1810,1284,957,692,560,74801,Atlantic County Class by Hour.xlsx,Sheet33
17ms5a,Total,15023,9650,7316,7472,8652,17107,41358,74696,93903,104054,115117,123945,126452,122727,123929,133004,130209,118402,96851,78764,63420,48636,36079,24568,1721334,Atlantic County Class by Hour.xlsx,Sheet33
17ms5a_1_NB,M-cycle,8,4,3,19,8,7,12,29,33,31,43,53,63,70,62,83,42,44,28,24,26,8,16,5,721,Atlantic County Class by Hour.xlsx,Sheet34
17ms5a_1_NB,Car,4881,3062,2042,1935,1720,2247,5574,10625,16072,18904,23170,27095,28245,28259,29201,31150,31183,28694,24317,20824,17653,14394,10994,7864,390105,Atlantic County Class by Hour.xlsx,Sheet34
17ms5a_1_NB,Pickup,968,550,401,329,291,806,2741,6579,8233,8315,8554,8791,8736,8257,8153,8470,7987,6870,5685,4865,4276,3304,2385,1654,117200,Atlantic County Class by Hour.xlsx,Sheet34
17ms5a_1_NB,Bus,6,2,9,0,1,16,40,113,144,165,145,116,114,88,82,37,27,16,10,14,10,4,8,6,1173,Atlantic County Class by Hour.xlsx,Sheet34
17ms5a_1_NB,SU 2A-6T,165,94,211,145,232,252,1050,1945,2370,2004,1771,1680,1591,1405,1392,1383,1027,838,658,559,459,331,254,203,22019,Atlantic County Class by Hour.xlsx,Sheet34
17ms5a_1_NB,SU 3 Axles,0,0,0,0,4,19,125,326,221,242,206,213,228,183,122,89,44,16,7,2,1,0,0,0,2048,Atlantic County Class by Hour.xlsx,Sheet34
17ms5a_1_NB,SU 4+Axles,0,0,0,0,0,1,14,58,32,28,32,31,20,30,9,4,0,0,0,0,0,0,0,0,259,Atlantic County Class by Hour.xlsx,Sheet34
17ms5a_1_NB,STT 3-4 Axles,0,0,0,2,10,18,41,93,84,70,70,54,40,57,49,28,29,15,47,25,3,4,6,1,746,Atlantic County Class by Hour.xlsx,Sheet34
17ms5a_1_NB,STT 5 Axles,2,1,5,2,24,27,60,73,83,77,77,56,42,41,24,20,29,24,5,19,7,11,2,8,719,Atlantic County Class by Hour.xlsx,Sheet34
17ms5a_1_NB,STT 6+ Axles,0,0,0,0,0,0,2,4,0,1,3,0,2,2,3,1,1,0,0,0,0,0,0,0,19,Atlantic County Class by Hour.xlsx,Sheet34
17ms5a_1_NB,MTT 5 Axles,0,0,0,0,0,0,0,0,0,0,0,0,0,0,0,0,0,0,0,0,0,0,0,0,0,Atlantic County Class by Hour.xlsx,Sheet34
17ms5a_1_NB,MTT 6 Axles,0,0,0,0,0,0,0,0,0,0,0,0,0,0,0,0,0,0,0,0,0,0,0,0,0,Atlantic County Class by Hour.xlsx,Sheet34
17ms5a_1_NB,MTT 7+ Axles,0,0,0,0,0,0,0,0,0,0,0,0,0,0,0,0,0,0,0,0,0,0,0,0,0,Atlantic County Class by Hour.xlsx,Sheet34
17ms5a_1_NB,Unclassified,1,2,0,1,0,2,7,6,12,18,15,20,14,15,15,5,8,18,3,2,2,1,0,0,167,Atlantic County Class by Hour.xlsx,Sheet34
17ms5a_1_NB,BC(4-13),173,97,225,149,271,333,1332,2612,2934,2587,2304,2150,2037,1806,1681,1562,1157,909,727,619,480,350,270,218,26983,Atlantic County Class by Hour.xlsx,Sheet34
17ms5a_1_NB,Total,6030,3713,2671,2432,2290,3393,9659,19845,27272,29837,34071,38089,39081,38392,39097,41265,40369,36517,30757,26332,22435,18056,13665,9741,535009,Atlantic County Class by Hour.xlsx,Sheet34
17ms5a_1_SB,M-cycle,5,1,0,0,4,6,6,14,21,24,34,33,38,43,29,34,32,39,19,25,13,9,3,8,440,Atlantic County Class by Hour.xlsx,Sheet35
17ms5a_1_SB,Car,2516,1731,1302,1825,2162,5591,11685,18991,22479,25012,26776,27387,27679,26556,25869,27090,26479,24824,20713,16271,12792,9217,6790,4448,376185,Atlantic County Class by Hour.xlsx,Sheet35
17ms5a_1_SB,Pickup,545,345,329,383,942,1753,3742,5671,6506,7722,8064,8110,8185,7844,7935,8595,8214,6995,5077,3834,2828,1892,1394,813,107718,Atlantic County Class by Hour.xlsx,Sheet35
17ms5a_1_SB,Bus,7,2,0,4,0,7,12,28,58,85,89,74,63,70,61,32,13,10,4,8,4,6,5,6,648,Atlantic County Class by Hour.xlsx,Sheet35
17ms5a_1_SB,SU 2A-6T,131,155,163,198,213,271,658,1141,1291,1457,1433,1536,1642,1572,1509,1705,1503,1069,708,504,325,254,178,152,19768,Atlantic County Class by Hour.xlsx,Sheet35
17ms5a_1_SB,SU 3 Axles,0,0,0,0,2,17,44,197,313,280,254,269,253,271,244,160,97,36,13,12,4,1,0,1,2468,Atlantic County Class by Hour.xlsx,Sheet35
17ms5a_1_SB,SU 4+Axles,0,0,0,0,0,0,1,18,20,26,29,32,31,24,21,12,2,2,0,0,0,0,0,0,218,Atlantic County Class by Hour.xlsx,Sheet35
17ms5a_1_SB,STT 3-4 Axles,0,0,0,2,7,16,32,35,54,66,58,63,66,61,65,48,61,25,40,48,22,2,2,0,773,Atlantic County Class by Hour.xlsx,Sheet35
17ms5a_1_SB,STT 5 Axles,9,1,2,7,8,28,49,74,78,75,80,72,59,46,47,27,20,22,27,27,23,12,7,4,804,Atlantic County Class by Hour.xlsx,Sheet35
17ms5a_1_SB,STT 6+ Axles,0,0,0,0,0,0,0,2,2,1,2,4,3,2,2,2,0,2,0,3,0,0,0,0,25,Atlantic County Class by Hour.xlsx,Sheet35
17ms5a_1_SB,MTT 5 Axles,0,0,0,0,0,0,0,0,0,0,0,0,0,0,0,0,0,0,0,0,0,0,0,0,0,Atlantic County Class by Hour.xlsx,Sheet35
17ms5a_1_SB,MTT 6 Axles,0,0,0,0,0,0,0,0,0,0,0,0,0,0,0,0,0,0,0,0,0,0,0,0,0,Atlantic County Class by Hour.xlsx,Sheet35
17ms5a_1_SB,MTT 7+ Axles,0,0,0,0,0,0,0,1,0,0,0,0,0,0,0,0,0,0,0,0,0,0,0,0,1,Atlantic County Class by Hour.xlsx,Sheet35
17ms5a_1_SB,Unclassified,0,0,0,2,6,14,22,33,23,39,41,51,40,60,58,42,39,36,24,12,20,8,6,0,576,Atlantic County Class by Hour.xlsx,Sheet35
17ms5a_1_SB,BC(4-13),147,158,165,211,230,339,796,1496,1816,1990,1945,2050,2117,2046,1949,1986,1696,1166,792,602,378,275,192,163,24705,Atlantic County Class by Hour.xlsx,Sheet35
17ms5a_1_SB,Total,3213,2235,1796,2419,3338,7689,16229,26172,30822,34748,36819,37580,38019,36489,35782,37705,36421,33024,26601,20732,16011,11393,8379,5432,509048,Atlantic County Class by Hour.xlsx,Sheet35
17ms5a_2_NB,M-cycle,3,0,3,2,2,1,4,11,10,11,15,26,35,30,34,51,134,53,13,10,14,12,6,2,482,Atlantic County Class by Hour.xlsx,Sheet36
17ms5a_2_NB,Car,3001,1772,1389,1135,1038,1370,3287,6331,9700,11075,13739,16535,17233,17181,17760,19848,20460,20066,16624,13724,11439,9166,6933,4849,245655,Atlantic County Class by Hour.xlsx,Sheet36
17ms5a_2_NB,Pickup,541,355,205,180,173,464,1733,3456,4070,4504,4589,5067,4967,4559,4640,5004,4946,4388,3597,2956,2485,1799,1335,852,66865,Atlantic County Class by Hour.xlsx,Sheet36
17ms5a_2_NB,Bus,6,3,2,0,0,1,20,36,39,42,42,42,34,40,20,13,9,1,3,6,0,5,2,0,366,Atlantic County Class by Hour.xlsx,Sheet36
17ms5a_2_NB,SU 2A-6T,81,82,120,81,115,199,474,811,945,865,741,797,744,681,642,660,582,471,373,331,240,191,124,102,10452,Atlantic County Class by Hour.xlsx,Sheet36
17ms5a_2_NB,SU 3 Axles,0,0,0,1,0,14,54,109,90,88,79,88,93,64,58,34,18,4,1,0,1,0,1,0,797,Atlantic County Class by Hour.xlsx,Sheet36
17ms5a_2_NB,SU 4+Axles,0,0,0,0,0,1,15,23,10,8,13,7,11,12,10,3,0,0,0,0,0,0,0,0,113,Atlantic County Class by Hour.xlsx,Sheet36
17ms5a_2_NB,STT 3-4 Axles,1,0,0,1,6,4,19,26,45,17,19,31,25,15,22,17,17,20,31,5,4,1,0,0,326,Atlantic County Class by Hour.xlsx,Sheet36
17ms5a_2_NB,STT 5 Axles,2,0,2,5,7,18,29,27,25,20,16,16,15,18,15,9,9,13,7,8,5,6,2,2,276,Atlantic County Class by Hour.xlsx,Sheet36
17ms5a_2_NB,STT 6+ Axles,0,0,0,0,0,1,3,1,2,3,1,0,2,0,2,1,2,0,0,0,0,0,0,0,18,Atlantic County Class by Hour.xlsx,Sheet36
17ms5a_2_NB,MTT 5 Axles,0,0,0,0,0,0,0,0,0,0,0,0,0,0,0,0,0,0,0,0,0,0,0,0,0,Atlantic County Class by Hour.xlsx,Sheet36
17ms5a_2_NB,MTT 6 Axles,0,0,0,0,0,0,0,0,0,0,0,0,0,0,0,0,0,0,0,0,0,0,0,0,0,Atlantic County Class by Hour.xlsx,Sheet36
17ms5a_2_NB,MTT 7+ Axles,0,0,0,0,0,0,0,0,0,0,0,0,0,0,0,0,0,0,0,0,0,0,0,0,0,Atlantic County Class by Hour.xlsx,Sheet36
17ms5a_2_NB,Unclassified,0,0,0,1,0,0,2,9,5,5,3,6,6,9,3,1,44,50,1,2,2,0,1,0,150,Atlantic County Class by Hour.xlsx,Sheet36
17ms5a_2_NB,BC(4-13),90,85,124,88,128,238,614,1033,1156,1043,911,981,924,830,769,737,637,509,415,350,250,203,129,104,12348,Atlantic County Class by Hour.xlsx,Sheet36
17ms5a_2_NB,Total,3635,2212,1721,1405,1341,2073,5638,10831,14936,16633,19254,22609,23159,22600,23203,25640,26177,25016,20649,17040,14188,11180,8403,5807,325350,Atlantic County Class by Hour.xlsx,Sheet36
17ms5a_2_SB,M-cycle,1,0,0,0,2,7,4,8,17,19,31,30,30,25,38,33,28,22,35,61,15,7,3,7,423,Atlantic County Class by Hour.xlsx,Sheet37
17ms5a_2_SB,Car,1769,1217,899,964,1132,2792,7126,13429,16092,17308,18878,19418,19835,19204,19737,21566,20876,18515,15085,11896,8784,6676,4682,3079,270959,Atlantic County Class by Hour.xlsx,Sheet37
17ms5a_2_SB,Pickup,302,204,171,179,442,946,2345,3848,4071,4694,5158,5263,5383,5139,5249,5917,5621,4735,3370,2464,1811,1195,846,427,69780,Atlantic County Class by Hour.xlsx,Sheet37
17ms5a_2_SB,Bus,3,0,0,0,1,2,0,9,19,31,33,28,26,22,24,15,17,4,5,2,3,2,0,0,246,Atlantic County Class by Hour.xlsx,Sheet37
17ms5a_2_SB,SU 2A-6T,68,66,55,71,104,201,330,494,588,684,763,826,830,764,718,795,646,539,322,219,161,118,99,70,9531,Atlantic County Class by Hour.xlsx,Sheet37
17ms5a_2_SB,SU 3 Axles,0,0,1,0,1,1,9,40,48,58,65,58,58,55,50,39,30,4,3,3,1,3,0,0,527,Atlantic County Class by Hour.xlsx,Sheet37
17ms5a_2_SB,SU 4+Axles,0,0,0,0,0,0,0,1,1,3,8,7,5,6,2,4,1,0,0,0,0,0,0,0,38,Atlantic County Class by Hour.xlsx,Sheet37
17ms5a_2_SB,STT 3-4 Axles,0,2,1,2,0,2,7,8,18,17,19,16,17,20,14,20,13,14,15,13,8,2,0,3,231,Atlantic County Class by Hour.xlsx,Sheet37
17ms5a_2_SB,STT 5 Axles,2,1,1,0,1,1,11,10,18,20,18,20,8,11,15,5,10,12,9,2,3,4,2,2,186,Atlantic County Class by Hour.xlsx,Sheet37
17ms5a_2_SB,STT 6+ Axles,0,0,0,0,0,0,0,0,1,2,0,1,1,0,0,0,0,0,0,0,0,0,0,0,5,Atlantic County Class by Hour.xlsx,Sheet37
17ms5a_2_SB,MTT 5 Axles,0,0,0,0,0,0,0,0,0,0,0,0,0,0,0,0,0,0,0,0,0,0,0,0,0,Atlantic County Class by Hour.xlsx,Sheet37
17ms5a_2_SB,MTT 6 Axles,0,0,0,0,0,0,0,0,0,0,0,0,0,0,0,0,0,0,0,0,0,0,0,0,0,Atlantic County Class by Hour.xlsx,Sheet37
17ms5a_2_SB,MTT 7+ Axles,0,0,0,0,0,0,0,1,0,0,0,0,0,0,0,0,0,0,0,0,0,0,0,0,1,Atlantic County Class by Hour.xlsx,Sheet37
17ms5a_2_SB,Unclassified,1,0,0,0,0,4,4,7,10,7,8,10,2,4,3,10,11,8,4,4,9,2,0,1,109,Atlantic County Class by Hour.xlsx,Sheet37
17ms5a_2_SB,BC(4-13),73,69,58,73,107,207,357,563,693,815,906,956,945,878,823,878,717,573,354,239,176,129,101,75,10765,Atlantic County Class by Hour.xlsx,Sheet37
17ms5a_2_SB,Total,2145,1490,1128,1216,1683,3952,9832,17848,20873,22836,24973,25667,26193,25246,25847,28394,27242,23845,18844,14660,10786,8007,5632,3588,351927,Atlantic County Class by Hour.xlsx,Sheet37
17ms5a_NB,M-cycle,11,4,6,21,10,8,16,40,43,42,58,79,98,100,96,134,176,97,41,34,40,20,22,7,1203,Atlantic County Class by Hour.xlsx,Sheet38
17ms5a_NB,Car,7882,4834,3431,3070,2758,3617,8861,16956,25772,29979,36909,43630,45478,45440,46961,50998,51643,48760,40941,34548,29092,23560,17927,12713,635760,Atlantic County Class by Hour.xlsx,Sheet38
17ms5a_NB,Pickup,1509,905,606,509,464,1270,4474,10035,12303,12819,13143,13858,13703,12816,12793,13474,12933,11258,9282,7821,6761,5103,3720,2506,184065,Atlantic County Class by Hour.xlsx,Sheet38
17ms5a_NB,Bus,12,5,11,0,1,17,60,149,183,207,187,158,148,128,102,50,36,17,13,20,10,9,10,6,1539,Atlantic County Class by Hour.xlsx,Sheet38
17ms5a_NB,SU 2A-6T,246,176,331,226,347,451,1524,2756,3315,2869,2512,2477,2335,2086,2034,2043,1609,1309,1031,890,699,522,378,305,32471,Atlantic County Class by Hour.xlsx,Sheet38
17ms5a_NB,SU 3 Axles,0,0,0,1,4,33,179,435,311,330,285,301,321,247,180,123,62,20,8,2,2,0,1,0,2845,Atlantic County Class by Hour.xlsx,Sheet38
17ms5a_NB,SU 4+Axles,0,0,0,0,0,2,29,81,42,36,45,38,31,42,19,7,0,0,0,0,0,0,0,0,372,Atlantic County Class by Hour.xlsx,Sheet38
17ms5a_NB,STT 3-4 Axles,1,0,0,3,16,22,60,119,129,87,89,85,65,72,71,45,46,35,78,30,7,5,6,1,1072,Atlantic County Class by Hour.xlsx,Sheet38
17ms5a_NB,STT 5 Axles,4,1,7,7,31,45,89,100,108,97,93,72,57,59,39,29,38,37,12,27,12,17,4,10,995,Atlantic County Class by Hour.xlsx,Sheet38
17ms5a_NB,STT 6+ Axles,0,0,0,0,0,1,5,5,2,4,4,0,4,2,5,2,3,0,0,0,0,0,0,0,37,Atlantic County Class by Hour.xlsx,Sheet38
17ms5a_NB,MTT 5 Axles,0,0,0,0,0,0,0,0,0,0,0,0,0,0,0,0,0,0,0,0,0,0,0,0,0,Atlantic County Class by Hour.xlsx,Sheet38
17ms5a_NB,MTT 6 Axles,0,0,0,0,0,0,0,0,0,0,0,0,0,0,0,0,0,0,0,0,0,0,0,0,0,Atlantic County Class by Hour.xlsx,Sheet38
17ms5a_NB,MTT 7+ Axles,0,0,0,0,0,0,0,0,0,0,0,0,0,0,0,0,0,0,0,0,0,0,0,0,0,Atlantic County Class by Hour.xlsx,Sheet38
17ms5a_NB,Unclassified,1,2,0,2,0,2,9,15,17,23,18,26,20,24,18,6,52,68,4,4,4,1,1,0,317,Atlantic County Class by Hour.xlsx,Sheet38
17ms5a_NB,BC(4-13),263,182,349,237,399,571,1946,3645,4090,3630,3215,3131,2961,2636,2450,2299,1794,1418,1142,969,730,553,399,322,39331,Atlantic County Class by Hour.xlsx,Sheet38
17ms5a_NB,Total,9665,5925,4392,3837,3631,5466,15297,30676,42208,46470,53325,60698,62240,60992,62300,66905,66546,61533,51406,43372,36623,29236,22068,15548,860359,Atlantic County Class by Hour.xlsx,Sheet38
17ms5a_SB,M-cycle,6,1,0,0,6,13,10,22,38,43,65,63,68,68,67,67,60,61,54,86,28,16,6,15,863,Atlantic County Class by Hour.xlsx,Sheet39
17ms5a_SB,Car,4285,2948,2201,2789,3294,8383,18811,32420,38571,42320,45654,46805,47514,45760,45606,48656,47355,43339,35798,28167,21576,15893,11472,7527,647144,Atlantic County Class by Hour.xlsx,Sheet39
17ms5a_SB,Pickup,847,549,500,562,1384,2699,6087,9519,10577,12416,13222,13373,13568,12983,13184,14512,13835,11730,8447,6298,4639,3087,2240,1240,177498,Atlantic County Class by Hour.xlsx,Sheet39
17ms5a_SB,Bus,10,2,0,4,1,9,12,37,77,116,122,102,89,92,85,47,30,14,9,10,7,8,5,6,894,Atlantic County Class by Hour.xlsx,Sheet39
17ms5a_SB,SU 2A-6T,199,221,218,269,317,472,988,1635,1879,2141,2196,2362,2472,2336,2227,2500,2149,1608,1030,723,486,372,277,222,29299,Atlantic County Class by Hour.xlsx,Sheet39
17ms5a_SB,SU 3 Axles,0,0,1,0,3,18,53,237,361,338,319,327,311,326,294,199,127,40,16,15,5,4,0,1,2995,Atlantic County Class by Hour.xlsx,Sheet39
17ms5a_SB,SU 4+Axles,0,0,0,0,0,0,1,19,21,29,37,39,36,30,23,16,3,2,0,0,0,0,0,0,256,Atlantic County Class by Hour.xlsx,Sheet39
17ms5a_SB,STT 3-4 Axles,0,2,1,4,7,18,39,43,72,83,77,79,83,81,79,68,74,39,55,61,30,4,2,3,1004,Atlantic County Class by Hour.xlsx,Sheet39
17ms5a_SB,STT 5 Axles,11,2,3,7,9,29,60,84,96,95,98,92,67,57,62,32,30,34,36,29,26,16,9,6,990,Atlantic County Class by Hour.xlsx,Sheet39
17ms5a_SB,STT 6+ Axles,0,0,0,0,0,0,0,2,3,3,2,5,4,2,2,2,0,2,0,3,0,0,0,0,30,Atlantic County Class by Hour.xlsx,Sheet39
17ms5a_SB,MTT 5 Axles,0,0,0,0,0,0,0,0,0,0,0,0,0,0,0,0,0,0,0,0,0,0,0,0,0,Atlantic County Class by Hour.xlsx,Sheet39
17ms5a_SB,MTT 6 Axles,0,0,0,0,0,0,0,0,0,0,0,0,0,0,0,0,0,0,0,0,0,0,0,0,0,Atlantic County Class by Hour.xlsx,Sheet39
17ms5a_SB,MTT 7+ Axles,0,0,0,0,0,0,0,2,0,0,0,0,0,0,0,0,0,0,0,0,0,0,0,0,2,Atlantic County Class by Hour.xlsx,Sheet39
17ms5a_SB,Unclassified,1,0,0,2,6,18,26,40,33,46,49,61,42,64,61,52,50,44,28,16,29,10,6,1,685,Atlantic County Class by Hour.xlsx,Sheet39
17ms5a_SB,BC(4-13),220,227,223,284,337,546,1153,2059,2509,2805,2851,3006,3062,2924,2772,2864,2413,1739,1146,841,554,404,293,238,35470,Atlantic County Class by Hour.xlsx,Sheet39
17ms5a_SB,Total,5358,3725,2924,3635,5021,11641,26061,44020,51695,57584,61792,63247,64212,61735,61629,66099,63663,56869,45445,35392,26797,19400,14011,9020,860975,Atlantic County Class by Hour.xlsx,Sheet39
20ms1a,M-cycle,6,6,3,2,2,1,15,46,44,68,90,108,99,145,122,187,134,117,93,61,64,51,34,18,1516,Atlantic County Class by Hour.xlsx,Sheet40
20ms1a,Car,5816,3551,2520,1831,2294,5187,17315,39715,51618,56682,62515,68996,72713,69619,70943,75282,74732,68988,55434,42878,34631,24969,16916,10401,935546,Atlantic County Class by Hour.xlsx,Sheet40
20ms1a,Pickup,916,586,434,382,522,1628,5132,16171,19643,18450,18429,18910,18808,17980,17419,19869,20861,15242,10651,7467,5630,3797,2301,1419,242647,Atlantic County Class by Hour.xlsx,Sheet40
20ms1a,Bus,0,1,0,1,3,5,31,78,112,153,166,186,154,121,121,75,26,21,15,6,8,9,2,0,1294,Atlantic County Class by Hour.xlsx,Sheet40
20ms1a,SU 2A-6T,58,76,52,64,196,335,1074,2679,3901,3704,3608,3369,3341,3188,2995,3389,2847,1959,1098,593,392,237,186,87,39428,Atlantic County Class by Hour.xlsx,Sheet40
20ms1a,SU 3 Axles,0,0,0,2,47,12,126,412,522,492,497,468,433,412,292,208,101,37,8,4,3,2,1,2,4081,Atlantic County Class by Hour.xlsx,Sheet40
20ms1a,SU 4+Axles,0,1,0,0,0,5,7,34,94,83,90,102,110,90,81,37,15,5,3,1,2,2,0,0,762,Atlantic County Class by Hour.xlsx,Sheet40
20ms1a,STT 3-4 Axles,0,1,1,0,0,2,27,96,155,126,127,115,104,129,81,74,80,47,29,5,8,8,3,1,1219,Atlantic County Class by Hour.xlsx,Sheet40
20ms1a,STT 5 Axles,0,1,4,0,4,10,58,168,187,149,126,107,83,96,109,106,33,22,23,20,9,8,4,1,1328,Atlantic County Class by Hour.xlsx,Sheet40
20ms1a,STT 6+ Axles,0,0,0,0,0,0,2,4,12,9,10,9,3,4,12,9,5,2,1,0,1,0,0,0,83,Atlantic County Class by Hour.xlsx,Sheet40
20ms1a,MTT 5 Axles,0,0,0,0,0,0,0,0,0,0,0,0,0,0,0,0,0,0,0,0,0,0,0,0,0,Atlantic County Class by Hour.xlsx,Sheet40
20ms1a,MTT 6 Axles,0,0,0,0,0,0,0,0,0,0,0,0,0,0,0,0,0,0,0,0,0,0,0,0,0,Atlantic County Class by Hour.xlsx,Sheet40
20ms1a,MTT 7+ Axles,0,0,0,0,0,0,0,0,0,0,0,1,0,0,0,0,0,0,0,0,0,0,0,0,1,Atlantic County Class by Hour.xlsx,Sheet40
20ms1a,Unclassified,0,1,0,0,0,0,1,6,6,12,18,14,15,8,9,9,9,9,8,12,8,4,2,0,151,Atlantic County Class by Hour.xlsx,Sheet40
20ms1a,BC(4-13),58,80,57,67,250,369,1325,3471,4983,4716,4624,4357,4228,4040,3691,3898,3107,2093,1177,629,423,266,196,91,48196,Atlantic County Class by Hour.xlsx,Sheet40
20ms1a,Total,6796,4223,3014,2282,3068,7185,23787,59403,76288,79916,85658,92371,95848,91784,92175,99236,98834,86440,67355,51035,40748,29083,19447,11929,1227905,Atlantic County Class by Hour.xlsx,Sheet40
20ms1a_EB,M-cycle,5,2,0,0,1,0,8,35,21,26,24,44,38,71,39,88,47,34,34,25,25,14,11,4,596,Atlantic County Class by Hour.xlsx,Sheet41
20ms1a_EB,Car,2428,1436,866,635,592,1999,6315,15603,20895,23327,26986,31921,34135,32610,34631,35985,35967,33886,26873,21914,17469,12434,7664,4640,431211,Atlantic County Class by Hour.xlsx,Sheet41
20ms1a_EB,Pickup,367,230,181,124,227,774,2549,10476,12609,10134,8909,8747,8356,7886,7243,7361,6789,6095,4694,3428,2772,1836,1007,640,113434,Atlantic County Class by Hour.xlsx,Sheet41
20ms1a_EB,Bus,0,0,0,0,2,5,24,59,75,79,76,84,63,46,31,28,4,3,4,2,2,4,1,0,592,Atlantic County Class by Hour.xlsx,Sheet41
20ms1a_EB,SU 2A-6T,33,50,37,47,151,155,686,2033,2916,2335,1809,1475,1470,1362,1031,1017,695,534,318,210,158,109,86,42,18759,Atlantic County Class by Hour.xlsx,Sheet41
20ms1a_EB,SU 3 Axles,0,0,0,1,47,10,112,311,334,251,249,207,180,176,110,65,20,2,0,1,2,0,0,1,2079,Atlantic County Class by Hour.xlsx,Sheet41
20ms1a_EB,SU 4+Axles,0,0,0,0,0,5,7,28,58,32,48,51,55,43,30,11,5,1,0,1,0,1,0,0,376,Atlantic County Class by Hour.xlsx,Sheet41
20ms1a_EB,STT 3-4 Axles,0,0,0,0,0,1,15,80,115,71,62,51,46,53,26,20,17,12,8,3,5,5,1,1,592,Atlantic County Class by Hour.xlsx,Sheet41
20ms1a_EB,STT 5 Axles,0,1,2,0,2,5,41,103,126,53,56,51,38,49,57,44,5,5,4,4,0,7,1,0,654,Atlantic County Class by Hour.xlsx,Sheet41
20ms1a_EB,STT 6+ Axles,0,0,0,0,0,0,2,4,9,1,5,4,1,1,6,2,2,0,0,0,1,0,0,0,38,Atlantic County Class by Hour.xlsx,Sheet41
20ms1a_EB,MTT 5 Axles,0,0,0,0,0,0,0,0,0,0,0,0,0,0,0,0,0,0,0,0,0,0,0,0,0,Atlantic County Class by Hour.xlsx,Sheet41
20ms1a_EB,MTT 6 Axles,0,0,0,0,0,0,0,0,0,0,0,0,0,0,0,0,0,0,0,0,0,0,0,0,0,Atlantic County Class by Hour.xlsx,Sheet41
20ms1a_EB,MTT 7+ Axles,0,0,0,0,0,0,0,0,0,0,0,1,0,0,0,0,0,0,0,0,0,0,0,0,1,Atlantic County Class by Hour.xlsx,Sheet41
20ms1a_EB,Unclassified,0,1,0,0,0,0,1,6,4,5,10,7,7,2,2,6,1,6,2,3,2,2,1,0,68,Atlantic County Class by Hour.xlsx,Sheet41
20ms1a_EB,BC(4-13),33,51,39,48,202,181,887,2618,3633,2822,2305,1924,1853,1730,1291,1187,748,557,334,221,168,126,89,44,23091,Atlantic County Class by Hour.xlsx,Sheet41
20ms1a_EB,Total,2833,1719,1086,807,1022,2954,9759,28732,37158,36309,38224,42636,44382,42297,43204,44621,43551,40572,31935,25588,20434,14410,8771,5328,568332,Atlantic County Class by Hour.xlsx,Sheet41
20ms1a_WB,M-cycle,1,4,3,2,1,1,7,11,23,42,66,64,61,74,83,99,87,83,59,36,39,37,23,14,920,Atlantic County Class by Hour.xlsx,Sheet42
20ms1a_WB,Car,3388,2115,1654,1196,1702,3188,11000,24112,30723,33355,35529,37075,38578,37009,36312,39297,38765,35102,28561,20964,17162,12535,9252,5761,504335,Atlantic County Class by Hour.xlsx,Sheet42
20ms1a_WB,Pickup,549,356,253,258,295,854,2583,5695,7034,8316,9520,10163,10452,10094,10176,12508,14072,9147,5957,4039,2858,1961,1294,779,129213,Atlantic County Class by Hour.xlsx,Sheet42
20ms1a_WB,Bus,0,1,0,1,1,0,7,19,37,74,90,102,91,75,90,47,22,18,11,4,6,5,1,0,702,Atlantic County Class by Hour.xlsx,Sheet42
20ms1a_WB,SU 2A-6T,25,26,15,17,45,180,388,646,985,1369,1799,1894,1871,1826,1964,2372,2152,1425,780,383,234,128,100,45,20669,Atlantic County Class by Hour.xlsx,Sheet42
20ms1a_WB,SU 3 Axles,0,0,0,1,0,2,14,101,188,241,248,261,253,236,182,143,81,35,8,3,1,2,1,1,2002,Atlantic County Class by Hour.xlsx,Sheet42
20ms1a_WB,SU 4+Axles,0,1,0,0,0,0,0,6,36,51,42,51,55,47,51,26,10,4,3,0,2,1,0,0,386,Atlantic County Class by Hour.xlsx,Sheet42
20ms1a_WB,STT 3-4 Axles,0,1,1,0,0,1,12,16,40,55,65,64,58,76,55,54,63,35,21,2,3,3,2,0,627,Atlantic County Class by Hour.xlsx,Sheet42
20ms1a_WB,STT 5 Axles,0,0,2,0,2,5,17,65,61,96,70,56,45,47,52,62,28,17,19,16,9,1,3,1,674,Atlantic County Class by Hour.xlsx,Sheet42
20ms1a_WB,STT 6+ Axles,0,0,0,0,0,0,0,0,3,8,5,5,2,3,6,7,3,2,1,0,0,0,0,0,45,Atlantic County Class by Hour.xlsx,Sheet42
20ms1a_WB,MTT 5 Axles,0,0,0,0,0,0,0,0,0,0,0,0,0,0,0,0,0,0,0,0,0,0,0,0,0,Atlantic County Class by Hour.xlsx,Sheet42
20ms1a_WB,MTT 6 Axles,0,0,0,0,0,0,0,0,0,0,0,0,0,0,0,0,0,0,0,0,0,0,0,0,0,Atlantic County Class by Hour.xlsx,Sheet42
20ms1a_WB,MTT 7+ Axles,0,0,0,0,0,0,0,0,0,0,0,0,0,0,0,0,0,0,0,0,0,0,0,0,0,Atlantic County Class by Hour.xlsx,Sheet42
20ms1a_WB,Unclassified,0,0,0,0,0,0,0,0,2,7,8,7,8,6,7,3,8,3,6,9,6,2,1,0,83,Atlantic County Class by Hour.xlsx,Sheet42
20ms1a_WB,BC(4-13),25,29,18,19,48,188,438,853,1350,1894,2319,2433,2375,2310,2400,2711,2359,1536,843,408,255,140,107,47,25105,Atlantic County Class by Hour.xlsx,Sheet42
20ms1a_WB,Total,3963,2504,1928,1475,2046,4231,14028,30671,39130,43607,47434,49735,51466,49487,48971,54615,55283,45868,35420,25447,20314,14673,10676,6601,659573,Atlantic County Class by Hour.xlsx,Sheet42
CO0563_1_SB,M-cycle,4,0,1,1,3,1,10,24,30,26,71,41,40,58,65,69,49,60,44,50,37,20,10,12,726,Atlantic County Class by Hour.xlsx,Sheet43
CO0563_1_SB,Car,3401,2644,1316,1624,2922,6349,16403,28846,32889,27093,26611,29692,31961,31081,30957,33711,36006,32264,25129,18967,15599,12693,8627,6522,463307,Atlantic County Class by Hour.xlsx,Sheet43
CO0563_1_SB,Pickup,1634,1342,668,1038,2100,5557,12279,16752,16416,16092,15939,16000,16506,15980,16073,16499,16445,14524,11465,8738,6630,5335,3560,2783,240355,Atlantic County Class by Hour.xlsx,Sheet43
CO0563_1_SB,Bus,0,1,0,0,2,1,0,5,15,9,4,11,12,17,14,14,8,7,3,3,2,5,1,0,134,Atlantic County Class by Hour.xlsx,Sheet43
CO0563_1_SB,SU 2A-6T,17,17,15,17,37,196,548,929,780,871,774,653,702,696,871,510,575,379,275,140,103,73,48,42,9268,Atlantic County Class by Hour.xlsx,Sheet43
CO0563_1_SB,SU 3 Axles,3,6,15,18,8,84,285,229,287,359,408,420,437,419,434,249,81,24,18,19,8,12,8,7,3838,Atlantic County Class by Hour.xlsx,Sheet43
CO0563_1_SB,SU 4+Axles,0,1,0,0,1,8,55,57,78,98,83,73,86,88,85,25,7,3,0,0,0,0,0,2,750,Atlantic County Class by Hour.xlsx,Sheet43
CO0563_1_SB,STT 3-4 Axles,0,3,12,68,5,10,30,21,31,45,51,68,61,76,71,68,49,57,25,3,5,2,1,2,764,Atlantic County Class by Hour.xlsx,Sheet43
CO0563_1_SB,STT 5 Axles,6,15,10,18,27,24,40,76,90,131,97,87,82,83,69,47,13,24,9,14,11,16,20,8,1017,Atlantic County Class by Hour.xlsx,Sheet43
CO0563_1_SB,STT 6+ Axles,0,0,0,0,0,1,5,4,7,9,7,9,8,5,4,4,0,0,0,1,1,0,0,0,65,Atlantic County Class by Hour.xlsx,Sheet43
CO0563_1_SB,MTT 5 Axles,0,0,0,0,0,0,0,0,0,0,0,0,0,0,0,0,0,0,0,0,0,0,0,0,0,Atlantic County Class by Hour.xlsx,Sheet43
CO0563_1_SB,MTT 6 Axles,0,0,0,0,0,0,0,0,0,0,0,0,0,0,0,0,0,0,0,0,0,0,0,0,0,Atlantic County Class by Hour.xlsx,Sheet43
CO0563_1_SB,MTT 7+ Axles,0,0,0,0,0,0,0,0,1,0,0,0,0,0,1,0,0,0,0,0,0,0,0,0,2,Atlantic County Class by Hour.xlsx,Sheet43
CO0563_1_SB,Unclassified,0,0,0,0,0,0,0,0,0,0,0,0,0,0,0,0,0,0,0,0,0,0,0,0,0,Atlantic County Class by Hour.xlsx,Sheet43
CO0563_1_SB,BC(4-13),26,43,52,121,80,324,963,1321,1289,1522,1424,1321,1388,1384,1549,917,733,494,330,180,130,108,78,61,15838,Atlantic County Class by Hour.xlsx,Sheet43
CO0563_1_SB,Total,5065,4029,2037,2784,5105,12231,29655,46943,50624,44733,44045,47054,49895,48503,48644,51196,53233,47342,36968,27935,22396,18156,12275,9378,720226,Atlantic County Class by Hour.xlsx,Sheet43
CO0563_SB,M-cycle,4,0,1,1,3,1,10,24,30,26,71,41,40,58,65,69,49,60,44,50,37,20,10,12,726,Atlantic County Class by Hour.xlsx,Sheet44
CO0563_SB,Car,3401,2644,1316,1624,2922,6349,16403,28846,32889,27093,26611,29692,31961,31081,30957,33711,36006,32264,25129,18967,15599,12693,8627,6522,463307,Atlantic County Class by Hour.xlsx,Sheet44
CO0563_SB,Pickup,1634,1342,668,1038,2100,5557,12279,16752,16416,16092,15939,16000,16506,15980,16073,16499,16445,14524,11465,8738,6630,5335,3560,2783,240355,Atlantic County Class by Hour.xlsx,Sheet44
CO0563_SB,Bus,0,1,0,0,2,1,0,5,15,9,4,11,12,17,14,14,8,7,3,3,2,5,1,0,134,Atlantic County Class by Hour.xlsx,Sheet44
CO0563_SB,SU 2A-6T,17,17,15,17,37,196,548,929,780,871,774,653,702,696,871,510,575,379,275,140,103,73,48,42,9268,Atlantic County Class by Hour.xlsx,Sheet44
CO0563_SB,SU 3 Axles,3,6,15,18,8,84,285,229,287,359,408,420,437,419,434,249,81,24,18,19,8,12,8,7,3838,Atlantic County Class by Hour.xlsx,Sheet44
CO0563_SB,SU 4+Axles,0,1,0,0,1,8,55,57,78,98,83,73,86,88,85,25,7,3,0,0,0,0,0,2,750,Atlantic County Class by Hour.xlsx,Sheet44
CO0563_SB,STT 3-4 Axles,0,3,12,68,5,10,30,21,31,45,51,68,61,76,71,68,49,57,25,3,5,2,1,2,764,Atlantic County Class by Hour.xlsx,Sheet44
CO0563_SB,STT 5 Axles,6,15,10,18,27,24,40,76,90,131,97,87,82,83,69,47,13,24,9,14,11,16,20,8,1017,Atlantic County Class by Hour.xlsx,Sheet44
CO0563_SB,STT 6+ Axles,0,0,0,0,0,1,5,4,7,9,7,9,8,5,4,4,0,0,0,1,1,0,0,0,65,Atlantic County Class by Hour.xlsx,Sheet44
CO0563_SB,MTT 5 Axles,0,0,0,0,0,0,0,0,0,0,0,0,0,0,0,0,0,0,0,0,0,0,0,0,0,Atlantic County Class by Hour.xlsx,Sheet44
CO0563_SB,MTT 6 Axles,0,0,0,0,0,0,0,0,0,0,0,0,0,0,0,0,0,0,0,0,0,0,0,0,0,Atlantic County Class by Hour.xlsx,Sheet44
CO0563_SB,MTT 7+ Axles,0,0,0,0,0,0,0,0,1,0,0,0,0,0,1,0,0,0,0,0,0,0,0,0,2,Atlantic County Class by Hour.xlsx,Sheet44
CO0563_SB,Unclassified,0,0,0,0,0,0,0,0,0,0,0,0,0,0,0,0,0,0,0,0,0,0,0,0,0,Atlantic County Class by Hour.xlsx,Sheet44
CO0563_SB,BC(4-13),26,43,52,121,80,324,963,1321,1289,1522,1424,1321,1388,1384,1549,917,733,494,330,180,130,108,78,61,15838,Atlantic County Class by Hour.xlsx,Sheet44
CO0563_SB,Total,5065,4029,2037,2784,5105,12231,29655,46943,50624,44733,44045,47054,49895,48503,48644,51196,53233,47342,36968,27935,22396,18156,12275,9378,720226,Atlantic County Class by Hour.xlsx,Sheet44
17ms2a,M-cycle,21,11,8,6,21,52,80,99,109,168,225,258,272,299,328,328,292,260,195,159,155,86,68,34,3534,Cape May Class by Hour.xlsx,Sheet1
17ms2a,Car,7854,3970,2807,3276,6860,17363,36345,59153,56582,66099,76733,82329,80967,81360,85391,88213,90414,84046,67743,55051,46493,35182,24917,15622,1174770,Cape May Class by Hour.xlsx,Sheet1
17ms2a,Pickup,2003,1226,914,1458,3315,8951,18753,29904,24994,24996,25332,25777,25906,26903,28613,31401,32262,29030,21293,16271,12860,10160,6288,3796,412406,Cape May Class by Hour.xlsx,Sheet1
17ms2a,Bus,50,65,123,135,167,153,239,419,510,376,327,386,389,381,264,289,253,87,59,32,43,29,67,202,5045,Cape May Class by Hour.xlsx,Sheet1
17ms2a,SU 2A-6T,274,225,267,339,997,1905,3622,5346,5493,4972,4859,4372,4210,4462,4918,5245,5048,3968,2804,1976,1333,1012,634,452,68733,Cape May Class by Hour.xlsx,Sheet1
17ms2a,SU 3 Axles,43,31,50,86,71,150,353,545,769,633,619,513,612,479,542,361,182,63,45,27,48,55,56,46,6379,Cape May Class by Hour.xlsx,Sheet1
17ms2a,SU 4+Axles,13,18,22,30,26,43,223,320,259,280,225,299,253,291,123,50,17,8,5,3,8,12,24,31,2583,Cape May Class by Hour.xlsx,Sheet1
17ms2a,STT 3-4 Axles,45,68,47,125,132,265,380,493,473,475,509,731,593,546,535,538,400,374,289,258,141,93,84,56,7650,Cape May Class by Hour.xlsx,Sheet1
17ms2a,STT 5 Axles,189,146,188,205,258,378,734,963,1213,1069,1086,1005,940,789,654,596,472,353,319,255,187,188,199,178,12564,Cape May Class by Hour.xlsx,Sheet1
17ms2a,STT 6+ Axles,2,0,0,0,0,5,18,23,15,13,15,14,17,13,11,5,10,4,3,1,1,2,0,0,172,Cape May Class by Hour.xlsx,Sheet1
17ms2a,MTT 5 Axles,0,0,0,0,0,0,0,0,0,0,0,0,0,0,0,0,0,0,0,0,0,0,0,0,0,Cape May Class by Hour.xlsx,Sheet1
17ms2a,MTT 6 Axles,0,0,0,0,0,0,0,0,0,0,0,0,0,0,0,0,0,0,0,0,0,0,0,0,0,Cape May Class by Hour.xlsx,Sheet1
17ms2a,MTT 7+ Axles,0,0,0,0,0,0,0,4,4,2,8,6,0,1,2,4,1,0,0,0,0,0,0,0,32,Cape May Class by Hour.xlsx,Sheet1
17ms2a,Unclassified,1,3,1,2,8,8,17,29,31,64,72,96,91,79,76,60,47,50,35,29,8,10,10,3,830,Cape May Class by Hour.xlsx,Sheet1
17ms2a,BC(4-13),616,553,697,920,1651,2899,5569,8113,8736,7820,7648,7326,7014,6962,7049,7088,6383,4857,3524,2552,1761,1391,1064,965,103158,Cape May Class by Hour.xlsx,Sheet1
17ms2a,Total,10494,5760,4426,5660,11847,29265,60747,97269,90421,99083,109938,115690,114159,115524,121381,127030,129351,118193,92755,74033,61269,46819,32337,20417,1693868,Cape May Class by Hour.xlsx,Sheet1
17ms2a_NB,M-cycle,8,7,4,3,16,36,28,48,62,94,124,104,110,141,188,202,169,134,108,93,79,52,33,16,1859,Cape May Class by Hour.xlsx,Sheet2
17ms2a_NB,Car,3727,1888,1620,2180,4389,9921,15775,24472,27456,34817,39413,39764,38329,39443,41661,45836,50144,46824,35158,27458,22771,17327,11438,8195,590006,Cape May Class by Hour.xlsx,Sheet2
17ms2a_NB,Pickup,868,625,551,1045,2391,5327,6651,8021,9235,11477,12484,13050,13439,14353,15874,18600,20032,17732,12243,8447,6347,4740,2578,1715,207825,Cape May Class by Hour.xlsx,Sheet2
17ms2a_NB,Bus,19,17,27,71,114,67,66,66,139,163,182,271,246,247,188,236,117,75,45,16,13,14,18,127,2544,Cape May Class by Hour.xlsx,Sheet2
17ms2a_NB,SU 2A-6T,118,91,72,131,677,1097,1227,1359,1620,1963,2069,2257,2495,2701,3248,3461,3321,2637,1800,1084,710,472,259,229,35098,Cape May Class by Hour.xlsx,Sheet2
17ms2a_NB,SU 3 Axles,18,21,46,78,54,94,164,315,467,387,417,355,456,354,421,281,143,34,30,11,17,31,24,21,4239,Cape May Class by Hour.xlsx,Sheet2
17ms2a_NB,SU 4+Axles,9,8,12,13,13,10,16,20,26,37,27,35,44,27,28,20,10,3,3,1,0,0,6,12,380,Cape May Class by Hour.xlsx,Sheet2
17ms2a_NB,STT 3-4 Axles,22,16,36,38,39,81,96,210,266,271,330,434,355,265,301,315,239,181,191,193,102,75,71,39,4166,Cape May Class by Hour.xlsx,Sheet2
17ms2a_NB,STT 5 Axles,60,63,78,68,70,102,230,314,539,621,582,562,525,432,356,353,262,179,162,121,98,96,97,95,6065,Cape May Class by Hour.xlsx,Sheet2
17ms2a_NB,STT 6+ Axles,1,0,0,0,0,2,5,5,5,6,6,8,6,7,5,3,7,2,1,0,0,1,0,0,70,Cape May Class by Hour.xlsx,Sheet2
17ms2a_NB,MTT 5 Axles,0,0,0,0,0,0,0,0,0,0,0,0,0,0,0,0,0,0,0,0,0,0,0,0,0,Cape May Class by Hour.xlsx,Sheet2
17ms2a_NB,MTT 6 Axles,0,0,0,0,0,0,0,0,0,0,0,0,0,0,0,0,0,0,0,0,0,0,0,0,0,Cape May Class by Hour.xlsx,Sheet2
17ms2a_NB,MTT 7+ Axles,0,0,0,0,0,0,0,1,2,1,3,0,0,0,0,1,1,0,0,0,0,0,0,0,9,Cape May Class by Hour.xlsx,Sheet2
17ms2a_NB,Unclassified,0,0,0,1,1,2,6,9,17,38,28,50,36,35,29,37,24,21,19,17,3,5,5,2,385,Cape May Class by Hour.xlsx,Sheet2
17ms2a_NB,BC(4-13),247,216,271,399,967,1453,1804,2290,3064,3449,3616,3922,4127,4033,4547,4670,4100,3111,2232,1426,940,689,475,523,52571,Cape May Class by Hour.xlsx,Sheet2
17ms2a_NB,Total,4850,2736,2446,3627,7763,16737,24258,34831,39817,49837,55637,56840,56005,57970,62270,69308,74445,67801,49741,37424,30137,22808,14524,10449,852261,Cape May Class by Hour.xlsx,Sheet2
17ms2a_SB,M-cycle,13,4,4,3,5,16,52,51,47,74,101,154,162,158,140,126,123,126,87,66,76,34,35,18,1675,Cape May Class by Hour.xlsx,Sheet3
17ms2a_SB,Car,4127,2082,1187,1096,2471,7442,20570,34681,29126,31282,37320,42565,42638,41917,43730,42377,40270,37222,32585,27593,23722,17855,13479,7427,584764,Cape May Class by Hour.xlsx,Sheet3
17ms2a_SB,Pickup,1135,601,363,413,924,3624,12102,21883,15759,13519,12848,12727,12467,12550,12739,12801,12230,11298,9050,7824,6513,5420,3710,2081,204581,Cape May Class by Hour.xlsx,Sheet3
17ms2a_SB,Bus,31,48,96,64,53,86,173,353,371,213,145,115,143,134,76,53,136,12,14,16,30,15,49,75,2501,Cape May Class by Hour.xlsx,Sheet3
17ms2a_SB,SU 2A-6T,156,134,195,208,320,808,2395,3987,3873,3009,2790,2115,1715,1761,1670,1784,1727,1331,1004,892,623,540,375,223,33635,Cape May Class by Hour.xlsx,Sheet3
17ms2a_SB,SU 3 Axles,25,10,4,8,17,56,189,230,302,246,202,158,156,125,121,80,39,29,15,16,31,24,32,25,2140,Cape May Class by Hour.xlsx,Sheet3
17ms2a_SB,SU 4+Axles,4,10,10,17,13,33,207,300,233,243,198,264,209,264,95,30,7,5,2,2,8,12,18,19,2203,Cape May Class by Hour.xlsx,Sheet3
17ms2a_SB,STT 3-4 Axles,23,52,11,87,93,184,284,283,207,204,179,297,238,281,234,223,161,193,98,65,39,18,13,17,3484,Cape May Class by Hour.xlsx,Sheet3
17ms2a_SB,STT 5 Axles,129,83,110,137,188,276,504,649,674,448,504,443,415,357,298,243,210,174,157,134,89,92,102,83,6499,Cape May Class by Hour.xlsx,Sheet3
17ms2a_SB,STT 6+ Axles,1,0,0,0,0,3,13,18,10,7,9,6,11,6,6,2,3,2,2,1,1,1,0,0,102,Cape May Class by Hour.xlsx,Sheet3
17ms2a_SB,MTT 5 Axles,0,0,0,0,0,0,0,0,0,0,0,0,0,0,0,0,0,0,0,0,0,0,0,0,0,Cape May Class by Hour.xlsx,Sheet3
17ms2a_SB,MTT 6 Axles,0,0,0,0,0,0,0,0,0,0,0,0,0,0,0,0,0,0,0,0,0,0,0,0,0,Cape May Class by Hour.xlsx,Sheet3
17ms2a_SB,MTT 7+ Axles,0,0,0,0,0,0,0,3,2,1,5,6,0,1,2,3,0,0,0,0,0,0,0,0,23,Cape May Class by Hour.xlsx,Sheet3
17ms2a_SB,Unclassified,1,3,1,1,7,6,11,20,14,26,44,46,55,44,47,23,23,29,16,12,5,5,5,1,445,Cape May Class by Hour.xlsx,Sheet3
17ms2a_SB,BC(4-13),369,337,426,521,684,1446,3765,5823,5672,4371,4032,3404,2887,2929,2502,2418,2283,1746,1292,1126,821,702,589,442,50587,Cape May Class by Hour.xlsx,Sheet3
17ms2a_SB,Total,5644,3024,1980,2033,4084,12528,36489,62438,50604,49246,54301,58850,58154,57554,59111,57722,54906,50392,43014,36609,31132,24011,17813,9968,841607,Cape May Class by Hour.xlsx,Sheet3
17ms6a,M-cycle,12,1,2,1,0,14,10,43,47,122,100,120,116,148,164,184,133,135,77,64,48,55,84,40,1720,Cape May Class by Hour.xlsx,Sheet4
17ms6a,Car,1297,676,413,306,525,975,3439,6534,9796,13798,18386,20086,21104,21416,21740,24009,24832,26431,25043,20730,16527,13239,7927,3409,302638,Cape May Class by Hour.xlsx,Sheet4
17ms6a,Pickup,247,126,98,69,150,375,1166,2641,4223,5146,6115,6849,6964,6651,6882,6501,6908,6691,6135,5183,4328,3059,1909,739,89155,Cape May Class by Hour.xlsx,Sheet4
17ms6a,Bus,0,0,0,0,0,0,0,20,40,63,66,59,32,24,19,22,9,8,7,9,2,0,1,2,383,Cape May Class by Hour.xlsx,Sheet4
17ms6a,SU 2A-6T,21,11,10,9,11,78,142,402,595,765,883,967,916,825,773,702,636,436,364,302,186,132,76,28,9270,Cape May Class by Hour.xlsx,Sheet4
17ms6a,SU 3 Axles,0,0,0,0,0,2,25,7,39,18,23,21,22,18,14,7,6,8,1,0,1,2,1,1,216,Cape May Class by Hour.xlsx,Sheet4
17ms6a,SU 4+Axles,0,0,0,0,0,0,1,0,0,1,0,0,2,0,0,0,0,0,0,0,0,0,0,0,4,Cape May Class by Hour.xlsx,Sheet4
17ms6a,STT 3-4 Axles,0,0,0,0,0,0,2,4,11,16,17,20,19,18,14,8,6,6,3,1,3,0,0,0,148,Cape May Class by Hour.xlsx,Sheet4
17ms6a,STT 5 Axles,0,0,0,0,0,0,2,3,4,6,9,8,6,2,3,5,3,0,0,0,0,2,0,0,53,Cape May Class by Hour.xlsx,Sheet4
17ms6a,STT 6+ Axles,0,0,0,0,0,0,0,0,0,1,0,0,0,0,0,0,0,0,0,0,0,0,0,0,1,Cape May Class by Hour.xlsx,Sheet4
17ms6a,MTT 5 Axles,0,0,0,0,0,0,0,0,0,0,0,0,0,0,0,0,0,0,0,0,0,0,0,0,0,Cape May Class by Hour.xlsx,Sheet4
17ms6a,MTT 6 Axles,0,0,0,0,0,0,0,0,0,0,0,0,0,0,0,0,0,0,0,0,0,0,0,0,0,Cape May Class by Hour.xlsx,Sheet4
17ms6a,MTT 7+ Axles,0,0,0,0,0,0,0,0,0,0,0,0,0,0,0,0,0,0,0,0,0,0,0,0,0,Cape May Class by Hour.xlsx,Sheet4
17ms6a,Unclassified,59,3,0,0,2,0,36,17,83,149,74,60,66,42,91,245,257,148,33,18,18,45,94,94,1634,Cape May Class by Hour.xlsx,Sheet4
17ms6a,BC(4-13),21,11,10,9,11,80,172,436,689,870,998,1075,997,887,823,744,660,458,375,312,192,136,78,31,10075,Cape May Class by Hour.xlsx,Sheet4
17ms6a,Total,1577,814,523,385,686,1444,4787,9654,14755,19936,25599,28130,29181,29102,29609,31438,32533,33715,31630,26289,21095,16489,9998,4219,403588,Cape May Class by Hour.xlsx,Sheet4
17ms6a_NB,M-cycle,12,1,2,0,0,14,7,9,15,25,36,56,55,72,81,80,51,71,50,39,38,47,69,38,868,Cape May Class by Hour.xlsx,Sheet5
17ms6a_NB,Car,906,484,282,144,210,392,1635,2677,4387,5743,7988,9659,11107,12317,12639,13410,12633,11680,12133,12707,12894,11100,6402,2581,166110,Cape May Class by Hour.xlsx,Sheet5
17ms6a_NB,Pickup,167,88,72,35,80,158,546,1468,2371,2799,3278,3777,4049,4006,4185,3878,3771,3354,3290,3337,3378,2528,1556,479,52650,Cape May Class by Hour.xlsx,Sheet5
17ms6a_NB,Bus,0,0,0,0,0,0,0,15,34,42,47,41,22,12,7,11,6,5,4,8,2,0,1,1,258,Cape May Class by Hour.xlsx,Sheet5
17ms6a_NB,SU 2A-6T,12,6,2,3,5,30,79,300,366,472,522,553,528,504,444,398,380,256,219,194,148,102,65,21,5609,Cape May Class by Hour.xlsx,Sheet5
17ms6a_NB,SU 3 Axles,0,0,0,0,0,1,13,3,19,11,10,10,11,10,7,2,2,2,1,0,1,1,1,1,106,Cape May Class by Hour.xlsx,Sheet5
17ms6a_NB,SU 4+Axles,0,0,0,0,0,0,1,0,0,0,0,0,1,0,0,0,0,0,0,0,0,0,0,0,2,Cape May Class by Hour.xlsx,Sheet5
17ms6a_NB,STT 3-4 Axles,0,0,0,0,0,0,1,1,7,6,13,8,8,9,10,5,3,4,1,1,2,0,0,0,79,Cape May Class by Hour.xlsx,Sheet5
17ms6a_NB,STT 5 Axles,0,0,0,0,0,0,1,1,3,3,2,5,5,1,3,3,2,0,0,0,0,1,0,0,30,Cape May Class by Hour.xlsx,Sheet5
17ms6a_NB,STT 6+ Axles,0,0,0,0,0,0,0,0,0,1,0,0,0,0,0,0,0,0,0,0,0,0,0,0,1,Cape May Class by Hour.xlsx,Sheet5
17ms6a_NB,MTT 5 Axles,0,0,0,0,0,0,0,0,0,0,0,0,0,0,0,0,0,0,0,0,0,0,0,0,0,Cape May Class by Hour.xlsx,Sheet5
17ms6a_NB,MTT 6 Axles,0,0,0,0,0,0,0,0,0,0,0,0,0,0,0,0,0,0,0,0,0,0,0,0,0,Cape May Class by Hour.xlsx,Sheet5
17ms6a_NB,MTT 7+ Axles,0,0,0,0,0,0,0,0,0,0,0,0,0,0,0,0,0,0,0,0,0,0,0,0,0,Cape May Class by Hour.xlsx,Sheet5
17ms6a_NB,Unclassified,59,0,0,0,0,0,1,0,3,5,4,7,11,13,20,52,64,42,16,14,15,39,93,92,550,Cape May Class by Hour.xlsx,Sheet5
17ms6a_NB,BC(4-13),12,6,2,3,5,31,95,320,429,535,594,617,575,536,471,419,393,267,225,203,153,104,67,23,6085,Cape May Class by Hour.xlsx,Sheet5
17ms6a_NB,Total,1097,579,358,182,295,595,2283,4474,7202,9102,11896,14109,15786,16931,17376,17787,16848,15372,15698,16286,16463,13779,8094,3121,225713,Cape May Class by Hour.xlsx,Sheet5
17ms6a_SB,M-cycle,0,0,0,1,0,0,3,34,32,97,64,64,61,76,83,104,82,64,27,25,10,8,15,2,852,Cape May Class by Hour.xlsx,Sheet6
17ms6a_SB,Car,391,192,131,162,315,583,1804,3857,5409,8055,10398,10427,9997,9099,9101,10599,12199,14751,12910,8023,3633,2139,1525,828,136528,Cape May Class by Hour.xlsx,Sheet6
17ms6a_SB,Pickup,80,38,26,34,70,217,620,1173,1852,2347,2837,3072,2915,2645,2697,2623,3137,3337,2845,1846,950,531,353,260,36505,Cape May Class by Hour.xlsx,Sheet6
17ms6a_SB,Bus,0,0,0,0,0,0,0,5,6,21,19,18,10,12,12,11,3,3,3,1,0,0,0,1,125,Cape May Class by Hour.xlsx,Sheet6
17ms6a_SB,SU 2A-6T,9,5,8,6,6,48,63,102,229,293,361,414,388,321,329,304,256,180,145,108,38,30,11,7,3661,Cape May Class by Hour.xlsx,Sheet6
17ms6a_SB,SU 3 Axles,0,0,0,0,0,1,12,4,20,7,13,11,11,8,7,5,4,6,0,0,0,1,0,0,110,Cape May Class by Hour.xlsx,Sheet6
17ms6a_SB,SU 4+Axles,0,0,0,0,0,0,0,0,0,1,0,0,1,0,0,0,0,0,0,0,0,0,0,0,2,Cape May Class by Hour.xlsx,Sheet6
17ms6a_SB,STT 3-4 Axles,0,0,0,0,0,0,1,3,4,10,4,12,11,9,4,3,3,2,2,0,1,0,0,0,69,Cape May Class by Hour.xlsx,Sheet6
17ms6a_SB,STT 5 Axles,0,0,0,0,0,0,1,2,1,3,7,3,1,1,0,2,1,0,0,0,0,1,0,0,23,Cape May Class by Hour.xlsx,Sheet6
17ms6a_SB,STT 6+ Axles,0,0,0,0,0,0,0,0,0,0,0,0,0,0,0,0,0,0,0,0,0,0,0,0,0,Cape May Class by Hour.xlsx,Sheet6
17ms6a_SB,MTT 5 Axles,0,0,0,0,0,0,0,0,0,0,0,0,0,0,0,0,0,0,0,0,0,0,0,0,0,Cape May Class by Hour.xlsx,Sheet6
17ms6a_SB,MTT 6 Axles,0,0,0,0,0,0,0,0,0,0,0,0,0,0,0,0,0,0,0,0,0,0,0,0,0,Cape May Class by Hour.xlsx,Sheet6
17ms6a_SB,MTT 7+ Axles,0,0,0,0,0,0,0,0,0,0,0,0,0,0,0,0,0,0,0,0,0,0,0,0,0,Cape May Class by Hour.xlsx,Sheet6
17ms6a_SB,Unclassified,0,3,0,0,2,0,35,17,80,144,70,53,55,29,71,193,193,106,17,4,3,6,1,2,1084,Cape May Class by Hour.xlsx,Sheet6
17ms6a_SB,BC(4-13),9,5,8,6,6,49,77,116,260,335,404,458,422,351,352,325,267,191,150,109,39,32,11,8,3990,Cape May Class by Hour.xlsx,Sheet6
17ms6a_SB,Total,480,235,165,203,391,849,2504,5180,7553,10834,13703,14021,13395,12171,12233,13651,15685,18343,15932,10003,4632,2710,1904,1098,177875,Cape May Class by Hour.xlsx,Sheet6
17ms8a,M-cycle,0,0,0,0,0,0,10,10,6,15,32,29,34,34,38,56,37,25,14,16,13,14,16,7,406,Cape May Class by Hour.xlsx,Sheet7
17ms8a,Car,2285,1092,600,553,945,3303,10286,20847,34499,42746,45943,48049,50311,48907,47700,51375,48124,41174,30135,23169,20068,16517,11863,5530,606021,Cape May Class by Hour.xlsx,Sheet7
17ms8a,Pickup,447,238,146,157,308,952,3592,11139,17216,16092,15580,16111,16334,15249,14539,16602,15038,11831,7775,5533,4387,3334,2271,1195,196066,Cape May Class by Hour.xlsx,Sheet7
17ms8a,Bus,0,0,0,0,0,5,24,64,77,88,92,107,73,63,65,49,21,7,8,5,6,22,4,2,782,Cape May Class by Hour.xlsx,Sheet7
17ms8a,SU 2A-6T,29,30,26,60,82,211,680,2157,3762,3003,3023,2835,2847,2629,2360,2390,2180,1194,660,426,355,234,139,58,31370,Cape May Class by Hour.xlsx,Sheet7
17ms8a,SU 3 Axles,0,0,0,0,0,15,53,139,218,230,203,179,147,154,129,93,40,14,4,1,2,0,0,0,1621,Cape May Class by Hour.xlsx,Sheet7
17ms8a,SU 4+Axles,0,0,0,0,0,0,3,4,14,9,4,5,3,3,5,4,1,0,0,0,0,0,0,0,55,Cape May Class by Hour.xlsx,Sheet7
17ms8a,STT 3-4 Axles,1,1,1,0,0,3,14,40,97,89,115,106,71,77,99,84,67,34,28,7,5,6,3,1,949,Cape May Class by Hour.xlsx,Sheet7
17ms8a,STT 5 Axles,2,5,4,5,1,1,4,22,38,36,24,31,31,26,24,27,18,10,2,2,2,2,0,1,318,Cape May Class by Hour.xlsx,Sheet7
17ms8a,STT 6+ Axles,0,0,0,0,0,0,0,1,2,2,3,0,1,1,1,0,0,1,2,0,1,0,0,0,15,Cape May Class by Hour.xlsx,Sheet7
17ms8a,MTT 5 Axles,0,0,0,0,0,0,0,0,0,0,0,0,0,0,0,0,0,0,0,0,0,0,0,0,0,Cape May Class by Hour.xlsx,Sheet7
17ms8a,MTT 6 Axles,0,0,0,0,0,0,0,0,0,0,0,0,0,0,0,0,0,0,0,0,0,0,0,0,0,Cape May Class by Hour.xlsx,Sheet7
17ms8a,MTT 7+ Axles,0,0,0,0,0,0,0,0,0,0,0,1,0,0,0,0,0,0,0,0,0,0,0,0,1,Cape May Class by Hour.xlsx,Sheet7
17ms8a,Unclassified,0,2,0,0,0,0,5,10,13,21,18,13,19,18,10,11,10,10,5,4,3,1,1,3,177,Cape May Class by Hour.xlsx,Sheet7
17ms8a,BC(4-13),32,36,31,65,83,235,778,2427,4208,3457,3464,3264,3173,2953,2683,2647,2327,1260,704,441,371,264,146,62,35111,Cape May Class by Hour.xlsx,Sheet7
17ms8a,Total,2764,1366,777,775,1336,4490,14666,34423,55929,62310,65019,67453,69852,67143,64960,70680,65526,54290,38628,29159,24839,20129,14296,6794,837604,Cape May Class by Hour.xlsx,Sheet7
17ms8a_NB,M-cycle,0,0,0,0,0,0,0,3,0,5,7,10,18,9,10,32,30,16,7,8,11,11,15,6,198,Cape May Class by Hour.xlsx,Sheet8
17ms8a_NB,Car,1424,654,358,293,482,1308,3740,8724,13449,18629,21674,22218,23343,23208,23512,26202,27266,23318,15391,11515,10659,9568,8004,3651,298590,Cape May Class by Hour.xlsx,Sheet8
17ms8a_NB,Pickup,248,130,84,73,131,330,818,2341,4512,5820,6445,6949,7550,6967,7305,9763,9496,6741,3858,2668,2176,1711,1324,706,88146,Cape May Class by Hour.xlsx,Sheet8
17ms8a_NB,Bus,0,0,0,0,0,0,1,9,12,12,25,33,29,26,14,25,10,1,4,2,1,1,2,1,208,Cape May Class by Hour.xlsx,Sheet8
17ms8a_NB,SU 2A-6T,12,16,15,11,18,72,198,319,718,977,1155,1231,1289,1189,1187,1557,1559,745,346,178,137,112,73,27,13141,Cape May Class by Hour.xlsx,Sheet8
17ms8a_NB,SU 3 Axles,0,0,0,0,0,5,31,58,108,128,104,98,84,77,73,58,30,9,3,0,1,0,0,0,867,Cape May Class by Hour.xlsx,Sheet8
17ms8a_NB,SU 4+Axles,0,0,0,0,0,0,1,1,2,3,1,2,2,0,1,2,1,0,0,0,0,0,0,0,16,Cape May Class by Hour.xlsx,Sheet8
17ms8a_NB,STT 3-4 Axles,1,0,0,0,0,0,2,2,19,38,57,58,40,41,51,46,42,20,22,6,4,5,3,1,458,Cape May Class by Hour.xlsx,Sheet8
17ms8a_NB,STT 5 Axles,0,1,2,4,0,0,1,7,18,21,12,15,19,17,12,18,15,4,0,1,0,2,0,0,169,Cape May Class by Hour.xlsx,Sheet8
17ms8a_NB,STT 6+ Axles,0,0,0,0,0,0,0,1,2,2,1,0,0,1,1,0,0,0,0,0,1,0,0,0,9,Cape May Class by Hour.xlsx,Sheet8
17ms8a_NB,MTT 5 Axles,0,0,0,0,0,0,0,0,0,0,0,0,0,0,0,0,0,0,0,0,0,0,0,0,0,Cape May Class by Hour.xlsx,Sheet8
17ms8a_NB,MTT 6 Axles,0,0,0,0,0,0,0,0,0,0,0,0,0,0,0,0,0,0,0,0,0,0,0,0,0,Cape May Class by Hour.xlsx,Sheet8
17ms8a_NB,MTT 7+ Axles,0,0,0,0,0,0,0,0,0,0,0,1,0,0,0,0,0,0,0,0,0,0,0,0,1,Cape May Class by Hour.xlsx,Sheet8
17ms8a_NB,Unclassified,0,1,0,0,0,0,1,0,3,10,10,5,9,9,7,8,5,9,5,2,1,1,1,2,89,Cape May Class by Hour.xlsx,Sheet8
17ms8a_NB,BC(4-13),13,17,17,15,18,77,234,397,879,1181,1355,1438,1463,1351,1339,1706,1657,779,375,187,144,120,78,29,14869,Cape May Class by Hour.xlsx,Sheet8
17ms8a_NB,Total,1685,801,459,381,631,1715,4792,11465,18840,25635,29481,30615,32374,31535,32166,37703,38449,30854,19631,14378,12990,11410,9421,4392,401803,Cape May Class by Hour.xlsx,Sheet8
17ms8a_SB,M-cycle,0,0,0,0,0,0,10,7,6,10,25,19,16,25,28,24,7,9,7,8,2,3,1,1,208,Cape May Class by Hour.xlsx,Sheet9
17ms8a_SB,Car,861,438,242,260,463,1995,6546,12123,21050,24117,24269,25831,26968,25699,24188,25173,20858,17856,14744,11654,9409,6949,3859,1879,307431,Cape May Class by Hour.xlsx,Sheet9
17ms8a_SB,Pickup,199,108,62,84,177,622,2774,8798,12704,10272,9135,9162,8784,8282,7234,6839,5542,5090,3917,2865,2211,1623,947,489,107920,Cape May Class by Hour.xlsx,Sheet9
17ms8a_SB,Bus,0,0,0,0,0,5,23,55,65,76,67,74,44,37,51,24,11,6,4,3,5,21,2,1,574,Cape May Class by Hour.xlsx,Sheet9
17ms8a_SB,SU 2A-6T,17,14,11,49,64,139,482,1838,3044,2026,1868,1604,1558,1440,1173,833,621,449,314,248,218,122,66,31,18229,Cape May Class by Hour.xlsx,Sheet9
17ms8a_SB,SU 3 Axles,0,0,0,0,0,10,22,81,110,102,99,81,63,77,56,35,10,5,1,1,1,0,0,0,754,Cape May Class by Hour.xlsx,Sheet9
17ms8a_SB,SU 4+Axles,0,0,0,0,0,0,2,3,12,6,3,3,1,3,4,2,0,0,0,0,0,0,0,0,39,Cape May Class by Hour.xlsx,Sheet9
17ms8a_SB,STT 3-4 Axles,0,1,1,0,0,3,12,38,78,51,58,48,31,36,48,38,25,14,6,1,1,1,0,0,491,Cape May Class by Hour.xlsx,Sheet9
17ms8a_SB,STT 5 Axles,2,4,2,1,1,1,3,15,20,15,12,16,12,9,12,9,3,6,2,1,2,0,0,1,149,Cape May Class by Hour.xlsx,Sheet9
17ms8a_SB,STT 6+ Axles,0,0,0,0,0,0,0,0,0,0,2,0,1,0,0,0,0,1,2,0,0,0,0,0,6,Cape May Class by Hour.xlsx,Sheet9
17ms8a_SB,MTT 5 Axles,0,0,0,0,0,0,0,0,0,0,0,0,0,0,0,0,0,0,0,0,0,0,0,0,0,Cape May Class by Hour.xlsx,Sheet9
17ms8a_SB,MTT 6 Axles,0,0,0,0,0,0,0,0,0,0,0,0,0,0,0,0,0,0,0,0,0,0,0,0,0,Cape May Class by Hour.xlsx,Sheet9
17ms8a_SB,MTT 7+ Axles,0,0,0,0,0,0,0,0,0,0,0,0,0,0,0,0,0,0,0,0,0,0,0,0,0,Cape May Class by Hour.xlsx,Sheet9
17ms8a_SB,Unclassified,0,1,0,0,0,0,4,10,10,11,8,8,10,9,3,3,5,1,0,2,2,0,0,1,88,Cape May Class by Hour.xlsx,Sheet9
17ms8a_SB,BC(4-13),19,19,14,50,65,158,544,2030,3329,2276,2109,1826,1710,1602,1344,941,670,481,329,254,227,144,68,33,20242,Cape May Class by Hour.xlsx,Sheet9
17ms8a_SB,Total,1079,565,318,394,705,2775,9874,22958,37089,36675,35538,36838,37478,35608,32794,32977,27077,23436,18997,14781,11849,8719,4875,2402,435801,Cape May Class by Hour.xlsx,Sheet9
13msab,M-cycle,0,0,1,0,2,4,5,8,24,32,34,49,76,95,73,50,65,58,30,33,15,3,7,2,666,Salem Class by Hour.xlsx,Sheet1
13msab,Car,869,403,329,334,1228,2906,5081,7350,7199,7060,7604,8461,8868,8820,9785,11044,12193,10924,7890,5400,3746,3288,2123,1444,134349,Salem Class by Hour.xlsx,Sheet1
13msab,Pickup,194,86,97,212,930,1422,2573,3673,3431,3530,3652,3795,3472,3628,4060,4654,4802,4422,2918,2049,1377,981,674,331,56963,Salem Class by Hour.xlsx,Sheet1
13msab,Bus,0,0,0,3,0,2,4,24,28,44,49,57,33,49,46,30,7,13,6,2,0,0,0,0,397,Salem Class by Hour.xlsx,Sheet1
13msab,SU 2A-6T,33,18,7,21,76,233,626,808,770,691,723,876,738,751,752,936,844,716,491,353,258,152,81,80,11034,Salem Class by Hour.xlsx,Sheet1
13msab,SU 3 Axles,0,0,4,5,3,43,43,84,183,168,188,170,160,151,141,93,31,13,12,6,3,1,0,0,1502,Salem Class by Hour.xlsx,Sheet1
13msab,SU 4+Axles,0,0,0,0,0,2,3,17,25,26,24,20,15,25,14,12,3,2,0,0,0,0,0,0,188,Salem Class by Hour.xlsx,Sheet1
13msab,STT 3-4 Axles,18,8,4,2,6,16,9,42,48,26,27,33,32,33,37,40,37,27,12,11,4,17,6,6,501,Salem Class by Hour.xlsx,Sheet1
13msab,STT 5 Axles,19,9,13,13,24,47,75,70,74,94,94,95,121,105,112,72,52,37,24,28,18,22,13,23,1254,Salem Class by Hour.xlsx,Sheet1
13msab,STT 6+ Axles,0,0,0,0,0,5,4,1,2,1,4,6,3,3,5,2,1,2,2,0,1,0,0,0,42,Salem Class by Hour.xlsx,Sheet1
13msab,MTT 5 Axles,0,0,0,0,0,0,0,0,0,0,0,0,0,0,0,0,0,0,0,0,0,0,0,0,0,Salem Class by Hour.xlsx,Sheet1
13msab,MTT 6 Axles,0,0,0,0,0,0,0,0,0,0,0,0,0,0,0,0,0,0,0,0,0,0,0,0,0,Salem Class by Hour.xlsx,Sheet1
13msab,MTT 7+ Axles,0,0,0,0,0,0,0,2,0,0,0,0,0,0,0,0,0,0,0,0,0,0,0,0,2,Salem Class by Hour.xlsx,Sheet1
13msab,Unclassified,1,0,0,0,1,1,5,7,10,7,7,12,10,7,11,12,9,11,9,7,4,1,0,0,132,Salem Class by Hour.xlsx,Sheet1
13msab,BC(4-13),70,35,28,44,109,348,764,1048,1130,1050,1109,1257,1102,1117,1107,1185,975,810,547,400,284,192,100,109,14920,Salem Class by Hour.xlsx,Sheet1
13msab,Total,1133,524,455,590,2269,4680,8423,12079,11784,11672,12399,13562,13518,13660,15025,16933,18035,16214,11385,7882,5422,4464,2904,1886,206898,Salem Class by Hour.xlsx,Sheet1
13msab_NB,M-cycle,0,0,0,0,0,2,4,2,9,18,20,20,53,59,44,29,33,37,20,18,8,0,4,2,382,Salem Class by Hour.xlsx,Sheet2
13msab_NB,Car,261,220,114,186,564,1756,2512,3191,3538,3518,3756,4239,4520,4591,5012,5840,6297,5404,3763,2705,1961,2080,1144,660,67832,Salem Class by Hour.xlsx,Sheet2
13msab_NB,Pickup,72,41,32,119,545,997,1501,1862,1695,1826,1758,1822,1699,1814,2009,2186,2136,2049,1302,1016,667,598,343,104,28193,Salem Class by Hour.xlsx,Sheet2
13msab_NB,Bus,0,0,0,3,0,0,1,13,18,26,23,30,19,26,29,16,4,10,5,1,0,0,0,0,224,Salem Class by Hour.xlsx,Sheet2
13msab_NB,SU 2A-6T,10,8,3,7,38,153,363,432,360,324,322,368,336,425,386,442,351,258,223,188,149,101,38,19,5304,Salem Class by Hour.xlsx,Sheet2
13msab_NB,SU 3 Axles,0,0,4,4,1,6,22,37,96,78,110,91,86,85,87,54,16,7,8,4,1,1,0,0,798,Salem Class by Hour.xlsx,Sheet2
13msab_NB,SU 4+Axles,0,0,0,0,0,0,1,11,17,13,11,9,7,6,6,6,3,1,0,0,0,0,0,0,91,Salem Class by Hour.xlsx,Sheet2
13msab_NB,STT 3-4 Axles,2,6,2,1,4,9,3,15,23,10,8,15,16,18,17,24,20,8,5,6,1,15,6,1,235,Salem Class by Hour.xlsx,Sheet2
13msab_NB,STT 5 Axles,10,6,9,7,10,8,23,44,41,63,67,55,82,63,62,44,31,24,5,7,11,15,8,15,710,Salem Class by Hour.xlsx,Sheet2
13msab_NB,STT 6+ Axles,0,0,0,0,0,0,2,0,1,0,4,4,2,3,4,2,1,2,1,0,1,0,0,0,27,Salem Class by Hour.xlsx,Sheet2
13msab_NB,MTT 5 Axles,0,0,0,0,0,0,0,0,0,0,0,0,0,0,0,0,0,0,0,0,0,0,0,0,0,Salem Class by Hour.xlsx,Sheet2
13msab_NB,MTT 6 Axles,0,0,0,0,0,0,0,0,0,0,0,0,0,0,0,0,0,0,0,0,0,0,0,0,0,Salem Class by Hour.xlsx,Sheet2
13msab_NB,MTT 7+ Axles,0,0,0,0,0,0,0,1,0,0,0,0,0,0,0,0,0,0,0,0,0,0,0,0,1,Salem Class by Hour.xlsx,Sheet2
13msab_NB,Unclassified,0,0,0,0,0,1,2,6,6,2,5,5,5,6,9,5,5,4,3,2,3,1,0,0,70,Salem Class by Hour.xlsx,Sheet2
13msab_NB,BC(4-13),22,20,18,22,53,176,415,553,556,514,545,572,548,626,591,588,426,310,247,206,163,132,52,35,7390,Salem Class by Hour.xlsx,Sheet2
13msab_NB,Total,355,281,164,327,1162,2931,4432,5608,5798,5876,6079,6653,6820,7090,7656,8643,8892,7800,5332,3945,2799,2810,1543,801,103797,Salem Class by Hour.xlsx,Sheet2
13msab_SB,M-cycle,0,0,1,0,2,2,1,6,15,14,14,29,23,36,29,21,32,21,10,15,7,3,3,0,284,Salem Class by Hour.xlsx,Sheet3
13msab_SB,Car,608,183,215,148,664,1150,2569,4159,3661,3542,3848,4222,4348,4229,4773,5204,5896,5520,4127,2695,1785,1208,979,784,66517,Salem Class by Hour.xlsx,Sheet3
13msab_SB,Pickup,122,45,65,93,385,425,1072,1811,1736,1704,1894,1973,1773,1814,2051,2468,2666,2373,1616,1033,710,383,331,227,28770,Salem Class by Hour.xlsx,Sheet3
13msab_SB,Bus,0,0,0,0,0,2,3,11,10,18,26,27,14,23,17,14,3,3,1,1,0,0,0,0,173,Salem Class by Hour.xlsx,Sheet3
13msab_SB,SU 2A-6T,23,10,4,14,38,80,263,376,410,367,401,508,402,326,366,494,493,458,268,165,109,51,43,61,5730,Salem Class by Hour.xlsx,Sheet3
13msab_SB,SU 3 Axles,0,0,0,1,2,37,21,47,87,90,78,79,74,66,54,39,15,6,4,2,2,0,0,0,704,Salem Class by Hour.xlsx,Sheet3
13msab_SB,SU 4+Axles,0,0,0,0,0,2,2,6,8,13,13,11,8,19,8,6,0,1,0,0,0,0,0,0,97,Salem Class by Hour.xlsx,Sheet3
13msab_SB,STT 3-4 Axles,16,2,2,1,2,7,6,27,25,16,19,18,16,15,20,16,17,19,7,5,3,2,0,5,266,Salem Class by Hour.xlsx,Sheet3
13msab_SB,STT 5 Axles,9,3,4,6,14,39,52,26,33,31,27,40,39,42,50,28,21,13,19,21,7,7,5,8,544,Salem Class by Hour.xlsx,Sheet3
13msab_SB,STT 6+ Axles,0,0,0,0,0,5,2,1,1,1,0,2,1,0,1,0,0,0,1,0,0,0,0,0,15,Salem Class by Hour.xlsx,Sheet3
13msab_SB,MTT 5 Axles,0,0,0,0,0,0,0,0,0,0,0,0,0,0,0,0,0,0,0,0,0,0,0,0,0,Salem Class by Hour.xlsx,Sheet3
13msab_SB,MTT 6 Axles,0,0,0,0,0,0,0,0,0,0,0,0,0,0,0,0,0,0,0,0,0,0,0,0,0,Salem Class by Hour.xlsx,Sheet3
13msab_SB,MTT 7+ Axles,0,0,0,0,0,0,0,1,0,0,0,0,0,0,0,0,0,0,0,0,0,0,0,0,1,Salem Class by Hour.xlsx,Sheet3
13msab_SB,Unclassified,1,0,0,0,1,0,3,1,4,5,2,7,5,1,2,7,4,7,6,5,1,0,0,0,62,Salem Class by Hour.xlsx,Sheet3
13msab_SB,BC(4-13),48,15,10,22,56,172,349,495,574,536,564,685,554,491,516,597,549,500,300,194,121,60,48,74,7530,Salem Class by Hour.xlsx,Sheet3
13msab_SB,Total,778,243,291,263,1107,1749,3991,6471,5986,5796,6320,6909,6698,6570,7369,8290,9143,8414,6053,3937,2623,1654,1361,1085,103101,Salem Class by Hour.xlsx,Sheet3
