Name,Extension,DirectoryName,FullName,Length
ATR_Failures.csv,.csv,C:\Users\Kschellinger\SJTPO_Git\TAZ_Modular\input\02_May ATRs,C:\Users\Kschellinger\SJTPO_Git\TAZ_Modular\input\02_May ATRs\ATR_Failures.csv,8510
ATR_Locations.csv,.csv,C:\Users\Kschellinger\SJTPO_Git\TAZ_Modular\input\02_May ATRs,C:\Users\Kschellinger\SJTPO_Git\TAZ_Modular\input\02_May ATRs\ATR_Locations.csv,42684
"ATR 1. CR 601, Avalon Boulevard, just East of GSP NB Exit 13 Ramps_15 Minute.csv",.csv,C:\Users\Kschellinger\SJTPO_Git\TAZ_Modular\input\02_May ATRs\01_V,"C:\Users\Kschellinger\SJTPO_Git\TAZ_Modular\input\02_May ATRs\01_V\ATR 1. CR 601, Avalon Boulevard, just East of GSP NB Exit 13 Ramps_15 Minute.csv",123581
"ATR 1. CR 601, Avalon Boulevard, just East of GSP NB Exit 13 Ramps_15 Minute.pdf",.pdf,C:\Users\Kschellinger\SJTPO_Git\TAZ_Modular\input\02_May ATRs\01_V,"C:\Users\Kschellinger\SJTPO_Git\TAZ_Modular\input\02_May ATRs\01_V\ATR 1. CR 601, Avalon Boulevard, just East of GSP NB Exit 13 Ramps_15 Minute.pdf",439022
"ATR 1. CR 601, Avalon Boulevard, just East of GSP NB Exit 13 Ramps_15 Minute.xlsx",.xlsx,C:\Users\Kschellinger\SJTPO_Git\TAZ_Modular\input\02_May ATRs\01_V,"C:\Users\Kschellinger\SJTPO_Git\TAZ_Modular\input\02_May ATRs\01_V\ATR 1. CR 601, Avalon Boulevard, just East of GSP NB Exit 13 Ramps_15 Minute.xlsx",845888
"ATR 1. CR 601, Avalon Boulevard, just East of GSP NB Exit 13 Ramps_60 Minute.csv",.csv,C:\Users\Kschellinger\SJTPO_Git\TAZ_Modular\input\02_May ATRs\01_V,"C:\Users\Kschellinger\SJTPO_Git\TAZ_Modular\input\02_May ATRs\01_V\ATR 1. CR 601, Avalon Boulevard, just East of GSP NB Exit 13 Ramps_60 Minute.csv",32043
"ATR 1. CR 601, Avalon Boulevard, just East of GSP NB Exit 13 Ramps_60 Minute.pdf",.pdf,C:\Users\Kschellinger\SJTPO_Git\TAZ_Modular\input\02_May ATRs\01_V,"C:\Users\Kschellinger\SJTPO_Git\TAZ_Modular\input\02_May ATRs\01_V\ATR 1. CR 601, Avalon Boulevard, just East of GSP NB Exit 13 Ramps_60 Minute.pdf",336616
"ATR 1. CR 601, Avalon Boulevard, just East of GSP NB Exit 13 Ramps_60 Minute.xlsx",.xlsx,C:\Users\Kschellinger\SJTPO_Git\TAZ_Modular\input\02_May ATRs\01_V,"C:\Users\Kschellinger\SJTPO_Git\TAZ_Modular\input\02_May ATRs\01_V\ATR 1. CR 601, Avalon Boulevard, just East of GSP NB Exit 13 Ramps_60 Minute.xlsx",289584
ATR 1. CR 601_Screen Captures.pdf,.pdf,C:\Users\Kschellinger\SJTPO_Git\TAZ_Modular\input\02_May ATRs\01_V,C:\Users\Kschellinger\SJTPO_Git\TAZ_Modular\input\02_May ATRs\01_V\ATR 1. CR 601_Screen Captures.pdf,225352
ATR1_Test_Calculation_Volumes.xlsx,.xlsx,C:\Users\Kschellinger\SJTPO_Git\TAZ_Modular\input\02_May ATRs\01_V,C:\Users\Kschellinger\SJTPO_Git\TAZ_Modular\input\02_May ATRs\01_V\ATR1_Test_Calculation_Volumes.xlsx,89181
ATR1_TextDump.txt,.txt,C:\Users\Kschellinger\SJTPO_Git\TAZ_Modular\input\02_May ATRs\01_V,C:\Users\Kschellinger\SJTPO_Git\TAZ_Modular\input\02_May ATRs\01_V\ATR1_TextDump.txt,44924
2020030079_20260501_091002_0.DAT,.DAT,C:\Users\Kschellinger\SJTPO_Git\TAZ_Modular\input\02_May ATRs\03_R,C:\Users\Kschellinger\SJTPO_Git\TAZ_Modular\input\02_May ATRs\03_R\2020030079_20260501_091002_0.DAT,240277
2020030079_20260505_112743_0.DAT,.DAT,C:\Users\Kschellinger\SJTPO_Git\TAZ_Modular\input\02_May ATRs\03_R,C:\Users\Kschellinger\SJTPO_Git\TAZ_Modular\input\02_May ATRs\03_R\2020030079_20260505_112743_0.DAT,255025
3 bc part 1.tf2,.tf2,C:\Users\Kschellinger\SJTPO_Git\TAZ_Modular\input\02_May ATRs\03_R,C:\Users\Kschellinger\SJTPO_Git\TAZ_Modular\input\02_May ATRs\03_R\3 bc part 1.tf2,1490577
3 bc part 2.tf2,.tf2,C:\Users\Kschellinger\SJTPO_Git\TAZ_Modular\input\02_May ATRs\03_R,C:\Users\Kschellinger\SJTPO_Git\TAZ_Modular\input\02_May ATRs\03_R\3 bc part 2.tf2,1586191
"ATR 3. E Mill Road, btwn Bay Drive & Shore Road - Class Data Analysis.pdf",.pdf,C:\Users\Kschellinger\SJTPO_Git\TAZ_Modular\input\02_May ATRs\03_R,"C:\Users\Kschellinger\SJTPO_Git\TAZ_Modular\input\02_May ATRs\03_R\ATR 3. E Mill Road, btwn Bay Drive & Shore Road - Class Data Analysis.pdf",1560731
"ATR 3. E Mill Road, btwn Bay Drive & Shore Road.snj",.snj,C:\Users\Kschellinger\SJTPO_Git\TAZ_Modular\input\02_May ATRs\03_R,"C:\Users\Kschellinger\SJTPO_Git\TAZ_Modular\input\02_May ATRs\03_R\ATR 3. E Mill Road, btwn Bay Drive & Shore Road.snj",1327828
"ATR 3. E Mill Road, btwn Bay Drive & Shore Road_15 Min Length.pdf",.pdf,C:\Users\Kschellinger\SJTPO_Git\TAZ_Modular\input\02_May ATRs\03_R,"C:\Users\Kschellinger\SJTPO_Git\TAZ_Modular\input\02_May ATRs\03_R\ATR 3. E Mill Road, btwn Bay Drive & Shore Road_15 Min Length.pdf",3470291
"ATR 3. E Mill Road, btwn Bay Drive & Shore Road_15 Min Length.xlsx",.xlsx,C:\Users\Kschellinger\SJTPO_Git\TAZ_Modular\input\02_May ATRs\03_R,"C:\Users\Kschellinger\SJTPO_Git\TAZ_Modular\input\02_May ATRs\03_R\ATR 3. E Mill Road, btwn Bay Drive & Shore Road_15 Min Length.xlsx",70852
"ATR 3. E Mill Road, btwn Bay Drive & Shore Road_15 Min Speed.pdf",.pdf,C:\Users\Kschellinger\SJTPO_Git\TAZ_Modular\input\02_May ATRs\03_R,"C:\Users\Kschellinger\SJTPO_Git\TAZ_Modular\input\02_May ATRs\03_R\ATR 3. E Mill Road, btwn Bay Drive & Shore Road_15 Min Speed.pdf",3689503
"ATR 3. E Mill Road, btwn Bay Drive & Shore Road_15 Min Speed.xlsx",.xlsx,C:\Users\Kschellinger\SJTPO_Git\TAZ_Modular\input\02_May ATRs\03_R,"C:\Users\Kschellinger\SJTPO_Git\TAZ_Modular\input\02_May ATRs\03_R\ATR 3. E Mill Road, btwn Bay Drive & Shore Road_15 Min Speed.xlsx",75169
"ATR 3. E Mill Road, btwn Bay Drive & Shore Road_15 Min Summary Length.pdf",.pdf,C:\Users\Kschellinger\SJTPO_Git\TAZ_Modular\input\02_May ATRs\03_R,"C:\Users\Kschellinger\SJTPO_Git\TAZ_Modular\input\02_May ATRs\03_R\ATR 3. E Mill Road, btwn Bay Drive & Shore Road_15 Min Summary Length.pdf",2814701
"ATR 3. E Mill Road, btwn Bay Drive & Shore Road_15 Min Summary Length.xlsx",.xlsx,C:\Users\Kschellinger\SJTPO_Git\TAZ_Modular\input\02_May ATRs\03_R,"C:\Users\Kschellinger\SJTPO_Git\TAZ_Modular\input\02_May ATRs\03_R\ATR 3. E Mill Road, btwn Bay Drive & Shore Road_15 Min Summary Length.xlsx",54464
"ATR 3. E Mill Road, btwn Bay Drive & Shore Road_15 Min Volume.pdf",.pdf,C:\Users\Kschellinger\SJTPO_Git\TAZ_Modular\input\02_May ATRs\03_R,"C:\Users\Kschellinger\SJTPO_Git\TAZ_Modular\input\02_May ATRs\03_R\ATR 3. E Mill Road, btwn Bay Drive & Shore Road_15 Min Volume.pdf",668894
"ATR 3. E Mill Road, btwn Bay Drive & Shore Road_15 Min Volume.xlsx",.xlsx,C:\Users\Kschellinger\SJTPO_Git\TAZ_Modular\input\02_May ATRs\03_R,"C:\Users\Kschellinger\SJTPO_Git\TAZ_Modular\input\02_May ATRs\03_R\ATR 3. E Mill Road, btwn Bay Drive & Shore Road_15 Min Volume.xlsx",28309
"ATR 3. E Mill Road, btwn Bay Drive & Shore Road_60 Min Length.pdf",.pdf,C:\Users\Kschellinger\SJTPO_Git\TAZ_Modular\input\02_May ATRs\03_R,"C:\Users\Kschellinger\SJTPO_Git\TAZ_Modular\input\02_May ATRs\03_R\ATR 3. E Mill Road, btwn Bay Drive & Shore Road_60 Min Length.pdf",1156064
"ATR 3. E Mill Road, btwn Bay Drive & Shore Road_60 Min Length.xlsx",.xlsx,C:\Users\Kschellinger\SJTPO_Git\TAZ_Modular\input\02_May ATRs\03_R,"C:\Users\Kschellinger\SJTPO_Git\TAZ_Modular\input\02_May ATRs\03_R\ATR 3. E Mill Road, btwn Bay Drive & Shore Road_60 Min Length.xlsx",30982
"ATR 3. E Mill Road, btwn Bay Drive & Shore Road_60 Min Speed.pdf",.pdf,C:\Users\Kschellinger\SJTPO_Git\TAZ_Modular\input\02_May ATRs\03_R,"C:\Users\Kschellinger\SJTPO_Git\TAZ_Modular\input\02_May ATRs\03_R\ATR 3. E Mill Road, btwn Bay Drive & Shore Road_60 Min Speed.pdf",1223045
"ATR 3. E Mill Road, btwn Bay Drive & Shore Road_60 Min Speed.xlsx",.xlsx,C:\Users\Kschellinger\SJTPO_Git\TAZ_Modular\input\02_May ATRs\03_R,"C:\Users\Kschellinger\SJTPO_Git\TAZ_Modular\input\02_May ATRs\03_R\ATR 3. E Mill Road, btwn Bay Drive & Shore Road_60 Min Speed.xlsx",32889
"ATR 3. E Mill Road, btwn Bay Drive & Shore Road_60 Min Summary Length.pdf",.pdf,C:\Users\Kschellinger\SJTPO_Git\TAZ_Modular\input\02_May ATRs\03_R,"C:\Users\Kschellinger\SJTPO_Git\TAZ_Modular\input\02_May ATRs\03_R\ATR 3. E Mill Road, btwn Bay Drive & Shore Road_60 Min Summary Length.pdf",941300
"ATR 3. E Mill Road, btwn Bay Drive & Shore Road_60 Min Summery Length.xlsx",.xlsx,C:\Users\Kschellinger\SJTPO_Git\TAZ_Modular\input\02_May ATRs\03_R,"C:\Users\Kschellinger\SJTPO_Git\TAZ_Modular\input\02_May ATRs\03_R\ATR 3. E Mill Road, btwn Bay Drive & Shore Road_60 Min Summery Length.xlsx",26540
"ATR 3. E Mill Road, btwn Bay Drive & Shore Road_60 Min Volume.pdf",.pdf,C:\Users\Kschellinger\SJTPO_Git\TAZ_Modular\input\02_May ATRs\03_R,"C:\Users\Kschellinger\SJTPO_Git\TAZ_Modular\input\02_May ATRs\03_R\ATR 3. E Mill Road, btwn Bay Drive & Shore Road_60 Min Volume.pdf",426410
"ATR 3. E Mill Road, btwn Bay Drive & Shore Road_60 Min Volume.xlsx",.xlsx,C:\Users\Kschellinger\SJTPO_Git\TAZ_Modular\input\02_May ATRs\03_R,"C:\Users\Kschellinger\SJTPO_Git\TAZ_Modular\input\02_May ATRs\03_R\ATR 3. E Mill Road, btwn Bay Drive & Shore Road_60 Min Volume.xlsx",18782
ATR. SJTDM Data Collection_RADAR LAYOUT - 3. E Mill Rd.pdf,.pdf,C:\Users\Kschellinger\SJTPO_Git\TAZ_Modular\input\02_May ATRs\03_R,C:\Users\Kschellinger\SJTPO_Git\TAZ_Modular\input\02_May ATRs\03_R\ATR. SJTDM Data Collection_RADAR LAYOUT - 3. E Mill Rd.pdf,252740
ATR3_Test_Calculation_Classes.xlsx,.xlsx,C:\Users\Kschellinger\SJTPO_Git\TAZ_Modular\input\02_May ATRs\03_R,C:\Users\Kschellinger\SJTPO_Git\TAZ_Modular\input\02_May ATRs\03_R\ATR3_Test_Calculation_Classes.xlsx,145184
ATR3_Test_Calculation_Vol_Speed.xlsx,.xlsx,C:\Users\Kschellinger\SJTPO_Git\TAZ_Modular\input\02_May ATRs\03_R,C:\Users\Kschellinger\SJTPO_Git\TAZ_Modular\input\02_May ATRs\03_R\ATR3_Test_Calculation_Vol_Speed.xlsx,100660
"ATR 4. NJ 47 (Delsea Drive), btwn Woodcock Rd & Bay Cove - Class Data Analysis.pdf",.pdf,C:\Users\Kschellinger\SJTPO_Git\TAZ_Modular\input\02_May ATRs\04_T,"C:\Users\Kschellinger\SJTPO_Git\TAZ_Modular\input\02_May ATRs\04_T\ATR 4. NJ 47 (Delsea Drive), btwn Woodcock Rd & Bay Cove - Class Data Analysis.pdf",2211348
"ATR 4. NJ 47 (Delsea Drive), btwn Woodcock Rd & Bay Cove - Data Summary.pdf",.pdf,C:\Users\Kschellinger\SJTPO_Git\TAZ_Modular\input\02_May ATRs\04_T,"C:\Users\Kschellinger\SJTPO_Git\TAZ_Modular\input\02_May ATRs\04_T\ATR 4. NJ 47 (Delsea Drive), btwn Woodcock Rd & Bay Cove - Data Summary.pdf",342268
"ATR 4. NJ 47 (Delsea Drive), btwn Woodcock Rd & Bay Cove.snj",.snj,C:\Users\Kschellinger\SJTPO_Git\TAZ_Modular\input\02_May ATRs\04_T,"C:\Users\Kschellinger\SJTPO_Git\TAZ_Modular\input\02_May ATRs\04_T\ATR 4. NJ 47 (Delsea Drive), btwn Woodcock Rd & Bay Cove.snj",6256504
"ATR 4. NJ 47 (Delsea Drive), btwn Woodcock Rd & Bay Cove_15 Min Class.pdf",.pdf,C:\Users\Kschellinger\SJTPO_Git\TAZ_Modular\input\02_May ATRs\04_T,"C:\Users\Kschellinger\SJTPO_Git\TAZ_Modular\input\02_May ATRs\04_T\ATR 4. NJ 47 (Delsea Drive), btwn Woodcock Rd & Bay Cove_15 Min Class.pdf",4402731
"ATR 4. NJ 47 (Delsea Drive), btwn Woodcock Rd & Bay Cove_15 Min Class.xlsx",.xlsx,C:\Users\Kschellinger\SJTPO_Git\TAZ_Modular\input\02_May ATRs\04_T,"C:\Users\Kschellinger\SJTPO_Git\TAZ_Modular\input\02_May ATRs\04_T\ATR 4. NJ 47 (Delsea Drive), btwn Woodcock Rd & Bay Cove_15 Min Class.xlsx",79115
"ATR 4. NJ 47 (Delsea Drive), btwn Woodcock Rd & Bay Cove_15 Min Speed.pdf",.pdf,C:\Users\Kschellinger\SJTPO_Git\TAZ_Modular\input\02_May ATRs\04_T,"C:\Users\Kschellinger\SJTPO_Git\TAZ_Modular\input\02_May ATRs\04_T\ATR 4. NJ 47 (Delsea Drive), btwn Woodcock Rd & Bay Cove_15 Min Speed.pdf",3703277
"ATR 4. NJ 47 (Delsea Drive), btwn Woodcock Rd & Bay Cove_15 Min Speed.xlsx",.xlsx,C:\Users\Kschellinger\SJTPO_Git\TAZ_Modular\input\02_May ATRs\04_T,"C:\Users\Kschellinger\SJTPO_Git\TAZ_Modular\input\02_May ATRs\04_T\ATR 4. NJ 47 (Delsea Drive), btwn Woodcock Rd & Bay Cove_15 Min Speed.xlsx",78458
"ATR 4. NJ 47 (Delsea Drive), btwn Woodcock Rd & Bay Cove_15 Min Volume.pdf",.pdf,C:\Users\Kschellinger\SJTPO_Git\TAZ_Modular\input\02_May ATRs\04_T,"C:\Users\Kschellinger\SJTPO_Git\TAZ_Modular\input\02_May ATRs\04_T\ATR 4. NJ 47 (Delsea Drive), btwn Woodcock Rd & Bay Cove_15 Min Volume.pdf",671233
"ATR 4. NJ 47 (Delsea Drive), btwn Woodcock Rd & Bay Cove_15 Min Volume.xlsx",.xlsx,C:\Users\Kschellinger\SJTPO_Git\TAZ_Modular\input\02_May ATRs\04_T,"C:\Users\Kschellinger\SJTPO_Git\TAZ_Modular\input\02_May ATRs\04_T\ATR 4. NJ 47 (Delsea Drive), btwn Woodcock Rd & Bay Cove_15 Min Volume.xlsx",28461
"ATR 4. NJ 47 (Delsea Drive), btwn Woodcock Rd & Bay Cove_60 Min Class.pdf",.pdf,C:\Users\Kschellinger\SJTPO_Git\TAZ_Modular\input\02_May ATRs\04_T,"C:\Users\Kschellinger\SJTPO_Git\TAZ_Modular\input\02_May ATRs\04_T\ATR 4. NJ 47 (Delsea Drive), btwn Woodcock Rd & Bay Cove_60 Min Class.pdf",1323696
"ATR 4. NJ 47 (Delsea Drive), btwn Woodcock Rd & Bay Cove_60 Min Class.xlsx",.xlsx,C:\Users\Kschellinger\SJTPO_Git\TAZ_Modular\input\02_May ATRs\04_T,"C:\Users\Kschellinger\SJTPO_Git\TAZ_Modular\input\02_May ATRs\04_T\ATR 4. NJ 47 (Delsea Drive), btwn Woodcock Rd & Bay Cove_60 Min Class.xlsx",33460
"ATR 4. NJ 47 (Delsea Drive), btwn Woodcock Rd & Bay Cove_60 Min Speed.pdf",.pdf,C:\Users\Kschellinger\SJTPO_Git\TAZ_Modular\input\02_May ATRs\04_T,"C:\Users\Kschellinger\SJTPO_Git\TAZ_Modular\input\02_May ATRs\04_T\ATR 4. NJ 47 (Delsea Drive), btwn Woodcock Rd & Bay Cove_60 Min Speed.pdf",1228888
"ATR 4. NJ 47 (Delsea Drive), btwn Woodcock Rd & Bay Cove_60 Min Speed.xlsx",.xlsx,C:\Users\Kschellinger\SJTPO_Git\TAZ_Modular\input\02_May ATRs\04_T,"C:\Users\Kschellinger\SJTPO_Git\TAZ_Modular\input\02_May ATRs\04_T\ATR 4. NJ 47 (Delsea Drive), btwn Woodcock Rd & Bay Cove_60 Min Speed.xlsx",33972
"ATR 4. NJ 47 (Delsea Drive), btwn Woodcock Rd & Bay Cove_60 Min Volume.pdf",.pdf,C:\Users\Kschellinger\SJTPO_Git\TAZ_Modular\input\02_May ATRs\04_T,"C:\Users\Kschellinger\SJTPO_Git\TAZ_Modular\input\02_May ATRs\04_T\ATR 4. NJ 47 (Delsea Drive), btwn Woodcock Rd & Bay Cove_60 Min Volume.pdf",430288
"ATR 4. NJ 47 (Delsea Drive), btwn Woodcock Rd & Bay Cove_60 Min Volume.xlsx",.xlsx,C:\Users\Kschellinger\SJTPO_Git\TAZ_Modular\input\02_May ATRs\04_T,"C:\Users\Kschellinger\SJTPO_Git\TAZ_Modular\input\02_May ATRs\04_T\ATR 4. NJ 47 (Delsea Drive), btwn Woodcock Rd & Bay Cove_60 Min Volume.xlsx",18418
ATR 4.tf2,.tf2,C:\Users\Kschellinger\SJTPO_Git\TAZ_Modular\input\02_May ATRs\04_T,C:\Users\Kschellinger\SJTPO_Git\TAZ_Modular\input\02_May ATRs\04_T\ATR 4.tf2,4769333
ATR. SJTDM Data Collection_TUBE LAYOUT - 4. NJ 47.pdf,.pdf,C:\Users\Kschellinger\SJTPO_Git\TAZ_Modular\input\02_May ATRs\04_T,C:\Users\Kschellinger\SJTPO_Git\TAZ_Modular\input\02_May ATRs\04_T\ATR. SJTDM Data Collection_TUBE LAYOUT - 4. NJ 47.pdf,257883
ATR4_Test_Calculation_Vol_Class.xlsx,.xlsx,C:\Users\Kschellinger\SJTPO_Git\TAZ_Modular\input\02_May ATRs\04_T,C:\Users\Kschellinger\SJTPO_Git\TAZ_Modular\input\02_May ATRs\04_T\ATR4_Test_Calculation_Vol_Class.xlsx,104026
ATR4_Test_Calculation_Vol_Speed.xlsx,.xlsx,C:\Users\Kschellinger\SJTPO_Git\TAZ_Modular\input\02_May ATRs\04_T,C:\Users\Kschellinger\SJTPO_Git\TAZ_Modular\input\02_May ATRs\04_T\ATR4_Test_Calculation_Vol_Speed.xlsx,104993
"ATR 5 WB_DATA IS GOOD, GOING TO VIDEO THOUGH.tf2",.tf2,C:\Users\Kschellinger\SJTPO_Git\TAZ_Modular\input\02_May ATRs\05_V,"C:\Users\Kschellinger\SJTPO_Git\TAZ_Modular\input\02_May ATRs\05_V\ATR 5 WB_DATA IS GOOD, GOING TO VIDEO THOUGH.tf2",5162728
ATR 5 WB_HF needs to do.tf2,.tf2,C:\Users\Kschellinger\SJTPO_Git\TAZ_Modular\input\02_May ATRs\05_V,C:\Users\Kschellinger\SJTPO_Git\TAZ_Modular\input\02_May ATRs\05_V\ATR 5 WB_HF needs to do.tf2,2
"ATR 5. Deliah Road, near Wawa & Southern Driveway.zip",.zip,C:\Users\Kschellinger\SJTPO_Git\TAZ_Modular\input\02_May ATRs\05_V,"C:\Users\Kschellinger\SJTPO_Git\TAZ_Modular\input\02_May ATRs\05_V\ATR 5. Deliah Road, near Wawa & Southern Driveway.zip",765940
"ATR 5. Deliah Road, near Wawa & Southern Driveway_15 Minute.csv",.csv,C:\Users\Kschellinger\SJTPO_Git\TAZ_Modular\input\02_May ATRs\05_V,"C:\Users\Kschellinger\SJTPO_Git\TAZ_Modular\input\02_May ATRs\05_V\ATR 5. Deliah Road, near Wawa & Southern Driveway_15 Minute.csv",140896
"ATR 5. Deliah Road, near Wawa & Southern Driveway_15 Minute.pdf",.pdf,C:\Users\Kschellinger\SJTPO_Git\TAZ_Modular\input\02_May ATRs\05_V,"C:\Users\Kschellinger\SJTPO_Git\TAZ_Modular\input\02_May ATRs\05_V\ATR 5. Deliah Road, near Wawa & Southern Driveway_15 Minute.pdf",484264
"ATR 5. Deliah Road, near Wawa & Southern Driveway_15 Minute.xlsx",.xlsx,C:\Users\Kschellinger\SJTPO_Git\TAZ_Modular\input\02_May ATRs\05_V,"C:\Users\Kschellinger\SJTPO_Git\TAZ_Modular\input\02_May ATRs\05_V\ATR 5. Deliah Road, near Wawa & Southern Driveway_15 Minute.xlsx",1195713
"ATR 5. Deliah Road, near Wawa & Southern Driveway_60 Minute.csv",.csv,C:\Users\Kschellinger\SJTPO_Git\TAZ_Modular\input\02_May ATRs\05_V,"C:\Users\Kschellinger\SJTPO_Git\TAZ_Modular\input\02_May ATRs\05_V\ATR 5. Deliah Road, near Wawa & Southern Driveway_60 Minute.csv",36936
"ATR 5. Deliah Road, near Wawa & Southern Driveway_60 Minute.pdf",.pdf,C:\Users\Kschellinger\SJTPO_Git\TAZ_Modular\input\02_May ATRs\05_V,"C:\Users\Kschellinger\SJTPO_Git\TAZ_Modular\input\02_May ATRs\05_V\ATR 5. Deliah Road, near Wawa & Southern Driveway_60 Minute.pdf",354518
"ATR 5. Deliah Road, near Wawa & Southern Driveway_60 Minute.xlsx",.xlsx,C:\Users\Kschellinger\SJTPO_Git\TAZ_Modular\input\02_May ATRs\05_V,"C:\Users\Kschellinger\SJTPO_Git\TAZ_Modular\input\02_May ATRs\05_V\ATR 5. Deliah Road, near Wawa & Southern Driveway_60 Minute.xlsx",383985
ATR 5. Deliah Road_Screen Captures.pdf,.pdf,C:\Users\Kschellinger\SJTPO_Git\TAZ_Modular\input\02_May ATRs\05_V,C:\Users\Kschellinger\SJTPO_Git\TAZ_Modular\input\02_May ATRs\05_V\ATR 5. Deliah Road_Screen Captures.pdf,217640
ATR5_Test_Calculation_Volumes.xlsx,.xlsx,C:\Users\Kschellinger\SJTPO_Git\TAZ_Modular\input\02_May ATRs\05_V,C:\Users\Kschellinger\SJTPO_Git\TAZ_Modular\input\02_May ATRs\05_V\ATR5_Test_Calculation_Volumes.xlsx,102464
2020010031_20260514_110642_0.DAT,.DAT,C:\Users\Kschellinger\SJTPO_Git\TAZ_Modular\input\02_May ATRs\06_R,C:\Users\Kschellinger\SJTPO_Git\TAZ_Modular\input\02_May ATRs\06_R\2020010031_20260514_110642_0.DAT,716949
2020010031_20260518_123157_0.DAT,.DAT,C:\Users\Kschellinger\SJTPO_Git\TAZ_Modular\input\02_May ATRs\06_R,C:\Users\Kschellinger\SJTPO_Git\TAZ_Modular\input\02_May ATRs\06_R\2020010031_20260518_123157_0.DAT,618445
"6. Route 47 (Delsea Drive), btwn Washington Ave & Creek Mill Rd - Class Data Analysis.pdf",.pdf,C:\Users\Kschellinger\SJTPO_Git\TAZ_Modular\input\02_May ATRs\06_R,"C:\Users\Kschellinger\SJTPO_Git\TAZ_Modular\input\02_May ATRs\06_R\6. Route 47 (Delsea Drive), btwn Washington Ave & Creek Mill Rd - Class Data Analysis.pdf",1550302
"6. Route 47 (Delsea Drive), btwn Washington Ave & Creek Mill Rd.snj",.snj,C:\Users\Kschellinger\SJTPO_Git\TAZ_Modular\input\02_May ATRs\06_R,"C:\Users\Kschellinger\SJTPO_Git\TAZ_Modular\input\02_May ATRs\06_R\6. Route 47 (Delsea Drive), btwn Washington Ave & Creek Mill Rd.snj",2905558
"6. Route 47 (Delsea Drive), btwn Washington Ave & Creek Mill Rd_15 Min Length.pdf",.pdf,C:\Users\Kschellinger\SJTPO_Git\TAZ_Modular\input\02_May ATRs\06_R,"C:\Users\Kschellinger\SJTPO_Git\TAZ_Modular\input\02_May ATRs\06_R\6. Route 47 (Delsea Drive), btwn Washington Ave & Creek Mill Rd_15 Min Length.pdf",3500677
"6. Route 47 (Delsea Drive), btwn Washington Ave & Creek Mill Rd_15 Min Length.xlsx",.xlsx,C:\Users\Kschellinger\SJTPO_Git\TAZ_Modular\input\02_May ATRs\06_R,"C:\Users\Kschellinger\SJTPO_Git\TAZ_Modular\input\02_May ATRs\06_R\6. Route 47 (Delsea Drive), btwn Washington Ave & Creek Mill Rd_15 Min Length.xlsx",77244
"6. Route 47 (Delsea Drive), btwn Washington Ave & Creek Mill Rd_15 Min Speed.pdf",.pdf,C:\Users\Kschellinger\SJTPO_Git\TAZ_Modular\input\02_May ATRs\06_R,"C:\Users\Kschellinger\SJTPO_Git\TAZ_Modular\input\02_May ATRs\06_R\6. Route 47 (Delsea Drive), btwn Washington Ave & Creek Mill Rd_15 Min Speed.pdf",3720828
"6. Route 47 (Delsea Drive), btwn Washington Ave & Creek Mill Rd_15 Min Speed.xlsx",.xlsx,C:\Users\Kschellinger\SJTPO_Git\TAZ_Modular\input\02_May ATRs\06_R,"C:\Users\Kschellinger\SJTPO_Git\TAZ_Modular\input\02_May ATRs\06_R\6. Route 47 (Delsea Drive), btwn Washington Ave & Creek Mill Rd_15 Min Speed.xlsx",80763
"6. Route 47 (Delsea Drive), btwn Washington Ave & Creek Mill Rd_15 Min Summary Length.pdf",.pdf,C:\Users\Kschellinger\SJTPO_Git\TAZ_Modular\input\02_May ATRs\06_R,"C:\Users\Kschellinger\SJTPO_Git\TAZ_Modular\input\02_May ATRs\06_R\6. Route 47 (Delsea Drive), btwn Washington Ave & Creek Mill Rd_15 Min Summary Length.pdf",2849973
"6. Route 47 (Delsea Drive), btwn Washington Ave & Creek Mill Rd_15 Min Summary Length.xlsx",.xlsx,C:\Users\Kschellinger\SJTPO_Git\TAZ_Modular\input\02_May ATRs\06_R,"C:\Users\Kschellinger\SJTPO_Git\TAZ_Modular\input\02_May ATRs\06_R\6. Route 47 (Delsea Drive), btwn Washington Ave & Creek Mill Rd_15 Min Summary Length.xlsx",57366
"6. Route 47 (Delsea Drive), btwn Washington Ave & Creek Mill Rd_15 Min Volume.pdf",.pdf,C:\Users\Kschellinger\SJTPO_Git\TAZ_Modular\input\02_May ATRs\06_R,"C:\Users\Kschellinger\SJTPO_Git\TAZ_Modular\input\02_May ATRs\06_R\6. Route 47 (Delsea Drive), btwn Washington Ave & Creek Mill Rd_15 Min Volume.pdf",676599
"6. Route 47 (Delsea Drive), btwn Washington Ave & Creek Mill Rd_15 Min Volume.xlsx",.xlsx,C:\Users\Kschellinger\SJTPO_Git\TAZ_Modular\input\02_May ATRs\06_R,"C:\Users\Kschellinger\SJTPO_Git\TAZ_Modular\input\02_May ATRs\06_R\6. Route 47 (Delsea Drive), btwn Washington Ave & Creek Mill Rd_15 Min Volume.xlsx",28893
"6. Route 47 (Delsea Drive), btwn Washington Ave & Creek Mill Rd_60 Min Length.pdf",.pdf,C:\Users\Kschellinger\SJTPO_Git\TAZ_Modular\input\02_May ATRs\06_R,"C:\Users\Kschellinger\SJTPO_Git\TAZ_Modular\input\02_May ATRs\06_R\6. Route 47 (Delsea Drive), btwn Washington Ave & Creek Mill Rd_60 Min Length.pdf",1166960
"6. Route 47 (Delsea Drive), btwn Washington Ave & Creek Mill Rd_60 Min Length.xlsx",.xlsx,C:\Users\Kschellinger\SJTPO_Git\TAZ_Modular\input\02_May ATRs\06_R,"C:\Users\Kschellinger\SJTPO_Git\TAZ_Modular\input\02_May ATRs\06_R\6. Route 47 (Delsea Drive), btwn Washington Ave & Creek Mill Rd_60 Min Length.xlsx",33599
"6. Route 47 (Delsea Drive), btwn Washington Ave & Creek Mill Rd_60 Min Speed.pdf",.pdf,C:\Users\Kschellinger\SJTPO_Git\TAZ_Modular\input\02_May ATRs\06_R,"C:\Users\Kschellinger\SJTPO_Git\TAZ_Modular\input\02_May ATRs\06_R\6. Route 47 (Delsea Drive), btwn Washington Ave & Creek Mill Rd_60 Min Speed.pdf",1235903
"6. Route 47 (Delsea Drive), btwn Washington Ave & Creek Mill Rd_60 Min Speed.xlsx",.xlsx,C:\Users\Kschellinger\SJTPO_Git\TAZ_Modular\input\02_May ATRs\06_R,"C:\Users\Kschellinger\SJTPO_Git\TAZ_Modular\input\02_May ATRs\06_R\6. Route 47 (Delsea Drive), btwn Washington Ave & Creek Mill Rd_60 Min Speed.xlsx",33891
"6. Route 47 (Delsea Drive), btwn Washington Ave & Creek Mill Rd_60 Min Summary Length.pdf",.pdf,C:\Users\Kschellinger\SJTPO_Git\TAZ_Modular\input\02_May ATRs\06_R,"C:\Users\Kschellinger\SJTPO_Git\TAZ_Modular\input\02_May ATRs\06_R\6. Route 47 (Delsea Drive), btwn Washington Ave & Creek Mill Rd_60 Min Summary Length.pdf",952012
"6. Route 47 (Delsea Drive), btwn Washington Ave & Creek Mill Rd_60 Min Summary Length.xlsx",.xlsx,C:\Users\Kschellinger\SJTPO_Git\TAZ_Modular\input\02_May ATRs\06_R,"C:\Users\Kschellinger\SJTPO_Git\TAZ_Modular\input\02_May ATRs\06_R\6. Route 47 (Delsea Drive), btwn Washington Ave & Creek Mill Rd_60 Min Summary Length.xlsx",27137
"6. Route 47 (Delsea Drive), btwn Washington Ave & Creek Mill Rd_60 Min Volume.pdf",.pdf,C:\Users\Kschellinger\SJTPO_Git\TAZ_Modular\input\02_May ATRs\06_R,"C:\Users\Kschellinger\SJTPO_Git\TAZ_Modular\input\02_May ATRs\06_R\6. Route 47 (Delsea Drive), btwn Washington Ave & Creek Mill Rd_60 Min Volume.pdf",429554
"6. Route 47 (Delsea Drive), btwn Washington Ave & Creek Mill Rd_60 Min Volume.xlsx",.xlsx,C:\Users\Kschellinger\SJTPO_Git\TAZ_Modular\input\02_May ATRs\06_R,"C:\Users\Kschellinger\SJTPO_Git\TAZ_Modular\input\02_May ATRs\06_R\6. Route 47 (Delsea Drive), btwn Washington Ave & Creek Mill Rd_60 Min Volume.xlsx",18508
ATR 6_Part 1.tf2,.tf2,C:\Users\Kschellinger\SJTPO_Git\TAZ_Modular\input\02_May ATRs\06_R,C:\Users\Kschellinger\SJTPO_Git\TAZ_Modular\input\02_May ATRs\06_R\ATR 6_Part 1.tf2,4528211
atr 6_part 2.tf2,.tf2,C:\Users\Kschellinger\SJTPO_Git\TAZ_Modular\input\02_May ATRs\06_R,C:\Users\Kschellinger\SJTPO_Git\TAZ_Modular\input\02_May ATRs\06_R\atr 6_part 2.tf2,3902084
ATR. SJTDM Data Collection_RADAR LAYOUT - 6. Route 47.pdf,.pdf,C:\Users\Kschellinger\SJTPO_Git\TAZ_Modular\input\02_May ATRs\06_R,C:\Users\Kschellinger\SJTPO_Git\TAZ_Modular\input\02_May ATRs\06_R\ATR. SJTDM Data Collection_RADAR LAYOUT - 6. Route 47.pdf,260482
ATR6_Test_Calculation_Classes.xlsx,.xlsx,C:\Users\Kschellinger\SJTPO_Git\TAZ_Modular\input\02_May ATRs\06_R,C:\Users\Kschellinger\SJTPO_Git\TAZ_Modular\input\02_May ATRs\06_R\ATR6_Test_Calculation_Classes.xlsx,157874
ATR6_Test_Calculation_Vol_Speed.xlsx,.xlsx,C:\Users\Kschellinger\SJTPO_Git\TAZ_Modular\input\02_May ATRs\06_R,C:\Users\Kschellinger\SJTPO_Git\TAZ_Modular\input\02_May ATRs\06_R\ATR6_Test_Calculation_Vol_Speed.xlsx,106140
"ATR 7. Dehirsch Avenue, btwn Washington Ave & Adams Ave - Class Data Analysis.pdf",.pdf,C:\Users\Kschellinger\SJTPO_Git\TAZ_Modular\input\02_May ATRs\07_T,"C:\Users\Kschellinger\SJTPO_Git\TAZ_Modular\input\02_May ATRs\07_T\ATR 7. Dehirsch Avenue, btwn Washington Ave & Adams Ave - Class Data Analysis.pdf",2236900
"ATR 7. Dehirsch Avenue, btwn Washington Ave & Adams Ave - Data Summary.pdf",.pdf,C:\Users\Kschellinger\SJTPO_Git\TAZ_Modular\input\02_May ATRs\07_T,"C:\Users\Kschellinger\SJTPO_Git\TAZ_Modular\input\02_May ATRs\07_T\ATR 7. Dehirsch Avenue, btwn Washington Ave & Adams Ave - Data Summary.pdf",341866
"ATR 7. Dehirsch Avenue, btwn Washington Ave & Adams Ave.snj",.snj,C:\Users\Kschellinger\SJTPO_Git\TAZ_Modular\input\02_May ATRs\07_T,"C:\Users\Kschellinger\SJTPO_Git\TAZ_Modular\input\02_May ATRs\07_T\ATR 7. Dehirsch Avenue, btwn Washington Ave & Adams Ave.snj",3133246
"ATR 7. Dehirsch Avenue, btwn Washington Ave & Adams Ave_15 Min Class.pdf",.pdf,C:\Users\Kschellinger\SJTPO_Git\TAZ_Modular\input\02_May ATRs\07_T,"C:\Users\Kschellinger\SJTPO_Git\TAZ_Modular\input\02_May ATRs\07_T\ATR 7. Dehirsch Avenue, btwn Washington Ave & Adams Ave_15 Min Class.pdf",4178259
"ATR 7. Dehirsch Avenue, btwn Washington Ave & Adams Ave_15 Min Class.xlsx",.xlsx,C:\Users\Kschellinger\SJTPO_Git\TAZ_Modular\input\02_May ATRs\07_T,"C:\Users\Kschellinger\SJTPO_Git\TAZ_Modular\input\02_May ATRs\07_T\ATR 7. Dehirsch Avenue, btwn Washington Ave & Adams Ave_15 Min Class.xlsx",75663
"ATR 7. Dehirsch Avenue, btwn Washington Ave & Adams Ave_15 Min Speed.pdf",.pdf,C:\Users\Kschellinger\SJTPO_Git\TAZ_Modular\input\02_May ATRs\07_T,"C:\Users\Kschellinger\SJTPO_Git\TAZ_Modular\input\02_May ATRs\07_T\ATR 7. Dehirsch Avenue, btwn Washington Ave & Adams Ave_15 Min Speed.pdf",3689221
"ATR 7. Dehirsch Avenue, btwn Washington Ave & Adams Ave_15 Min Speed.xlsx",.xlsx,C:\Users\Kschellinger\SJTPO_Git\TAZ_Modular\input\02_May ATRs\07_T,"C:\Users\Kschellinger\SJTPO_Git\TAZ_Modular\input\02_May ATRs\07_T\ATR 7. Dehirsch Avenue, btwn Washington Ave & Adams Ave_15 Min Speed.xlsx",73585
"ATR 7. Dehirsch Avenue, btwn Washington Ave & Adams Ave_15 Min Volume.pdf",.pdf,C:\Users\Kschellinger\SJTPO_Git\TAZ_Modular\input\02_May ATRs\07_T,"C:\Users\Kschellinger\SJTPO_Git\TAZ_Modular\input\02_May ATRs\07_T\ATR 7. Dehirsch Avenue, btwn Washington Ave & Adams Ave_15 Min Volume.pdf",667360
"ATR 7. Dehirsch Avenue, btwn Washington Ave & Adams Ave_15 Min Volume.xlsx",.xlsx,C:\Users\Kschellinger\SJTPO_Git\TAZ_Modular\input\02_May ATRs\07_T,"C:\Users\Kschellinger\SJTPO_Git\TAZ_Modular\input\02_May ATRs\07_T\ATR 7. Dehirsch Avenue, btwn Washington Ave & Adams Ave_15 Min Volume.xlsx",27581
"ATR 7. Dehirsch Avenue, btwn Washington Ave & Adams Ave_60 Min Class.pdf",.pdf,C:\Users\Kschellinger\SJTPO_Git\TAZ_Modular\input\02_May ATRs\07_T,"C:\Users\Kschellinger\SJTPO_Git\TAZ_Modular\input\02_May ATRs\07_T\ATR 7. Dehirsch Avenue, btwn Washington Ave & Adams Ave_60 Min Class.pdf",1315477
"ATR 7. Dehirsch Avenue, btwn Washington Ave & Adams Ave_60 Min Class.xlsx",.xlsx,C:\Users\Kschellinger\SJTPO_Git\TAZ_Modular\input\02_May ATRs\07_T,"C:\Users\Kschellinger\SJTPO_Git\TAZ_Modular\input\02_May ATRs\07_T\ATR 7. Dehirsch Avenue, btwn Washington Ave & Adams Ave_60 Min Class.xlsx",32890
"ATR 7. Dehirsch Avenue, btwn Washington Ave & Adams Ave_60 Min Speed.pdf",.pdf,C:\Users\Kschellinger\SJTPO_Git\TAZ_Modular\input\02_May ATRs\07_T,"C:\Users\Kschellinger\SJTPO_Git\TAZ_Modular\input\02_May ATRs\07_T\ATR 7. Dehirsch Avenue, btwn Washington Ave & Adams Ave_60 Min Speed.pdf",1222713
"ATR 7. Dehirsch Avenue, btwn Washington Ave & Adams Ave_60 Min Speed.xlsx",.xlsx,C:\Users\Kschellinger\SJTPO_Git\TAZ_Modular\input\02_May ATRs\07_T,"C:\Users\Kschellinger\SJTPO_Git\TAZ_Modular\input\02_May ATRs\07_T\ATR 7. Dehirsch Avenue, btwn Washington Ave & Adams Ave_60 Min Speed.xlsx",32458
"ATR 7. Dehirsch Avenue, btwn Washington Ave & Adams Ave_60 Min Volume.pdf",.pdf,C:\Users\Kschellinger\SJTPO_Git\TAZ_Modular\input\02_May ATRs\07_T,"C:\Users\Kschellinger\SJTPO_Git\TAZ_Modular\input\02_May ATRs\07_T\ATR 7. Dehirsch Avenue, btwn Washington Ave & Adams Ave_60 Min Volume.pdf",428602
"ATR 7. Dehirsch Avenue, btwn Washington Ave & Adams Ave_60 Min Volume.xlsx",.xlsx,C:\Users\Kschellinger\SJTPO_Git\TAZ_Modular\input\02_May ATRs\07_T,"C:\Users\Kschellinger\SJTPO_Git\TAZ_Modular\input\02_May ATRs\07_T\ATR 7. Dehirsch Avenue, btwn Washington Ave & Adams Ave_60 Min Volume.xlsx",18720
ATR 7.tf2,.tf2,C:\Users\Kschellinger\SJTPO_Git\TAZ_Modular\input\02_May ATRs\07_T,C:\Users\Kschellinger\SJTPO_Git\TAZ_Modular\input\02_May ATRs\07_T\ATR 7.tf2,2076325
ATR. SJTDM Data Collection_TUBE LAYOUT - 7. Dehirsch Ave.pdf,.pdf,C:\Users\Kschellinger\SJTPO_Git\TAZ_Modular\input\02_May ATRs\07_T,C:\Users\Kschellinger\SJTPO_Git\TAZ_Modular\input\02_May ATRs\07_T\ATR. SJTDM Data Collection_TUBE LAYOUT - 7. Dehirsch Ave.pdf,256527
ATR7_Test_Calculation_Vol_Class.xlsx,.xlsx,C:\Users\Kschellinger\SJTPO_Git\TAZ_Modular\input\02_May ATRs\07_T,C:\Users\Kschellinger\SJTPO_Git\TAZ_Modular\input\02_May ATRs\07_T\ATR7_Test_Calculation_Vol_Class.xlsx,101446
ATR7_Test_Calculation_Vol_Speed.xlsx,.xlsx,C:\Users\Kschellinger\SJTPO_Git\TAZ_Modular\input\02_May ATRs\07_T,C:\Users\Kschellinger\SJTPO_Git\TAZ_Modular\input\02_May ATRs\07_T\ATR7_Test_Calculation_Vol_Speed.xlsx,98252
"ATR 8. CR 649 (Head of River Rd), btwn David Run Rd & CR 648 (Head River Rd) - Class Data Analysis.pdf",.pdf,C:\Users\Kschellinger\SJTPO_Git\TAZ_Modular\input\02_May ATRs\08_T,"C:\Users\Kschellinger\SJTPO_Git\TAZ_Modular\input\02_May ATRs\08_T\ATR 8. CR 649 (Head of River Rd), btwn David Run Rd & CR 648 (Head River Rd) - Class Data Analysis.pdf",2242062
"ATR 8. CR 649 (Head of River Rd), btwn David Run Rd & CR 648 (Head River Rd) - Data Summary.pdf",.pdf,C:\Users\Kschellinger\SJTPO_Git\TAZ_Modular\input\02_May ATRs\08_T,"C:\Users\Kschellinger\SJTPO_Git\TAZ_Modular\input\02_May ATRs\08_T\ATR 8. CR 649 (Head of River Rd), btwn David Run Rd & CR 648 (Head River Rd) - Data Summary.pdf",342623
"ATR 8. CR 649 (Head of River Rd), btwn David Run Rd & CR 648 (Head River Rd).snj",.snj,C:\Users\Kschellinger\SJTPO_Git\TAZ_Modular\input\02_May ATRs\08_T,"C:\Users\Kschellinger\SJTPO_Git\TAZ_Modular\input\02_May ATRs\08_T\ATR 8. CR 649 (Head of River Rd), btwn David Run Rd & CR 648 (Head River Rd).snj",981877
"ATR 8. CR 649 (Head of River Rd), btwn David Run Rd & CR 648 (Head River Rd)_15 Min Class.pdf",.pdf,C:\Users\Kschellinger\SJTPO_Git\TAZ_Modular\input\02_May ATRs\08_T,"C:\Users\Kschellinger\SJTPO_Git\TAZ_Modular\input\02_May ATRs\08_T\ATR 8. CR 649 (Head of River Rd), btwn David Run Rd & CR 648 (Head River Rd)_15 Min Class.pdf",4163208
"ATR 8. CR 649 (Head of River Rd), btwn David Run Rd & CR 648 (Head River Rd)_15 Min Class.xlsx",.xlsx,C:\Users\Kschellinger\SJTPO_Git\TAZ_Modular\input\02_May ATRs\08_T,"C:\Users\Kschellinger\SJTPO_Git\TAZ_Modular\input\02_May ATRs\08_T\ATR 8. CR 649 (Head of River Rd), btwn David Run Rd & CR 648 (Head River Rd)_15 Min Class.xlsx",67496
"ATR 8. CR 649 (Head of River Rd), btwn David Run Rd & CR 648 (Head River Rd)_15 Min Speed.pdf",.pdf,C:\Users\Kschellinger\SJTPO_Git\TAZ_Modular\input\02_May ATRs\08_T,"C:\Users\Kschellinger\SJTPO_Git\TAZ_Modular\input\02_May ATRs\08_T\ATR 8. CR 649 (Head of River Rd), btwn David Run Rd & CR 648 (Head River Rd)_15 Min Speed.pdf",3672920
"ATR 8. CR 649 (Head of River Rd), btwn David Run Rd & CR 648 (Head River Rd)_15 Min Speed.xlsx",.xlsx,C:\Users\Kschellinger\SJTPO_Git\TAZ_Modular\input\02_May ATRs\08_T,"C:\Users\Kschellinger\SJTPO_Git\TAZ_Modular\input\02_May ATRs\08_T\ATR 8. CR 649 (Head of River Rd), btwn David Run Rd & CR 648 (Head River Rd)_15 Min Speed.xlsx",65468
"ATR 8. CR 649 (Head of River Rd), btwn David Run Rd & CR 648 (Head River Rd)_15 Min Volume.pdf",.pdf,C:\Users\Kschellinger\SJTPO_Git\TAZ_Modular\input\02_May ATRs\08_T,"C:\Users\Kschellinger\SJTPO_Git\TAZ_Modular\input\02_May ATRs\08_T\ATR 8. CR 649 (Head of River Rd), btwn David Run Rd & CR 648 (Head River Rd)_15 Min Volume.pdf",662664
"ATR 8. CR 649 (Head of River Rd), btwn David Run Rd & CR 648 (Head River Rd)_15 Min Volume.xlsx",.xlsx,C:\Users\Kschellinger\SJTPO_Git\TAZ_Modular\input\02_May ATRs\08_T,"C:\Users\Kschellinger\SJTPO_Git\TAZ_Modular\input\02_May ATRs\08_T\ATR 8. CR 649 (Head of River Rd), btwn David Run Rd & CR 648 (Head River Rd)_15 Min Volume.xlsx",26551
"ATR 8. CR 649 (Head of River Rd), btwn David Run Rd & CR 648 (Head River Rd)_60 Min Class.pdf",.pdf,C:\Users\Kschellinger\SJTPO_Git\TAZ_Modular\input\02_May ATRs\08_T,"C:\Users\Kschellinger\SJTPO_Git\TAZ_Modular\input\02_May ATRs\08_T\ATR 8. CR 649 (Head of River Rd), btwn David Run Rd & CR 648 (Head River Rd)_60 Min Class.pdf",1295376
"ATR 8. CR 649 (Head of River Rd), btwn David Run Rd & CR 648 (Head River Rd)_60 Min Class.xlsx",.xlsx,C:\Users\Kschellinger\SJTPO_Git\TAZ_Modular\input\02_May ATRs\08_T,"C:\Users\Kschellinger\SJTPO_Git\TAZ_Modular\input\02_May ATRs\08_T\ATR 8. CR 649 (Head of River Rd), btwn David Run Rd & CR 648 (Head River Rd)_60 Min Class.xlsx",30496
"ATR 8. CR 649 (Head of River Rd), btwn David Run Rd & CR 648 (Head River Rd)_60 Min Speed.pdf",.pdf,C:\Users\Kschellinger\SJTPO_Git\TAZ_Modular\input\02_May ATRs\08_T,"C:\Users\Kschellinger\SJTPO_Git\TAZ_Modular\input\02_May ATRs\08_T\ATR 8. CR 649 (Head of River Rd), btwn David Run Rd & CR 648 (Head River Rd)_60 Min Speed.pdf",1217542
"ATR 8. CR 649 (Head of River Rd), btwn David Run Rd & CR 648 (Head River Rd)_60 Min Speed.xlsx",.xlsx,C:\Users\Kschellinger\SJTPO_Git\TAZ_Modular\input\02_May ATRs\08_T,"C:\Users\Kschellinger\SJTPO_Git\TAZ_Modular\input\02_May ATRs\08_T\ATR 8. CR 649 (Head of River Rd), btwn David Run Rd & CR 648 (Head River Rd)_60 Min Speed.xlsx",29643
"ATR 8. CR 649 (Head of River Rd), btwn David Run Rd & CR 648 (Head River Rd)_60 Min Volume.pdf",.pdf,C:\Users\Kschellinger\SJTPO_Git\TAZ_Modular\input\02_May ATRs\08_T,"C:\Users\Kschellinger\SJTPO_Git\TAZ_Modular\input\02_May ATRs\08_T\ATR 8. CR 649 (Head of River Rd), btwn David Run Rd & CR 648 (Head River Rd)_60 Min Volume.pdf",430389
"ATR 8. CR 649 (Head of River Rd), btwn David Run Rd & CR 648 (Head River Rd)_60 Min Volume.xlsx",.xlsx,C:\Users\Kschellinger\SJTPO_Git\TAZ_Modular\input\02_May ATRs\08_T,"C:\Users\Kschellinger\SJTPO_Git\TAZ_Modular\input\02_May ATRs\08_T\ATR 8. CR 649 (Head of River Rd), btwn David Run Rd & CR 648 (Head River Rd)_60 Min Volume.xlsx",18422
ATR 8.tf2,.tf2,C:\Users\Kschellinger\SJTPO_Git\TAZ_Modular\input\02_May ATRs\08_T,C:\Users\Kschellinger\SJTPO_Git\TAZ_Modular\input\02_May ATRs\08_T\ATR 8.tf2,173600
ATR. SJTDM Data Collection_TUBE LAYOUT - 8. CR 649.pdf,.pdf,C:\Users\Kschellinger\SJTPO_Git\TAZ_Modular\input\02_May ATRs\08_T,C:\Users\Kschellinger\SJTPO_Git\TAZ_Modular\input\02_May ATRs\08_T\ATR. SJTDM Data Collection_TUBE LAYOUT - 8. CR 649.pdf,257211
ATR8_Test_Calculation_Vol_Class.xlsx,.xlsx,C:\Users\Kschellinger\SJTPO_Git\TAZ_Modular\input\02_May ATRs\08_T,C:\Users\Kschellinger\SJTPO_Git\TAZ_Modular\input\02_May ATRs\08_T\ATR8_Test_Calculation_Vol_Class.xlsx,93511
ATR8_Test_Calculation_Vol_Speed.xlsx,.xlsx,C:\Users\Kschellinger\SJTPO_Git\TAZ_Modular\input\02_May ATRs\08_T,C:\Users\Kschellinger\SJTPO_Git\TAZ_Modular\input\02_May ATRs\08_T\ATR8_Test_Calculation_Vol_Speed.xlsx,92392
"ATR 9. CR 637 (Cumberland Avenue), btwn Cape May Ave & Tuckahoe Rd - Class Data Analysis.pdf",.pdf,C:\Users\Kschellinger\SJTPO_Git\TAZ_Modular\input\02_May ATRs\09_T,"C:\Users\Kschellinger\SJTPO_Git\TAZ_Modular\input\02_May ATRs\09_T\ATR 9. CR 637 (Cumberland Avenue), btwn Cape May Ave & Tuckahoe Rd - Class Data Analysis.pdf",2253687
"ATR 9. CR 637 (Cumberland Avenue), btwn Cape May Ave & Tuckahoe Rd - Data Summary.pdf",.pdf,C:\Users\Kschellinger\SJTPO_Git\TAZ_Modular\input\02_May ATRs\09_T,"C:\Users\Kschellinger\SJTPO_Git\TAZ_Modular\input\02_May ATRs\09_T\ATR 9. CR 637 (Cumberland Avenue), btwn Cape May Ave & Tuckahoe Rd - Data Summary.pdf",342558
"ATR 9. CR 637 (Cumberland Avenue), btwn Cape May Ave & Tuckahoe Rd.snj",.snj,C:\Users\Kschellinger\SJTPO_Git\TAZ_Modular\input\02_May ATRs\09_T,"C:\Users\Kschellinger\SJTPO_Git\TAZ_Modular\input\02_May ATRs\09_T\ATR 9. CR 637 (Cumberland Avenue), btwn Cape May Ave & Tuckahoe Rd.snj",1170809
"ATR 9. CR 637 (Cumberland Avenue), btwn Cape May Ave & Tuckahoe Rd_15 Min Class.pdf",.pdf,C:\Users\Kschellinger\SJTPO_Git\TAZ_Modular\input\02_May ATRs\09_T,"C:\Users\Kschellinger\SJTPO_Git\TAZ_Modular\input\02_May ATRs\09_T\ATR 9. CR 637 (Cumberland Avenue), btwn Cape May Ave & Tuckahoe Rd_15 Min Class.pdf",4367184
"ATR 9. CR 637 (Cumberland Avenue), btwn Cape May Ave & Tuckahoe Rd_15 Min Class.xlsx",.xlsx,C:\Users\Kschellinger\SJTPO_Git\TAZ_Modular\input\02_May ATRs\09_T,"C:\Users\Kschellinger\SJTPO_Git\TAZ_Modular\input\02_May ATRs\09_T\ATR 9. CR 637 (Cumberland Avenue), btwn Cape May Ave & Tuckahoe Rd_15 Min Class.xlsx",67962
"ATR 9. CR 637 (Cumberland Avenue), btwn Cape May Ave & Tuckahoe Rd_15 Min Speed.pdf",.pdf,C:\Users\Kschellinger\SJTPO_Git\TAZ_Modular\input\02_May ATRs\09_T,"C:\Users\Kschellinger\SJTPO_Git\TAZ_Modular\input\02_May ATRs\09_T\ATR 9. CR 637 (Cumberland Avenue), btwn Cape May Ave & Tuckahoe Rd_15 Min Speed.pdf",3673200
"ATR 9. CR 637 (Cumberland Avenue), btwn Cape May Ave & Tuckahoe Rd_15 Min Speed.xlsx",.xlsx,C:\Users\Kschellinger\SJTPO_Git\TAZ_Modular\input\02_May ATRs\09_T,"C:\Users\Kschellinger\SJTPO_Git\TAZ_Modular\input\02_May ATRs\09_T\ATR 9. CR 637 (Cumberland Avenue), btwn Cape May Ave & Tuckahoe Rd_15 Min Speed.xlsx",66800
"ATR 9. CR 637 (Cumberland Avenue), btwn Cape May Ave & Tuckahoe Rd_15 Min Volume.pdf",.pdf,C:\Users\Kschellinger\SJTPO_Git\TAZ_Modular\input\02_May ATRs\09_T,"C:\Users\Kschellinger\SJTPO_Git\TAZ_Modular\input\02_May ATRs\09_T\ATR 9. CR 637 (Cumberland Avenue), btwn Cape May Ave & Tuckahoe Rd_15 Min Volume.pdf",663287
"ATR 9. CR 637 (Cumberland Avenue), btwn Cape May Ave & Tuckahoe Rd_60 Min Class.pdf",.pdf,C:\Users\Kschellinger\SJTPO_Git\TAZ_Modular\input\02_May ATRs\09_T,"C:\Users\Kschellinger\SJTPO_Git\TAZ_Modular\input\02_May ATRs\09_T\ATR 9. CR 637 (Cumberland Avenue), btwn Cape May Ave & Tuckahoe Rd_60 Min Class.pdf",1348902
"ATR 9. CR 637 (Cumberland Avenue), btwn Cape May Ave & Tuckahoe Rd_60 Min Class.xlsx",.xlsx,C:\Users\Kschellinger\SJTPO_Git\TAZ_Modular\input\02_May ATRs\09_T,"C:\Users\Kschellinger\SJTPO_Git\TAZ_Modular\input\02_May ATRs\09_T\ATR 9. CR 637 (Cumberland Avenue), btwn Cape May Ave & Tuckahoe Rd_60 Min Class.xlsx",30146
"ATR 9. CR 637 (Cumberland Avenue), btwn Cape May Ave & Tuckahoe Rd_60 Min Speed.pdf",.pdf,C:\Users\Kschellinger\SJTPO_Git\TAZ_Modular\input\02_May ATRs\09_T,"C:\Users\Kschellinger\SJTPO_Git\TAZ_Modular\input\02_May ATRs\09_T\ATR 9. CR 637 (Cumberland Avenue), btwn Cape May Ave & Tuckahoe Rd_60 Min Speed.pdf",1217503
"ATR 9. CR 637 (Cumberland Avenue), btwn Cape May Ave & Tuckahoe Rd_60 Min Speed.xlsx",.xlsx,C:\Users\Kschellinger\SJTPO_Git\TAZ_Modular\input\02_May ATRs\09_T,"C:\Users\Kschellinger\SJTPO_Git\TAZ_Modular\input\02_May ATRs\09_T\ATR 9. CR 637 (Cumberland Avenue), btwn Cape May Ave & Tuckahoe Rd_60 Min Speed.xlsx",30005
"ATR 9. CR 637 (Cumberland Avenue), btwn Cape May Ave & Tuckahoe Rd_60 Min Volume.pdf",.pdf,C:\Users\Kschellinger\SJTPO_Git\TAZ_Modular\input\02_May ATRs\09_T,"C:\Users\Kschellinger\SJTPO_Git\TAZ_Modular\input\02_May ATRs\09_T\ATR 9. CR 637 (Cumberland Avenue), btwn Cape May Ave & Tuckahoe Rd_60 Min Volume.pdf",433257
"ATR 9. CR 637 (Cumberland Avenue), btwn Cape May Ave & Tuckahoe Rd_60 Min Volume.xlsx",.xlsx,C:\Users\Kschellinger\SJTPO_Git\TAZ_Modular\input\02_May ATRs\09_T,"C:\Users\Kschellinger\SJTPO_Git\TAZ_Modular\input\02_May ATRs\09_T\ATR 9. CR 637 (Cumberland Avenue), btwn Cape May Ave & Tuckahoe Rd_60 Min Volume.xlsx",27126
ATR 9.tf2,.tf2,C:\Users\Kschellinger\SJTPO_Git\TAZ_Modular\input\02_May ATRs\09_T,C:\Users\Kschellinger\SJTPO_Git\TAZ_Modular\input\02_May ATRs\09_T\ATR 9.tf2,242621
ATR. SJTDM Data Collection_TUBE LAYOUT - 9. CR 637.pdf,.pdf,C:\Users\Kschellinger\SJTPO_Git\TAZ_Modular\input\02_May ATRs\09_T,C:\Users\Kschellinger\SJTPO_Git\TAZ_Modular\input\02_May ATRs\09_T\ATR. SJTDM Data Collection_TUBE LAYOUT - 9. CR 637.pdf,262378
ATR9_Test_Calculation_Vol_Class.xlsx,.xlsx,C:\Users\Kschellinger\SJTPO_Git\TAZ_Modular\input\02_May ATRs\09_T,C:\Users\Kschellinger\SJTPO_Git\TAZ_Modular\input\02_May ATRs\09_T\ATR9_Test_Calculation_Vol_Class.xlsx,93539
ATR9_Test_Calculation_Vol_Speed.xlsx,.xlsx,C:\Users\Kschellinger\SJTPO_Git\TAZ_Modular\input\02_May ATRs\09_T,C:\Users\Kschellinger\SJTPO_Git\TAZ_Modular\input\02_May ATRs\09_T\ATR9_Test_Calculation_Vol_Speed.xlsx,94380
"ATR 10. CR 669 (11th Ave), btwn Burnett Ave & Hudson Ave - Class Data Analysis.pdf",.pdf,C:\Users\Kschellinger\SJTPO_Git\TAZ_Modular\input\02_May ATRs\10_T,"C:\Users\Kschellinger\SJTPO_Git\TAZ_Modular\input\02_May ATRs\10_T\ATR 10. CR 669 (11th Ave), btwn Burnett Ave & Hudson Ave - Class Data Analysis.pdf",2189123
"ATR 10. CR 669 (11th Ave), btwn Burnett Ave & Hudson Ave - Data Summary.pdf",.pdf,C:\Users\Kschellinger\SJTPO_Git\TAZ_Modular\input\02_May ATRs\10_T,"C:\Users\Kschellinger\SJTPO_Git\TAZ_Modular\input\02_May ATRs\10_T\ATR 10. CR 669 (11th Ave), btwn Burnett Ave & Hudson Ave - Data Summary.pdf",342033
"ATR 10. CR 669 (11th Ave), btwn Burnett Ave & Hudson Ave.snj",.snj,C:\Users\Kschellinger\SJTPO_Git\TAZ_Modular\input\02_May ATRs\10_T,"C:\Users\Kschellinger\SJTPO_Git\TAZ_Modular\input\02_May ATRs\10_T\ATR 10. CR 669 (11th Ave), btwn Burnett Ave & Hudson Ave.snj",2419808
"ATR 10. CR 669 (11th Ave), btwn Burnett Ave & Hudson Ave_15 Min Class.pdf",.pdf,C:\Users\Kschellinger\SJTPO_Git\TAZ_Modular\input\02_May ATRs\10_T,"C:\Users\Kschellinger\SJTPO_Git\TAZ_Modular\input\02_May ATRs\10_T\ATR 10. CR 669 (11th Ave), btwn Burnett Ave & Hudson Ave_15 Min Class.pdf",4172114
"ATR 10. CR 669 (11th Ave), btwn Burnett Ave & Hudson Ave_15 Min Class.xlsx",.xlsx,C:\Users\Kschellinger\SJTPO_Git\TAZ_Modular\input\02_May ATRs\10_T,"C:\Users\Kschellinger\SJTPO_Git\TAZ_Modular\input\02_May ATRs\10_T\ATR 10. CR 669 (11th Ave), btwn Burnett Ave & Hudson Ave_15 Min Class.xlsx",73751
"ATR 10. CR 669 (11th Ave), btwn Burnett Ave & Hudson Ave_15 Min Speed.pdf",.pdf,C:\Users\Kschellinger\SJTPO_Git\TAZ_Modular\input\02_May ATRs\10_T,"C:\Users\Kschellinger\SJTPO_Git\TAZ_Modular\input\02_May ATRs\10_T\ATR 10. CR 669 (11th Ave), btwn Burnett Ave & Hudson Ave_15 Min Speed.pdf",3684882
"ATR 10. CR 669 (11th Ave), btwn Burnett Ave & Hudson Ave_15 Min Speed.xlsx",.xlsx,C:\Users\Kschellinger\SJTPO_Git\TAZ_Modular\input\02_May ATRs\10_T,"C:\Users\Kschellinger\SJTPO_Git\TAZ_Modular\input\02_May ATRs\10_T\ATR 10. CR 669 (11th Ave), btwn Burnett Ave & Hudson Ave_15 Min Speed.xlsx",71535
"ATR 10. CR 669 (11th Ave), btwn Burnett Ave & Hudson Ave_15 Min Volume.pdf",.pdf,C:\Users\Kschellinger\SJTPO_Git\TAZ_Modular\input\02_May ATRs\10_T,"C:\Users\Kschellinger\SJTPO_Git\TAZ_Modular\input\02_May ATRs\10_T\ATR 10. CR 669 (11th Ave), btwn Burnett Ave & Hudson Ave_15 Min Volume.pdf",667261
"ATR 10. CR 669 (11th Ave), btwn Burnett Ave & Hudson Ave_15 Min Volume.xlsx",.xlsx,C:\Users\Kschellinger\SJTPO_Git\TAZ_Modular\input\02_May ATRs\10_T,"C:\Users\Kschellinger\SJTPO_Git\TAZ_Modular\input\02_May ATRs\10_T\ATR 10. CR 669 (11th Ave), btwn Burnett Ave & Hudson Ave_15 Min Volume.xlsx",27522
"ATR 10. CR 669 (11th Ave), btwn Burnett Ave & Hudson Ave_60 Min Class.pdf",.pdf,C:\Users\Kschellinger\SJTPO_Git\TAZ_Modular\input\02_May ATRs\10_T,"C:\Users\Kschellinger\SJTPO_Git\TAZ_Modular\input\02_May ATRs\10_T\ATR 10. CR 669 (11th Ave), btwn Burnett Ave & Hudson Ave_60 Min Class.pdf",1338064
"ATR 10. CR 669 (11th Ave), btwn Burnett Ave & Hudson Ave_60 Min Class.xlsx",.xlsx,C:\Users\Kschellinger\SJTPO_Git\TAZ_Modular\input\02_May ATRs\10_T,"C:\Users\Kschellinger\SJTPO_Git\TAZ_Modular\input\02_May ATRs\10_T\ATR 10. CR 669 (11th Ave), btwn Burnett Ave & Hudson Ave_60 Min Class.xlsx",32227
"ATR 10. CR 669 (11th Ave), btwn Burnett Ave & Hudson Ave_60 Min Speed.pdf",.pdf,C:\Users\Kschellinger\SJTPO_Git\TAZ_Modular\input\02_May ATRs\10_T,"C:\Users\Kschellinger\SJTPO_Git\TAZ_Modular\input\02_May ATRs\10_T\ATR 10. CR 669 (11th Ave), btwn Burnett Ave & Hudson Ave_60 Min Speed.pdf",1221171
"ATR 10. CR 669 (11th Ave), btwn Burnett Ave & Hudson Ave_60 Min Speed.xlsx",.xlsx,C:\Users\Kschellinger\SJTPO_Git\TAZ_Modular\input\02_May ATRs\10_T,"C:\Users\Kschellinger\SJTPO_Git\TAZ_Modular\input\02_May ATRs\10_T\ATR 10. CR 669 (11th Ave), btwn Burnett Ave & Hudson Ave_60 Min Speed.xlsx",31584
"ATR 10. CR 669 (11th Ave), btwn Burnett Ave & Hudson Ave_60 Min Volume.pdf",.pdf,C:\Users\Kschellinger\SJTPO_Git\TAZ_Modular\input\02_May ATRs\10_T,"C:\Users\Kschellinger\SJTPO_Git\TAZ_Modular\input\02_May ATRs\10_T\ATR 10. CR 669 (11th Ave), btwn Burnett Ave & Hudson Ave_60 Min Volume.pdf",428342
"ATR 10. CR 669 (11th Ave), btwn Burnett Ave & Hudson Ave_60 Min Volume.xlsx",.xlsx,C:\Users\Kschellinger\SJTPO_Git\TAZ_Modular\input\02_May ATRs\10_T,"C:\Users\Kschellinger\SJTPO_Git\TAZ_Modular\input\02_May ATRs\10_T\ATR 10. CR 669 (11th Ave), btwn Burnett Ave & Hudson Ave_60 Min Volume.xlsx",18289
ATR 10.tf2,.tf2,C:\Users\Kschellinger\SJTPO_Git\TAZ_Modular\input\02_May ATRs\10_T,C:\Users\Kschellinger\SJTPO_Git\TAZ_Modular\input\02_May ATRs\10_T\ATR 10.tf2,1385799
ATR. SJTDM Data Collection_TUBE LAYOUT - 10. CR 669.pdf,.pdf,C:\Users\Kschellinger\SJTPO_Git\TAZ_Modular\input\02_May ATRs\10_T,C:\Users\Kschellinger\SJTPO_Git\TAZ_Modular\input\02_May ATRs\10_T\ATR. SJTDM Data Collection_TUBE LAYOUT - 10. CR 669.pdf,260061
ATR10_Test_Calculation_Vol_Class.xlsx,.xlsx,C:\Users\Kschellinger\SJTPO_Git\TAZ_Modular\input\02_May ATRs\10_T,C:\Users\Kschellinger\SJTPO_Git\TAZ_Modular\input\02_May ATRs\10_T\ATR10_Test_Calculation_Vol_Class.xlsx,98538
ATR10_Test_Calculation_Vol_Speed.xlsx,.xlsx,C:\Users\Kschellinger\SJTPO_Git\TAZ_Modular\input\02_May ATRs\10_T,C:\Users\Kschellinger\SJTPO_Git\TAZ_Modular\input\02_May ATRs\10_T\ATR10_Test_Calculation_Vol_Speed.xlsx,98295
ART11_Test_Calculation_Volumes.xlsx,.xlsx,C:\Users\Kschellinger\SJTPO_Git\TAZ_Modular\input\02_May ATRs\11_V,C:\Users\Kschellinger\SJTPO_Git\TAZ_Modular\input\02_May ATRs\11_V\ART11_Test_Calculation_Volumes.xlsx,114973
"ATR 11. US 322, Black Horse Pike, 500 feet East of Palace Restaurant & Outfitters_15 Minute.csv",.csv,C:\Users\Kschellinger\SJTPO_Git\TAZ_Modular\input\02_May ATRs\11_V,"C:\Users\Kschellinger\SJTPO_Git\TAZ_Modular\input\02_May ATRs\11_V\ATR 11. US 322, Black Horse Pike, 500 feet East of Palace Restaurant & Outfitters_15 Minute.csv",140691
"ATR 11. US 322, Black Horse Pike, 500 feet East of Palace Restaurant & Outfitters_15 Minute.pdf",.pdf,C:\Users\Kschellinger\SJTPO_Git\TAZ_Modular\input\02_May ATRs\11_V,"C:\Users\Kschellinger\SJTPO_Git\TAZ_Modular\input\02_May ATRs\11_V\ATR 11. US 322, Black Horse Pike, 500 feet East of Palace Restaurant & Outfitters_15 Minute.pdf",477865
"ATR 11. US 322, Black Horse Pike, 500 feet East of Palace Restaurant & Outfitters_15 Minute.xlsx",.xlsx,C:\Users\Kschellinger\SJTPO_Git\TAZ_Modular\input\02_May ATRs\11_V,"C:\Users\Kschellinger\SJTPO_Git\TAZ_Modular\input\02_May ATRs\11_V\ATR 11. US 322, Black Horse Pike, 500 feet East of Palace Restaurant & Outfitters_15 Minute.xlsx",1202047
"ATR 11. US 322, Black Horse Pike, 500 feet East of Palace Restaurant & Outfitters_60 Minute.csv",.csv,C:\Users\Kschellinger\SJTPO_Git\TAZ_Modular\input\02_May ATRs\11_V,"C:\Users\Kschellinger\SJTPO_Git\TAZ_Modular\input\02_May ATRs\11_V\ATR 11. US 322, Black Horse Pike, 500 feet East of Palace Restaurant & Outfitters_60 Minute.csv",36750
"ATR 11. US 322, Black Horse Pike, 500 feet East of Palace Restaurant & Outfitters_60 Minute.pdf",.pdf,C:\Users\Kschellinger\SJTPO_Git\TAZ_Modular\input\02_May ATRs\11_V,"C:\Users\Kschellinger\SJTPO_Git\TAZ_Modular\input\02_May ATRs\11_V\ATR 11. US 322, Black Horse Pike, 500 feet East of Palace Restaurant & Outfitters_60 Minute.pdf",350381
"ATR 11. US 322, Black Horse Pike, 500 feet East of Palace Restaurant & Outfitters_60 Minute.xlsx",.xlsx,C:\Users\Kschellinger\SJTPO_Git\TAZ_Modular\input\02_May ATRs\11_V,"C:\Users\Kschellinger\SJTPO_Git\TAZ_Modular\input\02_May ATRs\11_V\ATR 11. US 322, Black Horse Pike, 500 feet East of Palace Restaurant & Outfitters_60 Minute.xlsx",390647
ATR 11. US 322_Screen Captures.pdf,.pdf,C:\Users\Kschellinger\SJTPO_Git\TAZ_Modular\input\02_May ATRs\11_V,C:\Users\Kschellinger\SJTPO_Git\TAZ_Modular\input\02_May ATRs\11_V\ATR 11. US 322_Screen Captures.pdf,226587
2025031071_20260504_094032_0.DAT,.DAT,C:\Users\Kschellinger\SJTPO_Git\TAZ_Modular\input\02_May ATRs\13_R,C:\Users\Kschellinger\SJTPO_Git\TAZ_Modular\input\02_May ATRs\13_R\2025031071_20260504_094032_0.DAT,239289
2025031071_20260508_095924_0.DAT,.DAT,C:\Users\Kschellinger\SJTPO_Git\TAZ_Modular\input\02_May ATRs\13_R,C:\Users\Kschellinger\SJTPO_Git\TAZ_Modular\input\02_May ATRs\13_R\2025031071_20260508_095924_0.DAT,224829
"ATR 13. Mauricetown Crossway Road, btwn Route 47 & Route 744 - Class Data Analysis.pdf",.pdf,C:\Users\Kschellinger\SJTPO_Git\TAZ_Modular\input\02_May ATRs\13_R,"C:\Users\Kschellinger\SJTPO_Git\TAZ_Modular\input\02_May ATRs\13_R\ATR 13. Mauricetown Crossway Road, btwn Route 47 & Route 744 - Class Data Analysis.pdf",1516700
"ATR 13. Mauricetown Crossway Road, btwn Route 47 & Route 744.snj",.snj,C:\Users\Kschellinger\SJTPO_Git\TAZ_Modular\input\02_May ATRs\13_R,"C:\Users\Kschellinger\SJTPO_Git\TAZ_Modular\input\02_May ATRs\13_R\ATR 13. Mauricetown Crossway Road, btwn Route 47 & Route 744.snj",1194315
"ATR 13. Mauricetown Crossway Road, btwn Route 47 & Route 744_15 Min Length.pdf",.pdf,C:\Users\Kschellinger\SJTPO_Git\TAZ_Modular\input\02_May ATRs\13_R,"C:\Users\Kschellinger\SJTPO_Git\TAZ_Modular\input\02_May ATRs\13_R\ATR 13. Mauricetown Crossway Road, btwn Route 47 & Route 744_15 Min Length.pdf",3490475
"ATR 13. Mauricetown Crossway Road, btwn Route 47 & Route 744_15 Min Length.xlsx",.xlsx,C:\Users\Kschellinger\SJTPO_Git\TAZ_Modular\input\02_May ATRs\13_R,"C:\Users\Kschellinger\SJTPO_Git\TAZ_Modular\input\02_May ATRs\13_R\ATR 13. Mauricetown Crossway Road, btwn Route 47 & Route 744_15 Min Length.xlsx",73664
"ATR 13. Mauricetown Crossway Road, btwn Route 47 & Route 744_15 Min Speed.pdf",.pdf,C:\Users\Kschellinger\SJTPO_Git\TAZ_Modular\input\02_May ATRs\13_R,"C:\Users\Kschellinger\SJTPO_Git\TAZ_Modular\input\02_May ATRs\13_R\ATR 13. Mauricetown Crossway Road, btwn Route 47 & Route 744_15 Min Speed.pdf",3704653
"ATR 13. Mauricetown Crossway Road, btwn Route 47 & Route 744_15 Min Speed.xlsx",.xlsx,C:\Users\Kschellinger\SJTPO_Git\TAZ_Modular\input\02_May ATRs\13_R,"C:\Users\Kschellinger\SJTPO_Git\TAZ_Modular\input\02_May ATRs\13_R\ATR 13. Mauricetown Crossway Road, btwn Route 47 & Route 744_15 Min Speed.xlsx",76110
"ATR 13. Mauricetown Crossway Road, btwn Route 47 & Route 744_15 Min Summary Length.pdf",.pdf,C:\Users\Kschellinger\SJTPO_Git\TAZ_Modular\input\02_May ATRs\13_R,"C:\Users\Kschellinger\SJTPO_Git\TAZ_Modular\input\02_May ATRs\13_R\ATR 13. Mauricetown Crossway Road, btwn Route 47 & Route 744_15 Min Summary Length.pdf",2828828
"ATR 13. Mauricetown Crossway Road, btwn Route 47 & Route 744_15 Min Summary Length.xlsx",.xlsx,C:\Users\Kschellinger\SJTPO_Git\TAZ_Modular\input\02_May ATRs\13_R,"C:\Users\Kschellinger\SJTPO_Git\TAZ_Modular\input\02_May ATRs\13_R\ATR 13. Mauricetown Crossway Road, btwn Route 47 & Route 744_15 Min Summary Length.xlsx",55261
"ATR 13. Mauricetown Crossway Road, btwn Route 47 & Route 744_15 Min Volume.pdf",.pdf,C:\Users\Kschellinger\SJTPO_Git\TAZ_Modular\input\02_May ATRs\13_R,"C:\Users\Kschellinger\SJTPO_Git\TAZ_Modular\input\02_May ATRs\13_R\ATR 13. Mauricetown Crossway Road, btwn Route 47 & Route 744_15 Min Volume.pdf",670702
"ATR 13. Mauricetown Crossway Road, btwn Route 47 & Route 744_15 Min Volume.xlsx",.xlsx,C:\Users\Kschellinger\SJTPO_Git\TAZ_Modular\input\02_May ATRs\13_R,"C:\Users\Kschellinger\SJTPO_Git\TAZ_Modular\input\02_May ATRs\13_R\ATR 13. Mauricetown Crossway Road, btwn Route 47 & Route 744_15 Min Volume.xlsx",28393
"ATR 13. Mauricetown Crossway Road, btwn Route 47 & Route 744_60 Min Length.pdf",.pdf,C:\Users\Kschellinger\SJTPO_Git\TAZ_Modular\input\02_May ATRs\13_R,"C:\Users\Kschellinger\SJTPO_Git\TAZ_Modular\input\02_May ATRs\13_R\ATR 13. Mauricetown Crossway Road, btwn Route 47 & Route 744_60 Min Length.pdf",1162212
"ATR 13. Mauricetown Crossway Road, btwn Route 47 & Route 744_60 Min Length.xlsx",.xlsx,C:\Users\Kschellinger\SJTPO_Git\TAZ_Modular\input\02_May ATRs\13_R,"C:\Users\Kschellinger\SJTPO_Git\TAZ_Modular\input\02_May ATRs\13_R\ATR 13. Mauricetown Crossway Road, btwn Route 47 & Route 744_60 Min Length.xlsx",32092
"ATR 13. Mauricetown Crossway Road, btwn Route 47 & Route 744_60 Min Speed.pdf",.pdf,C:\Users\Kschellinger\SJTPO_Git\TAZ_Modular\input\02_May ATRs\13_R,"C:\Users\Kschellinger\SJTPO_Git\TAZ_Modular\input\02_May ATRs\13_R\ATR 13. Mauricetown Crossway Road, btwn Route 47 & Route 744_60 Min Speed.pdf",1227395
"ATR 13. Mauricetown Crossway Road, btwn Route 47 & Route 744_60 Min Speed.xlsx",.xlsx,C:\Users\Kschellinger\SJTPO_Git\TAZ_Modular\input\02_May ATRs\13_R,"C:\Users\Kschellinger\SJTPO_Git\TAZ_Modular\input\02_May ATRs\13_R\ATR 13. Mauricetown Crossway Road, btwn Route 47 & Route 744_60 Min Speed.xlsx",32816
"ATR 13. Mauricetown Crossway Road, btwn Route 47 & Route 744_60 Min Summary Length.pdf",.pdf,C:\Users\Kschellinger\SJTPO_Git\TAZ_Modular\input\02_May ATRs\13_R,"C:\Users\Kschellinger\SJTPO_Git\TAZ_Modular\input\02_May ATRs\13_R\ATR 13. Mauricetown Crossway Road, btwn Route 47 & Route 744_60 Min Summary Length.pdf",946948
"ATR 13. Mauricetown Crossway Road, btwn Route 47 & Route 744_60 Min Summary Length.xlsx",.xlsx,C:\Users\Kschellinger\SJTPO_Git\TAZ_Modular\input\02_May ATRs\13_R,"C:\Users\Kschellinger\SJTPO_Git\TAZ_Modular\input\02_May ATRs\13_R\ATR 13. Mauricetown Crossway Road, btwn Route 47 & Route 744_60 Min Summary Length.xlsx",26915
"ATR 13. Mauricetown Crossway Road, btwn Route 47 & Route 744_60 Min Volume.pdf",.pdf,C:\Users\Kschellinger\SJTPO_Git\TAZ_Modular\input\02_May ATRs\13_R,"C:\Users\Kschellinger\SJTPO_Git\TAZ_Modular\input\02_May ATRs\13_R\ATR 13. Mauricetown Crossway Road, btwn Route 47 & Route 744_60 Min Volume.pdf",437594
"ATR 13. Mauricetown Crossway Road, btwn Route 47 & Route 744_60 Min Volume.xlsx",.xlsx,C:\Users\Kschellinger\SJTPO_Git\TAZ_Modular\input\02_May ATRs\13_R,"C:\Users\Kschellinger\SJTPO_Git\TAZ_Modular\input\02_May ATRs\13_R\ATR 13. Mauricetown Crossway Road, btwn Route 47 & Route 744_60 Min Volume.xlsx",18839
atr 13_Part 1.tf2,.tf2,C:\Users\Kschellinger\SJTPO_Git\TAZ_Modular\input\02_May ATRs\13_R,C:\Users\Kschellinger\SJTPO_Git\TAZ_Modular\input\02_May ATRs\13_R\atr 13_Part 1.tf2,1484049
atr 13_part 2.tf2,.tf2,C:\Users\Kschellinger\SJTPO_Git\TAZ_Modular\input\02_May ATRs\13_R,C:\Users\Kschellinger\SJTPO_Git\TAZ_Modular\input\02_May ATRs\13_R\atr 13_part 2.tf2,1390648
ATR. SJTDM Data Collection_RADAR LAYOUT - 13. Mauricetown Crossway.pdf,.pdf,C:\Users\Kschellinger\SJTPO_Git\TAZ_Modular\input\02_May ATRs\13_R,C:\Users\Kschellinger\SJTPO_Git\TAZ_Modular\input\02_May ATRs\13_R\ATR. SJTDM Data Collection_RADAR LAYOUT - 13. Mauricetown Crossway.pdf,258070
2018080037_20260430_111834_0.DAT,.DAT,C:\Users\Kschellinger\SJTPO_Git\TAZ_Modular\input\02_May ATRs\14_R,C:\Users\Kschellinger\SJTPO_Git\TAZ_Modular\input\02_May ATRs\14_R\2018080037_20260430_111834_0.DAT,502353
2018080037_20260504_103700_0.DAT,.DAT,C:\Users\Kschellinger\SJTPO_Git\TAZ_Modular\input\02_May ATRs\14_R,C:\Users\Kschellinger\SJTPO_Git\TAZ_Modular\input\02_May ATRs\14_R\2018080037_20260504_103700_0.DAT,516621
"ATR 14. Sharp Street, btwn Columbia Ave & Cooper St - Class Data Analysis.pdf",.pdf,C:\Users\Kschellinger\SJTPO_Git\TAZ_Modular\input\02_May ATRs\14_R,"C:\Users\Kschellinger\SJTPO_Git\TAZ_Modular\input\02_May ATRs\14_R\ATR 14. Sharp Street, btwn Columbia Ave & Cooper St - Class Data Analysis.pdf",1526232
"ATR 14. Sharp Street, btwn Columbia Ave & Cooper St.snj",.snj,C:\Users\Kschellinger\SJTPO_Git\TAZ_Modular\input\02_May ATRs\14_R,"C:\Users\Kschellinger\SJTPO_Git\TAZ_Modular\input\02_May ATRs\14_R\ATR 14. Sharp Street, btwn Columbia Ave & Cooper St.snj",2575120
"ATR 14. Sharp Street, btwn Columbia Ave & Cooper St_15 Min Length.pdf",.pdf,C:\Users\Kschellinger\SJTPO_Git\TAZ_Modular\input\02_May ATRs\14_R,"C:\Users\Kschellinger\SJTPO_Git\TAZ_Modular\input\02_May ATRs\14_R\ATR 14. Sharp Street, btwn Columbia Ave & Cooper St_15 Min Length.pdf",3481110
"ATR 14. Sharp Street, btwn Columbia Ave & Cooper St_15 Min Length.xlsx",.xlsx,C:\Users\Kschellinger\SJTPO_Git\TAZ_Modular\input\02_May ATRs\14_R,"C:\Users\Kschellinger\SJTPO_Git\TAZ_Modular\input\02_May ATRs\14_R\ATR 14. Sharp Street, btwn Columbia Ave & Cooper St_15 Min Length.xlsx",73703
"ATR 14. Sharp Street, btwn Columbia Ave & Cooper St_15 Min Speed.pdf",.pdf,C:\Users\Kschellinger\SJTPO_Git\TAZ_Modular\input\02_May ATRs\14_R,"C:\Users\Kschellinger\SJTPO_Git\TAZ_Modular\input\02_May ATRs\14_R\ATR 14. Sharp Street, btwn Columbia Ave & Cooper St_15 Min Speed.pdf",3709169
"ATR 14. Sharp Street, btwn Columbia Ave & Cooper St_15 Min Speed.xlsx",.xlsx,C:\Users\Kschellinger\SJTPO_Git\TAZ_Modular\input\02_May ATRs\14_R,"C:\Users\Kschellinger\SJTPO_Git\TAZ_Modular\input\02_May ATRs\14_R\ATR 14. Sharp Street, btwn Columbia Ave & Cooper St_15 Min Speed.xlsx",80376
"ATR 14. Sharp Street, btwn Columbia Ave & Cooper St_15 Min Summary Length.pdf",.pdf,C:\Users\Kschellinger\SJTPO_Git\TAZ_Modular\input\02_May ATRs\14_R,"C:\Users\Kschellinger\SJTPO_Git\TAZ_Modular\input\02_May ATRs\14_R\ATR 14. Sharp Street, btwn Columbia Ave & Cooper St_15 Min Summary Length.pdf",2832623
"ATR 14. Sharp Street, btwn Columbia Ave & Cooper St_15 Min Summary Length.xlsx",.xlsx,C:\Users\Kschellinger\SJTPO_Git\TAZ_Modular\input\02_May ATRs\14_R,"C:\Users\Kschellinger\SJTPO_Git\TAZ_Modular\input\02_May ATRs\14_R\ATR 14. Sharp Street, btwn Columbia Ave & Cooper St_15 Min Summary Length.xlsx",55595
"ATR 14. Sharp Street, btwn Columbia Ave & Cooper St_15 Min Volume.pdf",.pdf,C:\Users\Kschellinger\SJTPO_Git\TAZ_Modular\input\02_May ATRs\14_R,"C:\Users\Kschellinger\SJTPO_Git\TAZ_Modular\input\02_May ATRs\14_R\ATR 14. Sharp Street, btwn Columbia Ave & Cooper St_15 Min Volume.pdf",739445
"ATR 14. Sharp Street, btwn Columbia Ave & Cooper St_15 Min Volume.xlsx",.xlsx,C:\Users\Kschellinger\SJTPO_Git\TAZ_Modular\input\02_May ATRs\14_R,"C:\Users\Kschellinger\SJTPO_Git\TAZ_Modular\input\02_May ATRs\14_R\ATR 14. Sharp Street, btwn Columbia Ave & Cooper St_15 Min Volume.xlsx",28320
"ATR 14. Sharp Street, btwn Columbia Ave & Cooper St_60 Min Length.pdf",.pdf,C:\Users\Kschellinger\SJTPO_Git\TAZ_Modular\input\02_May ATRs\14_R,"C:\Users\Kschellinger\SJTPO_Git\TAZ_Modular\input\02_May ATRs\14_R\ATR 14. Sharp Street, btwn Columbia Ave & Cooper St_60 Min Length.pdf",1159965
"ATR 14. Sharp Street, btwn Columbia Ave & Cooper St_60 Min Length.xlsx",.xlsx,C:\Users\Kschellinger\SJTPO_Git\TAZ_Modular\input\02_May ATRs\14_R,"C:\Users\Kschellinger\SJTPO_Git\TAZ_Modular\input\02_May ATRs\14_R\ATR 14. Sharp Street, btwn Columbia Ave & Cooper St_60 Min Length.xlsx",32198
"ATR 14. Sharp Street, btwn Columbia Ave & Cooper St_60 Min Speed.pdf",.pdf,C:\Users\Kschellinger\SJTPO_Git\TAZ_Modular\input\02_May ATRs\14_R,"C:\Users\Kschellinger\SJTPO_Git\TAZ_Modular\input\02_May ATRs\14_R\ATR 14. Sharp Street, btwn Columbia Ave & Cooper St_60 Min Speed.pdf",1231437
"ATR 14. Sharp Street, btwn Columbia Ave & Cooper St_60 Min Speed.xlsx",.xlsx,C:\Users\Kschellinger\SJTPO_Git\TAZ_Modular\input\02_May ATRs\14_R,"C:\Users\Kschellinger\SJTPO_Git\TAZ_Modular\input\02_May ATRs\14_R\ATR 14. Sharp Street, btwn Columbia Ave & Cooper St_60 Min Speed.xlsx",34329
"ATR 14. Sharp Street, btwn Columbia Ave & Cooper St_60 Min Summary Length.pdf",.pdf,C:\Users\Kschellinger\SJTPO_Git\TAZ_Modular\input\02_May ATRs\14_R,"C:\Users\Kschellinger\SJTPO_Git\TAZ_Modular\input\02_May ATRs\14_R\ATR 14. Sharp Street, btwn Columbia Ave & Cooper St_60 Min Summary Length.pdf",945378
"ATR 14. Sharp Street, btwn Columbia Ave & Cooper St_60 Min Summary Length.xlsx",.xlsx,C:\Users\Kschellinger\SJTPO_Git\TAZ_Modular\input\02_May ATRs\14_R,"C:\Users\Kschellinger\SJTPO_Git\TAZ_Modular\input\02_May ATRs\14_R\ATR 14. Sharp Street, btwn Columbia Ave & Cooper St_60 Min Summary Length.xlsx",26937
"ATR 14. Sharp Street, btwn Columbia Ave & Cooper St_60 Min Volume.pdf",.pdf,C:\Users\Kschellinger\SJTPO_Git\TAZ_Modular\input\02_May ATRs\14_R,"C:\Users\Kschellinger\SJTPO_Git\TAZ_Modular\input\02_May ATRs\14_R\ATR 14. Sharp Street, btwn Columbia Ave & Cooper St_60 Min Volume.pdf",430697
"ATR 14. Sharp Street, btwn Columbia Ave & Cooper St_60 Min Volume.xlsx",.xlsx,C:\Users\Kschellinger\SJTPO_Git\TAZ_Modular\input\02_May ATRs\14_R,"C:\Users\Kschellinger\SJTPO_Git\TAZ_Modular\input\02_May ATRs\14_R\ATR 14. Sharp Street, btwn Columbia Ave & Cooper St_60 Min Volume.xlsx",18879
ATR 14_BC 37 Part 1.tf2,.tf2,C:\Users\Kschellinger\SJTPO_Git\TAZ_Modular\input\02_May ATRs\14_R,C:\Users\Kschellinger\SJTPO_Git\TAZ_Modular\input\02_May ATRs\14_R\ATR 14_BC 37 Part 1.tf2,3161799
ATR 14_BC 37 Part 2.tf2,.tf2,C:\Users\Kschellinger\SJTPO_Git\TAZ_Modular\input\02_May ATRs\14_R,C:\Users\Kschellinger\SJTPO_Git\TAZ_Modular\input\02_May ATRs\14_R\ATR 14_BC 37 Part 2.tf2,3251742
ATR. SJTDM Data Collection_RADAR LAYOUT - 14. Sharp St.pdf,.pdf,C:\Users\Kschellinger\SJTPO_Git\TAZ_Modular\input\02_May ATRs\14_R,C:\Users\Kschellinger\SJTPO_Git\TAZ_Modular\input\02_May ATRs\14_R\ATR. SJTDM Data Collection_RADAR LAYOUT - 14. Sharp St.pdf,254506
"ATR 14. Sharp Street, btwn Columbia Ave & Cooper St - Class Data Analysis.pdf",.pdf,C:\Users\Kschellinger\SJTPO_Git\TAZ_Modular\input\02_May ATRs\14_R\VOID,"C:\Users\Kschellinger\SJTPO_Git\TAZ_Modular\input\02_May ATRs\14_R\VOID\ATR 14. Sharp Street, btwn Columbia Ave & Cooper St - Class Data Analysis.pdf",1528156
"ATR 14. Sharp Street, btwn Columbia Ave & Cooper St.zip",.zip,C:\Users\Kschellinger\SJTPO_Git\TAZ_Modular\input\02_May ATRs\14_R\VOID,"C:\Users\Kschellinger\SJTPO_Git\TAZ_Modular\input\02_May ATRs\14_R\VOID\ATR 14. Sharp Street, btwn Columbia Ave & Cooper St.zip",2552798
"ATR 14. Sharp Street, btwn Columbia Ave & Cooper St_15 Min Length.xlsx",.xlsx,C:\Users\Kschellinger\SJTPO_Git\TAZ_Modular\input\02_May ATRs\14_R\VOID,"C:\Users\Kschellinger\SJTPO_Git\TAZ_Modular\input\02_May ATRs\14_R\VOID\ATR 14. Sharp Street, btwn Columbia Ave & Cooper St_15 Min Length.xlsx",81800
"ATR 14. Sharp Street, btwn Columbia Ave & Cooper St_15 Min Speed.xlsx",.xlsx,C:\Users\Kschellinger\SJTPO_Git\TAZ_Modular\input\02_May ATRs\14_R\VOID,"C:\Users\Kschellinger\SJTPO_Git\TAZ_Modular\input\02_May ATRs\14_R\VOID\ATR 14. Sharp Street, btwn Columbia Ave & Cooper St_15 Min Speed.xlsx",93631
"ATR 14. Sharp Street, btwn Columbia Ave & Cooper St_15 Min Volume.pdf",.pdf,C:\Users\Kschellinger\SJTPO_Git\TAZ_Modular\input\02_May ATRs\14_R\VOID,"C:\Users\Kschellinger\SJTPO_Git\TAZ_Modular\input\02_May ATRs\14_R\VOID\ATR 14. Sharp Street, btwn Columbia Ave & Cooper St_15 Min Volume.pdf",763078
"ATR 14. Sharp Street, btwn Columbia Ave & Cooper St_15 Min Volume.xlsx",.xlsx,C:\Users\Kschellinger\SJTPO_Git\TAZ_Modular\input\02_May ATRs\14_R\VOID,"C:\Users\Kschellinger\SJTPO_Git\TAZ_Modular\input\02_May ATRs\14_R\VOID\ATR 14. Sharp Street, btwn Columbia Ave & Cooper St_15 Min Volume.xlsx",30644
"ATR 14. Sharp Street, btwn Columbia Ave & Cooper St_60 Min Length (6 bins).pdf",.pdf,C:\Users\Kschellinger\SJTPO_Git\TAZ_Modular\input\02_May ATRs\14_R\VOID,"C:\Users\Kschellinger\SJTPO_Git\TAZ_Modular\input\02_May ATRs\14_R\VOID\ATR 14. Sharp Street, btwn Columbia Ave & Cooper St_60 Min Length (6 bins).pdf",1122905
"ATR 14. Sharp Street, btwn Columbia Ave & Cooper St_60 Min Length.pdf",.pdf,C:\Users\Kschellinger\SJTPO_Git\TAZ_Modular\input\02_May ATRs\14_R\VOID,"C:\Users\Kschellinger\SJTPO_Git\TAZ_Modular\input\02_May ATRs\14_R\VOID\ATR 14. Sharp Street, btwn Columbia Ave & Cooper St_60 Min Length.pdf",1399765
"ATR 14. Sharp Street, btwn Columbia Ave & Cooper St_60 Min Length.xlsx",.xlsx,C:\Users\Kschellinger\SJTPO_Git\TAZ_Modular\input\02_May ATRs\14_R\VOID,"C:\Users\Kschellinger\SJTPO_Git\TAZ_Modular\input\02_May ATRs\14_R\VOID\ATR 14. Sharp Street, btwn Columbia Ave & Cooper St_60 Min Length.xlsx",34526
"ATR 14. Sharp Street, btwn Columbia Ave & Cooper St_60 Min Lenth (6 Bin).xlsx",.xlsx,C:\Users\Kschellinger\SJTPO_Git\TAZ_Modular\input\02_May ATRs\14_R\VOID,"C:\Users\Kschellinger\SJTPO_Git\TAZ_Modular\input\02_May ATRs\14_R\VOID\ATR 14. Sharp Street, btwn Columbia Ave & Cooper St_60 Min Lenth (6 Bin).xlsx",28119
"ATR 14. Sharp Street, btwn Columbia Ave & Cooper St_60 Min Speed.pdf",.pdf,C:\Users\Kschellinger\SJTPO_Git\TAZ_Modular\input\02_May ATRs\14_R\VOID,"C:\Users\Kschellinger\SJTPO_Git\TAZ_Modular\input\02_May ATRs\14_R\VOID\ATR 14. Sharp Street, btwn Columbia Ave & Cooper St_60 Min Speed.pdf",1510363
"ATR 14. Sharp Street, btwn Columbia Ave & Cooper St_60 Min Speed.xlsx",.xlsx,C:\Users\Kschellinger\SJTPO_Git\TAZ_Modular\input\02_May ATRs\14_R\VOID,"C:\Users\Kschellinger\SJTPO_Git\TAZ_Modular\input\02_May ATRs\14_R\VOID\ATR 14. Sharp Street, btwn Columbia Ave & Cooper St_60 Min Speed.xlsx",38627
"ATR 14. Sharp Street, btwn Columbia Ave & Cooper St_60 Min Volume.pdf",.pdf,C:\Users\Kschellinger\SJTPO_Git\TAZ_Modular\input\02_May ATRs\14_R\VOID,"C:\Users\Kschellinger\SJTPO_Git\TAZ_Modular\input\02_May ATRs\14_R\VOID\ATR 14. Sharp Street, btwn Columbia Ave & Cooper St_60 Min Volume.pdf",434194
"ATR 14. Sharp Street, btwn Columbia Ave & Cooper St_60 Min Volume.xlsx",.xlsx,C:\Users\Kschellinger\SJTPO_Git\TAZ_Modular\input\02_May ATRs\14_R\VOID,"C:\Users\Kschellinger\SJTPO_Git\TAZ_Modular\input\02_May ATRs\14_R\VOID\ATR 14. Sharp Street, btwn Columbia Ave & Cooper St_60 Min Volume.xlsx",18989
2018090013_20260430_112740_0.DAT,.DAT,C:\Users\Kschellinger\SJTPO_Git\TAZ_Modular\input\02_May ATRs\15_R,C:\Users\Kschellinger\SJTPO_Git\TAZ_Modular\input\02_May ATRs\15_R\2018090013_20260430_112740_0.DAT,218149
2018090013_20260504_130141_0.DAT,.DAT,C:\Users\Kschellinger\SJTPO_Git\TAZ_Modular\input\02_May ATRs\15_R,C:\Users\Kschellinger\SJTPO_Git\TAZ_Modular\input\02_May ATRs\15_R\2018090013_20260504_130141_0.DAT,217633
"ATR 15. NJ 49, btwn Sandy Ridge Road & ByPass Road - Class Data Analysis.pdf",.pdf,C:\Users\Kschellinger\SJTPO_Git\TAZ_Modular\input\02_May ATRs\15_R,"C:\Users\Kschellinger\SJTPO_Git\TAZ_Modular\input\02_May ATRs\15_R\ATR 15. NJ 49, btwn Sandy Ridge Road & ByPass Road - Class Data Analysis.pdf",1486779
"ATR 15. NJ 49, btwn Sandy Ridge Road & ByPass Road.snj",.snj,C:\Users\Kschellinger\SJTPO_Git\TAZ_Modular\input\02_May ATRs\15_R,"C:\Users\Kschellinger\SJTPO_Git\TAZ_Modular\input\02_May ATRs\15_R\ATR 15. NJ 49, btwn Sandy Ridge Road & ByPass Road.snj",1177053
"ATR 15. NJ 49, btwn Sandy Ridge Road & ByPass Road_15 Min Length.pdf",.pdf,C:\Users\Kschellinger\SJTPO_Git\TAZ_Modular\input\02_May ATRs\15_R,"C:\Users\Kschellinger\SJTPO_Git\TAZ_Modular\input\02_May ATRs\15_R\ATR 15. NJ 49, btwn Sandy Ridge Road & ByPass Road_15 Min Length.pdf",3473003
"ATR 15. NJ 49, btwn Sandy Ridge Road & ByPass Road_15 Min Length.xlsx",.xlsx,C:\Users\Kschellinger\SJTPO_Git\TAZ_Modular\input\02_May ATRs\15_R,"C:\Users\Kschellinger\SJTPO_Git\TAZ_Modular\input\02_May ATRs\15_R\ATR 15. NJ 49, btwn Sandy Ridge Road & ByPass Road_15 Min Length.xlsx",73016
"ATR 15. NJ 49, btwn Sandy Ridge Road & ByPass Road_15 Min Speed.pdf",.pdf,C:\Users\Kschellinger\SJTPO_Git\TAZ_Modular\input\02_May ATRs\15_R,"C:\Users\Kschellinger\SJTPO_Git\TAZ_Modular\input\02_May ATRs\15_R\ATR 15. NJ 49, btwn Sandy Ridge Road & ByPass Road_15 Min Speed.pdf",1223990
"ATR 15. NJ 49, btwn Sandy Ridge Road & ByPass Road_15 Min Speed.xlsx",.xlsx,C:\Users\Kschellinger\SJTPO_Git\TAZ_Modular\input\02_May ATRs\15_R,"C:\Users\Kschellinger\SJTPO_Git\TAZ_Modular\input\02_May ATRs\15_R\ATR 15. NJ 49, btwn Sandy Ridge Road & ByPass Road_15 Min Speed.xlsx",75432
"ATR 15. NJ 49, btwn Sandy Ridge Road & ByPass Road_15 Min Summary Length.pdf",.pdf,C:\Users\Kschellinger\SJTPO_Git\TAZ_Modular\input\02_May ATRs\15_R,"C:\Users\Kschellinger\SJTPO_Git\TAZ_Modular\input\02_May ATRs\15_R\ATR 15. NJ 49, btwn Sandy Ridge Road & ByPass Road_15 Min Summary Length.pdf",2818589
"ATR 15. NJ 49, btwn Sandy Ridge Road & ByPass Road_15 Min Summary Length.xlsx",.xlsx,C:\Users\Kschellinger\SJTPO_Git\TAZ_Modular\input\02_May ATRs\15_R,"C:\Users\Kschellinger\SJTPO_Git\TAZ_Modular\input\02_May ATRs\15_R\ATR 15. NJ 49, btwn Sandy Ridge Road & ByPass Road_15 Min Summary Length.xlsx",55488
"ATR 15. NJ 49, btwn Sandy Ridge Road & ByPass Road_15 Min Volume.pdf",.pdf,C:\Users\Kschellinger\SJTPO_Git\TAZ_Modular\input\02_May ATRs\15_R,"C:\Users\Kschellinger\SJTPO_Git\TAZ_Modular\input\02_May ATRs\15_R\ATR 15. NJ 49, btwn Sandy Ridge Road & ByPass Road_15 Min Volume.pdf",668412
"ATR 15. NJ 49, btwn Sandy Ridge Road & ByPass Road_15 Min Volume.xlsx",.xlsx,C:\Users\Kschellinger\SJTPO_Git\TAZ_Modular\input\02_May ATRs\15_R,"C:\Users\Kschellinger\SJTPO_Git\TAZ_Modular\input\02_May ATRs\15_R\ATR 15. NJ 49, btwn Sandy Ridge Road & ByPass Road_15 Min Volume.xlsx",28295
"ATR 15. NJ 49, btwn Sandy Ridge Road & ByPass Road_60 Min Length.pdf",.pdf,C:\Users\Kschellinger\SJTPO_Git\TAZ_Modular\input\02_May ATRs\15_R,"C:\Users\Kschellinger\SJTPO_Git\TAZ_Modular\input\02_May ATRs\15_R\ATR 15. NJ 49, btwn Sandy Ridge Road & ByPass Road_60 Min Length.pdf",1157919
"ATR 15. NJ 49, btwn Sandy Ridge Road & ByPass Road_60 Min Length.xlsx",.xlsx,C:\Users\Kschellinger\SJTPO_Git\TAZ_Modular\input\02_May ATRs\15_R,"C:\Users\Kschellinger\SJTPO_Git\TAZ_Modular\input\02_May ATRs\15_R\ATR 15. NJ 49, btwn Sandy Ridge Road & ByPass Road_60 Min Length.xlsx",32332
"ATR 15. NJ 49, btwn Sandy Ridge Road & ByPass Road_60 Min Speed.pdf",.pdf,C:\Users\Kschellinger\SJTPO_Git\TAZ_Modular\input\02_May ATRs\15_R,"C:\Users\Kschellinger\SJTPO_Git\TAZ_Modular\input\02_May ATRs\15_R\ATR 15. NJ 49, btwn Sandy Ridge Road & ByPass Road_60 Min Speed.pdf",1223956
"ATR 15. NJ 49, btwn Sandy Ridge Road & ByPass Road_60 Min Speed.xlsx",.xlsx,C:\Users\Kschellinger\SJTPO_Git\TAZ_Modular\input\02_May ATRs\15_R,"C:\Users\Kschellinger\SJTPO_Git\TAZ_Modular\input\02_May ATRs\15_R\ATR 15. NJ 49, btwn Sandy Ridge Road & ByPass Road_60 Min Speed.xlsx",32531
"ATR 15. NJ 49, btwn Sandy Ridge Road & ByPass Road_60 Min Summary Length.pdf",.pdf,C:\Users\Kschellinger\SJTPO_Git\TAZ_Modular\input\02_May ATRs\15_R,"C:\Users\Kschellinger\SJTPO_Git\TAZ_Modular\input\02_May ATRs\15_R\ATR 15. NJ 49, btwn Sandy Ridge Road & ByPass Road_60 Min Summary Length.pdf",943697
"ATR 15. NJ 49, btwn Sandy Ridge Road & ByPass Road_60 Min Summary Length.xlsx",.xlsx,C:\Users\Kschellinger\SJTPO_Git\TAZ_Modular\input\02_May ATRs\15_R,"C:\Users\Kschellinger\SJTPO_Git\TAZ_Modular\input\02_May ATRs\15_R\ATR 15. NJ 49, btwn Sandy Ridge Road & ByPass Road_60 Min Summary Length.xlsx",26957
"ATR 15. NJ 49, btwn Sandy Ridge Road & ByPass Road_60 Min Volume.pdf",.pdf,C:\Users\Kschellinger\SJTPO_Git\TAZ_Modular\input\02_May ATRs\15_R,"C:\Users\Kschellinger\SJTPO_Git\TAZ_Modular\input\02_May ATRs\15_R\ATR 15. NJ 49, btwn Sandy Ridge Road & ByPass Road_60 Min Volume.pdf",427181
"ATR 15. NJ 49, btwn Sandy Ridge Road & ByPass Road_60 Min Volume.xlsx",.xlsx,C:\Users\Kschellinger\SJTPO_Git\TAZ_Modular\input\02_May ATRs\15_R,"C:\Users\Kschellinger\SJTPO_Git\TAZ_Modular\input\02_May ATRs\15_R\ATR 15. NJ 49, btwn Sandy Ridge Road & ByPass Road_60 Min Volume.xlsx",18771
ATR 15_Part 1.tf2,.tf2,C:\Users\Kschellinger\SJTPO_Git\TAZ_Modular\input\02_May ATRs\15_R,C:\Users\Kschellinger\SJTPO_Git\TAZ_Modular\input\02_May ATRs\15_R\ATR 15_Part 1.tf2,1345299
ATR 15_Part 2.tf2,.tf2,C:\Users\Kschellinger\SJTPO_Git\TAZ_Modular\input\02_May ATRs\15_R,C:\Users\Kschellinger\SJTPO_Git\TAZ_Modular\input\02_May ATRs\15_R\ATR 15_Part 2.tf2,1347747
ATR. SJTDM Data Collection_RADAR LAYOUT - 15. NJ 49.pdf,.pdf,C:\Users\Kschellinger\SJTPO_Git\TAZ_Modular\input\02_May ATRs\15_R,C:\Users\Kschellinger\SJTPO_Git\TAZ_Modular\input\02_May ATRs\15_R\ATR. SJTDM Data Collection_RADAR LAYOUT - 15. NJ 49.pdf,259511
"ATR 16. US 30, White Horse Pike, just North of Exquisite Events Resort_15 Minute.csv",.csv,C:\Users\Kschellinger\SJTPO_Git\TAZ_Modular\input\02_May ATRs\16_V,"C:\Users\Kschellinger\SJTPO_Git\TAZ_Modular\input\02_May ATRs\16_V\ATR 16. US 30, White Horse Pike, just North of Exquisite Events Resort_15 Minute.csv",140625
"ATR 16. US 30, White Horse Pike, just North of Exquisite Events Resort_15 Minute.pdf",.pdf,C:\Users\Kschellinger\SJTPO_Git\TAZ_Modular\input\02_May ATRs\16_V,"C:\Users\Kschellinger\SJTPO_Git\TAZ_Modular\input\02_May ATRs\16_V\ATR 16. US 30, White Horse Pike, just North of Exquisite Events Resort_15 Minute.pdf",482637
"ATR 16. US 30, White Horse Pike, just North of Exquisite Events Resort_15 Minute.xlsx",.xlsx,C:\Users\Kschellinger\SJTPO_Git\TAZ_Modular\input\02_May ATRs\16_V,"C:\Users\Kschellinger\SJTPO_Git\TAZ_Modular\input\02_May ATRs\16_V\ATR 16. US 30, White Horse Pike, just North of Exquisite Events Resort_15 Minute.xlsx",1201747
"ATR 16. US 30, White Horse Pike, just North of Exquisite Events Resort_60 Minute.csv",.csv,C:\Users\Kschellinger\SJTPO_Git\TAZ_Modular\input\02_May ATRs\16_V,"C:\Users\Kschellinger\SJTPO_Git\TAZ_Modular\input\02_May ATRs\16_V\ATR 16. US 30, White Horse Pike, just North of Exquisite Events Resort_60 Minute.csv",36759
"ATR 16. US 30, White Horse Pike, just North of Exquisite Events Resort_60 Minute.pdf",.pdf,C:\Users\Kschellinger\SJTPO_Git\TAZ_Modular\input\02_May ATRs\16_V,"C:\Users\Kschellinger\SJTPO_Git\TAZ_Modular\input\02_May ATRs\16_V\ATR 16. US 30, White Horse Pike, just North of Exquisite Events Resort_60 Minute.pdf",355417
"ATR 16. US 30, White Horse Pike, just North of Exquisite Events Resort_60 Minute.xlsx",.xlsx,C:\Users\Kschellinger\SJTPO_Git\TAZ_Modular\input\02_May ATRs\16_V,"C:\Users\Kschellinger\SJTPO_Git\TAZ_Modular\input\02_May ATRs\16_V\ATR 16. US 30, White Horse Pike, just North of Exquisite Events Resort_60 Minute.xlsx",390551
ATR 16. US 30_Screen Captures.pdf,.pdf,C:\Users\Kschellinger\SJTPO_Git\TAZ_Modular\input\02_May ATRs\16_V,C:\Users\Kschellinger\SJTPO_Git\TAZ_Modular\input\02_May ATRs\16_V\ATR 16. US 30_Screen Captures.pdf,227275
ATR16_Test_Calculation_Volumes.xlsx,.xlsx,C:\Users\Kschellinger\SJTPO_Git\TAZ_Modular\input\02_May ATRs\16_V,C:\Users\Kschellinger\SJTPO_Git\TAZ_Modular\input\02_May ATRs\16_V\ATR16_Test_Calculation_Volumes.xlsx,117673
"ATR 17. CR 623 (Elwood Road), btwn Moss Mill Rd & Columbia Rd - Class Data Analysis.pdf",.pdf,C:\Users\Kschellinger\SJTPO_Git\TAZ_Modular\input\02_May ATRs\17_T,"C:\Users\Kschellinger\SJTPO_Git\TAZ_Modular\input\02_May ATRs\17_T\ATR 17. CR 623 (Elwood Road), btwn Moss Mill Rd & Columbia Rd - Class Data Analysis.pdf",2202574
"ATR 17. CR 623 (Elwood Road), btwn Moss Mill Rd & Columbia Rd - Data Summary.pdf",.pdf,C:\Users\Kschellinger\SJTPO_Git\TAZ_Modular\input\02_May ATRs\17_T,"C:\Users\Kschellinger\SJTPO_Git\TAZ_Modular\input\02_May ATRs\17_T\ATR 17. CR 623 (Elwood Road), btwn Moss Mill Rd & Columbia Rd - Data Summary.pdf",341912
"ATR 17. CR 623 (Elwood Road), btwn Moss Mill Rd & Columbia Rd.snj",.snj,C:\Users\Kschellinger\SJTPO_Git\TAZ_Modular\input\02_May ATRs\17_T,"C:\Users\Kschellinger\SJTPO_Git\TAZ_Modular\input\02_May ATRs\17_T\ATR 17. CR 623 (Elwood Road), btwn Moss Mill Rd & Columbia Rd.snj",1870669
"ATR 17. CR 623 (Elwood Road), btwn Moss Mill Rd & Columbia Rd_15 Min Class.pdf",.pdf,C:\Users\Kschellinger\SJTPO_Git\TAZ_Modular\input\02_May ATRs\17_T,"C:\Users\Kschellinger\SJTPO_Git\TAZ_Modular\input\02_May ATRs\17_T\ATR 17. CR 623 (Elwood Road), btwn Moss Mill Rd & Columbia Rd_15 Min Class.pdf",4172357
"ATR 17. CR 623 (Elwood Road), btwn Moss Mill Rd & Columbia Rd_15 Min Class.xlsx",.xlsx,C:\Users\Kschellinger\SJTPO_Git\TAZ_Modular\input\02_May ATRs\17_T,"C:\Users\Kschellinger\SJTPO_Git\TAZ_Modular\input\02_May ATRs\17_T\ATR 17. CR 623 (Elwood Road), btwn Moss Mill Rd & Columbia Rd_15 Min Class.xlsx",72496
"ATR 17. CR 623 (Elwood Road), btwn Moss Mill Rd & Columbia Rd_15 Min Speed.pdf",.pdf,C:\Users\Kschellinger\SJTPO_Git\TAZ_Modular\input\02_May ATRs\17_T,"C:\Users\Kschellinger\SJTPO_Git\TAZ_Modular\input\02_May ATRs\17_T\ATR 17. CR 623 (Elwood Road), btwn Moss Mill Rd & Columbia Rd_15 Min Speed.pdf",3686827
"ATR 17. CR 623 (Elwood Road), btwn Moss Mill Rd & Columbia Rd_15 Min Speed.xlsx",.xlsx,C:\Users\Kschellinger\SJTPO_Git\TAZ_Modular\input\02_May ATRs\17_T,"C:\Users\Kschellinger\SJTPO_Git\TAZ_Modular\input\02_May ATRs\17_T\ATR 17. CR 623 (Elwood Road), btwn Moss Mill Rd & Columbia Rd_15 Min Speed.xlsx",70934
"ATR 17. CR 623 (Elwood Road), btwn Moss Mill Rd & Columbia Rd_15 Min Volume.pdf",.pdf,C:\Users\Kschellinger\SJTPO_Git\TAZ_Modular\input\02_May ATRs\17_T,"C:\Users\Kschellinger\SJTPO_Git\TAZ_Modular\input\02_May ATRs\17_T\ATR 17. CR 623 (Elwood Road), btwn Moss Mill Rd & Columbia Rd_15 Min Volume.pdf",667052
"ATR 17. CR 623 (Elwood Road), btwn Moss Mill Rd & Columbia Rd_15 Min Volume.xlsx",.xlsx,C:\Users\Kschellinger\SJTPO_Git\TAZ_Modular\input\02_May ATRs\17_T,"C:\Users\Kschellinger\SJTPO_Git\TAZ_Modular\input\02_May ATRs\17_T\ATR 17. CR 623 (Elwood Road), btwn Moss Mill Rd & Columbia Rd_15 Min Volume.xlsx",27342
"ATR 17. CR 623 (Elwood Road), btwn Moss Mill Rd & Columbia Rd_60 Min Class.pdf",.pdf,C:\Users\Kschellinger\SJTPO_Git\TAZ_Modular\input\02_May ATRs\17_T,"C:\Users\Kschellinger\SJTPO_Git\TAZ_Modular\input\02_May ATRs\17_T\ATR 17. CR 623 (Elwood Road), btwn Moss Mill Rd & Columbia Rd_60 Min Class.pdf",1307793
"ATR 17. CR 623 (Elwood Road), btwn Moss Mill Rd & Columbia Rd_60 Min Class.xlsx",.xlsx,C:\Users\Kschellinger\SJTPO_Git\TAZ_Modular\input\02_May ATRs\17_T,"C:\Users\Kschellinger\SJTPO_Git\TAZ_Modular\input\02_May ATRs\17_T\ATR 17. CR 623 (Elwood Road), btwn Moss Mill Rd & Columbia Rd_60 Min Class.xlsx",31941
"ATR 17. CR 623 (Elwood Road), btwn Moss Mill Rd & Columbia Rd_60 Min Speed.pdf",.pdf,C:\Users\Kschellinger\SJTPO_Git\TAZ_Modular\input\02_May ATRs\17_T,"C:\Users\Kschellinger\SJTPO_Git\TAZ_Modular\input\02_May ATRs\17_T\ATR 17. CR 623 (Elwood Road), btwn Moss Mill Rd & Columbia Rd_60 Min Speed.pdf",1221947
"ATR 17. CR 623 (Elwood Road), btwn Moss Mill Rd & Columbia Rd_60 Min Speed.xlsx",.xlsx,C:\Users\Kschellinger\SJTPO_Git\TAZ_Modular\input\02_May ATRs\17_T,"C:\Users\Kschellinger\SJTPO_Git\TAZ_Modular\input\02_May ATRs\17_T\ATR 17. CR 623 (Elwood Road), btwn Moss Mill Rd & Columbia Rd_60 Min Speed.xlsx",31596
"ATR 17. CR 623 (Elwood Road), btwn Moss Mill Rd & Columbia Rd_60 Min Volume.pdf",.pdf,C:\Users\Kschellinger\SJTPO_Git\TAZ_Modular\input\02_May ATRs\17_T,"C:\Users\Kschellinger\SJTPO_Git\TAZ_Modular\input\02_May ATRs\17_T\ATR 17. CR 623 (Elwood Road), btwn Moss Mill Rd & Columbia Rd_60 Min Volume.pdf",433212
"ATR 17. CR 623 (Elwood Road), btwn Moss Mill Rd & Columbia Rd_60 Min Volume.xlsx",.xlsx,C:\Users\Kschellinger\SJTPO_Git\TAZ_Modular\input\02_May ATRs\17_T,"C:\Users\Kschellinger\SJTPO_Git\TAZ_Modular\input\02_May ATRs\17_T\ATR 17. CR 623 (Elwood Road), btwn Moss Mill Rd & Columbia Rd_60 Min Volume.xlsx",18248
ATR 17.tf2,.tf2,C:\Users\Kschellinger\SJTPO_Git\TAZ_Modular\input\02_May ATRs\17_T,C:\Users\Kschellinger\SJTPO_Git\TAZ_Modular\input\02_May ATRs\17_T\ATR 17.tf2,1018290
ATR. SJTDM Data Collection_TUBE LAYOUT - 17. CR 623.pdf,.pdf,C:\Users\Kschellinger\SJTPO_Git\TAZ_Modular\input\02_May ATRs\17_T,C:\Users\Kschellinger\SJTPO_Git\TAZ_Modular\input\02_May ATRs\17_T\ATR. SJTDM Data Collection_TUBE LAYOUT - 17. CR 623.pdf,259823
"ATR 18. Columbia Road, btwn Moss Mill Rd & Weekstown Rd - Class Data Analysis.pdf",.pdf,C:\Users\Kschellinger\SJTPO_Git\TAZ_Modular\input\02_May ATRs\18_T,"C:\Users\Kschellinger\SJTPO_Git\TAZ_Modular\input\02_May ATRs\18_T\ATR 18. Columbia Road, btwn Moss Mill Rd & Weekstown Rd - Class Data Analysis.pdf",2197541
"ATR 18. Columbia Road, btwn Moss Mill Rd & Weekstown Rd - Data Summary.pdf",.pdf,C:\Users\Kschellinger\SJTPO_Git\TAZ_Modular\input\02_May ATRs\18_T,"C:\Users\Kschellinger\SJTPO_Git\TAZ_Modular\input\02_May ATRs\18_T\ATR 18. Columbia Road, btwn Moss Mill Rd & Weekstown Rd - Data Summary.pdf",341655
"ATR 18. Columbia Road, btwn Moss Mill Rd & Weekstown Rd.snj",.snj,C:\Users\Kschellinger\SJTPO_Git\TAZ_Modular\input\02_May ATRs\18_T,"C:\Users\Kschellinger\SJTPO_Git\TAZ_Modular\input\02_May ATRs\18_T\ATR 18. Columbia Road, btwn Moss Mill Rd & Weekstown Rd.snj",1438106
"ATR 18. Columbia Road, btwn Moss Mill Rd & Weekstown Rd_15 Min Class.pdf",.pdf,C:\Users\Kschellinger\SJTPO_Git\TAZ_Modular\input\02_May ATRs\18_T,"C:\Users\Kschellinger\SJTPO_Git\TAZ_Modular\input\02_May ATRs\18_T\ATR 18. Columbia Road, btwn Moss Mill Rd & Weekstown Rd_15 Min Class.pdf",4161291
"ATR 18. Columbia Road, btwn Moss Mill Rd & Weekstown Rd_15 Min Class.xlsx",.xlsx,C:\Users\Kschellinger\SJTPO_Git\TAZ_Modular\input\02_May ATRs\18_T,"C:\Users\Kschellinger\SJTPO_Git\TAZ_Modular\input\02_May ATRs\18_T\ATR 18. Columbia Road, btwn Moss Mill Rd & Weekstown Rd_15 Min Class.xlsx",70963
"ATR 18. Columbia Road, btwn Moss Mill Rd & Weekstown Rd_15 Min Speed.pdf",.pdf,C:\Users\Kschellinger\SJTPO_Git\TAZ_Modular\input\02_May ATRs\18_T,"C:\Users\Kschellinger\SJTPO_Git\TAZ_Modular\input\02_May ATRs\18_T\ATR 18. Columbia Road, btwn Moss Mill Rd & Weekstown Rd_15 Min Speed.pdf",3675931
"ATR 18. Columbia Road, btwn Moss Mill Rd & Weekstown Rd_15 Min Speed.xlsx",.xlsx,C:\Users\Kschellinger\SJTPO_Git\TAZ_Modular\input\02_May ATRs\18_T,"C:\Users\Kschellinger\SJTPO_Git\TAZ_Modular\input\02_May ATRs\18_T\ATR 18. Columbia Road, btwn Moss Mill Rd & Weekstown Rd_15 Min Speed.xlsx",69676
"ATR 18. Columbia Road, btwn Moss Mill Rd & Weekstown Rd_15 Min Volume.pdf",.pdf,C:\Users\Kschellinger\SJTPO_Git\TAZ_Modular\input\02_May ATRs\18_T,"C:\Users\Kschellinger\SJTPO_Git\TAZ_Modular\input\02_May ATRs\18_T\ATR 18. Columbia Road, btwn Moss Mill Rd & Weekstown Rd_15 Min Volume.pdf",664643
"ATR 18. Columbia Road, btwn Moss Mill Rd & Weekstown Rd_15 Min Volume.xlsx",.xlsx,C:\Users\Kschellinger\SJTPO_Git\TAZ_Modular\input\02_May ATRs\18_T,"C:\Users\Kschellinger\SJTPO_Git\TAZ_Modular\input\02_May ATRs\18_T\ATR 18. Columbia Road, btwn Moss Mill Rd & Weekstown Rd_15 Min Volume.xlsx",27522
"ATR 18. Columbia Road, btwn Moss Mill Rd & Weekstown Rd_60 Min Class.pdf",.pdf,C:\Users\Kschellinger\SJTPO_Git\TAZ_Modular\input\02_May ATRs\18_T,"C:\Users\Kschellinger\SJTPO_Git\TAZ_Modular\input\02_May ATRs\18_T\ATR 18. Columbia Road, btwn Moss Mill Rd & Weekstown Rd_60 Min Class.pdf",1301738
"ATR 18. Columbia Road, btwn Moss Mill Rd & Weekstown Rd_60 Min Class.xlsx",.xlsx,C:\Users\Kschellinger\SJTPO_Git\TAZ_Modular\input\02_May ATRs\18_T,"C:\Users\Kschellinger\SJTPO_Git\TAZ_Modular\input\02_May ATRs\18_T\ATR 18. Columbia Road, btwn Moss Mill Rd & Weekstown Rd_60 Min Class.xlsx",31181
"ATR 18. Columbia Road, btwn Moss Mill Rd & Weekstown Rd_60 Min Speed.pdf",.pdf,C:\Users\Kschellinger\SJTPO_Git\TAZ_Modular\input\02_May ATRs\18_T,"C:\Users\Kschellinger\SJTPO_Git\TAZ_Modular\input\02_May ATRs\18_T\ATR 18. Columbia Road, btwn Moss Mill Rd & Weekstown Rd_60 Min Speed.pdf",1218814
"ATR 18. Columbia Road, btwn Moss Mill Rd & Weekstown Rd_60 Min Speed.xlsx",.xlsx,C:\Users\Kschellinger\SJTPO_Git\TAZ_Modular\input\02_May ATRs\18_T,"C:\Users\Kschellinger\SJTPO_Git\TAZ_Modular\input\02_May ATRs\18_T\ATR 18. Columbia Road, btwn Moss Mill Rd & Weekstown Rd_60 Min Speed.xlsx",31558
"ATR 18. Columbia Road, btwn Moss Mill Rd & Weekstown Rd_60 Min Volume.pdf",.pdf,C:\Users\Kschellinger\SJTPO_Git\TAZ_Modular\input\02_May ATRs\18_T,"C:\Users\Kschellinger\SJTPO_Git\TAZ_Modular\input\02_May ATRs\18_T\ATR 18. Columbia Road, btwn Moss Mill Rd & Weekstown Rd_60 Min Volume.pdf",429501
"ATR 18. Columbia Road, btwn Moss Mill Rd & Weekstown Rd_60 Min Volume.xlsx",.xlsx,C:\Users\Kschellinger\SJTPO_Git\TAZ_Modular\input\02_May ATRs\18_T,"C:\Users\Kschellinger\SJTPO_Git\TAZ_Modular\input\02_May ATRs\18_T\ATR 18. Columbia Road, btwn Moss Mill Rd & Weekstown Rd_60 Min Volume.xlsx",18592
ATR 18.tf2,.tf2,C:\Users\Kschellinger\SJTPO_Git\TAZ_Modular\input\02_May ATRs\18_T,C:\Users\Kschellinger\SJTPO_Git\TAZ_Modular\input\02_May ATRs\18_T\ATR 18.tf2,659938
ATR. SJTDM Data Collection_TUBE LAYOUT - 18. Columbia Rd.pdf,.pdf,C:\Users\Kschellinger\SJTPO_Git\TAZ_Modular\input\02_May ATRs\18_T,C:\Users\Kschellinger\SJTPO_Git\TAZ_Modular\input\02_May ATRs\18_T\ATR. SJTDM Data Collection_TUBE LAYOUT - 18. Columbia Rd.pdf,259619
"ATR 19. CR 563 (Philadelphia Avenue), btwn Moss Mill Rd & Kant St - Class Data Analysis.pdf",.pdf,C:\Users\Kschellinger\SJTPO_Git\TAZ_Modular\input\02_May ATRs\19_T,"C:\Users\Kschellinger\SJTPO_Git\TAZ_Modular\input\02_May ATRs\19_T\ATR 19. CR 563 (Philadelphia Avenue), btwn Moss Mill Rd & Kant St - Class Data Analysis.pdf",2265633
"ATR 19. CR 563 (Philadelphia Avenue), btwn Moss Mill Rd & Kant St - Data Summary.pdf",.pdf,C:\Users\Kschellinger\SJTPO_Git\TAZ_Modular\input\02_May ATRs\19_T,"C:\Users\Kschellinger\SJTPO_Git\TAZ_Modular\input\02_May ATRs\19_T\ATR 19. CR 563 (Philadelphia Avenue), btwn Moss Mill Rd & Kant St - Data Summary.pdf",342627
"ATR 19. CR 563 (Philadelphia Avenue), btwn Moss Mill Rd & Kant St.snj",.snj,C:\Users\Kschellinger\SJTPO_Git\TAZ_Modular\input\02_May ATRs\19_T,"C:\Users\Kschellinger\SJTPO_Git\TAZ_Modular\input\02_May ATRs\19_T\ATR 19. CR 563 (Philadelphia Avenue), btwn Moss Mill Rd & Kant St.snj",2846345
"ATR 19. CR 563 (Philadelphia Avenue), btwn Moss Mill Rd & Kant St_15 Min Class.pdf",.pdf,C:\Users\Kschellinger\SJTPO_Git\TAZ_Modular\input\02_May ATRs\19_T,"C:\Users\Kschellinger\SJTPO_Git\TAZ_Modular\input\02_May ATRs\19_T\ATR 19. CR 563 (Philadelphia Avenue), btwn Moss Mill Rd & Kant St_15 Min Class.pdf",4178296
"ATR 19. CR 563 (Philadelphia Avenue), btwn Moss Mill Rd & Kant St_15 Min Class.xlsx",.xlsx,C:\Users\Kschellinger\SJTPO_Git\TAZ_Modular\input\02_May ATRs\19_T,"C:\Users\Kschellinger\SJTPO_Git\TAZ_Modular\input\02_May ATRs\19_T\ATR 19. CR 563 (Philadelphia Avenue), btwn Moss Mill Rd & Kant St_15 Min Class.xlsx",73962
"ATR 19. CR 563 (Philadelphia Avenue), btwn Moss Mill Rd & Kant St_15 Min Speed.pdf",.pdf,C:\Users\Kschellinger\SJTPO_Git\TAZ_Modular\input\02_May ATRs\19_T,"C:\Users\Kschellinger\SJTPO_Git\TAZ_Modular\input\02_May ATRs\19_T\ATR 19. CR 563 (Philadelphia Avenue), btwn Moss Mill Rd & Kant St_15 Min Speed.pdf",3693285
"ATR 19. CR 563 (Philadelphia Avenue), btwn Moss Mill Rd & Kant St_15 Min Speed.xlsx",.xlsx,C:\Users\Kschellinger\SJTPO_Git\TAZ_Modular\input\02_May ATRs\19_T,"C:\Users\Kschellinger\SJTPO_Git\TAZ_Modular\input\02_May ATRs\19_T\ATR 19. CR 563 (Philadelphia Avenue), btwn Moss Mill Rd & Kant St_15 Min Speed.xlsx",73585
"ATR 19. CR 563 (Philadelphia Avenue), btwn Moss Mill Rd & Kant St_15 Min Volume.pdf",.pdf,C:\Users\Kschellinger\SJTPO_Git\TAZ_Modular\input\02_May ATRs\19_T,"C:\Users\Kschellinger\SJTPO_Git\TAZ_Modular\input\02_May ATRs\19_T\ATR 19. CR 563 (Philadelphia Avenue), btwn Moss Mill Rd & Kant St_15 Min Volume.pdf",668888
"ATR 19. CR 563 (Philadelphia Avenue), btwn Moss Mill Rd & Kant St_15 Min Volume.xlsx",.xlsx,C:\Users\Kschellinger\SJTPO_Git\TAZ_Modular\input\02_May ATRs\19_T,"C:\Users\Kschellinger\SJTPO_Git\TAZ_Modular\input\02_May ATRs\19_T\ATR 19. CR 563 (Philadelphia Avenue), btwn Moss Mill Rd & Kant St_15 Min Volume.xlsx",27590
"ATR 19. CR 563 (Philadelphia Avenue), btwn Moss Mill Rd & Kant St_60 Min Class.pdf",.pdf,C:\Users\Kschellinger\SJTPO_Git\TAZ_Modular\input\02_May ATRs\19_T,"C:\Users\Kschellinger\SJTPO_Git\TAZ_Modular\input\02_May ATRs\19_T\ATR 19. CR 563 (Philadelphia Avenue), btwn Moss Mill Rd & Kant St_60 Min Class.pdf",1313802
"ATR 19. CR 563 (Philadelphia Avenue), btwn Moss Mill Rd & Kant St_60 Min Class.xlsx",.xlsx,C:\Users\Kschellinger\SJTPO_Git\TAZ_Modular\input\02_May ATRs\19_T,"C:\Users\Kschellinger\SJTPO_Git\TAZ_Modular\input\02_May ATRs\19_T\ATR 19. CR 563 (Philadelphia Avenue), btwn Moss Mill Rd & Kant St_60 Min Class.xlsx",32103
"ATR 19. CR 563 (Philadelphia Avenue), btwn Moss Mill Rd & Kant St_60 Min Speed.pdf",.pdf,C:\Users\Kschellinger\SJTPO_Git\TAZ_Modular\input\02_May ATRs\19_T,"C:\Users\Kschellinger\SJTPO_Git\TAZ_Modular\input\02_May ATRs\19_T\ATR 19. CR 563 (Philadelphia Avenue), btwn Moss Mill Rd & Kant St_60 Min Speed.pdf",1224034
"ATR 19. CR 563 (Philadelphia Avenue), btwn Moss Mill Rd & Kant St_60 Min Speed.xlsx",.xlsx,C:\Users\Kschellinger\SJTPO_Git\TAZ_Modular\input\02_May ATRs\19_T,"C:\Users\Kschellinger\SJTPO_Git\TAZ_Modular\input\02_May ATRs\19_T\ATR 19. CR 563 (Philadelphia Avenue), btwn Moss Mill Rd & Kant St_60 Min Speed.xlsx",32196
"ATR 19. CR 563 (Philadelphia Avenue), btwn Moss Mill Rd & Kant St_60 Min Volume.pdf",.pdf,C:\Users\Kschellinger\SJTPO_Git\TAZ_Modular\input\02_May ATRs\19_T,"C:\Users\Kschellinger\SJTPO_Git\TAZ_Modular\input\02_May ATRs\19_T\ATR 19. CR 563 (Philadelphia Avenue), btwn Moss Mill Rd & Kant St_60 Min Volume.pdf",437153
"ATR 19. CR 563 (Philadelphia Avenue), btwn Moss Mill Rd & Kant St_60 Min Volume.xlsx",.xlsx,C:\Users\Kschellinger\SJTPO_Git\TAZ_Modular\input\02_May ATRs\19_T,"C:\Users\Kschellinger\SJTPO_Git\TAZ_Modular\input\02_May ATRs\19_T\ATR 19. CR 563 (Philadelphia Avenue), btwn Moss Mill Rd & Kant St_60 Min Volume.xlsx",18307
ATR 19.tf2,.tf2,C:\Users\Kschellinger\SJTPO_Git\TAZ_Modular\input\02_May ATRs\19_T,C:\Users\Kschellinger\SJTPO_Git\TAZ_Modular\input\02_May ATRs\19_T\ATR 19.tf2,1643874
ATR. SJTDM Data Collection_TUBE LAYOUT - 19. CR 563.pdf,.pdf,C:\Users\Kschellinger\SJTPO_Git\TAZ_Modular\input\02_May ATRs\19_T,C:\Users\Kschellinger\SJTPO_Git\TAZ_Modular\input\02_May ATRs\19_T\ATR. SJTDM Data Collection_TUBE LAYOUT - 19. CR 563.pdf,261577
"ATR 20. S Cologne Avenue, btwn W Moss Mill Rd & Herschel St - Class Data Analysis.pdf",.pdf,C:\Users\Kschellinger\SJTPO_Git\TAZ_Modular\input\02_May ATRs\20_T,"C:\Users\Kschellinger\SJTPO_Git\TAZ_Modular\input\02_May ATRs\20_T\ATR 20. S Cologne Avenue, btwn W Moss Mill Rd & Herschel St - Class Data Analysis.pdf",2187718
"ATR 20. S Cologne Avenue, btwn W Moss Mill Rd & Herschel St - Data Summary.pdf",.pdf,C:\Users\Kschellinger\SJTPO_Git\TAZ_Modular\input\02_May ATRs\20_T,"C:\Users\Kschellinger\SJTPO_Git\TAZ_Modular\input\02_May ATRs\20_T\ATR 20. S Cologne Avenue, btwn W Moss Mill Rd & Herschel St - Data Summary.pdf",341748
"ATR 20. S Cologne Avenue, btwn W Moss Mill Rd & Herschel St.snj",.snj,C:\Users\Kschellinger\SJTPO_Git\TAZ_Modular\input\02_May ATRs\20_T,"C:\Users\Kschellinger\SJTPO_Git\TAZ_Modular\input\02_May ATRs\20_T\ATR 20. S Cologne Avenue, btwn W Moss Mill Rd & Herschel St.snj",1566918
"ATR 20. S Cologne Avenue, btwn W Moss Mill Rd & Herschel St_15 Min Class.pdf",.pdf,C:\Users\Kschellinger\SJTPO_Git\TAZ_Modular\input\02_May ATRs\20_T,"C:\Users\Kschellinger\SJTPO_Git\TAZ_Modular\input\02_May ATRs\20_T\ATR 20. S Cologne Avenue, btwn W Moss Mill Rd & Herschel St_15 Min Class.pdf",4165788
"ATR 20. S Cologne Avenue, btwn W Moss Mill Rd & Herschel St_15 Min Class.xlsx",.xlsx,C:\Users\Kschellinger\SJTPO_Git\TAZ_Modular\input\02_May ATRs\20_T,"C:\Users\Kschellinger\SJTPO_Git\TAZ_Modular\input\02_May ATRs\20_T\ATR 20. S Cologne Avenue, btwn W Moss Mill Rd & Herschel St_15 Min Class.xlsx",70926
"ATR 20. S Cologne Avenue, btwn W Moss Mill Rd & Herschel St_15 Min Speed.pdf",.pdf,C:\Users\Kschellinger\SJTPO_Git\TAZ_Modular\input\02_May ATRs\20_T,"C:\Users\Kschellinger\SJTPO_Git\TAZ_Modular\input\02_May ATRs\20_T\ATR 20. S Cologne Avenue, btwn W Moss Mill Rd & Herschel St_15 Min Speed.pdf",3677207
"ATR 20. S Cologne Avenue, btwn W Moss Mill Rd & Herschel St_15 Min Speed.xlsx",.xlsx,C:\Users\Kschellinger\SJTPO_Git\TAZ_Modular\input\02_May ATRs\20_T,"C:\Users\Kschellinger\SJTPO_Git\TAZ_Modular\input\02_May ATRs\20_T\ATR 20. S Cologne Avenue, btwn W Moss Mill Rd & Herschel St_15 Min Speed.xlsx",69452
"ATR 20. S Cologne Avenue, btwn W Moss Mill Rd & Herschel St_15 Min Volume.pdf",.pdf,C:\Users\Kschellinger\SJTPO_Git\TAZ_Modular\input\02_May ATRs\20_T,"C:\Users\Kschellinger\SJTPO_Git\TAZ_Modular\input\02_May ATRs\20_T\ATR 20. S Cologne Avenue, btwn W Moss Mill Rd & Herschel St_15 Min Volume.pdf",665081
"ATR 20. S Cologne Avenue, btwn W Moss Mill Rd & Herschel St_15 Min Volume.xlsx",.xlsx,C:\Users\Kschellinger\SJTPO_Git\TAZ_Modular\input\02_May ATRs\20_T,"C:\Users\Kschellinger\SJTPO_Git\TAZ_Modular\input\02_May ATRs\20_T\ATR 20. S Cologne Avenue, btwn W Moss Mill Rd & Herschel St_15 Min Volume.xlsx",27538
"ATR 20. S Cologne Avenue, btwn W Moss Mill Rd & Herschel St_60 Min Class.pdf",.pdf,C:\Users\Kschellinger\SJTPO_Git\TAZ_Modular\input\02_May ATRs\20_T,"C:\Users\Kschellinger\SJTPO_Git\TAZ_Modular\input\02_May ATRs\20_T\ATR 20. S Cologne Avenue, btwn W Moss Mill Rd & Herschel St_60 Min Class.pdf",1301200
"ATR 20. S Cologne Avenue, btwn W Moss Mill Rd & Herschel St_60 Min Class.xlsx",.xlsx,C:\Users\Kschellinger\SJTPO_Git\TAZ_Modular\input\02_May ATRs\20_T,"C:\Users\Kschellinger\SJTPO_Git\TAZ_Modular\input\02_May ATRs\20_T\ATR 20. S Cologne Avenue, btwn W Moss Mill Rd & Herschel St_60 Min Class.xlsx",31226
"ATR 20. S Cologne Avenue, btwn W Moss Mill Rd & Herschel St_60 Min Speed.pdf",.pdf,C:\Users\Kschellinger\SJTPO_Git\TAZ_Modular\input\02_May ATRs\20_T,"C:\Users\Kschellinger\SJTPO_Git\TAZ_Modular\input\02_May ATRs\20_T\ATR 20. S Cologne Avenue, btwn W Moss Mill Rd & Herschel St_60 Min Speed.pdf",1218609
"ATR 20. S Cologne Avenue, btwn W Moss Mill Rd & Herschel St_60 Min Speed.xlsx",.xlsx,C:\Users\Kschellinger\SJTPO_Git\TAZ_Modular\input\02_May ATRs\20_T,"C:\Users\Kschellinger\SJTPO_Git\TAZ_Modular\input\02_May ATRs\20_T\ATR 20. S Cologne Avenue, btwn W Moss Mill Rd & Herschel St_60 Min Speed.xlsx",31472
"ATR 20. S Cologne Avenue, btwn W Moss Mill Rd & Herschel St_60 Min Volume.pdf",.pdf,C:\Users\Kschellinger\SJTPO_Git\TAZ_Modular\input\02_May ATRs\20_T,"C:\Users\Kschellinger\SJTPO_Git\TAZ_Modular\input\02_May ATRs\20_T\ATR 20. S Cologne Avenue, btwn W Moss Mill Rd & Herschel St_60 Min Volume.pdf",429606
"ATR 20. S Cologne Avenue, btwn W Moss Mill Rd & Herschel St_60 Min Volume.xlsx",.xlsx,C:\Users\Kschellinger\SJTPO_Git\TAZ_Modular\input\02_May ATRs\20_T,"C:\Users\Kschellinger\SJTPO_Git\TAZ_Modular\input\02_May ATRs\20_T\ATR 20. S Cologne Avenue, btwn W Moss Mill Rd & Herschel St_60 Min Volume.xlsx",18606
ATR 20.tf2,.tf2,C:\Users\Kschellinger\SJTPO_Git\TAZ_Modular\input\02_May ATRs\20_T,C:\Users\Kschellinger\SJTPO_Git\TAZ_Modular\input\02_May ATRs\20_T\ATR 20.tf2,655122
ATR. SJTDM Data Collection_TUBE LAYOUT - 20. S Cologne.pdf,.pdf,C:\Users\Kschellinger\SJTPO_Git\TAZ_Modular\input\02_May ATRs\20_T,C:\Users\Kschellinger\SJTPO_Git\TAZ_Modular\input\02_May ATRs\20_T\ATR. SJTDM Data Collection_TUBE LAYOUT - 20. S Cologne.pdf,256973
2020010032_20260511_091315_0.DAT,.DAT,C:\Users\Kschellinger\SJTPO_Git\TAZ_Modular\input\02_May ATRs\21_R,C:\Users\Kschellinger\SJTPO_Git\TAZ_Modular\input\02_May ATRs\21_R\2020010032_20260511_091315_0.DAT,843009
2020010032_20260515_111145_0.DAT,.DAT,C:\Users\Kschellinger\SJTPO_Git\TAZ_Modular\input\02_May ATRs\21_R,C:\Users\Kschellinger\SJTPO_Git\TAZ_Modular\input\02_May ATRs\21_R\2020010032_20260515_111145_0.DAT,861205
"ATR 21. NJ 40 (Harding Highway), btwn Mill St & Somers Point Rd - Class Data Analysis.pdf",.pdf,C:\Users\Kschellinger\SJTPO_Git\TAZ_Modular\input\02_May ATRs\21_R,"C:\Users\Kschellinger\SJTPO_Git\TAZ_Modular\input\02_May ATRs\21_R\ATR 21. NJ 40 (Harding Highway), btwn Mill St & Somers Point Rd - Class Data Analysis.pdf",1555082
"ATR 21. NJ 40 (Harding Highway), btwn Mill St & Somers Point Rd.snj",.snj,C:\Users\Kschellinger\SJTPO_Git\TAZ_Modular\input\02_May ATRs\21_R,"C:\Users\Kschellinger\SJTPO_Git\TAZ_Modular\input\02_May ATRs\21_R\ATR 21. NJ 40 (Harding Highway), btwn Mill St & Somers Point Rd.snj",3455477
"ATR 21. NJ 40 (Harding Highway), btwn Mill St & Somers Point Rd_15 Min Length.pdf",.pdf,C:\Users\Kschellinger\SJTPO_Git\TAZ_Modular\input\02_May ATRs\21_R,"C:\Users\Kschellinger\SJTPO_Git\TAZ_Modular\input\02_May ATRs\21_R\ATR 21. NJ 40 (Harding Highway), btwn Mill St & Somers Point Rd_15 Min Length.pdf",3507325
"ATR 21. NJ 40 (Harding Highway), btwn Mill St & Somers Point Rd_15 Min Length.xlsx",.xlsx,C:\Users\Kschellinger\SJTPO_Git\TAZ_Modular\input\02_May ATRs\21_R,"C:\Users\Kschellinger\SJTPO_Git\TAZ_Modular\input\02_May ATRs\21_R\ATR 21. NJ 40 (Harding Highway), btwn Mill St & Somers Point Rd_15 Min Length.xlsx",78382
"ATR 21. NJ 40 (Harding Highway), btwn Mill St & Somers Point Rd_15 Min Speed.pdf",.pdf,C:\Users\Kschellinger\SJTPO_Git\TAZ_Modular\input\02_May ATRs\21_R,"C:\Users\Kschellinger\SJTPO_Git\TAZ_Modular\input\02_May ATRs\21_R\ATR 21. NJ 40 (Harding Highway), btwn Mill St & Somers Point Rd_15 Min Speed.pdf",3735935
"ATR 21. NJ 40 (Harding Highway), btwn Mill St & Somers Point Rd_15 Min Speed.xlsx",.xlsx,C:\Users\Kschellinger\SJTPO_Git\TAZ_Modular\input\02_May ATRs\21_R,"C:\Users\Kschellinger\SJTPO_Git\TAZ_Modular\input\02_May ATRs\21_R\ATR 21. NJ 40 (Harding Highway), btwn Mill St & Somers Point Rd_15 Min Speed.xlsx",83045
"ATR 21. NJ 40 (Harding Highway), btwn Mill St & Somers Point Rd_15 Min Summary Length.pdf",.pdf,C:\Users\Kschellinger\SJTPO_Git\TAZ_Modular\input\02_May ATRs\21_R,"C:\Users\Kschellinger\SJTPO_Git\TAZ_Modular\input\02_May ATRs\21_R\ATR 21. NJ 40 (Harding Highway), btwn Mill St & Somers Point Rd_15 Min Summary Length.pdf",2855281
"ATR 21. NJ 40 (Harding Highway), btwn Mill St & Somers Point Rd_15 Min Summary Length.xlsx",.xlsx,C:\Users\Kschellinger\SJTPO_Git\TAZ_Modular\input\02_May ATRs\21_R,"C:\Users\Kschellinger\SJTPO_Git\TAZ_Modular\input\02_May ATRs\21_R\ATR 21. NJ 40 (Harding Highway), btwn Mill St & Somers Point Rd_15 Min Summary Length.xlsx",58440
"ATR 21. NJ 40 (Harding Highway), btwn Mill St & Somers Point Rd_15 Min Volume.pdf",.pdf,C:\Users\Kschellinger\SJTPO_Git\TAZ_Modular\input\02_May ATRs\21_R,"C:\Users\Kschellinger\SJTPO_Git\TAZ_Modular\input\02_May ATRs\21_R\ATR 21. NJ 40 (Harding Highway), btwn Mill St & Somers Point Rd_15 Min Volume.pdf",679013
"ATR 21. NJ 40 (Harding Highway), btwn Mill St & Somers Point Rd_15 Min Volume.xlsx",.xlsx,C:\Users\Kschellinger\SJTPO_Git\TAZ_Modular\input\02_May ATRs\21_R,"C:\Users\Kschellinger\SJTPO_Git\TAZ_Modular\input\02_May ATRs\21_R\ATR 21. NJ 40 (Harding Highway), btwn Mill St & Somers Point Rd_15 Min Volume.xlsx",28457
"ATR 21. NJ 40 (Harding Highway), btwn Mill St & Somers Point Rd_60 Min Length.pdf",.pdf,C:\Users\Kschellinger\SJTPO_Git\TAZ_Modular\input\02_May ATRs\21_R,"C:\Users\Kschellinger\SJTPO_Git\TAZ_Modular\input\02_May ATRs\21_R\ATR 21. NJ 40 (Harding Highway), btwn Mill St & Somers Point Rd_60 Min Length.pdf",1169041
"ATR 21. NJ 40 (Harding Highway), btwn Mill St & Somers Point Rd_60 Min Length.xlsx",.xlsx,C:\Users\Kschellinger\SJTPO_Git\TAZ_Modular\input\02_May ATRs\21_R,"C:\Users\Kschellinger\SJTPO_Git\TAZ_Modular\input\02_May ATRs\21_R\ATR 21. NJ 40 (Harding Highway), btwn Mill St & Somers Point Rd_60 Min Length.xlsx",33732
"ATR 21. NJ 40 (Harding Highway), btwn Mill St & Somers Point Rd_60 Min Speed.pdf",.pdf,C:\Users\Kschellinger\SJTPO_Git\TAZ_Modular\input\02_May ATRs\21_R,"C:\Users\Kschellinger\SJTPO_Git\TAZ_Modular\input\02_May ATRs\21_R\ATR 21. NJ 40 (Harding Highway), btwn Mill St & Somers Point Rd_60 Min Speed.pdf",1239741
"ATR 21. NJ 40 (Harding Highway), btwn Mill St & Somers Point Rd_60 Min Speed.xlsx",.xlsx,C:\Users\Kschellinger\SJTPO_Git\TAZ_Modular\input\02_May ATRs\21_R,"C:\Users\Kschellinger\SJTPO_Git\TAZ_Modular\input\02_May ATRs\21_R\ATR 21. NJ 40 (Harding Highway), btwn Mill St & Somers Point Rd_60 Min Speed.xlsx",35190
"ATR 21. NJ 40 (Harding Highway), btwn Mill St & Somers Point Rd_60 Min Summary Length.pdf",.pdf,C:\Users\Kschellinger\SJTPO_Git\TAZ_Modular\input\02_May ATRs\21_R,"C:\Users\Kschellinger\SJTPO_Git\TAZ_Modular\input\02_May ATRs\21_R\ATR 21. NJ 40 (Harding Highway), btwn Mill St & Somers Point Rd_60 Min Summary Length.pdf",953714
"ATR 21. NJ 40 (Harding Highway), btwn Mill St & Somers Point Rd_60 Min Summary Length.xlsx",.xlsx,C:\Users\Kschellinger\SJTPO_Git\TAZ_Modular\input\02_May ATRs\21_R,"C:\Users\Kschellinger\SJTPO_Git\TAZ_Modular\input\02_May ATRs\21_R\ATR 21. NJ 40 (Harding Highway), btwn Mill St & Somers Point Rd_60 Min Summary Length.xlsx",27289
"ATR 21. NJ 40 (Harding Highway), btwn Mill St & Somers Point Rd_60 Min Volume.pdf",.pdf,C:\Users\Kschellinger\SJTPO_Git\TAZ_Modular\input\02_May ATRs\21_R,"C:\Users\Kschellinger\SJTPO_Git\TAZ_Modular\input\02_May ATRs\21_R\ATR 21. NJ 40 (Harding Highway), btwn Mill St & Somers Point Rd_60 Min Volume.pdf",435276
"ATR 21. NJ 40 (Harding Highway), btwn Mill St & Somers Point Rd_60 Min Volume.xlsx",.xlsx,C:\Users\Kschellinger\SJTPO_Git\TAZ_Modular\input\02_May ATRs\21_R,"C:\Users\Kschellinger\SJTPO_Git\TAZ_Modular\input\02_May ATRs\21_R\ATR 21. NJ 40 (Harding Highway), btwn Mill St & Somers Point Rd_60 Min Volume.xlsx",18908
ATR 21_Part 1.tf2,.tf2,C:\Users\Kschellinger\SJTPO_Git\TAZ_Modular\input\02_May ATRs\21_R,C:\Users\Kschellinger\SJTPO_Git\TAZ_Modular\input\02_May ATRs\21_R\ATR 21_Part 1.tf2,5331698
atr 21_part 2.tf2,.tf2,C:\Users\Kschellinger\SJTPO_Git\TAZ_Modular\input\02_May ATRs\21_R,C:\Users\Kschellinger\SJTPO_Git\TAZ_Modular\input\02_May ATRs\21_R\atr 21_part 2.tf2,5446703
ATR. SJTDM Data Collection_RADAR LAYOUT - 21. NJ 40.pdf,.pdf,C:\Users\Kschellinger\SJTPO_Git\TAZ_Modular\input\02_May ATRs\21_R,C:\Users\Kschellinger\SJTPO_Git\TAZ_Modular\input\02_May ATRs\21_R\ATR. SJTDM Data Collection_RADAR LAYOUT - 21. NJ 40.pdf,256330
"ATR 22. Route 55, south of Americold Logistics_15 Minute.csv",.csv,C:\Users\Kschellinger\SJTPO_Git\TAZ_Modular\input\02_May ATRs\22_V,"C:\Users\Kschellinger\SJTPO_Git\TAZ_Modular\input\02_May ATRs\22_V\ATR 22. Route 55, south of Americold Logistics_15 Minute.csv",143195
"ATR 22. Route 55, south of Americold Logistics_15 Minute.pdf",.pdf,C:\Users\Kschellinger\SJTPO_Git\TAZ_Modular\input\02_May ATRs\22_V,"C:\Users\Kschellinger\SJTPO_Git\TAZ_Modular\input\02_May ATRs\22_V\ATR 22. Route 55, south of Americold Logistics_15 Minute.pdf",523520
"ATR 22. Route 55, south of Americold Logistics_15 Minute.xlsx",.xlsx,C:\Users\Kschellinger\SJTPO_Git\TAZ_Modular\input\02_May ATRs\22_V,"C:\Users\Kschellinger\SJTPO_Git\TAZ_Modular\input\02_May ATRs\22_V\ATR 22. Route 55, south of Americold Logistics_15 Minute.xlsx",1207262
"ATR 22. Route 55, south of Americold Logistics_60 Minute.csv",.csv,C:\Users\Kschellinger\SJTPO_Git\TAZ_Modular\input\02_May ATRs\22_V,"C:\Users\Kschellinger\SJTPO_Git\TAZ_Modular\input\02_May ATRs\22_V\ATR 22. Route 55, south of Americold Logistics_60 Minute.csv",37425
"ATR 22. Route 55, south of Americold Logistics_60 Minute.pdf",.pdf,C:\Users\Kschellinger\SJTPO_Git\TAZ_Modular\input\02_May ATRs\22_V,"C:\Users\Kschellinger\SJTPO_Git\TAZ_Modular\input\02_May ATRs\22_V\ATR 22. Route 55, south of Americold Logistics_60 Minute.pdf",394801
"ATR 22. Route 55, south of Americold Logistics_60 Minute.xlsx",.xlsx,C:\Users\Kschellinger\SJTPO_Git\TAZ_Modular\input\02_May ATRs\22_V,"C:\Users\Kschellinger\SJTPO_Git\TAZ_Modular\input\02_May ATRs\22_V\ATR 22. Route 55, south of Americold Logistics_60 Minute.xlsx",392223
ATR 22. Route 55_Screen Captures.pdf,.pdf,C:\Users\Kschellinger\SJTPO_Git\TAZ_Modular\input\02_May ATRs\22_V,C:\Users\Kschellinger\SJTPO_Git\TAZ_Modular\input\02_May ATRs\22_V\ATR 22. Route 55_Screen Captures.pdf,220669
ATR22_Test_Calculation_Volumes.xlsx,.xlsx,C:\Users\Kschellinger\SJTPO_Git\TAZ_Modular\input\02_May ATRs\22_V,C:\Users\Kschellinger\SJTPO_Git\TAZ_Modular\input\02_May ATRs\22_V\ATR22_Test_Calculation_Volumes.xlsx,122620
2018090007_20260430_130749_0.DAT,.DAT,C:\Users\Kschellinger\SJTPO_Git\TAZ_Modular\input\02_May ATRs\23_R,C:\Users\Kschellinger\SJTPO_Git\TAZ_Modular\input\02_May ATRs\23_R\2018090007_20260430_130749_0.DAT,100005
2018090007_20260504_125130_0.DAT,.DAT,C:\Users\Kschellinger\SJTPO_Git\TAZ_Modular\input\02_May ATRs\23_R,C:\Users\Kschellinger\SJTPO_Git\TAZ_Modular\input\02_May ATRs\23_R\2018090007_20260504_125130_0.DAT,120245
ATR 23. CR 615 N (Northeast Blvd) btwn Oak Road & Wheat Road - Class Data Analysis.pdf,.pdf,C:\Users\Kschellinger\SJTPO_Git\TAZ_Modular\input\02_May ATRs\23_R,C:\Users\Kschellinger\SJTPO_Git\TAZ_Modular\input\02_May ATRs\23_R\ATR 23. CR 615 N (Northeast Blvd) btwn Oak Road & Wheat Road - Class Data Analysis.pdf,1542550
ATR 23. CR 615 N (Northeast Blvd) btwn Oak Road & Wheat Road.snj,.snj,C:\Users\Kschellinger\SJTPO_Git\TAZ_Modular\input\02_May ATRs\23_R,C:\Users\Kschellinger\SJTPO_Git\TAZ_Modular\input\02_May ATRs\23_R\ATR 23. CR 615 N (Northeast Blvd) btwn Oak Road & Wheat Road.snj,712290
ATR 23. CR 615 N (Northeast Blvd) btwn Oak Road & Wheat Road_15 Min Length.pdf,.pdf,C:\Users\Kschellinger\SJTPO_Git\TAZ_Modular\input\02_May ATRs\23_R,C:\Users\Kschellinger\SJTPO_Git\TAZ_Modular\input\02_May ATRs\23_R\ATR 23. CR 615 N (Northeast Blvd) btwn Oak Road & Wheat Road_15 Min Length.pdf,3474918
ATR 23. CR 615 N (Northeast Blvd) btwn Oak Road & Wheat Road_15 Min Length.xlsx,.xlsx,C:\Users\Kschellinger\SJTPO_Git\TAZ_Modular\input\02_May ATRs\23_R,C:\Users\Kschellinger\SJTPO_Git\TAZ_Modular\input\02_May ATRs\23_R\ATR 23. CR 615 N (Northeast Blvd) btwn Oak Road & Wheat Road_15 Min Length.xlsx,69916
ATR 23. CR 615 N (Northeast Blvd) btwn Oak Road & Wheat Road_15 Min Speed.pdf,.pdf,C:\Users\Kschellinger\SJTPO_Git\TAZ_Modular\input\02_May ATRs\23_R,C:\Users\Kschellinger\SJTPO_Git\TAZ_Modular\input\02_May ATRs\23_R\ATR 23. CR 615 N (Northeast Blvd) btwn Oak Road & Wheat Road_15 Min Speed.pdf,3691549
ATR 23. CR 615 N (Northeast Blvd) btwn Oak Road & Wheat Road_15 Min Speed.xlsx,.xlsx,C:\Users\Kschellinger\SJTPO_Git\TAZ_Modular\input\02_May ATRs\23_R,C:\Users\Kschellinger\SJTPO_Git\TAZ_Modular\input\02_May ATRs\23_R\ATR 23. CR 615 N (Northeast Blvd) btwn Oak Road & Wheat Road_15 Min Speed.xlsx,73912
ATR 23. CR 615 N (Northeast Blvd) btwn Oak Road & Wheat Road_15 Min Summary Length.pdf,.pdf,C:\Users\Kschellinger\SJTPO_Git\TAZ_Modular\input\02_May ATRs\23_R,C:\Users\Kschellinger\SJTPO_Git\TAZ_Modular\input\02_May ATRs\23_R\ATR 23. CR 615 N (Northeast Blvd) btwn Oak Road & Wheat Road_15 Min Summary Length.pdf,2813199
ATR 23. CR 615 N (Northeast Blvd) btwn Oak Road & Wheat Road_15 Min Summary Length.xlsx,.xlsx,C:\Users\Kschellinger\SJTPO_Git\TAZ_Modular\input\02_May ATRs\23_R,C:\Users\Kschellinger\SJTPO_Git\TAZ_Modular\input\02_May ATRs\23_R\ATR 23. CR 615 N (Northeast Blvd) btwn Oak Road & Wheat Road_15 Min Summary Length.xlsx,53108
ATR 23. CR 615 N (Northeast Blvd) btwn Oak Road & Wheat Road_15 Min Volume.pdf,.pdf,C:\Users\Kschellinger\SJTPO_Git\TAZ_Modular\input\02_May ATRs\23_R,C:\Users\Kschellinger\SJTPO_Git\TAZ_Modular\input\02_May ATRs\23_R\ATR 23. CR 615 N (Northeast Blvd) btwn Oak Road & Wheat Road_15 Min Volume.pdf,667115
ATR 23. CR 615 N (Northeast Blvd) btwn Oak Road & Wheat Road_15 Min Volume.xlsx,.xlsx,C:\Users\Kschellinger\SJTPO_Git\TAZ_Modular\input\02_May ATRs\23_R,C:\Users\Kschellinger\SJTPO_Git\TAZ_Modular\input\02_May ATRs\23_R\ATR 23. CR 615 N (Northeast Blvd) btwn Oak Road & Wheat Road_15 Min Volume.xlsx,28073
ATR 23. CR 615 N (Northeast Blvd) btwn Oak Road & Wheat Road_60 Min Length.pdf,.pdf,C:\Users\Kschellinger\SJTPO_Git\TAZ_Modular\input\02_May ATRs\23_R,C:\Users\Kschellinger\SJTPO_Git\TAZ_Modular\input\02_May ATRs\23_R\ATR 23. CR 615 N (Northeast Blvd) btwn Oak Road & Wheat Road_60 Min Length.pdf,1156434
ATR 23. CR 615 N (Northeast Blvd) btwn Oak Road & Wheat Road_60 Min Length.xlsx,.xlsx,C:\Users\Kschellinger\SJTPO_Git\TAZ_Modular\input\02_May ATRs\23_R,C:\Users\Kschellinger\SJTPO_Git\TAZ_Modular\input\02_May ATRs\23_R\ATR 23. CR 615 N (Northeast Blvd) btwn Oak Road & Wheat Road_60 Min Length.xlsx,31417
ATR 23. CR 615 N (Northeast Blvd) btwn Oak Road & Wheat Road_60 Min Speed.pdf,.pdf,C:\Users\Kschellinger\SJTPO_Git\TAZ_Modular\input\02_May ATRs\23_R,C:\Users\Kschellinger\SJTPO_Git\TAZ_Modular\input\02_May ATRs\23_R\ATR 23. CR 615 N (Northeast Blvd) btwn Oak Road & Wheat Road_60 Min Speed.pdf,1222756
ATR 23. CR 615 N (Northeast Blvd) btwn Oak Road & Wheat Road_60 Min Speed.xlsx,.xlsx,C:\Users\Kschellinger\SJTPO_Git\TAZ_Modular\input\02_May ATRs\23_R,C:\Users\Kschellinger\SJTPO_Git\TAZ_Modular\input\02_May ATRs\23_R\ATR 23. CR 615 N (Northeast Blvd) btwn Oak Road & Wheat Road_60 Min Speed.xlsx,32771
ATR 23. CR 615 N (Northeast Blvd) btwn Oak Road & Wheat Road_60 Min Summary Length.pdf,.pdf,C:\Users\Kschellinger\SJTPO_Git\TAZ_Modular\input\02_May ATRs\23_R,C:\Users\Kschellinger\SJTPO_Git\TAZ_Modular\input\02_May ATRs\23_R\ATR 23. CR 615 N (Northeast Blvd) btwn Oak Road & Wheat Road_60 Min Summary Length.pdf,941592
ATR 23. CR 615 N (Northeast Blvd) btwn Oak Road & Wheat Road_60 Min Summary Length.xlsx,.xlsx,C:\Users\Kschellinger\SJTPO_Git\TAZ_Modular\input\02_May ATRs\23_R,C:\Users\Kschellinger\SJTPO_Git\TAZ_Modular\input\02_May ATRs\23_R\ATR 23. CR 615 N (Northeast Blvd) btwn Oak Road & Wheat Road_60 Min Summary Length.xlsx,26042
ATR 23. CR 615 N (Northeast Blvd) btwn Oak Road & Wheat Road_60 Min Volume.pdf,.pdf,C:\Users\Kschellinger\SJTPO_Git\TAZ_Modular\input\02_May ATRs\23_R,C:\Users\Kschellinger\SJTPO_Git\TAZ_Modular\input\02_May ATRs\23_R\ATR 23. CR 615 N (Northeast Blvd) btwn Oak Road & Wheat Road_60 Min Volume.pdf,427825
ATR 23. CR 615 N (Northeast Blvd) btwn Oak Road & Wheat Road_60 Min Volume.xlsx,.xlsx,C:\Users\Kschellinger\SJTPO_Git\TAZ_Modular\input\02_May ATRs\23_R,C:\Users\Kschellinger\SJTPO_Git\TAZ_Modular\input\02_May ATRs\23_R\ATR 23. CR 615 N (Northeast Blvd) btwn Oak Road & Wheat Road_60 Min Volume.xlsx,18747
atr 23_bc 07 part 1.tf2,.tf2,C:\Users\Kschellinger\SJTPO_Git\TAZ_Modular\input\02_May ATRs\23_R,C:\Users\Kschellinger\SJTPO_Git\TAZ_Modular\input\02_May ATRs\23_R\atr 23_bc 07 part 1.tf2,597968
atr 23_bc 07 part 2.tf2,.tf2,C:\Users\Kschellinger\SJTPO_Git\TAZ_Modular\input\02_May ATRs\23_R,C:\Users\Kschellinger\SJTPO_Git\TAZ_Modular\input\02_May ATRs\23_R\atr 23_bc 07 part 2.tf2,726222
ATR. SJTDM Data Collection_RADAR LAYOUT - 23. CR 615 N.pdf,.pdf,C:\Users\Kschellinger\SJTPO_Git\TAZ_Modular\input\02_May ATRs\23_R,C:\Users\Kschellinger\SJTPO_Git\TAZ_Modular\input\02_May ATRs\23_R\ATR. SJTDM Data Collection_RADAR LAYOUT - 23. CR 615 N.pdf,258608
atr 23_bc 07 part 1-DL-3TJCV34.tf2,.tf2,C:\Users\Kschellinger\SJTPO_Git\TAZ_Modular\input\02_May ATRs\23_R\VOID,C:\Users\Kschellinger\SJTPO_Git\TAZ_Modular\input\02_May ATRs\23_R\VOID\atr 23_bc 07 part 1-DL-3TJCV34.tf2,597978
2020010034_20260514_141211_0.DAT,.DAT,C:\Users\Kschellinger\SJTPO_Git\TAZ_Modular\input\02_May ATRs\24_R,C:\Users\Kschellinger\SJTPO_Git\TAZ_Modular\input\02_May ATRs\24_R\2020010034_20260514_141211_0.DAT,185185
2020010034_20260518_122534_0.DAT,.DAT,C:\Users\Kschellinger\SJTPO_Git\TAZ_Modular\input\02_May ATRs\24_R,C:\Users\Kschellinger\SJTPO_Git\TAZ_Modular\input\02_May ATRs\24_R\2020010034_20260518_122534_0.DAT,223057
ATR 24 Reset_Part 1.tf2,.tf2,C:\Users\Kschellinger\SJTPO_Git\TAZ_Modular\input\02_May ATRs\24_R,C:\Users\Kschellinger\SJTPO_Git\TAZ_Modular\input\02_May ATRs\24_R\ATR 24 Reset_Part 1.tf2,1139849
ATR 24 Reset_Part 2.tf2,.tf2,C:\Users\Kschellinger\SJTPO_Git\TAZ_Modular\input\02_May ATRs\24_R,C:\Users\Kschellinger\SJTPO_Git\TAZ_Modular\input\02_May ATRs\24_R\ATR 24 Reset_Part 2.tf2,1379192
"ATR 24. NJ 77 (Pole Tavern-Bridgeton), btwn Chestnut St & Newkirk Station Rd - Class Data Analysis.pdf",.pdf,C:\Users\Kschellinger\SJTPO_Git\TAZ_Modular\input\02_May ATRs\24_R,"C:\Users\Kschellinger\SJTPO_Git\TAZ_Modular\input\02_May ATRs\24_R\ATR 24. NJ 77 (Pole Tavern-Bridgeton), btwn Chestnut St & Newkirk Station Rd - Class Data Analysis.pdf",1515939
"ATR 24. NJ 77 (Pole Tavern-Bridgeton), btwn Chestnut St & Newkirk Station Rd.snj",.snj,C:\Users\Kschellinger\SJTPO_Git\TAZ_Modular\input\02_May ATRs\24_R,"C:\Users\Kschellinger\SJTPO_Git\TAZ_Modular\input\02_May ATRs\24_R\ATR 24. NJ 77 (Pole Tavern-Bridgeton), btwn Chestnut St & Newkirk Station Rd.snj",1126703
"ATR 24. NJ 77 (Pole Tavern-Bridgeton), btwn Chestnut St & Newkirk Station Rd_15 Min Length.pdf",.pdf,C:\Users\Kschellinger\SJTPO_Git\TAZ_Modular\input\02_May ATRs\24_R,"C:\Users\Kschellinger\SJTPO_Git\TAZ_Modular\input\02_May ATRs\24_R\ATR 24. NJ 77 (Pole Tavern-Bridgeton), btwn Chestnut St & Newkirk Station Rd_15 Min Length.pdf",3492184
"ATR 24. NJ 77 (Pole Tavern-Bridgeton), btwn Chestnut St & Newkirk Station Rd_15 Min Length.xlsx",.xlsx,C:\Users\Kschellinger\SJTPO_Git\TAZ_Modular\input\02_May ATRs\24_R,"C:\Users\Kschellinger\SJTPO_Git\TAZ_Modular\input\02_May ATRs\24_R\ATR 24. NJ 77 (Pole Tavern-Bridgeton), btwn Chestnut St & Newkirk Station Rd_15 Min Length.xlsx",74540
"ATR 24. NJ 77 (Pole Tavern-Bridgeton), btwn Chestnut St & Newkirk Station Rd_15 Min Speed.pdf",.pdf,C:\Users\Kschellinger\SJTPO_Git\TAZ_Modular\input\02_May ATRs\24_R,"C:\Users\Kschellinger\SJTPO_Git\TAZ_Modular\input\02_May ATRs\24_R\ATR 24. NJ 77 (Pole Tavern-Bridgeton), btwn Chestnut St & Newkirk Station Rd_15 Min Speed.pdf",3705703
"ATR 24. NJ 77 (Pole Tavern-Bridgeton), btwn Chestnut St & Newkirk Station Rd_15 Min Speed.xlsx",.xlsx,C:\Users\Kschellinger\SJTPO_Git\TAZ_Modular\input\02_May ATRs\24_R,"C:\Users\Kschellinger\SJTPO_Git\TAZ_Modular\input\02_May ATRs\24_R\ATR 24. NJ 77 (Pole Tavern-Bridgeton), btwn Chestnut St & Newkirk Station Rd_15 Min Speed.xlsx",76618
"ATR 24. NJ 77 (Pole Tavern-Bridgeton), btwn Chestnut St & Newkirk Station Rd_15 Min Summary Length.pdf",.pdf,C:\Users\Kschellinger\SJTPO_Git\TAZ_Modular\input\02_May ATRs\24_R,"C:\Users\Kschellinger\SJTPO_Git\TAZ_Modular\input\02_May ATRs\24_R\ATR 24. NJ 77 (Pole Tavern-Bridgeton), btwn Chestnut St & Newkirk Station Rd_15 Min Summary Length.pdf",2925949
"ATR 24. NJ 77 (Pole Tavern-Bridgeton), btwn Chestnut St & Newkirk Station Rd_15 Min Summary Length.xlsx",.xlsx,C:\Users\Kschellinger\SJTPO_Git\TAZ_Modular\input\02_May ATRs\24_R,"C:\Users\Kschellinger\SJTPO_Git\TAZ_Modular\input\02_May ATRs\24_R\ATR 24. NJ 77 (Pole Tavern-Bridgeton), btwn Chestnut St & Newkirk Station Rd_15 Min Summary Length.xlsx",55455
"ATR 24. NJ 77 (Pole Tavern-Bridgeton), btwn Chestnut St & Newkirk Station Rd_15 Min Volume.pdf",.pdf,C:\Users\Kschellinger\SJTPO_Git\TAZ_Modular\input\02_May ATRs\24_R,"C:\Users\Kschellinger\SJTPO_Git\TAZ_Modular\input\02_May ATRs\24_R\ATR 24. NJ 77 (Pole Tavern-Bridgeton), btwn Chestnut St & Newkirk Station Rd_15 Min Volume.pdf",671282
"ATR 24. NJ 77 (Pole Tavern-Bridgeton), btwn Chestnut St & Newkirk Station Rd_15 Min Volume.xlsx",.xlsx,C:\Users\Kschellinger\SJTPO_Git\TAZ_Modular\input\02_May ATRs\24_R,"C:\Users\Kschellinger\SJTPO_Git\TAZ_Modular\input\02_May ATRs\24_R\ATR 24. NJ 77 (Pole Tavern-Bridgeton), btwn Chestnut St & Newkirk Station Rd_15 Min Volume.xlsx",28349
"ATR 24. NJ 77 (Pole Tavern-Bridgeton), btwn Chestnut St & Newkirk Station Rd_60 Min Length.pdf",.pdf,C:\Users\Kschellinger\SJTPO_Git\TAZ_Modular\input\02_May ATRs\24_R,"C:\Users\Kschellinger\SJTPO_Git\TAZ_Modular\input\02_May ATRs\24_R\ATR 24. NJ 77 (Pole Tavern-Bridgeton), btwn Chestnut St & Newkirk Station Rd_60 Min Length.pdf",1167142
"ATR 24. NJ 77 (Pole Tavern-Bridgeton), btwn Chestnut St & Newkirk Station Rd_60 Min Length.xlsx",.xlsx,C:\Users\Kschellinger\SJTPO_Git\TAZ_Modular\input\02_May ATRs\24_R,"C:\Users\Kschellinger\SJTPO_Git\TAZ_Modular\input\02_May ATRs\24_R\ATR 24. NJ 77 (Pole Tavern-Bridgeton), btwn Chestnut St & Newkirk Station Rd_60 Min Length.xlsx",32499
"ATR 24. NJ 77 (Pole Tavern-Bridgeton), btwn Chestnut St & Newkirk Station Rd_60 Min Speed.pdf",.pdf,C:\Users\Kschellinger\SJTPO_Git\TAZ_Modular\input\02_May ATRs\24_R,"C:\Users\Kschellinger\SJTPO_Git\TAZ_Modular\input\02_May ATRs\24_R\ATR 24. NJ 77 (Pole Tavern-Bridgeton), btwn Chestnut St & Newkirk Station Rd_60 Min Speed.pdf",1242444
"ATR 24. NJ 77 (Pole Tavern-Bridgeton), btwn Chestnut St & Newkirk Station Rd_60 Min Speed.xlsx",.xlsx,C:\Users\Kschellinger\SJTPO_Git\TAZ_Modular\input\02_May ATRs\24_R,"C:\Users\Kschellinger\SJTPO_Git\TAZ_Modular\input\02_May ATRs\24_R\ATR 24. NJ 77 (Pole Tavern-Bridgeton), btwn Chestnut St & Newkirk Station Rd_60 Min Speed.xlsx",33386
"ATR 24. NJ 77 (Pole Tavern-Bridgeton), btwn Chestnut St & Newkirk Station Rd_60 Min Summary Length.pdf",.pdf,C:\Users\Kschellinger\SJTPO_Git\TAZ_Modular\input\02_May ATRs\24_R,"C:\Users\Kschellinger\SJTPO_Git\TAZ_Modular\input\02_May ATRs\24_R\ATR 24. NJ 77 (Pole Tavern-Bridgeton), btwn Chestnut St & Newkirk Station Rd_60 Min Summary Length.pdf",952585
"ATR 24. NJ 77 (Pole Tavern-Bridgeton), btwn Chestnut St & Newkirk Station Rd_60 Min Summary Length.xlsx",.xlsx,C:\Users\Kschellinger\SJTPO_Git\TAZ_Modular\input\02_May ATRs\24_R,"C:\Users\Kschellinger\SJTPO_Git\TAZ_Modular\input\02_May ATRs\24_R\ATR 24. NJ 77 (Pole Tavern-Bridgeton), btwn Chestnut St & Newkirk Station Rd_60 Min Summary Length.xlsx",26639
"ATR 24. NJ 77 (Pole Tavern-Bridgeton), btwn Chestnut St & Newkirk Station Rd_60 Min Volume.pdf",.pdf,C:\Users\Kschellinger\SJTPO_Git\TAZ_Modular\input\02_May ATRs\24_R,"C:\Users\Kschellinger\SJTPO_Git\TAZ_Modular\input\02_May ATRs\24_R\ATR 24. NJ 77 (Pole Tavern-Bridgeton), btwn Chestnut St & Newkirk Station Rd_60 Min Volume.pdf",437786
"ATR 24. NJ 77 (Pole Tavern-Bridgeton), btwn Chestnut St & Newkirk Station Rd_60 Min Volume.xlsx",.xlsx,C:\Users\Kschellinger\SJTPO_Git\TAZ_Modular\input\02_May ATRs\24_R,"C:\Users\Kschellinger\SJTPO_Git\TAZ_Modular\input\02_May ATRs\24_R\ATR 24. NJ 77 (Pole Tavern-Bridgeton), btwn Chestnut St & Newkirk Station Rd_60 Min Volume.xlsx",18845
ATR. SJTDM Data Collection_RADAR LAYOUT - 24. NJ 77.pdf,.pdf,C:\Users\Kschellinger\SJTPO_Git\TAZ_Modular\input\02_May ATRs\24_R,C:\Users\Kschellinger\SJTPO_Git\TAZ_Modular\input\02_May ATRs\24_R\ATR. SJTDM Data Collection_RADAR LAYOUT - 24. NJ 77.pdf,257033
ATR 24 part 1.tf2,.tf2,C:\Users\Kschellinger\SJTPO_Git\TAZ_Modular\input\02_May ATRs\24_R\VOID,C:\Users\Kschellinger\SJTPO_Git\TAZ_Modular\input\02_May ATRs\24_R\VOID\ATR 24 part 1.tf2,1181719
ATR 24 part 2.tf2,.tf2,C:\Users\Kschellinger\SJTPO_Git\TAZ_Modular\input\02_May ATRs\24_R\VOID,C:\Users\Kschellinger\SJTPO_Git\TAZ_Modular\input\02_May ATRs\24_R\VOID\ATR 24 part 2.tf2,1250362
"ATR 25. Madison Avenue, btwn Massachusetts Ave & Rhode Island Ave - Class Data Analysis.pdf",.pdf,C:\Users\Kschellinger\SJTPO_Git\TAZ_Modular\input\02_May ATRs\25_T,"C:\Users\Kschellinger\SJTPO_Git\TAZ_Modular\input\02_May ATRs\25_T\ATR 25. Madison Avenue, btwn Massachusetts Ave & Rhode Island Ave - Class Data Analysis.pdf",2263864
"ATR 25. Madison Avenue, btwn Massachusetts Ave & Rhode Island Ave - Data Summary.pdf",.pdf,C:\Users\Kschellinger\SJTPO_Git\TAZ_Modular\input\02_May ATRs\25_T,"C:\Users\Kschellinger\SJTPO_Git\TAZ_Modular\input\02_May ATRs\25_T\ATR 25. Madison Avenue, btwn Massachusetts Ave & Rhode Island Ave - Data Summary.pdf",328786
"ATR 25. Madison Avenue, btwn Massachusetts Ave & Rhode Island Ave.snj",.snj,C:\Users\Kschellinger\SJTPO_Git\TAZ_Modular\input\02_May ATRs\25_T,"C:\Users\Kschellinger\SJTPO_Git\TAZ_Modular\input\02_May ATRs\25_T\ATR 25. Madison Avenue, btwn Massachusetts Ave & Rhode Island Ave.snj",1645303
"ATR 25. Madison Avenue, btwn Massachusetts Ave & Rhode Island Ave_15 Min Class.pdf",.pdf,C:\Users\Kschellinger\SJTPO_Git\TAZ_Modular\input\02_May ATRs\25_T,"C:\Users\Kschellinger\SJTPO_Git\TAZ_Modular\input\02_May ATRs\25_T\ATR 25. Madison Avenue, btwn Massachusetts Ave & Rhode Island Ave_15 Min Class.pdf",1596238
"ATR 25. Madison Avenue, btwn Massachusetts Ave & Rhode Island Ave_15 Min Class.xlsx",.xlsx,C:\Users\Kschellinger\SJTPO_Git\TAZ_Modular\input\02_May ATRs\25_T,"C:\Users\Kschellinger\SJTPO_Git\TAZ_Modular\input\02_May ATRs\25_T\ATR 25. Madison Avenue, btwn Massachusetts Ave & Rhode Island Ave_15 Min Class.xlsx",44435
"ATR 25. Madison Avenue, btwn Massachusetts Ave & Rhode Island Ave_15 Min Speed.pdf",.pdf,C:\Users\Kschellinger\SJTPO_Git\TAZ_Modular\input\02_May ATRs\25_T,"C:\Users\Kschellinger\SJTPO_Git\TAZ_Modular\input\02_May ATRs\25_T\ATR 25. Madison Avenue, btwn Massachusetts Ave & Rhode Island Ave_15 Min Speed.pdf",1434008
"ATR 25. Madison Avenue, btwn Massachusetts Ave & Rhode Island Ave_15 Min Speed.xlsx",.xlsx,C:\Users\Kschellinger\SJTPO_Git\TAZ_Modular\input\02_May ATRs\25_T,"C:\Users\Kschellinger\SJTPO_Git\TAZ_Modular\input\02_May ATRs\25_T\ATR 25. Madison Avenue, btwn Massachusetts Ave & Rhode Island Ave_15 Min Speed.xlsx",44420
"ATR 25. Madison Avenue, btwn Massachusetts Ave & Rhode Island Ave_15 Min Volume.pdf",.pdf,C:\Users\Kschellinger\SJTPO_Git\TAZ_Modular\input\02_May ATRs\25_T,"C:\Users\Kschellinger\SJTPO_Git\TAZ_Modular\input\02_May ATRs\25_T\ATR 25. Madison Avenue, btwn Massachusetts Ave & Rhode Island Ave_15 Min Volume.pdf",497867
"ATR 25. Madison Avenue, btwn Massachusetts Ave & Rhode Island Ave_15 Min Volume.xlsx",.xlsx,C:\Users\Kschellinger\SJTPO_Git\TAZ_Modular\input\02_May ATRs\25_T,"C:\Users\Kschellinger\SJTPO_Git\TAZ_Modular\input\02_May ATRs\25_T\ATR 25. Madison Avenue, btwn Massachusetts Ave & Rhode Island Ave_15 Min Volume.xlsx",25385
"ATR 25. Madison Avenue, btwn Massachusetts Ave & Rhode Island Ave_60 Min Class.pdf",.pdf,C:\Users\Kschellinger\SJTPO_Git\TAZ_Modular\input\02_May ATRs\25_T,"C:\Users\Kschellinger\SJTPO_Git\TAZ_Modular\input\02_May ATRs\25_T\ATR 25. Madison Avenue, btwn Massachusetts Ave & Rhode Island Ave_60 Min Class.pdf",642101
"ATR 25. Madison Avenue, btwn Massachusetts Ave & Rhode Island Ave_60 Min Class.xlsx",.xlsx,C:\Users\Kschellinger\SJTPO_Git\TAZ_Modular\input\02_May ATRs\25_T,"C:\Users\Kschellinger\SJTPO_Git\TAZ_Modular\input\02_May ATRs\25_T\ATR 25. Madison Avenue, btwn Massachusetts Ave & Rhode Island Ave_60 Min Class.xlsx",23238
"ATR 25. Madison Avenue, btwn Massachusetts Ave & Rhode Island Ave_60 Min Speed.pdf",.pdf,C:\Users\Kschellinger\SJTPO_Git\TAZ_Modular\input\02_May ATRs\25_T,"C:\Users\Kschellinger\SJTPO_Git\TAZ_Modular\input\02_May ATRs\25_T\ATR 25. Madison Avenue, btwn Massachusetts Ave & Rhode Island Ave_60 Min Speed.pdf",613776
"ATR 25. Madison Avenue, btwn Massachusetts Ave & Rhode Island Ave_60 Min Speed.xlsx",.xlsx,C:\Users\Kschellinger\SJTPO_Git\TAZ_Modular\input\02_May ATRs\25_T,"C:\Users\Kschellinger\SJTPO_Git\TAZ_Modular\input\02_May ATRs\25_T\ATR 25. Madison Avenue, btwn Massachusetts Ave & Rhode Island Ave_60 Min Speed.xlsx",23288
"ATR 25. Madison Avenue, btwn Massachusetts Ave & Rhode Island Ave_60 Min Volume.pdf",.pdf,C:\Users\Kschellinger\SJTPO_Git\TAZ_Modular\input\02_May ATRs\25_T,"C:\Users\Kschellinger\SJTPO_Git\TAZ_Modular\input\02_May ATRs\25_T\ATR 25. Madison Avenue, btwn Massachusetts Ave & Rhode Island Ave_60 Min Volume.pdf",387462
"ATR 25. Madison Avenue, btwn Massachusetts Ave & Rhode Island Ave_60 Min Volume.xlsx",.xlsx,C:\Users\Kschellinger\SJTPO_Git\TAZ_Modular\input\02_May ATRs\25_T,"C:\Users\Kschellinger\SJTPO_Git\TAZ_Modular\input\02_May ATRs\25_T\ATR 25. Madison Avenue, btwn Massachusetts Ave & Rhode Island Ave_60 Min Volume.xlsx",17508
ATR 25_on 260504 345pm-545pm someone parked on a tube.tf2,.tf2,C:\Users\Kschellinger\SJTPO_Git\TAZ_Modular\input\02_May ATRs\25_T,C:\Users\Kschellinger\SJTPO_Git\TAZ_Modular\input\02_May ATRs\25_T\ATR 25_on 260504 345pm-545pm someone parked on a tube.tf2,616636
ATR. SJTDM Data Collection_TUBE LAYOUT - 25. Madison Ave.pdf,.pdf,C:\Users\Kschellinger\SJTPO_Git\TAZ_Modular\input\02_May ATRs\25_T,C:\Users\Kschellinger\SJTPO_Git\TAZ_Modular\input\02_May ATRs\25_T\ATR. SJTDM Data Collection_TUBE LAYOUT - 25. Madison Ave.pdf,257771
"ATR 26. Grammercy Place, btwn Massachusetts Ave & Rhode Island Ave - Class Data Analysis.pdf",.pdf,C:\Users\Kschellinger\SJTPO_Git\TAZ_Modular\input\02_May ATRs\26_T,"C:\Users\Kschellinger\SJTPO_Git\TAZ_Modular\input\02_May ATRs\26_T\ATR 26. Grammercy Place, btwn Massachusetts Ave & Rhode Island Ave - Class Data Analysis.pdf",2241270
"ATR 26. Grammercy Place, btwn Massachusetts Ave & Rhode Island Ave.snj",.snj,C:\Users\Kschellinger\SJTPO_Git\TAZ_Modular\input\02_May ATRs\26_T,"C:\Users\Kschellinger\SJTPO_Git\TAZ_Modular\input\02_May ATRs\26_T\ATR 26. Grammercy Place, btwn Massachusetts Ave & Rhode Island Ave.snj",1519528
"ATR 26. Grammercy Place, btwn Massachusetts Ave & Rhode Island Ave_15 Min Class.pdf",.pdf,C:\Users\Kschellinger\SJTPO_Git\TAZ_Modular\input\02_May ATRs\26_T,"C:\Users\Kschellinger\SJTPO_Git\TAZ_Modular\input\02_May ATRs\26_T\ATR 26. Grammercy Place, btwn Massachusetts Ave & Rhode Island Ave_15 Min Class.pdf",1596996
"ATR 26. Grammercy Place, btwn Massachusetts Ave & Rhode Island Ave_15 Min Class.xlsx",.xlsx,C:\Users\Kschellinger\SJTPO_Git\TAZ_Modular\input\02_May ATRs\26_T,"C:\Users\Kschellinger\SJTPO_Git\TAZ_Modular\input\02_May ATRs\26_T\ATR 26. Grammercy Place, btwn Massachusetts Ave & Rhode Island Ave_15 Min Class.xlsx",45184
"ATR 26. Grammercy Place, btwn Massachusetts Ave & Rhode Island Ave_15 Min Speed.pdf",.pdf,C:\Users\Kschellinger\SJTPO_Git\TAZ_Modular\input\02_May ATRs\26_T,"C:\Users\Kschellinger\SJTPO_Git\TAZ_Modular\input\02_May ATRs\26_T\ATR 26. Grammercy Place, btwn Massachusetts Ave & Rhode Island Ave_15 Min Speed.pdf",1434891
"ATR 26. Grammercy Place, btwn Massachusetts Ave & Rhode Island Ave_15 Min Speed.xlsx",.xlsx,C:\Users\Kschellinger\SJTPO_Git\TAZ_Modular\input\02_May ATRs\26_T,"C:\Users\Kschellinger\SJTPO_Git\TAZ_Modular\input\02_May ATRs\26_T\ATR 26. Grammercy Place, btwn Massachusetts Ave & Rhode Island Ave_15 Min Speed.xlsx",44797
"ATR 26. Grammercy Place, btwn Massachusetts Ave & Rhode Island Ave_15 Min Volume.pdf",.pdf,C:\Users\Kschellinger\SJTPO_Git\TAZ_Modular\input\02_May ATRs\26_T,"C:\Users\Kschellinger\SJTPO_Git\TAZ_Modular\input\02_May ATRs\26_T\ATR 26. Grammercy Place, btwn Massachusetts Ave & Rhode Island Ave_15 Min Volume.pdf",498218
"ATR 26. Grammercy Place, btwn Massachusetts Ave & Rhode Island Ave_15 Min Volume.xlsx",.xlsx,C:\Users\Kschellinger\SJTPO_Git\TAZ_Modular\input\02_May ATRs\26_T,"C:\Users\Kschellinger\SJTPO_Git\TAZ_Modular\input\02_May ATRs\26_T\ATR 26. Grammercy Place, btwn Massachusetts Ave & Rhode Island Ave_15 Min Volume.xlsx",25433
"ATR 26. Grammercy Place, btwn Massachusetts Ave & Rhode Island Ave_60 Min Class.xlsx",.xlsx,C:\Users\Kschellinger\SJTPO_Git\TAZ_Modular\input\02_May ATRs\26_T,"C:\Users\Kschellinger\SJTPO_Git\TAZ_Modular\input\02_May ATRs\26_T\ATR 26. Grammercy Place, btwn Massachusetts Ave & Rhode Island Ave_60 Min Class.xlsx",23808
"ATR 26. Grammercy Place, btwn Massachusetts Ave & Rhode Island Ave_60 Min Speed.pdf",.pdf,C:\Users\Kschellinger\SJTPO_Git\TAZ_Modular\input\02_May ATRs\26_T,"C:\Users\Kschellinger\SJTPO_Git\TAZ_Modular\input\02_May ATRs\26_T\ATR 26. Grammercy Place, btwn Massachusetts Ave & Rhode Island Ave_60 Min Speed.pdf",614087
"ATR 26. Grammercy Place, btwn Massachusetts Ave & Rhode Island Ave_60 Min Speed.xlsx",.xlsx,C:\Users\Kschellinger\SJTPO_Git\TAZ_Modular\input\02_May ATRs\26_T,"C:\Users\Kschellinger\SJTPO_Git\TAZ_Modular\input\02_May ATRs\26_T\ATR 26. Grammercy Place, btwn Massachusetts Ave & Rhode Island Ave_60 Min Speed.xlsx",23819
"ATR 26. Grammercy Place, btwn Massachusetts Ave & Rhode Island Ave_60 Min Volume.pdf",.pdf,C:\Users\Kschellinger\SJTPO_Git\TAZ_Modular\input\02_May ATRs\26_T,"C:\Users\Kschellinger\SJTPO_Git\TAZ_Modular\input\02_May ATRs\26_T\ATR 26. Grammercy Place, btwn Massachusetts Ave & Rhode Island Ave_60 Min Volume.pdf",387437
"ATR 26. Grammercy Place, btwn Massachusetts Ave & Rhode Island Ave_60 Min Volume.xlsx",.xlsx,C:\Users\Kschellinger\SJTPO_Git\TAZ_Modular\input\02_May ATRs\26_T,"C:\Users\Kschellinger\SJTPO_Git\TAZ_Modular\input\02_May ATRs\26_T\ATR 26. Grammercy Place, btwn Massachusetts Ave & Rhode Island Ave_60 Min Volume.xlsx",17953
"ATR 26. Grammercy Place, btwn Massachusetts Ave & Rhode Island Ave_60 MinClass.pdf",.pdf,C:\Users\Kschellinger\SJTPO_Git\TAZ_Modular\input\02_May ATRs\26_T,"C:\Users\Kschellinger\SJTPO_Git\TAZ_Modular\input\02_May ATRs\26_T\ATR 26. Grammercy Place, btwn Massachusetts Ave & Rhode Island Ave_60 MinClass.pdf",643854
ATR 26.tf2,.tf2,C:\Users\Kschellinger\SJTPO_Git\TAZ_Modular\input\02_May ATRs\26_T,C:\Users\Kschellinger\SJTPO_Git\TAZ_Modular\input\02_May ATRs\26_T\ATR 26.tf2,717116
ATR. SJTDM Data Collection_TUBE LAYOUT - 26. Grammercy Pl.pdf,.pdf,C:\Users\Kschellinger\SJTPO_Git\TAZ_Modular\input\02_May ATRs\26_T,C:\Users\Kschellinger\SJTPO_Git\TAZ_Modular\input\02_May ATRs\26_T\ATR. SJTDM Data Collection_TUBE LAYOUT - 26. Grammercy Pl.pdf,259121
"ATR 27. Fairmount Avenue, between California Avenue & Iowa Avenue_15 Minute.csv",.csv,C:\Users\Kschellinger\SJTPO_Git\TAZ_Modular\input\02_May ATRs\27_V,"C:\Users\Kschellinger\SJTPO_Git\TAZ_Modular\input\02_May ATRs\27_V\ATR 27. Fairmount Avenue, between California Avenue & Iowa Avenue_15 Minute.csv",123392
"ATR 27. Fairmount Avenue, between California Avenue & Iowa Avenue_15 Minute.pdf",.pdf,C:\Users\Kschellinger\SJTPO_Git\TAZ_Modular\input\02_May ATRs\27_V,"C:\Users\Kschellinger\SJTPO_Git\TAZ_Modular\input\02_May ATRs\27_V\ATR 27. Fairmount Avenue, between California Avenue & Iowa Avenue_15 Minute.pdf",339024
"ATR 27. Fairmount Avenue, between California Avenue & Iowa Avenue_15 Minute.xlsx",.xlsx,C:\Users\Kschellinger\SJTPO_Git\TAZ_Modular\input\02_May ATRs\27_V,"C:\Users\Kschellinger\SJTPO_Git\TAZ_Modular\input\02_May ATRs\27_V\ATR 27. Fairmount Avenue, between California Avenue & Iowa Avenue_15 Minute.xlsx",813783
"ATR 27. Fairmount Avenue, between California Avenue & Iowa Avenue_60 Minute.csv",.csv,C:\Users\Kschellinger\SJTPO_Git\TAZ_Modular\input\02_May ATRs\27_V,"C:\Users\Kschellinger\SJTPO_Git\TAZ_Modular\input\02_May ATRs\27_V\ATR 27. Fairmount Avenue, between California Avenue & Iowa Avenue_60 Minute.csv",31974
"ATR 27. Fairmount Avenue, between California Avenue & Iowa Avenue_60 Minute.pdf",.pdf,C:\Users\Kschellinger\SJTPO_Git\TAZ_Modular\input\02_May ATRs\27_V,"C:\Users\Kschellinger\SJTPO_Git\TAZ_Modular\input\02_May ATRs\27_V\ATR 27. Fairmount Avenue, between California Avenue & Iowa Avenue_60 Minute.pdf",253401
"ATR 27. Fairmount Avenue, between California Avenue & Iowa Avenue_60 Minute.xlsx",.xlsx,C:\Users\Kschellinger\SJTPO_Git\TAZ_Modular\input\02_May ATRs\27_V,"C:\Users\Kschellinger\SJTPO_Git\TAZ_Modular\input\02_May ATRs\27_V\ATR 27. Fairmount Avenue, between California Avenue & Iowa Avenue_60 Minute.xlsx",276051
ATR 27. Fairmount Avenue_Screen Captures.pdf,.pdf,C:\Users\Kschellinger\SJTPO_Git\TAZ_Modular\input\02_May ATRs\27_V,C:\Users\Kschellinger\SJTPO_Git\TAZ_Modular\input\02_May ATRs\27_V\ATR 27. Fairmount Avenue_Screen Captures.pdf,221038
ATR27_Test_Calculation_Volumes.xlsx,.xlsx,C:\Users\Kschellinger\SJTPO_Git\TAZ_Modular\input\02_May ATRs\27_V,C:\Users\Kschellinger\SJTPO_Git\TAZ_Modular\input\02_May ATRs\27_V\ATR27_Test_Calculation_Volumes.xlsx,85980
"ATR 28. Arctic Avenue, between California Avenue & Iowa Avenue_15 Minute.csv",.csv,C:\Users\Kschellinger\SJTPO_Git\TAZ_Modular\input\02_May ATRs\28_V,"C:\Users\Kschellinger\SJTPO_Git\TAZ_Modular\input\02_May ATRs\28_V\ATR 28. Arctic Avenue, between California Avenue & Iowa Avenue_15 Minute.csv",123441
"ATR 28. Arctic Avenue, between California Avenue & Iowa Avenue_15 Minute.pdf",.pdf,C:\Users\Kschellinger\SJTPO_Git\TAZ_Modular\input\02_May ATRs\28_V,"C:\Users\Kschellinger\SJTPO_Git\TAZ_Modular\input\02_May ATRs\28_V\ATR 28. Arctic Avenue, between California Avenue & Iowa Avenue_15 Minute.pdf",340197
"ATR 28. Arctic Avenue, between California Avenue & Iowa Avenue_15 Minute.xlsx",.xlsx,C:\Users\Kschellinger\SJTPO_Git\TAZ_Modular\input\02_May ATRs\28_V,"C:\Users\Kschellinger\SJTPO_Git\TAZ_Modular\input\02_May ATRs\28_V\ATR 28. Arctic Avenue, between California Avenue & Iowa Avenue_15 Minute.xlsx",814423
"ATR 28. Arctic Avenue, between California Avenue & Iowa Avenue_60 Minute.csv",.csv,C:\Users\Kschellinger\SJTPO_Git\TAZ_Modular\input\02_May ATRs\28_V,"C:\Users\Kschellinger\SJTPO_Git\TAZ_Modular\input\02_May ATRs\28_V\ATR 28. Arctic Avenue, between California Avenue & Iowa Avenue_60 Minute.csv",31993
"ATR 28. Arctic Avenue, between California Avenue & Iowa Avenue_60 Minute.pdf",.pdf,C:\Users\Kschellinger\SJTPO_Git\TAZ_Modular\input\02_May ATRs\28_V,"C:\Users\Kschellinger\SJTPO_Git\TAZ_Modular\input\02_May ATRs\28_V\ATR 28. Arctic Avenue, between California Avenue & Iowa Avenue_60 Minute.pdf",251871
"ATR 28. Arctic Avenue, between California Avenue & Iowa Avenue_60 Minute.xlsx",.xlsx,C:\Users\Kschellinger\SJTPO_Git\TAZ_Modular\input\02_May ATRs\28_V,"C:\Users\Kschellinger\SJTPO_Git\TAZ_Modular\input\02_May ATRs\28_V\ATR 28. Arctic Avenue, between California Avenue & Iowa Avenue_60 Minute.xlsx",276476
ATR 28. Arctic Avenue_Screen Captures.pdf,.pdf,C:\Users\Kschellinger\SJTPO_Git\TAZ_Modular\input\02_May ATRs\28_V,C:\Users\Kschellinger\SJTPO_Git\TAZ_Modular\input\02_May ATRs\28_V\ATR 28. Arctic Avenue_Screen Captures.pdf,222372
ATR28_Test_Calculation_Volumes.xlsx,.xlsx,C:\Users\Kschellinger\SJTPO_Git\TAZ_Modular\input\02_May ATRs\28_V,C:\Users\Kschellinger\SJTPO_Git\TAZ_Modular\input\02_May ATRs\28_V\ATR28_Test_Calculation_Volumes.xlsx,92146
"ATR 29. Ventnor Avenue, between Trenton Avenue & Black Horse Pike_15 Minute.csv",.csv,C:\Users\Kschellinger\SJTPO_Git\TAZ_Modular\input\02_May ATRs\29_V,"C:\Users\Kschellinger\SJTPO_Git\TAZ_Modular\input\02_May ATRs\29_V\ATR 29. Ventnor Avenue, between Trenton Avenue & Black Horse Pike_15 Minute.csv",123549
"ATR 29. Ventnor Avenue, between Trenton Avenue & Black Horse Pike_15 Minute.pdf",.pdf,C:\Users\Kschellinger\SJTPO_Git\TAZ_Modular\input\02_May ATRs\29_V,"C:\Users\Kschellinger\SJTPO_Git\TAZ_Modular\input\02_May ATRs\29_V\ATR 29. Ventnor Avenue, between Trenton Avenue & Black Horse Pike_15 Minute.pdf",448506
"ATR 29. Ventnor Avenue, between Trenton Avenue & Black Horse Pike_15 Minute.xlsx",.xlsx,C:\Users\Kschellinger\SJTPO_Git\TAZ_Modular\input\02_May ATRs\29_V,"C:\Users\Kschellinger\SJTPO_Git\TAZ_Modular\input\02_May ATRs\29_V\ATR 29. Ventnor Avenue, between Trenton Avenue & Black Horse Pike_15 Minute.xlsx",846308
"ATR 29. Ventnor Avenue, between Trenton Avenue & Black Horse Pike_60 Minute.csv",.csv,C:\Users\Kschellinger\SJTPO_Git\TAZ_Modular\input\02_May ATRs\29_V,"C:\Users\Kschellinger\SJTPO_Git\TAZ_Modular\input\02_May ATRs\29_V\ATR 29. Ventnor Avenue, between Trenton Avenue & Black Horse Pike_60 Minute.csv",32139
"ATR 29. Ventnor Avenue, between Trenton Avenue & Black Horse Pike_60 Minute.pdf",.pdf,C:\Users\Kschellinger\SJTPO_Git\TAZ_Modular\input\02_May ATRs\29_V,"C:\Users\Kschellinger\SJTPO_Git\TAZ_Modular\input\02_May ATRs\29_V\ATR 29. Ventnor Avenue, between Trenton Avenue & Black Horse Pike_60 Minute.pdf",345797
"ATR 29. Ventnor Avenue, between Trenton Avenue & Black Horse Pike_60 Minute.xlsx",.xlsx,C:\Users\Kschellinger\SJTPO_Git\TAZ_Modular\input\02_May ATRs\29_V,"C:\Users\Kschellinger\SJTPO_Git\TAZ_Modular\input\02_May ATRs\29_V\ATR 29. Ventnor Avenue, between Trenton Avenue & Black Horse Pike_60 Minute.xlsx",290050
ATR 29. Ventnor Avenue_Screen Captures.pdf,.pdf,C:\Users\Kschellinger\SJTPO_Git\TAZ_Modular\input\02_May ATRs\29_V,C:\Users\Kschellinger\SJTPO_Git\TAZ_Modular\input\02_May ATRs\29_V\ATR 29. Ventnor Avenue_Screen Captures.pdf,224736
ATR29_Test_Calculation_Volumes.xlsx,.xlsx,C:\Users\Kschellinger\SJTPO_Git\TAZ_Modular\input\02_May ATRs\29_V,C:\Users\Kschellinger\SJTPO_Git\TAZ_Modular\input\02_May ATRs\29_V\ATR29_Test_Calculation_Volumes.xlsx,89658
"ATR 30. Atlantic Avenue, between Roosevelt Place & Black Horse Pike_15 Minute.csv",.csv,C:\Users\Kschellinger\SJTPO_Git\TAZ_Modular\input\02_May ATRs\30_V,"C:\Users\Kschellinger\SJTPO_Git\TAZ_Modular\input\02_May ATRs\30_V\ATR 30. Atlantic Avenue, between Roosevelt Place & Black Horse Pike_15 Minute.csv",140378
"ATR 30. Atlantic Avenue, between Roosevelt Place & Black Horse Pike_15 Minute.pdf",.pdf,C:\Users\Kschellinger\SJTPO_Git\TAZ_Modular\input\02_May ATRs\30_V,"C:\Users\Kschellinger\SJTPO_Git\TAZ_Modular\input\02_May ATRs\30_V\ATR 30. Atlantic Avenue, between Roosevelt Place & Black Horse Pike_15 Minute.pdf",474253
"ATR 30. Atlantic Avenue, between Roosevelt Place & Black Horse Pike_15 Minute.xlsx",.xlsx,C:\Users\Kschellinger\SJTPO_Git\TAZ_Modular\input\02_May ATRs\30_V,"C:\Users\Kschellinger\SJTPO_Git\TAZ_Modular\input\02_May ATRs\30_V\ATR 30. Atlantic Avenue, between Roosevelt Place & Black Horse Pike_15 Minute.xlsx",1200738
"ATR 30. Atlantic Avenue, between Roosevelt Place & Black Horse Pike_60 Minute.csv",.csv,C:\Users\Kschellinger\SJTPO_Git\TAZ_Modular\input\02_May ATRs\30_V,"C:\Users\Kschellinger\SJTPO_Git\TAZ_Modular\input\02_May ATRs\30_V\ATR 30. Atlantic Avenue, between Roosevelt Place & Black Horse Pike_60 Minute.csv",36562
"ATR 30. Atlantic Avenue, between Roosevelt Place & Black Horse Pike_60 Minute.pdf",.pdf,C:\Users\Kschellinger\SJTPO_Git\TAZ_Modular\input\02_May ATRs\30_V,"C:\Users\Kschellinger\SJTPO_Git\TAZ_Modular\input\02_May ATRs\30_V\ATR 30. Atlantic Avenue, between Roosevelt Place & Black Horse Pike_60 Minute.pdf",350210
"ATR 30. Atlantic Avenue, between Roosevelt Place & Black Horse Pike_60 Minute.xlsx",.xlsx,C:\Users\Kschellinger\SJTPO_Git\TAZ_Modular\input\02_May ATRs\30_V,"C:\Users\Kschellinger\SJTPO_Git\TAZ_Modular\input\02_May ATRs\30_V\ATR 30. Atlantic Avenue, between Roosevelt Place & Black Horse Pike_60 Minute.xlsx",390367
ATR 30. Atlantic Avenue_Screen Captures.pdf,.pdf,C:\Users\Kschellinger\SJTPO_Git\TAZ_Modular\input\02_May ATRs\30_V,C:\Users\Kschellinger\SJTPO_Git\TAZ_Modular\input\02_May ATRs\30_V\ATR 30. Atlantic Avenue_Screen Captures.pdf,226134
ATR30_Test_Calculation_Volumes.xlsx,.xlsx,C:\Users\Kschellinger\SJTPO_Git\TAZ_Modular\input\02_May ATRs\30_V,C:\Users\Kschellinger\SJTPO_Git\TAZ_Modular\input\02_May ATRs\30_V\ATR30_Test_Calculation_Volumes.xlsx,115505
CLASS_17ms6a_2025-05-01.xls,.xls,C:\Users\Kschellinger\SJTPO_Git\TAZ_Modular\input\02_May ATRs\31_NJDOT\2025\2-WAY,C:\Users\Kschellinger\SJTPO_Git\TAZ_Modular\input\02_May ATRs\31_NJDOT\2025\2-WAY\CLASS_17ms6a_2025-05-01.xls,21138
CLASS_17ms6a_2025-05-02.xls,.xls,C:\Users\Kschellinger\SJTPO_Git\TAZ_Modular\input\02_May ATRs\31_NJDOT\2025\2-WAY,C:\Users\Kschellinger\SJTPO_Git\TAZ_Modular\input\02_May ATRs\31_NJDOT\2025\2-WAY\CLASS_17ms6a_2025-05-02.xls,21154
CLASS_17ms6a_2025-05-03.xls,.xls,C:\Users\Kschellinger\SJTPO_Git\TAZ_Modular\input\02_May ATRs\31_NJDOT\2025\2-WAY,C:\Users\Kschellinger\SJTPO_Git\TAZ_Modular\input\02_May ATRs\31_NJDOT\2025\2-WAY\CLASS_17ms6a_2025-05-03.xls,21156
CLASS_17ms6a_2025-05-04.xls,.xls,C:\Users\Kschellinger\SJTPO_Git\TAZ_Modular\input\02_May ATRs\31_NJDOT\2025\2-WAY,C:\Users\Kschellinger\SJTPO_Git\TAZ_Modular\input\02_May ATRs\31_NJDOT\2025\2-WAY\CLASS_17ms6a_2025-05-04.xls,21102
CLASS_17ms6a_2025-05-05.xls,.xls,C:\Users\Kschellinger\SJTPO_Git\TAZ_Modular\input\02_May ATRs\31_NJDOT\2025\2-WAY,C:\Users\Kschellinger\SJTPO_Git\TAZ_Modular\input\02_May ATRs\31_NJDOT\2025\2-WAY\CLASS_17ms6a_2025-05-05.xls,21123
CLASS_17ms6a_2025-05-06.xls,.xls,C:\Users\Kschellinger\SJTPO_Git\TAZ_Modular\input\02_May ATRs\31_NJDOT\2025\2-WAY,C:\Users\Kschellinger\SJTPO_Git\TAZ_Modular\input\02_May ATRs\31_NJDOT\2025\2-WAY\CLASS_17ms6a_2025-05-06.xls,21111
CLASS_17ms6a_2025-05-07.xls,.xls,C:\Users\Kschellinger\SJTPO_Git\TAZ_Modular\input\02_May ATRs\31_NJDOT\2025\2-WAY,C:\Users\Kschellinger\SJTPO_Git\TAZ_Modular\input\02_May ATRs\31_NJDOT\2025\2-WAY\CLASS_17ms6a_2025-05-07.xls,21128
CLASS_17ms6a_NB_2025-05-01.xls,.xls,C:\Users\Kschellinger\SJTPO_Git\TAZ_Modular\input\02_May ATRs\31_NJDOT\2025\NB,C:\Users\Kschellinger\SJTPO_Git\TAZ_Modular\input\02_May ATRs\31_NJDOT\2025\NB\CLASS_17ms6a_NB_2025-05-01.xls,21053
CLASS_17ms6a_NB_2025-05-02.xls,.xls,C:\Users\Kschellinger\SJTPO_Git\TAZ_Modular\input\02_May ATRs\31_NJDOT\2025\NB,C:\Users\Kschellinger\SJTPO_Git\TAZ_Modular\input\02_May ATRs\31_NJDOT\2025\NB\CLASS_17ms6a_NB_2025-05-02.xls,21076
CLASS_17ms6a_NB_2025-05-03.xls,.xls,C:\Users\Kschellinger\SJTPO_Git\TAZ_Modular\input\02_May ATRs\31_NJDOT\2025\NB,C:\Users\Kschellinger\SJTPO_Git\TAZ_Modular\input\02_May ATRs\31_NJDOT\2025\NB\CLASS_17ms6a_NB_2025-05-03.xls,21086
CLASS_17ms6a_NB_2025-05-04.xls,.xls,C:\Users\Kschellinger\SJTPO_Git\TAZ_Modular\input\02_May ATRs\31_NJDOT\2025\NB,C:\Users\Kschellinger\SJTPO_Git\TAZ_Modular\input\02_May ATRs\31_NJDOT\2025\NB\CLASS_17ms6a_NB_2025-05-04.xls,21035
CLASS_17ms6a_NB_2025-05-05.xls,.xls,C:\Users\Kschellinger\SJTPO_Git\TAZ_Modular\input\02_May ATRs\31_NJDOT\2025\NB,C:\Users\Kschellinger\SJTPO_Git\TAZ_Modular\input\02_May ATRs\31_NJDOT\2025\NB\CLASS_17ms6a_NB_2025-05-05.xls,21044
CLASS_17ms6a_NB_2025-05-06.xls,.xls,C:\Users\Kschellinger\SJTPO_Git\TAZ_Modular\input\02_May ATRs\31_NJDOT\2025\NB,C:\Users\Kschellinger\SJTPO_Git\TAZ_Modular\input\02_May ATRs\31_NJDOT\2025\NB\CLASS_17ms6a_NB_2025-05-06.xls,21035
CLASS_17ms6a_NB_2025-05-07.xls,.xls,C:\Users\Kschellinger\SJTPO_Git\TAZ_Modular\input\02_May ATRs\31_NJDOT\2025\NB,C:\Users\Kschellinger\SJTPO_Git\TAZ_Modular\input\02_May ATRs\31_NJDOT\2025\NB\CLASS_17ms6a_NB_2025-05-07.xls,21051
CLASS_17ms6a_SB_2025-05-01.xls,.xls,C:\Users\Kschellinger\SJTPO_Git\TAZ_Modular\input\02_May ATRs\31_NJDOT\2025\SB,C:\Users\Kschellinger\SJTPO_Git\TAZ_Modular\input\02_May ATRs\31_NJDOT\2025\SB\CLASS_17ms6a_SB_2025-05-01.xls,21030
CLASS_17ms6a_SB_2025-05-02.xls,.xls,C:\Users\Kschellinger\SJTPO_Git\TAZ_Modular\input\02_May ATRs\31_NJDOT\2025\SB,C:\Users\Kschellinger\SJTPO_Git\TAZ_Modular\input\02_May ATRs\31_NJDOT\2025\SB\CLASS_17ms6a_SB_2025-05-02.xls,21047
CLASS_17ms6a_SB_2025-05-03.xls,.xls,C:\Users\Kschellinger\SJTPO_Git\TAZ_Modular\input\02_May ATRs\31_NJDOT\2025\SB,C:\Users\Kschellinger\SJTPO_Git\TAZ_Modular\input\02_May ATRs\31_NJDOT\2025\SB\CLASS_17ms6a_SB_2025-05-03.xls,21054
CLASS_17ms6a_SB_2025-05-04.xls,.xls,C:\Users\Kschellinger\SJTPO_Git\TAZ_Modular\input\02_May ATRs\31_NJDOT\2025\SB,C:\Users\Kschellinger\SJTPO_Git\TAZ_Modular\input\02_May ATRs\31_NJDOT\2025\SB\CLASS_17ms6a_SB_2025-05-04.xls,21023
CLASS_17ms6a_SB_2025-05-05.xls,.xls,C:\Users\Kschellinger\SJTPO_Git\TAZ_Modular\input\02_May ATRs\31_NJDOT\2025\SB,C:\Users\Kschellinger\SJTPO_Git\TAZ_Modular\input\02_May ATRs\31_NJDOT\2025\SB\CLASS_17ms6a_SB_2025-05-05.xls,21005
CLASS_17ms6a_SB_2025-05-06.xls,.xls,C:\Users\Kschellinger\SJTPO_Git\TAZ_Modular\input\02_May ATRs\31_NJDOT\2025\SB,C:\Users\Kschellinger\SJTPO_Git\TAZ_Modular\input\02_May ATRs\31_NJDOT\2025\SB\CLASS_17ms6a_SB_2025-05-06.xls,21005
CLASS_17ms6a_SB_2025-05-07.xls,.xls,C:\Users\Kschellinger\SJTPO_Git\TAZ_Modular\input\02_May ATRs\31_NJDOT\2025\SB,C:\Users\Kschellinger\SJTPO_Git\TAZ_Modular\input\02_May ATRs\31_NJDOT\2025\SB\CLASS_17ms6a_SB_2025-05-07.xls,21017
CLASS_17ms6a_2026-05-01.xls,.xls,C:\Users\Kschellinger\SJTPO_Git\TAZ_Modular\input\02_May ATRs\31_NJDOT\2026\2-WAY,C:\Users\Kschellinger\SJTPO_Git\TAZ_Modular\input\02_May ATRs\31_NJDOT\2026\2-WAY\CLASS_17ms6a_2026-05-01.xls,21173
CLASS_17ms6a_2026-05-02.xls,.xls,C:\Users\Kschellinger\SJTPO_Git\TAZ_Modular\input\02_May ATRs\31_NJDOT\2026\2-WAY,C:\Users\Kschellinger\SJTPO_Git\TAZ_Modular\input\02_May ATRs\31_NJDOT\2026\2-WAY\CLASS_17ms6a_2026-05-02.xls,21172
CLASS_17ms6a_2026-05-03.xls,.xls,C:\Users\Kschellinger\SJTPO_Git\TAZ_Modular\input\02_May ATRs\31_NJDOT\2026\2-WAY,C:\Users\Kschellinger\SJTPO_Git\TAZ_Modular\input\02_May ATRs\31_NJDOT\2026\2-WAY\CLASS_17ms6a_2026-05-03.xls,21136
CLASS_17ms6a_2026-05-04.xls,.xls,C:\Users\Kschellinger\SJTPO_Git\TAZ_Modular\input\02_May ATRs\31_NJDOT\2026\2-WAY,C:\Users\Kschellinger\SJTPO_Git\TAZ_Modular\input\02_May ATRs\31_NJDOT\2026\2-WAY\CLASS_17ms6a_2026-05-04.xls,21140
CLASS_17ms6a_2026-05-05.xls,.xls,C:\Users\Kschellinger\SJTPO_Git\TAZ_Modular\input\02_May ATRs\31_NJDOT\2026\2-WAY,C:\Users\Kschellinger\SJTPO_Git\TAZ_Modular\input\02_May ATRs\31_NJDOT\2026\2-WAY\CLASS_17ms6a_2026-05-05.xls,21141
CLASS_17ms6a_2026-05-06.xls,.xls,C:\Users\Kschellinger\SJTPO_Git\TAZ_Modular\input\02_May ATRs\31_NJDOT\2026\2-WAY,C:\Users\Kschellinger\SJTPO_Git\TAZ_Modular\input\02_May ATRs\31_NJDOT\2026\2-WAY\CLASS_17ms6a_2026-05-06.xls,21137
CLASS_17ms6a_2026-05-07.xls,.xls,C:\Users\Kschellinger\SJTPO_Git\TAZ_Modular\input\02_May ATRs\31_NJDOT\2026\2-WAY,C:\Users\Kschellinger\SJTPO_Git\TAZ_Modular\input\02_May ATRs\31_NJDOT\2026\2-WAY\CLASS_17ms6a_2026-05-07.xls,21153
CLASS_17ms6a_2026-05-08.xls,.xls,C:\Users\Kschellinger\SJTPO_Git\TAZ_Modular\input\02_May ATRs\31_NJDOT\2026\2-WAY,C:\Users\Kschellinger\SJTPO_Git\TAZ_Modular\input\02_May ATRs\31_NJDOT\2026\2-WAY\CLASS_17ms6a_2026-05-08.xls,21177
CLASS_17ms6a_2026-05-09.xls,.xls,C:\Users\Kschellinger\SJTPO_Git\TAZ_Modular\input\02_May ATRs\31_NJDOT\2026\2-WAY,C:\Users\Kschellinger\SJTPO_Git\TAZ_Modular\input\02_May ATRs\31_NJDOT\2026\2-WAY\CLASS_17ms6a_2026-05-09.xls,21201
CLASS_17ms6a_2026-05-10.xls,.xls,C:\Users\Kschellinger\SJTPO_Git\TAZ_Modular\input\02_May ATRs\31_NJDOT\2026\2-WAY,C:\Users\Kschellinger\SJTPO_Git\TAZ_Modular\input\02_May ATRs\31_NJDOT\2026\2-WAY\CLASS_17ms6a_2026-05-10.xls,21153
CLASS_17ms6a_2026-05-11.xls,.xls,C:\Users\Kschellinger\SJTPO_Git\TAZ_Modular\input\02_May ATRs\31_NJDOT\2026\2-WAY,C:\Users\Kschellinger\SJTPO_Git\TAZ_Modular\input\02_May ATRs\31_NJDOT\2026\2-WAY\CLASS_17ms6a_2026-05-11.xls,21134
CLASS_17ms6a_2026-05-12.xls,.xls,C:\Users\Kschellinger\SJTPO_Git\TAZ_Modular\input\02_May ATRs\31_NJDOT\2026\2-WAY,C:\Users\Kschellinger\SJTPO_Git\TAZ_Modular\input\02_May ATRs\31_NJDOT\2026\2-WAY\CLASS_17ms6a_2026-05-12.xls,21148
CLASS_17ms6a_2026-05-13.xls,.xls,C:\Users\Kschellinger\SJTPO_Git\TAZ_Modular\input\02_May ATRs\31_NJDOT\2026\2-WAY,C:\Users\Kschellinger\SJTPO_Git\TAZ_Modular\input\02_May ATRs\31_NJDOT\2026\2-WAY\CLASS_17ms6a_2026-05-13.xls,21146
CLASS_17ms6a_2026-05-14.xls,.xls,C:\Users\Kschellinger\SJTPO_Git\TAZ_Modular\input\02_May ATRs\31_NJDOT\2026\2-WAY,C:\Users\Kschellinger\SJTPO_Git\TAZ_Modular\input\02_May ATRs\31_NJDOT\2026\2-WAY\CLASS_17ms6a_2026-05-14.xls,21166
CLASS_17ms6a_NB_2026-05-01.xls,.xls,C:\Users\Kschellinger\SJTPO_Git\TAZ_Modular\input\02_May ATRs\31_NJDOT\2026\NB,C:\Users\Kschellinger\SJTPO_Git\TAZ_Modular\input\02_May ATRs\31_NJDOT\2026\NB\CLASS_17ms6a_NB_2026-05-01.xls,21107
CLASS_17ms6a_NB_2026-05-02.xls,.xls,C:\Users\Kschellinger\SJTPO_Git\TAZ_Modular\input\02_May ATRs\31_NJDOT\2026\NB,C:\Users\Kschellinger\SJTPO_Git\TAZ_Modular\input\02_May ATRs\31_NJDOT\2026\NB\CLASS_17ms6a_NB_2026-05-02.xls,21101
CLASS_17ms6a_NB_2026-05-03.xls,.xls,C:\Users\Kschellinger\SJTPO_Git\TAZ_Modular\input\02_May ATRs\31_NJDOT\2026\NB,C:\Users\Kschellinger\SJTPO_Git\TAZ_Modular\input\02_May ATRs\31_NJDOT\2026\NB\CLASS_17ms6a_NB_2026-05-03.xls,21065
CLASS_17ms6a_NB_2026-05-04.xls,.xls,C:\Users\Kschellinger\SJTPO_Git\TAZ_Modular\input\02_May ATRs\31_NJDOT\2026\NB,C:\Users\Kschellinger\SJTPO_Git\TAZ_Modular\input\02_May ATRs\31_NJDOT\2026\NB\CLASS_17ms6a_NB_2026-05-04.xls,21062
CLASS_17ms6a_NB_2026-05-05.xls,.xls,C:\Users\Kschellinger\SJTPO_Git\TAZ_Modular\input\02_May ATRs\31_NJDOT\2026\NB,C:\Users\Kschellinger\SJTPO_Git\TAZ_Modular\input\02_May ATRs\31_NJDOT\2026\NB\CLASS_17ms6a_NB_2026-05-05.xls,21074
CLASS_17ms6a_NB_2026-05-06.xls,.xls,C:\Users\Kschellinger\SJTPO_Git\TAZ_Modular\input\02_May ATRs\31_NJDOT\2026\NB,C:\Users\Kschellinger\SJTPO_Git\TAZ_Modular\input\02_May ATRs\31_NJDOT\2026\NB\CLASS_17ms6a_NB_2026-05-06.xls,21058
CLASS_17ms6a_NB_2026-05-07.xls,.xls,C:\Users\Kschellinger\SJTPO_Git\TAZ_Modular\input\02_May ATRs\31_NJDOT\2026\NB,C:\Users\Kschellinger\SJTPO_Git\TAZ_Modular\input\02_May ATRs\31_NJDOT\2026\NB\CLASS_17ms6a_NB_2026-05-07.xls,21083
CLASS_17ms6a_NB_2026-05-08.xls,.xls,C:\Users\Kschellinger\SJTPO_Git\TAZ_Modular\input\02_May ATRs\31_NJDOT\2026\NB,C:\Users\Kschellinger\SJTPO_Git\TAZ_Modular\input\02_May ATRs\31_NJDOT\2026\NB\CLASS_17ms6a_NB_2026-05-08.xls,21104
CLASS_17ms6a_NB_2026-05-09.xls,.xls,C:\Users\Kschellinger\SJTPO_Git\TAZ_Modular\input\02_May ATRs\31_NJDOT\2026\NB,C:\Users\Kschellinger\SJTPO_Git\TAZ_Modular\input\02_May ATRs\31_NJDOT\2026\NB\CLASS_17ms6a_NB_2026-05-09.xls,21111
CLASS_17ms6a_NB_2026-05-10.xls,.xls,C:\Users\Kschellinger\SJTPO_Git\TAZ_Modular\input\02_May ATRs\31_NJDOT\2026\NB,C:\Users\Kschellinger\SJTPO_Git\TAZ_Modular\input\02_May ATRs\31_NJDOT\2026\NB\CLASS_17ms6a_NB_2026-05-10.xls,21087
CLASS_17ms6a_NB_2026-05-11.xls,.xls,C:\Users\Kschellinger\SJTPO_Git\TAZ_Modular\input\02_May ATRs\31_NJDOT\2026\NB,C:\Users\Kschellinger\SJTPO_Git\TAZ_Modular\input\02_May ATRs\31_NJDOT\2026\NB\CLASS_17ms6a_NB_2026-05-11.xls,21051
CLASS_17ms6a_NB_2026-05-12.xls,.xls,C:\Users\Kschellinger\SJTPO_Git\TAZ_Modular\input\02_May ATRs\31_NJDOT\2026\NB,C:\Users\Kschellinger\SJTPO_Git\TAZ_Modular\input\02_May ATRs\31_NJDOT\2026\NB\CLASS_17ms6a_NB_2026-05-12.xls,21080
CLASS_17ms6a_NB_2026-05-13.xls,.xls,C:\Users\Kschellinger\SJTPO_Git\TAZ_Modular\input\02_May ATRs\31_NJDOT\2026\NB,C:\Users\Kschellinger\SJTPO_Git\TAZ_Modular\input\02_May ATRs\31_NJDOT\2026\NB\CLASS_17ms6a_NB_2026-05-13.xls,21077
CLASS_17ms6a_NB_2026-05-14.xls,.xls,C:\Users\Kschellinger\SJTPO_Git\TAZ_Modular\input\02_May ATRs\31_NJDOT\2026\NB,C:\Users\Kschellinger\SJTPO_Git\TAZ_Modular\input\02_May ATRs\31_NJDOT\2026\NB\CLASS_17ms6a_NB_2026-05-14.xls,21097
CLASS_17ms6a_SB_2026-05-01.xls,.xls,C:\Users\Kschellinger\SJTPO_Git\TAZ_Modular\input\02_May ATRs\31_NJDOT\2026\SB,C:\Users\Kschellinger\SJTPO_Git\TAZ_Modular\input\02_May ATRs\31_NJDOT\2026\SB\CLASS_17ms6a_SB_2026-05-01.xls,21065
CLASS_17ms6a_SB_2026-05-02.xls,.xls,C:\Users\Kschellinger\SJTPO_Git\TAZ_Modular\input\02_May ATRs\31_NJDOT\2026\SB,C:\Users\Kschellinger\SJTPO_Git\TAZ_Modular\input\02_May ATRs\31_NJDOT\2026\SB\CLASS_17ms6a_SB_2026-05-02.xls,21065
CLASS_17ms6a_SB_2026-05-03.xls,.xls,C:\Users\Kschellinger\SJTPO_Git\TAZ_Modular\input\02_May ATRs\31_NJDOT\2026\SB,C:\Users\Kschellinger\SJTPO_Git\TAZ_Modular\input\02_May ATRs\31_NJDOT\2026\SB\CLASS_17ms6a_SB_2026-05-03.xls,21043
CLASS_17ms6a_SB_2026-05-04.xls,.xls,C:\Users\Kschellinger\SJTPO_Git\TAZ_Modular\input\02_May ATRs\31_NJDOT\2026\SB,C:\Users\Kschellinger\SJTPO_Git\TAZ_Modular\input\02_May ATRs\31_NJDOT\2026\SB\CLASS_17ms6a_SB_2026-05-04.xls,21031
CLASS_17ms6a_SB_2026-05-05.xls,.xls,C:\Users\Kschellinger\SJTPO_Git\TAZ_Modular\input\02_May ATRs\31_NJDOT\2026\SB,C:\Users\Kschellinger\SJTPO_Git\TAZ_Modular\input\02_May ATRs\31_NJDOT\2026\SB\CLASS_17ms6a_SB_2026-05-05.xls,21037
CLASS_17ms6a_SB_2026-05-06.xls,.xls,C:\Users\Kschellinger\SJTPO_Git\TAZ_Modular\input\02_May ATRs\31_NJDOT\2026\SB,C:\Users\Kschellinger\SJTPO_Git\TAZ_Modular\input\02_May ATRs\31_NJDOT\2026\SB\CLASS_17ms6a_SB_2026-05-06.xls,21017
CLASS_17ms6a_SB_2026-05-07.xls,.xls,C:\Users\Kschellinger\SJTPO_Git\TAZ_Modular\input\02_May ATRs\31_NJDOT\2026\SB,C:\Users\Kschellinger\SJTPO_Git\TAZ_Modular\input\02_May ATRs\31_NJDOT\2026\SB\CLASS_17ms6a_SB_2026-05-07.xls,21041
CLASS_17ms6a_SB_2026-05-08.xls,.xls,C:\Users\Kschellinger\SJTPO_Git\TAZ_Modular\input\02_May ATRs\31_NJDOT\2026\SB,C:\Users\Kschellinger\SJTPO_Git\TAZ_Modular\input\02_May ATRs\31_NJDOT\2026\SB\CLASS_17ms6a_SB_2026-05-08.xls,21065
CLASS_17ms6a_SB_2026-05-09.xls,.xls,C:\Users\Kschellinger\SJTPO_Git\TAZ_Modular\input\02_May ATRs\31_NJDOT\2026\SB,C:\Users\Kschellinger\SJTPO_Git\TAZ_Modular\input\02_May ATRs\31_NJDOT\2026\SB\CLASS_17ms6a_SB_2026-05-09.xls,21088
CLASS_17ms6a_SB_2026-05-10.xls,.xls,C:\Users\Kschellinger\SJTPO_Git\TAZ_Modular\input\02_May ATRs\31_NJDOT\2026\SB,C:\Users\Kschellinger\SJTPO_Git\TAZ_Modular\input\02_May ATRs\31_NJDOT\2026\SB\CLASS_17ms6a_SB_2026-05-10.xls,21061
CLASS_17ms6a_SB_2026-05-11.xls,.xls,C:\Users\Kschellinger\SJTPO_Git\TAZ_Modular\input\02_May ATRs\31_NJDOT\2026\SB,C:\Users\Kschellinger\SJTPO_Git\TAZ_Modular\input\02_May ATRs\31_NJDOT\2026\SB\CLASS_17ms6a_SB_2026-05-11.xls,21028
CLASS_17ms6a_SB_2026-05-12.xls,.xls,C:\Users\Kschellinger\SJTPO_Git\TAZ_Modular\input\02_May ATRs\31_NJDOT\2026\SB,C:\Users\Kschellinger\SJTPO_Git\TAZ_Modular\input\02_May ATRs\31_NJDOT\2026\SB\CLASS_17ms6a_SB_2026-05-12.xls,21047
CLASS_17ms6a_SB_2026-05-13.xls,.xls,C:\Users\Kschellinger\SJTPO_Git\TAZ_Modular\input\02_May ATRs\31_NJDOT\2026\SB,C:\Users\Kschellinger\SJTPO_Git\TAZ_Modular\input\02_May ATRs\31_NJDOT\2026\SB\CLASS_17ms6a_SB_2026-05-13.xls,21040
CLASS_17ms6a_SB_2026-05-14.xls,.xls,C:\Users\Kschellinger\SJTPO_Git\TAZ_Modular\input\02_May ATRs\31_NJDOT\2026\SB,C:\Users\Kschellinger\SJTPO_Git\TAZ_Modular\input\02_May ATRs\31_NJDOT\2026\SB\CLASS_17ms6a_SB_2026-05-14.xls,21057
"ATR 32. NJ 47, Delsea Drive, OutFront Pier 47 Marina_15 Minute.csv",.csv,C:\Users\Kschellinger\SJTPO_Git\TAZ_Modular\input\02_May ATRs\32_V,"C:\Users\Kschellinger\SJTPO_Git\TAZ_Modular\input\02_May ATRs\32_V\ATR 32. NJ 47, Delsea Drive, OutFront Pier 47 Marina_15 Minute.csv",141791
"ATR 32. NJ 47, Delsea Drive, OutFront Pier 47 Marina_15 Minute.pdf",.pdf,C:\Users\Kschellinger\SJTPO_Git\TAZ_Modular\input\02_May ATRs\32_V,"C:\Users\Kschellinger\SJTPO_Git\TAZ_Modular\input\02_May ATRs\32_V\ATR 32. NJ 47, Delsea Drive, OutFront Pier 47 Marina_15 Minute.pdf",524334
"ATR 32. NJ 47, Delsea Drive, OutFront Pier 47 Marina_15 Minute.xlsx",.xlsx,C:\Users\Kschellinger\SJTPO_Git\TAZ_Modular\input\02_May ATRs\32_V,"C:\Users\Kschellinger\SJTPO_Git\TAZ_Modular\input\02_May ATRs\32_V\ATR 32. NJ 47, Delsea Drive, OutFront Pier 47 Marina_15 Minute.xlsx",1205404
"ATR 32. NJ 47, Delsea Drive, OutFront Pier 47 Marina_60 Minute.csv",.csv,C:\Users\Kschellinger\SJTPO_Git\TAZ_Modular\input\02_May ATRs\32_V,"C:\Users\Kschellinger\SJTPO_Git\TAZ_Modular\input\02_May ATRs\32_V\ATR 32. NJ 47, Delsea Drive, OutFront Pier 47 Marina_60 Minute.csv",36867
"ATR 32. NJ 47, Delsea Drive, OutFront Pier 47 Marina_60 Minute.pdf",.pdf,C:\Users\Kschellinger\SJTPO_Git\TAZ_Modular\input\02_May ATRs\32_V,"C:\Users\Kschellinger\SJTPO_Git\TAZ_Modular\input\02_May ATRs\32_V\ATR 32. NJ 47, Delsea Drive, OutFront Pier 47 Marina_60 Minute.pdf",397085
"ATR 32. NJ 47, Delsea Drive, OutFront Pier 47 Marina_60 Minute.xlsx",.xlsx,C:\Users\Kschellinger\SJTPO_Git\TAZ_Modular\input\02_May ATRs\32_V,"C:\Users\Kschellinger\SJTPO_Git\TAZ_Modular\input\02_May ATRs\32_V\ATR 32. NJ 47, Delsea Drive, OutFront Pier 47 Marina_60 Minute.xlsx",391860
ATR 32. NJ 47_Screen Captures.pdf,.pdf,C:\Users\Kschellinger\SJTPO_Git\TAZ_Modular\input\02_May ATRs\32_V,C:\Users\Kschellinger\SJTPO_Git\TAZ_Modular\input\02_May ATRs\32_V\ATR 32. NJ 47_Screen Captures.pdf,218936
ATR32_Test_Calculation_Volumes.xlsx,.xlsx,C:\Users\Kschellinger\SJTPO_Git\TAZ_Modular\input\02_May ATRs\32_V,C:\Users\Kschellinger\SJTPO_Git\TAZ_Modular\input\02_May ATRs\32_V\ATR32_Test_Calculation_Volumes.xlsx,119530
"ATR 33. NJ 147, N Wildwood Boulevard, West of the Old Wildwood Boulevard Jug Handle_15 Minute.csv",.csv,C:\Users\Kschellinger\SJTPO_Git\TAZ_Modular\input\02_May ATRs\33_V,"C:\Users\Kschellinger\SJTPO_Git\TAZ_Modular\input\02_May ATRs\33_V\ATR 33. NJ 147, N Wildwood Boulevard, West of the Old Wildwood Boulevard Jug Handle_15 Minute.csv",148565
"ATR 33. NJ 147, N Wildwood Boulevard, West of the Old Wildwood Boulevard Jug Handle_15 Minute.pdf",.pdf,C:\Users\Kschellinger\SJTPO_Git\TAZ_Modular\input\02_May ATRs\33_V,"C:\Users\Kschellinger\SJTPO_Git\TAZ_Modular\input\02_May ATRs\33_V\ATR 33. NJ 147, N Wildwood Boulevard, West of the Old Wildwood Boulevard Jug Handle_15 Minute.pdf",482673
"ATR 33. NJ 147, N Wildwood Boulevard, West of the Old Wildwood Boulevard Jug Handle_15 Minute.xlsx",.xlsx,C:\Users\Kschellinger\SJTPO_Git\TAZ_Modular\input\02_May ATRs\33_V,"C:\Users\Kschellinger\SJTPO_Git\TAZ_Modular\input\02_May ATRs\33_V\ATR 33. NJ 147, N Wildwood Boulevard, West of the Old Wildwood Boulevard Jug Handle_15 Minute.xlsx",1377608
"ATR 33. NJ 147, N Wildwood Boulevard, West of the Old Wildwood Boulevard Jug Handle_60 Minute.csv",.csv,C:\Users\Kschellinger\SJTPO_Git\TAZ_Modular\input\02_May ATRs\33_V,"C:\Users\Kschellinger\SJTPO_Git\TAZ_Modular\input\02_May ATRs\33_V\ATR 33. NJ 147, N Wildwood Boulevard, West of the Old Wildwood Boulevard Jug Handle_60 Minute.csv",35122
"ATR 33. NJ 147, N Wildwood Boulevard, West of the Old Wildwood Boulevard Jug Handle_60 Minute.pdf",.pdf,C:\Users\Kschellinger\SJTPO_Git\TAZ_Modular\input\02_May ATRs\33_V,"C:\Users\Kschellinger\SJTPO_Git\TAZ_Modular\input\02_May ATRs\33_V\ATR 33. NJ 147, N Wildwood Boulevard, West of the Old Wildwood Boulevard Jug Handle_60 Minute.pdf",350810
"ATR 33. NJ 147, N Wildwood Boulevard, West of the Old Wildwood Boulevard Jug Handle_60 Minute.xlsx",.xlsx,C:\Users\Kschellinger\SJTPO_Git\TAZ_Modular\input\02_May ATRs\33_V,"C:\Users\Kschellinger\SJTPO_Git\TAZ_Modular\input\02_May ATRs\33_V\ATR 33. NJ 147, N Wildwood Boulevard, West of the Old Wildwood Boulevard Jug Handle_60 Minute.xlsx",439782
ATR 33. NJ 147_Screen Captures.pdf,.pdf,C:\Users\Kschellinger\SJTPO_Git\TAZ_Modular\input\02_May ATRs\33_V,C:\Users\Kschellinger\SJTPO_Git\TAZ_Modular\input\02_May ATRs\33_V\ATR 33. NJ 147_Screen Captures.pdf,224359
ATR33_Test_Calculation_Volumes.xlsx,.xlsx,C:\Users\Kschellinger\SJTPO_Git\TAZ_Modular\input\02_May ATRs\33_V,C:\Users\Kschellinger\SJTPO_Git\TAZ_Modular\input\02_May ATRs\33_V\ATR33_Test_Calculation_Volumes.xlsx,107274
CLASS_17ms8a_2025-05-01.xls,.xls,C:\Users\Kschellinger\SJTPO_Git\TAZ_Modular\input\02_May ATRs\34_NJDOT\2025\2-WAY,C:\Users\Kschellinger\SJTPO_Git\TAZ_Modular\input\02_May ATRs\34_NJDOT\2025\2-WAY\CLASS_17ms8a_2025-05-01.xls,21222
CLASS_17ms8a_2025-05-02.xls,.xls,C:\Users\Kschellinger\SJTPO_Git\TAZ_Modular\input\02_May ATRs\34_NJDOT\2025\2-WAY,C:\Users\Kschellinger\SJTPO_Git\TAZ_Modular\input\02_May ATRs\34_NJDOT\2025\2-WAY\CLASS_17ms8a_2025-05-02.xls,21259
CLASS_17ms8a_2025-05-03.xls,.xls,C:\Users\Kschellinger\SJTPO_Git\TAZ_Modular\input\02_May ATRs\34_NJDOT\2025\2-WAY,C:\Users\Kschellinger\SJTPO_Git\TAZ_Modular\input\02_May ATRs\34_NJDOT\2025\2-WAY\CLASS_17ms8a_2025-05-03.xls,21241
CLASS_17ms8a_2025-05-04.xls,.xls,C:\Users\Kschellinger\SJTPO_Git\TAZ_Modular\input\02_May ATRs\34_NJDOT\2025\2-WAY,C:\Users\Kschellinger\SJTPO_Git\TAZ_Modular\input\02_May ATRs\34_NJDOT\2025\2-WAY\CLASS_17ms8a_2025-05-04.xls,21148
CLASS_17ms8a_2025-05-05.xls,.xls,C:\Users\Kschellinger\SJTPO_Git\TAZ_Modular\input\02_May ATRs\34_NJDOT\2025\2-WAY,C:\Users\Kschellinger\SJTPO_Git\TAZ_Modular\input\02_May ATRs\34_NJDOT\2025\2-WAY\CLASS_17ms8a_2025-05-05.xls,21203
CLASS_17ms8a_2025-05-06.xls,.xls,C:\Users\Kschellinger\SJTPO_Git\TAZ_Modular\input\02_May ATRs\34_NJDOT\2025\2-WAY,C:\Users\Kschellinger\SJTPO_Git\TAZ_Modular\input\02_May ATRs\34_NJDOT\2025\2-WAY\CLASS_17ms8a_2025-05-06.xls,21211
CLASS_17ms8a_2025-05-07.xls,.xls,C:\Users\Kschellinger\SJTPO_Git\TAZ_Modular\input\02_May ATRs\34_NJDOT\2025\2-WAY,C:\Users\Kschellinger\SJTPO_Git\TAZ_Modular\input\02_May ATRs\34_NJDOT\2025\2-WAY\CLASS_17ms8a_2025-05-07.xls,21215
CLASS_17ms8a_NB_2025-05-01.xls,.xls,C:\Users\Kschellinger\SJTPO_Git\TAZ_Modular\input\02_May ATRs\34_NJDOT\2025\NB,C:\Users\Kschellinger\SJTPO_Git\TAZ_Modular\input\02_May ATRs\34_NJDOT\2025\NB\CLASS_17ms8a_NB_2025-05-01.xls,21110
CLASS_17ms8a_NB_2025-05-02.xls,.xls,C:\Users\Kschellinger\SJTPO_Git\TAZ_Modular\input\02_May ATRs\34_NJDOT\2025\NB,C:\Users\Kschellinger\SJTPO_Git\TAZ_Modular\input\02_May ATRs\34_NJDOT\2025\NB\CLASS_17ms8a_NB_2025-05-02.xls,21124
CLASS_17ms8a_NB_2025-05-03.xls,.xls,C:\Users\Kschellinger\SJTPO_Git\TAZ_Modular\input\02_May ATRs\34_NJDOT\2025\NB,C:\Users\Kschellinger\SJTPO_Git\TAZ_Modular\input\02_May ATRs\34_NJDOT\2025\NB\CLASS_17ms8a_NB_2025-05-03.xls,21107
CLASS_17ms8a_NB_2025-05-04.xls,.xls,C:\Users\Kschellinger\SJTPO_Git\TAZ_Modular\input\02_May ATRs\34_NJDOT\2025\NB,C:\Users\Kschellinger\SJTPO_Git\TAZ_Modular\input\02_May ATRs\34_NJDOT\2025\NB\CLASS_17ms8a_NB_2025-05-04.xls,21055
CLASS_17ms8a_NB_2025-05-05.xls,.xls,C:\Users\Kschellinger\SJTPO_Git\TAZ_Modular\input\02_May ATRs\34_NJDOT\2025\NB,C:\Users\Kschellinger\SJTPO_Git\TAZ_Modular\input\02_May ATRs\34_NJDOT\2025\NB\CLASS_17ms8a_NB_2025-05-05.xls,21093
CLASS_17ms8a_NB_2025-05-06.xls,.xls,C:\Users\Kschellinger\SJTPO_Git\TAZ_Modular\input\02_May ATRs\34_NJDOT\2025\NB,C:\Users\Kschellinger\SJTPO_Git\TAZ_Modular\input\02_May ATRs\34_NJDOT\2025\NB\CLASS_17ms8a_NB_2025-05-06.xls,21097
CLASS_17ms8a_NB_2025-05-07.xls,.xls,C:\Users\Kschellinger\SJTPO_Git\TAZ_Modular\input\02_May ATRs\34_NJDOT\2025\NB,C:\Users\Kschellinger\SJTPO_Git\TAZ_Modular\input\02_May ATRs\34_NJDOT\2025\NB\CLASS_17ms8a_NB_2025-05-07.xls,21101
CLASS_17ms8a_SB_2025-05-01.xls,.xls,C:\Users\Kschellinger\SJTPO_Git\TAZ_Modular\input\02_May ATRs\34_NJDOT\2025\SB,C:\Users\Kschellinger\SJTPO_Git\TAZ_Modular\input\02_May ATRs\34_NJDOT\2025\SB\CLASS_17ms8a_SB_2025-05-01.xls,21123
CLASS_17ms8a_SB_2025-05-02.xls,.xls,C:\Users\Kschellinger\SJTPO_Git\TAZ_Modular\input\02_May ATRs\34_NJDOT\2025\SB,C:\Users\Kschellinger\SJTPO_Git\TAZ_Modular\input\02_May ATRs\34_NJDOT\2025\SB\CLASS_17ms8a_SB_2025-05-02.xls,21140
CLASS_17ms8a_SB_2025-05-03.xls,.xls,C:\Users\Kschellinger\SJTPO_Git\TAZ_Modular\input\02_May ATRs\34_NJDOT\2025\SB,C:\Users\Kschellinger\SJTPO_Git\TAZ_Modular\input\02_May ATRs\34_NJDOT\2025\SB\CLASS_17ms8a_SB_2025-05-03.xls,21113
CLASS_17ms8a_SB_2025-05-04.xls,.xls,C:\Users\Kschellinger\SJTPO_Git\TAZ_Modular\input\02_May ATRs\34_NJDOT\2025\SB,C:\Users\Kschellinger\SJTPO_Git\TAZ_Modular\input\02_May ATRs\34_NJDOT\2025\SB\CLASS_17ms8a_SB_2025-05-04.xls,21065
CLASS_17ms8a_SB_2025-05-05.xls,.xls,C:\Users\Kschellinger\SJTPO_Git\TAZ_Modular\input\02_May ATRs\34_NJDOT\2025\SB,C:\Users\Kschellinger\SJTPO_Git\TAZ_Modular\input\02_May ATRs\34_NJDOT\2025\SB\CLASS_17ms8a_SB_2025-05-05.xls,21111
CLASS_17ms8a_SB_2025-05-06.xls,.xls,C:\Users\Kschellinger\SJTPO_Git\TAZ_Modular\input\02_May ATRs\34_NJDOT\2025\SB,C:\Users\Kschellinger\SJTPO_Git\TAZ_Modular\input\02_May ATRs\34_NJDOT\2025\SB\CLASS_17ms8a_SB_2025-05-06.xls,21111
CLASS_17ms8a_SB_2025-05-07.xls,.xls,C:\Users\Kschellinger\SJTPO_Git\TAZ_Modular\input\02_May ATRs\34_NJDOT\2025\SB,C:\Users\Kschellinger\SJTPO_Git\TAZ_Modular\input\02_May ATRs\34_NJDOT\2025\SB\CLASS_17ms8a_SB_2025-05-07.xls,21114
CLASS_17ms8a_2026-05-01.xls,.xls,C:\Users\Kschellinger\SJTPO_Git\TAZ_Modular\input\02_May ATRs\34_NJDOT\2026\2-WAY,C:\Users\Kschellinger\SJTPO_Git\TAZ_Modular\input\02_May ATRs\34_NJDOT\2026\2-WAY\CLASS_17ms8a_2026-05-01.xls,21265
CLASS_17ms8a_2026-05-02.xls,.xls,C:\Users\Kschellinger\SJTPO_Git\TAZ_Modular\input\02_May ATRs\34_NJDOT\2026\2-WAY,C:\Users\Kschellinger\SJTPO_Git\TAZ_Modular\input\02_May ATRs\34_NJDOT\2026\2-WAY\CLASS_17ms8a_2026-05-02.xls,21241
CLASS_17ms8a_2026-05-03.xls,.xls,C:\Users\Kschellinger\SJTPO_Git\TAZ_Modular\input\02_May ATRs\34_NJDOT\2026\2-WAY,C:\Users\Kschellinger\SJTPO_Git\TAZ_Modular\input\02_May ATRs\34_NJDOT\2026\2-WAY\CLASS_17ms8a_2026-05-03.xls,21205
CLASS_17ms8a_2026-05-04.xls,.xls,C:\Users\Kschellinger\SJTPO_Git\TAZ_Modular\input\02_May ATRs\34_NJDOT\2026\2-WAY,C:\Users\Kschellinger\SJTPO_Git\TAZ_Modular\input\02_May ATRs\34_NJDOT\2026\2-WAY\CLASS_17ms8a_2026-05-04.xls,21216
CLASS_17ms8a_2026-05-05.xls,.xls,C:\Users\Kschellinger\SJTPO_Git\TAZ_Modular\input\02_May ATRs\34_NJDOT\2026\2-WAY,C:\Users\Kschellinger\SJTPO_Git\TAZ_Modular\input\02_May ATRs\34_NJDOT\2026\2-WAY\CLASS_17ms8a_2026-05-05.xls,21226
CLASS_17ms8a_2026-05-06.xls,.xls,C:\Users\Kschellinger\SJTPO_Git\TAZ_Modular\input\02_May ATRs\34_NJDOT\2026\2-WAY,C:\Users\Kschellinger\SJTPO_Git\TAZ_Modular\input\02_May ATRs\34_NJDOT\2026\2-WAY\CLASS_17ms8a_2026-05-06.xls,21231
CLASS_17ms8a_2026-05-07.xls,.xls,C:\Users\Kschellinger\SJTPO_Git\TAZ_Modular\input\02_May ATRs\34_NJDOT\2026\2-WAY,C:\Users\Kschellinger\SJTPO_Git\TAZ_Modular\input\02_May ATRs\34_NJDOT\2026\2-WAY\CLASS_17ms8a_2026-05-07.xls,21246
CLASS_17ms8a_2026-05-08.xls,.xls,C:\Users\Kschellinger\SJTPO_Git\TAZ_Modular\input\02_May ATRs\34_NJDOT\2026\2-WAY,C:\Users\Kschellinger\SJTPO_Git\TAZ_Modular\input\02_May ATRs\34_NJDOT\2026\2-WAY\CLASS_17ms8a_2026-05-08.xls,21291
CLASS_17ms8a_2026-05-09.xls,.xls,C:\Users\Kschellinger\SJTPO_Git\TAZ_Modular\input\02_May ATRs\34_NJDOT\2026\2-WAY,C:\Users\Kschellinger\SJTPO_Git\TAZ_Modular\input\02_May ATRs\34_NJDOT\2026\2-WAY\CLASS_17ms8a_2026-05-09.xls,21258
CLASS_17ms8a_2026-05-10.xls,.xls,C:\Users\Kschellinger\SJTPO_Git\TAZ_Modular\input\02_May ATRs\34_NJDOT\2026\2-WAY,C:\Users\Kschellinger\SJTPO_Git\TAZ_Modular\input\02_May ATRs\34_NJDOT\2026\2-WAY\CLASS_17ms8a_2026-05-10.xls,21225
CLASS_17ms8a_2026-05-11.xls,.xls,C:\Users\Kschellinger\SJTPO_Git\TAZ_Modular\input\02_May ATRs\34_NJDOT\2026\2-WAY,C:\Users\Kschellinger\SJTPO_Git\TAZ_Modular\input\02_May ATRs\34_NJDOT\2026\2-WAY\CLASS_17ms8a_2026-05-11.xls,21221
CLASS_17ms8a_2026-05-12.xls,.xls,C:\Users\Kschellinger\SJTPO_Git\TAZ_Modular\input\02_May ATRs\34_NJDOT\2026\2-WAY,C:\Users\Kschellinger\SJTPO_Git\TAZ_Modular\input\02_May ATRs\34_NJDOT\2026\2-WAY\CLASS_17ms8a_2026-05-12.xls,21249
CLASS_17ms8a_2026-05-13.xls,.xls,C:\Users\Kschellinger\SJTPO_Git\TAZ_Modular\input\02_May ATRs\34_NJDOT\2026\2-WAY,C:\Users\Kschellinger\SJTPO_Git\TAZ_Modular\input\02_May ATRs\34_NJDOT\2026\2-WAY\CLASS_17ms8a_2026-05-13.xls,21240
CLASS_17ms8a_2026-05-14.xls,.xls,C:\Users\Kschellinger\SJTPO_Git\TAZ_Modular\input\02_May ATRs\34_NJDOT\2026\2-WAY,C:\Users\Kschellinger\SJTPO_Git\TAZ_Modular\input\02_May ATRs\34_NJDOT\2026\2-WAY\CLASS_17ms8a_2026-05-14.xls,21267
CLASS_17ms8a_NB_2026-05-01.xls,.xls,C:\Users\Kschellinger\SJTPO_Git\TAZ_Modular\input\02_May ATRs\34_NJDOT\2026\NB,C:\Users\Kschellinger\SJTPO_Git\TAZ_Modular\input\02_May ATRs\34_NJDOT\2026\NB\CLASS_17ms8a_NB_2026-05-01.xls,21134
CLASS_17ms8a_NB_2026-05-02.xls,.xls,C:\Users\Kschellinger\SJTPO_Git\TAZ_Modular\input\02_May ATRs\34_NJDOT\2026\NB,C:\Users\Kschellinger\SJTPO_Git\TAZ_Modular\input\02_May ATRs\34_NJDOT\2026\NB\CLASS_17ms8a_NB_2026-05-02.xls,21112
CLASS_17ms8a_NB_2026-05-03.xls,.xls,C:\Users\Kschellinger\SJTPO_Git\TAZ_Modular\input\02_May ATRs\34_NJDOT\2026\NB,C:\Users\Kschellinger\SJTPO_Git\TAZ_Modular\input\02_May ATRs\34_NJDOT\2026\NB\CLASS_17ms8a_NB_2026-05-03.xls,21093
CLASS_17ms8a_NB_2026-05-04.xls,.xls,C:\Users\Kschellinger\SJTPO_Git\TAZ_Modular\input\02_May ATRs\34_NJDOT\2026\NB,C:\Users\Kschellinger\SJTPO_Git\TAZ_Modular\input\02_May ATRs\34_NJDOT\2026\NB\CLASS_17ms8a_NB_2026-05-04.xls,21104
CLASS_17ms8a_NB_2026-05-05.xls,.xls,C:\Users\Kschellinger\SJTPO_Git\TAZ_Modular\input\02_May ATRs\34_NJDOT\2026\NB,C:\Users\Kschellinger\SJTPO_Git\TAZ_Modular\input\02_May ATRs\34_NJDOT\2026\NB\CLASS_17ms8a_NB_2026-05-05.xls,21110
CLASS_17ms8a_NB_2026-05-06.xls,.xls,C:\Users\Kschellinger\SJTPO_Git\TAZ_Modular\input\02_May ATRs\34_NJDOT\2026\NB,C:\Users\Kschellinger\SJTPO_Git\TAZ_Modular\input\02_May ATRs\34_NJDOT\2026\NB\CLASS_17ms8a_NB_2026-05-06.xls,21116
CLASS_17ms8a_NB_2026-05-07.xls,.xls,C:\Users\Kschellinger\SJTPO_Git\TAZ_Modular\input\02_May ATRs\34_NJDOT\2026\NB,C:\Users\Kschellinger\SJTPO_Git\TAZ_Modular\input\02_May ATRs\34_NJDOT\2026\NB\CLASS_17ms8a_NB_2026-05-07.xls,21120
CLASS_17ms8a_NB_2026-05-08.xls,.xls,C:\Users\Kschellinger\SJTPO_Git\TAZ_Modular\input\02_May ATRs\34_NJDOT\2026\NB,C:\Users\Kschellinger\SJTPO_Git\TAZ_Modular\input\02_May ATRs\34_NJDOT\2026\NB\CLASS_17ms8a_NB_2026-05-08.xls,21141
CLASS_17ms8a_NB_2026-05-09.xls,.xls,C:\Users\Kschellinger\SJTPO_Git\TAZ_Modular\input\02_May ATRs\34_NJDOT\2026\NB,C:\Users\Kschellinger\SJTPO_Git\TAZ_Modular\input\02_May ATRs\34_NJDOT\2026\NB\CLASS_17ms8a_NB_2026-05-09.xls,21120
CLASS_17ms8a_NB_2026-05-10.xls,.xls,C:\Users\Kschellinger\SJTPO_Git\TAZ_Modular\input\02_May ATRs\34_NJDOT\2026\NB,C:\Users\Kschellinger\SJTPO_Git\TAZ_Modular\input\02_May ATRs\34_NJDOT\2026\NB\CLASS_17ms8a_NB_2026-05-10.xls,21105
CLASS_17ms8a_NB_2026-05-11.xls,.xls,C:\Users\Kschellinger\SJTPO_Git\TAZ_Modular\input\02_May ATRs\34_NJDOT\2026\NB,C:\Users\Kschellinger\SJTPO_Git\TAZ_Modular\input\02_May ATRs\34_NJDOT\2026\NB\CLASS_17ms8a_NB_2026-05-11.xls,21114
CLASS_17ms8a_NB_2026-05-12.xls,.xls,C:\Users\Kschellinger\SJTPO_Git\TAZ_Modular\input\02_May ATRs\34_NJDOT\2026\NB,C:\Users\Kschellinger\SJTPO_Git\TAZ_Modular\input\02_May ATRs\34_NJDOT\2026\NB\CLASS_17ms8a_NB_2026-05-12.xls,21118
CLASS_17ms8a_NB_2026-05-13.xls,.xls,C:\Users\Kschellinger\SJTPO_Git\TAZ_Modular\input\02_May ATRs\34_NJDOT\2026\NB,C:\Users\Kschellinger\SJTPO_Git\TAZ_Modular\input\02_May ATRs\34_NJDOT\2026\NB\CLASS_17ms8a_NB_2026-05-13.xls,21117
CLASS_17ms8a_NB_2026-05-14.xls,.xls,C:\Users\Kschellinger\SJTPO_Git\TAZ_Modular\input\02_May ATRs\34_NJDOT\2026\NB,C:\Users\Kschellinger\SJTPO_Git\TAZ_Modular\input\02_May ATRs\34_NJDOT\2026\NB\CLASS_17ms8a_NB_2026-05-14.xls,21130
CLASS_17ms8a_SB_2026-05-01.xls,.xls,C:\Users\Kschellinger\SJTPO_Git\TAZ_Modular\input\02_May ATRs\34_NJDOT\2026\SB,C:\Users\Kschellinger\SJTPO_Git\TAZ_Modular\input\02_May ATRs\34_NJDOT\2026\SB\CLASS_17ms8a_SB_2026-05-01.xls,21147
CLASS_17ms8a_SB_2026-05-02.xls,.xls,C:\Users\Kschellinger\SJTPO_Git\TAZ_Modular\input\02_May ATRs\34_NJDOT\2026\SB,C:\Users\Kschellinger\SJTPO_Git\TAZ_Modular\input\02_May ATRs\34_NJDOT\2026\SB\CLASS_17ms8a_SB_2026-05-02.xls,21116
CLASS_17ms8a_SB_2026-05-03.xls,.xls,C:\Users\Kschellinger\SJTPO_Git\TAZ_Modular\input\02_May ATRs\34_NJDOT\2026\SB,C:\Users\Kschellinger\SJTPO_Git\TAZ_Modular\input\02_May ATRs\34_NJDOT\2026\SB\CLASS_17ms8a_SB_2026-05-03.xls,21092
CLASS_17ms8a_SB_2026-05-04.xls,.xls,C:\Users\Kschellinger\SJTPO_Git\TAZ_Modular\input\02_May ATRs\34_NJDOT\2026\SB,C:\Users\Kschellinger\SJTPO_Git\TAZ_Modular\input\02_May ATRs\34_NJDOT\2026\SB\CLASS_17ms8a_SB_2026-05-04.xls,21118
CLASS_17ms8a_SB_2026-05-05.xls,.xls,C:\Users\Kschellinger\SJTPO_Git\TAZ_Modular\input\02_May ATRs\34_NJDOT\2026\SB,C:\Users\Kschellinger\SJTPO_Git\TAZ_Modular\input\02_May ATRs\34_NJDOT\2026\SB\CLASS_17ms8a_SB_2026-05-05.xls,21116
CLASS_17ms8a_SB_2026-05-06.xls,.xls,C:\Users\Kschellinger\SJTPO_Git\TAZ_Modular\input\02_May ATRs\34_NJDOT\2026\SB,C:\Users\Kschellinger\SJTPO_Git\TAZ_Modular\input\02_May ATRs\34_NJDOT\2026\SB\CLASS_17ms8a_SB_2026-05-06.xls,21131
CLASS_17ms8a_SB_2026-05-07.xls,.xls,C:\Users\Kschellinger\SJTPO_Git\TAZ_Modular\input\02_May ATRs\34_NJDOT\2026\SB,C:\Users\Kschellinger\SJTPO_Git\TAZ_Modular\input\02_May ATRs\34_NJDOT\2026\SB\CLASS_17ms8a_SB_2026-05-07.xls,21141
CLASS_17ms8a_SB_2026-05-08.xls,.xls,C:\Users\Kschellinger\SJTPO_Git\TAZ_Modular\input\02_May ATRs\34_NJDOT\2026\SB,C:\Users\Kschellinger\SJTPO_Git\TAZ_Modular\input\02_May ATRs\34_NJDOT\2026\SB\CLASS_17ms8a_SB_2026-05-08.xls,21154
CLASS_17ms8a_SB_2026-05-09.xls,.xls,C:\Users\Kschellinger\SJTPO_Git\TAZ_Modular\input\02_May ATRs\34_NJDOT\2026\SB,C:\Users\Kschellinger\SJTPO_Git\TAZ_Modular\input\02_May ATRs\34_NJDOT\2026\SB\CLASS_17ms8a_SB_2026-05-09.xls,21125
CLASS_17ms8a_SB_2026-05-10.xls,.xls,C:\Users\Kschellinger\SJTPO_Git\TAZ_Modular\input\02_May ATRs\34_NJDOT\2026\SB,C:\Users\Kschellinger\SJTPO_Git\TAZ_Modular\input\02_May ATRs\34_NJDOT\2026\SB\CLASS_17ms8a_SB_2026-05-10.xls,21103
CLASS_17ms8a_SB_2026-05-11.xls,.xls,C:\Users\Kschellinger\SJTPO_Git\TAZ_Modular\input\02_May ATRs\34_NJDOT\2026\SB,C:\Users\Kschellinger\SJTPO_Git\TAZ_Modular\input\02_May ATRs\34_NJDOT\2026\SB\CLASS_17ms8a_SB_2026-05-11.xls,21120
CLASS_17ms8a_SB_2026-05-12.xls,.xls,C:\Users\Kschellinger\SJTPO_Git\TAZ_Modular\input\02_May ATRs\34_NJDOT\2026\SB,C:\Users\Kschellinger\SJTPO_Git\TAZ_Modular\input\02_May ATRs\34_NJDOT\2026\SB\CLASS_17ms8a_SB_2026-05-12.xls,21138
CLASS_17ms8a_SB_2026-05-13.xls,.xls,C:\Users\Kschellinger\SJTPO_Git\TAZ_Modular\input\02_May ATRs\34_NJDOT\2026\SB,C:\Users\Kschellinger\SJTPO_Git\TAZ_Modular\input\02_May ATRs\34_NJDOT\2026\SB\CLASS_17ms8a_SB_2026-05-13.xls,21140
CLASS_17ms8a_SB_2026-05-14.xls,.xls,C:\Users\Kschellinger\SJTPO_Git\TAZ_Modular\input\02_May ATRs\34_NJDOT\2026\SB,C:\Users\Kschellinger\SJTPO_Git\TAZ_Modular\input\02_May ATRs\34_NJDOT\2026\SB\CLASS_17ms8a_SB_2026-05-14.xls,21149
CLASS_17ms7a_2025-05-06.xls,.xls,C:\Users\Kschellinger\SJTPO_Git\TAZ_Modular\input\02_May ATRs\35_NJDOT\2025\2-WAY,C:\Users\Kschellinger\SJTPO_Git\TAZ_Modular\input\02_May ATRs\35_NJDOT\2025\2-WAY\CLASS_17ms7a_2025-05-06.xls,21372
CLASS_17ms7a_2025-05-07.xls,.xls,C:\Users\Kschellinger\SJTPO_Git\TAZ_Modular\input\02_May ATRs\35_NJDOT\2025\2-WAY,C:\Users\Kschellinger\SJTPO_Git\TAZ_Modular\input\02_May ATRs\35_NJDOT\2025\2-WAY\CLASS_17ms7a_2025-05-07.xls,21379
CLASS_17ms7a_2025-05-08.xls,.xls,C:\Users\Kschellinger\SJTPO_Git\TAZ_Modular\input\02_May ATRs\35_NJDOT\2025\2-WAY,C:\Users\Kschellinger\SJTPO_Git\TAZ_Modular\input\02_May ATRs\35_NJDOT\2025\2-WAY\CLASS_17ms7a_2025-05-08.xls,21380
CLASS_17ms7a_2025-05-09.xls,.xls,C:\Users\Kschellinger\SJTPO_Git\TAZ_Modular\input\02_May ATRs\35_NJDOT\2025\2-WAY,C:\Users\Kschellinger\SJTPO_Git\TAZ_Modular\input\02_May ATRs\35_NJDOT\2025\2-WAY\CLASS_17ms7a_2025-05-09.xls,21386
CLASS_17ms7a_2025-05-10.xls,.xls,C:\Users\Kschellinger\SJTPO_Git\TAZ_Modular\input\02_May ATRs\35_NJDOT\2025\2-WAY,C:\Users\Kschellinger\SJTPO_Git\TAZ_Modular\input\02_May ATRs\35_NJDOT\2025\2-WAY\CLASS_17ms7a_2025-05-10.xls,21360
CLASS_17ms7a_2025-05-11.xls,.xls,C:\Users\Kschellinger\SJTPO_Git\TAZ_Modular\input\02_May ATRs\35_NJDOT\2025\2-WAY,C:\Users\Kschellinger\SJTPO_Git\TAZ_Modular\input\02_May ATRs\35_NJDOT\2025\2-WAY\CLASS_17ms7a_2025-05-11.xls,21326
CLASS_17ms7a_2025-05-12.xls,.xls,C:\Users\Kschellinger\SJTPO_Git\TAZ_Modular\input\02_May ATRs\35_NJDOT\2025\2-WAY,C:\Users\Kschellinger\SJTPO_Git\TAZ_Modular\input\02_May ATRs\35_NJDOT\2025\2-WAY\CLASS_17ms7a_2025-05-12.xls,21380
CLASS_17ms7a_EB_2025-05-06.xls,.xls,C:\Users\Kschellinger\SJTPO_Git\TAZ_Modular\input\02_May ATRs\35_NJDOT\2025\EB,C:\Users\Kschellinger\SJTPO_Git\TAZ_Modular\input\02_May ATRs\35_NJDOT\2025\EB\CLASS_17ms7a_EB_2025-05-06.xls,21225
CLASS_17ms7a_EB_2025-05-07.xls,.xls,C:\Users\Kschellinger\SJTPO_Git\TAZ_Modular\input\02_May ATRs\35_NJDOT\2025\EB,C:\Users\Kschellinger\SJTPO_Git\TAZ_Modular\input\02_May ATRs\35_NJDOT\2025\EB\CLASS_17ms7a_EB_2025-05-07.xls,21236
CLASS_17ms7a_EB_2025-05-08.xls,.xls,C:\Users\Kschellinger\SJTPO_Git\TAZ_Modular\input\02_May ATRs\35_NJDOT\2025\EB,C:\Users\Kschellinger\SJTPO_Git\TAZ_Modular\input\02_May ATRs\35_NJDOT\2025\EB\CLASS_17ms7a_EB_2025-05-08.xls,21235
CLASS_17ms7a_EB_2025-05-09.xls,.xls,C:\Users\Kschellinger\SJTPO_Git\TAZ_Modular\input\02_May ATRs\35_NJDOT\2025\EB,C:\Users\Kschellinger\SJTPO_Git\TAZ_Modular\input\02_May ATRs\35_NJDOT\2025\EB\CLASS_17ms7a_EB_2025-05-09.xls,21265
CLASS_17ms7a_EB_2025-05-10.xls,.xls,C:\Users\Kschellinger\SJTPO_Git\TAZ_Modular\input\02_May ATRs\35_NJDOT\2025\EB,C:\Users\Kschellinger\SJTPO_Git\TAZ_Modular\input\02_May ATRs\35_NJDOT\2025\EB\CLASS_17ms7a_EB_2025-05-10.xls,21253
CLASS_17ms7a_EB_2025-05-11.xls,.xls,C:\Users\Kschellinger\SJTPO_Git\TAZ_Modular\input\02_May ATRs\35_NJDOT\2025\EB,C:\Users\Kschellinger\SJTPO_Git\TAZ_Modular\input\02_May ATRs\35_NJDOT\2025\EB\CLASS_17ms7a_EB_2025-05-11.xls,21216
CLASS_17ms7a_EB_2025-05-12.xls,.xls,C:\Users\Kschellinger\SJTPO_Git\TAZ_Modular\input\02_May ATRs\35_NJDOT\2025\EB,C:\Users\Kschellinger\SJTPO_Git\TAZ_Modular\input\02_May ATRs\35_NJDOT\2025\EB\CLASS_17ms7a_EB_2025-05-12.xls,21235
CLASS_17ms7a_WB_2025-05-06.xls,.xls,C:\Users\Kschellinger\SJTPO_Git\TAZ_Modular\input\02_May ATRs\35_NJDOT\2025\WB,C:\Users\Kschellinger\SJTPO_Git\TAZ_Modular\input\02_May ATRs\35_NJDOT\2025\WB\CLASS_17ms7a_WB_2025-05-06.xls,21236
CLASS_17ms7a_WB_2025-05-07.xls,.xls,C:\Users\Kschellinger\SJTPO_Git\TAZ_Modular\input\02_May ATRs\35_NJDOT\2025\WB,C:\Users\Kschellinger\SJTPO_Git\TAZ_Modular\input\02_May ATRs\35_NJDOT\2025\WB\CLASS_17ms7a_WB_2025-05-07.xls,21253
CLASS_17ms7a_WB_2025-05-08.xls,.xls,C:\Users\Kschellinger\SJTPO_Git\TAZ_Modular\input\02_May ATRs\35_NJDOT\2025\WB,C:\Users\Kschellinger\SJTPO_Git\TAZ_Modular\input\02_May ATRs\35_NJDOT\2025\WB\CLASS_17ms7a_WB_2025-05-08.xls,21246
CLASS_17ms7a_WB_2025-05-09.xls,.xls,C:\Users\Kschellinger\SJTPO_Git\TAZ_Modular\input\02_May ATRs\35_NJDOT\2025\WB,C:\Users\Kschellinger\SJTPO_Git\TAZ_Modular\input\02_May ATRs\35_NJDOT\2025\WB\CLASS_17ms7a_WB_2025-05-09.xls,21257
CLASS_17ms7a_WB_2025-05-10.xls,.xls,C:\Users\Kschellinger\SJTPO_Git\TAZ_Modular\input\02_May ATRs\35_NJDOT\2025\WB,C:\Users\Kschellinger\SJTPO_Git\TAZ_Modular\input\02_May ATRs\35_NJDOT\2025\WB\CLASS_17ms7a_WB_2025-05-10.xls,21254
CLASS_17ms7a_WB_2025-05-11.xls,.xls,C:\Users\Kschellinger\SJTPO_Git\TAZ_Modular\input\02_May ATRs\35_NJDOT\2025\WB,C:\Users\Kschellinger\SJTPO_Git\TAZ_Modular\input\02_May ATRs\35_NJDOT\2025\WB\CLASS_17ms7a_WB_2025-05-11.xls,21238
CLASS_17ms7a_WB_2025-05-12.xls,.xls,C:\Users\Kschellinger\SJTPO_Git\TAZ_Modular\input\02_May ATRs\35_NJDOT\2025\WB,C:\Users\Kschellinger\SJTPO_Git\TAZ_Modular\input\02_May ATRs\35_NJDOT\2025\WB\CLASS_17ms7a_WB_2025-05-12.xls,21254
CLASS_17ms7a_2026-05-03.xls,.xls,C:\Users\Kschellinger\SJTPO_Git\TAZ_Modular\input\02_May ATRs\35_NJDOT\2026\2-WAY,C:\Users\Kschellinger\SJTPO_Git\TAZ_Modular\input\02_May ATRs\35_NJDOT\2026\2-WAY\CLASS_17ms7a_2026-05-03.xls,21314
CLASS_17ms7a_2026-05-04.xls,.xls,C:\Users\Kschellinger\SJTPO_Git\TAZ_Modular\input\02_May ATRs\35_NJDOT\2026\2-WAY,C:\Users\Kschellinger\SJTPO_Git\TAZ_Modular\input\02_May ATRs\35_NJDOT\2026\2-WAY\CLASS_17ms7a_2026-05-04.xls,21369
CLASS_17ms7a_2026-05-05.xls,.xls,C:\Users\Kschellinger\SJTPO_Git\TAZ_Modular\input\02_May ATRs\35_NJDOT\2026\2-WAY,C:\Users\Kschellinger\SJTPO_Git\TAZ_Modular\input\02_May ATRs\35_NJDOT\2026\2-WAY\CLASS_17ms7a_2026-05-05.xls,21385
CLASS_17ms7a_2026-05-06.xls,.xls,C:\Users\Kschellinger\SJTPO_Git\TAZ_Modular\input\02_May ATRs\35_NJDOT\2026\2-WAY,C:\Users\Kschellinger\SJTPO_Git\TAZ_Modular\input\02_May ATRs\35_NJDOT\2026\2-WAY\CLASS_17ms7a_2026-05-06.xls,21376
CLASS_17ms7a_2026-05-07.xls,.xls,C:\Users\Kschellinger\SJTPO_Git\TAZ_Modular\input\02_May ATRs\35_NJDOT\2026\2-WAY,C:\Users\Kschellinger\SJTPO_Git\TAZ_Modular\input\02_May ATRs\35_NJDOT\2026\2-WAY\CLASS_17ms7a_2026-05-07.xls,21379
CLASS_17ms7a_2026-05-08.xls,.xls,C:\Users\Kschellinger\SJTPO_Git\TAZ_Modular\input\02_May ATRs\35_NJDOT\2026\2-WAY,C:\Users\Kschellinger\SJTPO_Git\TAZ_Modular\input\02_May ATRs\35_NJDOT\2026\2-WAY\CLASS_17ms7a_2026-05-08.xls,21397
CLASS_17ms7a_2026-05-09.xls,.xls,C:\Users\Kschellinger\SJTPO_Git\TAZ_Modular\input\02_May ATRs\35_NJDOT\2026\2-WAY,C:\Users\Kschellinger\SJTPO_Git\TAZ_Modular\input\02_May ATRs\35_NJDOT\2026\2-WAY\CLASS_17ms7a_2026-05-09.xls,21363
CLASS_17ms7a_2026-05-10.xls,.xls,C:\Users\Kschellinger\SJTPO_Git\TAZ_Modular\input\02_May ATRs\35_NJDOT\2026\2-WAY,C:\Users\Kschellinger\SJTPO_Git\TAZ_Modular\input\02_May ATRs\35_NJDOT\2026\2-WAY\CLASS_17ms7a_2026-05-10.xls,21331
CLASS_17ms7a_EB_2026-05-03.xls,.xls,C:\Users\Kschellinger\SJTPO_Git\TAZ_Modular\input\02_May ATRs\35_NJDOT\2026\EB,C:\Users\Kschellinger\SJTPO_Git\TAZ_Modular\input\02_May ATRs\35_NJDOT\2026\EB\CLASS_17ms7a_EB_2026-05-03.xls,21168
CLASS_17ms7a_EB_2026-05-04.xls,.xls,C:\Users\Kschellinger\SJTPO_Git\TAZ_Modular\input\02_May ATRs\35_NJDOT\2026\EB,C:\Users\Kschellinger\SJTPO_Git\TAZ_Modular\input\02_May ATRs\35_NJDOT\2026\EB\CLASS_17ms7a_EB_2026-05-04.xls,21227
CLASS_17ms7a_EB_2026-05-05.xls,.xls,C:\Users\Kschellinger\SJTPO_Git\TAZ_Modular\input\02_May ATRs\35_NJDOT\2026\EB,C:\Users\Kschellinger\SJTPO_Git\TAZ_Modular\input\02_May ATRs\35_NJDOT\2026\EB\CLASS_17ms7a_EB_2026-05-05.xls,21230
CLASS_17ms7a_EB_2026-05-06.xls,.xls,C:\Users\Kschellinger\SJTPO_Git\TAZ_Modular\input\02_May ATRs\35_NJDOT\2026\EB,C:\Users\Kschellinger\SJTPO_Git\TAZ_Modular\input\02_May ATRs\35_NJDOT\2026\EB\CLASS_17ms7a_EB_2026-05-06.xls,21219
CLASS_17ms7a_EB_2026-05-07.xls,.xls,C:\Users\Kschellinger\SJTPO_Git\TAZ_Modular\input\02_May ATRs\35_NJDOT\2026\EB,C:\Users\Kschellinger\SJTPO_Git\TAZ_Modular\input\02_May ATRs\35_NJDOT\2026\EB\CLASS_17ms7a_EB_2026-05-07.xls,21233
CLASS_17ms7a_EB_2026-05-08.xls,.xls,C:\Users\Kschellinger\SJTPO_Git\TAZ_Modular\input\02_May ATRs\35_NJDOT\2026\EB,C:\Users\Kschellinger\SJTPO_Git\TAZ_Modular\input\02_May ATRs\35_NJDOT\2026\EB\CLASS_17ms7a_EB_2026-05-08.xls,21258
CLASS_17ms7a_EB_2026-05-09.xls,.xls,C:\Users\Kschellinger\SJTPO_Git\TAZ_Modular\input\02_May ATRs\35_NJDOT\2026\EB,C:\Users\Kschellinger\SJTPO_Git\TAZ_Modular\input\02_May ATRs\35_NJDOT\2026\EB\CLASS_17ms7a_EB_2026-05-09.xls,21234
CLASS_17ms7a_EB_2026-05-10.xls,.xls,C:\Users\Kschellinger\SJTPO_Git\TAZ_Modular\input\02_May ATRs\35_NJDOT\2026\EB,C:\Users\Kschellinger\SJTPO_Git\TAZ_Modular\input\02_May ATRs\35_NJDOT\2026\EB\CLASS_17ms7a_EB_2026-05-10.xls,21207
CLASS_17ms7a_WB_2026-05-03.xls,.xls,C:\Users\Kschellinger\SJTPO_Git\TAZ_Modular\input\02_May ATRs\35_NJDOT\2026\WB,C:\Users\Kschellinger\SJTPO_Git\TAZ_Modular\input\02_May ATRs\35_NJDOT\2026\WB\CLASS_17ms7a_WB_2026-05-03.xls,21222
CLASS_17ms7a_WB_2026-05-04.xls,.xls,C:\Users\Kschellinger\SJTPO_Git\TAZ_Modular\input\02_May ATRs\35_NJDOT\2026\WB,C:\Users\Kschellinger\SJTPO_Git\TAZ_Modular\input\02_May ATRs\35_NJDOT\2026\WB\CLASS_17ms7a_WB_2026-05-04.xls,21242
CLASS_17ms7a_WB_2026-05-05.xls,.xls,C:\Users\Kschellinger\SJTPO_Git\TAZ_Modular\input\02_May ATRs\35_NJDOT\2026\WB,C:\Users\Kschellinger\SJTPO_Git\TAZ_Modular\input\02_May ATRs\35_NJDOT\2026\WB\CLASS_17ms7a_WB_2026-05-05.xls,21252
CLASS_17ms7a_WB_2026-05-06.xls,.xls,C:\Users\Kschellinger\SJTPO_Git\TAZ_Modular\input\02_May ATRs\35_NJDOT\2026\WB,C:\Users\Kschellinger\SJTPO_Git\TAZ_Modular\input\02_May ATRs\35_NJDOT\2026\WB\CLASS_17ms7a_WB_2026-05-06.xls,21239
CLASS_17ms7a_WB_2026-05-07.xls,.xls,C:\Users\Kschellinger\SJTPO_Git\TAZ_Modular\input\02_May ATRs\35_NJDOT\2026\WB,C:\Users\Kschellinger\SJTPO_Git\TAZ_Modular\input\02_May ATRs\35_NJDOT\2026\WB\CLASS_17ms7a_WB_2026-05-07.xls,21246
CLASS_17ms7a_WB_2026-05-08.xls,.xls,C:\Users\Kschellinger\SJTPO_Git\TAZ_Modular\input\02_May ATRs\35_NJDOT\2026\WB,C:\Users\Kschellinger\SJTPO_Git\TAZ_Modular\input\02_May ATRs\35_NJDOT\2026\WB\CLASS_17ms7a_WB_2026-05-08.xls,21265
CLASS_17ms7a_WB_2026-05-09.xls,.xls,C:\Users\Kschellinger\SJTPO_Git\TAZ_Modular\input\02_May ATRs\35_NJDOT\2026\WB,C:\Users\Kschellinger\SJTPO_Git\TAZ_Modular\input\02_May ATRs\35_NJDOT\2026\WB\CLASS_17ms7a_WB_2026-05-09.xls,21241
CLASS_17ms7a_WB_2026-05-10.xls,.xls,C:\Users\Kschellinger\SJTPO_Git\TAZ_Modular\input\02_May ATRs\35_NJDOT\2026\WB,C:\Users\Kschellinger\SJTPO_Git\TAZ_Modular\input\02_May ATRs\35_NJDOT\2026\WB\CLASS_17ms7a_WB_2026-05-10.xls,21243
"ATR 36. NJ 52, Howard South Stanton Memorial_15 Minute.csv",.csv,C:\Users\Kschellinger\SJTPO_Git\TAZ_Modular\input\02_May ATRs\36_V,"C:\Users\Kschellinger\SJTPO_Git\TAZ_Modular\input\02_May ATRs\36_V\ATR 36. NJ 52, Howard South Stanton Memorial_15 Minute.csv",149206
"ATR 36. NJ 52, Howard South Stanton Memorial_15 Minute.pdf",.pdf,C:\Users\Kschellinger\SJTPO_Git\TAZ_Modular\input\02_May ATRs\36_V,"C:\Users\Kschellinger\SJTPO_Git\TAZ_Modular\input\02_May ATRs\36_V\ATR 36. NJ 52, Howard South Stanton Memorial_15 Minute.pdf",484888
"ATR 36. NJ 52, Howard South Stanton Memorial_15 Minute.xlsx",.xlsx,C:\Users\Kschellinger\SJTPO_Git\TAZ_Modular\input\02_May ATRs\36_V,"C:\Users\Kschellinger\SJTPO_Git\TAZ_Modular\input\02_May ATRs\36_V\ATR 36. NJ 52, Howard South Stanton Memorial_15 Minute.xlsx",1378992
"ATR 36. NJ 52, Howard South Stanton Memorial_60 Minute.csv",.csv,C:\Users\Kschellinger\SJTPO_Git\TAZ_Modular\input\02_May ATRs\36_V,"C:\Users\Kschellinger\SJTPO_Git\TAZ_Modular\input\02_May ATRs\36_V\ATR 36. NJ 52, Howard South Stanton Memorial_60 Minute.csv",38801
"ATR 36. NJ 52, Howard South Stanton Memorial_60 Minute.pdf",.pdf,C:\Users\Kschellinger\SJTPO_Git\TAZ_Modular\input\02_May ATRs\36_V,"C:\Users\Kschellinger\SJTPO_Git\TAZ_Modular\input\02_May ATRs\36_V\ATR 36. NJ 52, Howard South Stanton Memorial_60 Minute.pdf",350107
"ATR 36. NJ 52, Howard South Stanton Memorial_60 Minute.xlsx",.xlsx,C:\Users\Kschellinger\SJTPO_Git\TAZ_Modular\input\02_May ATRs\36_V,"C:\Users\Kschellinger\SJTPO_Git\TAZ_Modular\input\02_May ATRs\36_V\ATR 36. NJ 52, Howard South Stanton Memorial_60 Minute.xlsx",439785
ATR 36. NJ 52_Screen Captures.pdf,.pdf,C:\Users\Kschellinger\SJTPO_Git\TAZ_Modular\input\02_May ATRs\36_V,C:\Users\Kschellinger\SJTPO_Git\TAZ_Modular\input\02_May ATRs\36_V\ATR 36. NJ 52_Screen Captures.pdf,221057
ATR36_Test_Calculation_Volumes.xlsx,.xlsx,C:\Users\Kschellinger\SJTPO_Git\TAZ_Modular\input\02_May ATRs\36_V,C:\Users\Kschellinger\SJTPO_Git\TAZ_Modular\input\02_May ATRs\36_V\ATR36_Test_Calculation_Volumes.xlsx,120947
CLASS_20ms1a_2025-05-09.xls,.xls,C:\Users\Kschellinger\SJTPO_Git\TAZ_Modular\input\02_May ATRs\37_NJDOT\2025\2-WAY,C:\Users\Kschellinger\SJTPO_Git\TAZ_Modular\input\02_May ATRs\37_NJDOT\2025\2-WAY\CLASS_20ms1a_2025-05-09.xls,21381
CLASS_20ms1a_2025-05-10.xls,.xls,C:\Users\Kschellinger\SJTPO_Git\TAZ_Modular\input\02_May ATRs\37_NJDOT\2025\2-WAY,C:\Users\Kschellinger\SJTPO_Git\TAZ_Modular\input\02_May ATRs\37_NJDOT\2025\2-WAY\CLASS_20ms1a_2025-05-10.xls,21365
CLASS_20ms1a_2025-05-11.xls,.xls,C:\Users\Kschellinger\SJTPO_Git\TAZ_Modular\input\02_May ATRs\37_NJDOT\2025\2-WAY,C:\Users\Kschellinger\SJTPO_Git\TAZ_Modular\input\02_May ATRs\37_NJDOT\2025\2-WAY\CLASS_20ms1a_2025-05-11.xls,21332
CLASS_20ms1a_2025-05-12.xls,.xls,C:\Users\Kschellinger\SJTPO_Git\TAZ_Modular\input\02_May ATRs\37_NJDOT\2025\2-WAY,C:\Users\Kschellinger\SJTPO_Git\TAZ_Modular\input\02_May ATRs\37_NJDOT\2025\2-WAY\CLASS_20ms1a_2025-05-12.xls,21367
CLASS_20ms1a_2025-05-13.xls,.xls,C:\Users\Kschellinger\SJTPO_Git\TAZ_Modular\input\02_May ATRs\37_NJDOT\2025\2-WAY,C:\Users\Kschellinger\SJTPO_Git\TAZ_Modular\input\02_May ATRs\37_NJDOT\2025\2-WAY\CLASS_20ms1a_2025-05-13.xls,21358
CLASS_20ms1a_2025-05-14.xls,.xls,C:\Users\Kschellinger\SJTPO_Git\TAZ_Modular\input\02_May ATRs\37_NJDOT\2025\2-WAY,C:\Users\Kschellinger\SJTPO_Git\TAZ_Modular\input\02_May ATRs\37_NJDOT\2025\2-WAY\CLASS_20ms1a_2025-05-14.xls,21352
CLASS_20ms1a_2025-05-15.xls,.xls,C:\Users\Kschellinger\SJTPO_Git\TAZ_Modular\input\02_May ATRs\37_NJDOT\2025\2-WAY,C:\Users\Kschellinger\SJTPO_Git\TAZ_Modular\input\02_May ATRs\37_NJDOT\2025\2-WAY\CLASS_20ms1a_2025-05-15.xls,21379
CLASS_20ms1a_EB_2025-05-09.xls,.xls,C:\Users\Kschellinger\SJTPO_Git\TAZ_Modular\input\02_May ATRs\37_NJDOT\2025\EB,C:\Users\Kschellinger\SJTPO_Git\TAZ_Modular\input\02_May ATRs\37_NJDOT\2025\EB\CLASS_20ms1a_EB_2025-05-09.xls,21214
CLASS_20ms1a_EB_2025-05-10.xls,.xls,C:\Users\Kschellinger\SJTPO_Git\TAZ_Modular\input\02_May ATRs\37_NJDOT\2025\EB,C:\Users\Kschellinger\SJTPO_Git\TAZ_Modular\input\02_May ATRs\37_NJDOT\2025\EB\CLASS_20ms1a_EB_2025-05-10.xls,21205
CLASS_20ms1a_EB_2025-05-11.xls,.xls,C:\Users\Kschellinger\SJTPO_Git\TAZ_Modular\input\02_May ATRs\37_NJDOT\2025\EB,C:\Users\Kschellinger\SJTPO_Git\TAZ_Modular\input\02_May ATRs\37_NJDOT\2025\EB\CLASS_20ms1a_EB_2025-05-11.xls,21162
CLASS_20ms1a_EB_2025-05-12.xls,.xls,C:\Users\Kschellinger\SJTPO_Git\TAZ_Modular\input\02_May ATRs\37_NJDOT\2025\EB,C:\Users\Kschellinger\SJTPO_Git\TAZ_Modular\input\02_May ATRs\37_NJDOT\2025\EB\CLASS_20ms1a_EB_2025-05-12.xls,21206
CLASS_20ms1a_EB_2025-05-13.xls,.xls,C:\Users\Kschellinger\SJTPO_Git\TAZ_Modular\input\02_May ATRs\37_NJDOT\2025\EB,C:\Users\Kschellinger\SJTPO_Git\TAZ_Modular\input\02_May ATRs\37_NJDOT\2025\EB\CLASS_20ms1a_EB_2025-05-13.xls,21186
CLASS_20ms1a_EB_2025-05-14.xls,.xls,C:\Users\Kschellinger\SJTPO_Git\TAZ_Modular\input\02_May ATRs\37_NJDOT\2025\EB,C:\Users\Kschellinger\SJTPO_Git\TAZ_Modular\input\02_May ATRs\37_NJDOT\2025\EB\CLASS_20ms1a_EB_2025-05-14.xls,21180
CLASS_20ms1a_EB_2025-05-15.xls,.xls,C:\Users\Kschellinger\SJTPO_Git\TAZ_Modular\input\02_May ATRs\37_NJDOT\2025\EB,C:\Users\Kschellinger\SJTPO_Git\TAZ_Modular\input\02_May ATRs\37_NJDOT\2025\EB\CLASS_20ms1a_EB_2025-05-15.xls,21218
CLASS_20ms1a_WB_2025-05-09.xls,.xls,C:\Users\Kschellinger\SJTPO_Git\TAZ_Modular\input\02_May ATRs\37_NJDOT\2025\WB,C:\Users\Kschellinger\SJTPO_Git\TAZ_Modular\input\02_May ATRs\37_NJDOT\2025\WB\CLASS_20ms1a_WB_2025-05-09.xls,21228
CLASS_20ms1a_WB_2025-05-10.xls,.xls,C:\Users\Kschellinger\SJTPO_Git\TAZ_Modular\input\02_May ATRs\37_NJDOT\2025\WB,C:\Users\Kschellinger\SJTPO_Git\TAZ_Modular\input\02_May ATRs\37_NJDOT\2025\WB\CLASS_20ms1a_WB_2025-05-10.xls,21241
CLASS_20ms1a_WB_2025-05-11.xls,.xls,C:\Users\Kschellinger\SJTPO_Git\TAZ_Modular\input\02_May ATRs\37_NJDOT\2025\WB,C:\Users\Kschellinger\SJTPO_Git\TAZ_Modular\input\02_May ATRs\37_NJDOT\2025\WB\CLASS_20ms1a_WB_2025-05-11.xls,21216
CLASS_20ms1a_WB_2025-05-12.xls,.xls,C:\Users\Kschellinger\SJTPO_Git\TAZ_Modular\input\02_May ATRs\37_NJDOT\2025\WB,C:\Users\Kschellinger\SJTPO_Git\TAZ_Modular\input\02_May ATRs\37_NJDOT\2025\WB\CLASS_20ms1a_WB_2025-05-12.xls,21224
CLASS_20ms1a_WB_2025-05-13.xls,.xls,C:\Users\Kschellinger\SJTPO_Git\TAZ_Modular\input\02_May ATRs\37_NJDOT\2025\WB,C:\Users\Kschellinger\SJTPO_Git\TAZ_Modular\input\02_May ATRs\37_NJDOT\2025\WB\CLASS_20ms1a_WB_2025-05-13.xls,21211
CLASS_20ms1a_WB_2025-05-14.xls,.xls,C:\Users\Kschellinger\SJTPO_Git\TAZ_Modular\input\02_May ATRs\37_NJDOT\2025\WB,C:\Users\Kschellinger\SJTPO_Git\TAZ_Modular\input\02_May ATRs\37_NJDOT\2025\WB\CLASS_20ms1a_WB_2025-05-14.xls,21217
CLASS_20ms1a_WB_2025-05-15.xls,.xls,C:\Users\Kschellinger\SJTPO_Git\TAZ_Modular\input\02_May ATRs\37_NJDOT\2025\WB,C:\Users\Kschellinger\SJTPO_Git\TAZ_Modular\input\02_May ATRs\37_NJDOT\2025\WB\CLASS_20ms1a_WB_2025-05-15.xls,21235
CLASS_20ms1a_2026-05-01.xls,.xls,C:\Users\Kschellinger\SJTPO_Git\TAZ_Modular\input\02_May ATRs\37_NJDOT\2026\2-WAY,C:\Users\Kschellinger\SJTPO_Git\TAZ_Modular\input\02_May ATRs\37_NJDOT\2026\2-WAY\CLASS_20ms1a_2026-05-01.xls,21392
CLASS_20ms1a_2026-05-02.xls,.xls,C:\Users\Kschellinger\SJTPO_Git\TAZ_Modular\input\02_May ATRs\37_NJDOT\2026\2-WAY,C:\Users\Kschellinger\SJTPO_Git\TAZ_Modular\input\02_May ATRs\37_NJDOT\2026\2-WAY\CLASS_20ms1a_2026-05-02.xls,21356
CLASS_20ms1a_2026-05-03.xls,.xls,C:\Users\Kschellinger\SJTPO_Git\TAZ_Modular\input\02_May ATRs\37_NJDOT\2026\2-WAY,C:\Users\Kschellinger\SJTPO_Git\TAZ_Modular\input\02_May ATRs\37_NJDOT\2026\2-WAY\CLASS_20ms1a_2026-05-03.xls,21322
CLASS_20ms1a_2026-05-04.xls,.xls,C:\Users\Kschellinger\SJTPO_Git\TAZ_Modular\input\02_May ATRs\37_NJDOT\2026\2-WAY,C:\Users\Kschellinger\SJTPO_Git\TAZ_Modular\input\02_May ATRs\37_NJDOT\2026\2-WAY\CLASS_20ms1a_2026-05-04.xls,21367
CLASS_20ms1a_2026-05-05.xls,.xls,C:\Users\Kschellinger\SJTPO_Git\TAZ_Modular\input\02_May ATRs\37_NJDOT\2026\2-WAY,C:\Users\Kschellinger\SJTPO_Git\TAZ_Modular\input\02_May ATRs\37_NJDOT\2026\2-WAY\CLASS_20ms1a_2026-05-05.xls,21367
CLASS_20ms1a_2026-05-06.xls,.xls,C:\Users\Kschellinger\SJTPO_Git\TAZ_Modular\input\02_May ATRs\37_NJDOT\2026\2-WAY,C:\Users\Kschellinger\SJTPO_Git\TAZ_Modular\input\02_May ATRs\37_NJDOT\2026\2-WAY\CLASS_20ms1a_2026-05-06.xls,21375
CLASS_20ms1a_2026-05-07.xls,.xls,C:\Users\Kschellinger\SJTPO_Git\TAZ_Modular\input\02_May ATRs\37_NJDOT\2026\2-WAY,C:\Users\Kschellinger\SJTPO_Git\TAZ_Modular\input\02_May ATRs\37_NJDOT\2026\2-WAY\CLASS_20ms1a_2026-05-07.xls,21375
CLASS_20ms1a_2026-05-08.xls,.xls,C:\Users\Kschellinger\SJTPO_Git\TAZ_Modular\input\02_May ATRs\37_NJDOT\2026\2-WAY,C:\Users\Kschellinger\SJTPO_Git\TAZ_Modular\input\02_May ATRs\37_NJDOT\2026\2-WAY\CLASS_20ms1a_2026-05-08.xls,21392
CLASS_20ms1a_2026-05-09.xls,.xls,C:\Users\Kschellinger\SJTPO_Git\TAZ_Modular\input\02_May ATRs\37_NJDOT\2026\2-WAY,C:\Users\Kschellinger\SJTPO_Git\TAZ_Modular\input\02_May ATRs\37_NJDOT\2026\2-WAY\CLASS_20ms1a_2026-05-09.xls,21356
CLASS_20ms1a_2026-05-10.xls,.xls,C:\Users\Kschellinger\SJTPO_Git\TAZ_Modular\input\02_May ATRs\37_NJDOT\2026\2-WAY,C:\Users\Kschellinger\SJTPO_Git\TAZ_Modular\input\02_May ATRs\37_NJDOT\2026\2-WAY\CLASS_20ms1a_2026-05-10.xls,21336
CLASS_20ms1a_2026-05-11.xls,.xls,C:\Users\Kschellinger\SJTPO_Git\TAZ_Modular\input\02_May ATRs\37_NJDOT\2026\2-WAY,C:\Users\Kschellinger\SJTPO_Git\TAZ_Modular\input\02_May ATRs\37_NJDOT\2026\2-WAY\CLASS_20ms1a_2026-05-11.xls,21355
CLASS_20ms1a_2026-05-12.xls,.xls,C:\Users\Kschellinger\SJTPO_Git\TAZ_Modular\input\02_May ATRs\37_NJDOT\2026\2-WAY,C:\Users\Kschellinger\SJTPO_Git\TAZ_Modular\input\02_May ATRs\37_NJDOT\2026\2-WAY\CLASS_20ms1a_2026-05-12.xls,21378
CLASS_20ms1a_2026-05-13.xls,.xls,C:\Users\Kschellinger\SJTPO_Git\TAZ_Modular\input\02_May ATRs\37_NJDOT\2026\2-WAY,C:\Users\Kschellinger\SJTPO_Git\TAZ_Modular\input\02_May ATRs\37_NJDOT\2026\2-WAY\CLASS_20ms1a_2026-05-13.xls,21376
CLASS_20ms1a_2026-05-14.xls,.xls,C:\Users\Kschellinger\SJTPO_Git\TAZ_Modular\input\02_May ATRs\37_NJDOT\2026\2-WAY,C:\Users\Kschellinger\SJTPO_Git\TAZ_Modular\input\02_May ATRs\37_NJDOT\2026\2-WAY\CLASS_20ms1a_2026-05-14.xls,21387
CLASS_20ms1a_EB_2026-05-01.xls,.xls,C:\Users\Kschellinger\SJTPO_Git\TAZ_Modular\input\02_May ATRs\37_NJDOT\2026\EB,C:\Users\Kschellinger\SJTPO_Git\TAZ_Modular\input\02_May ATRs\37_NJDOT\2026\EB\CLASS_20ms1a_EB_2026-05-01.xls,21216
CLASS_20ms1a_EB_2026-05-02.xls,.xls,C:\Users\Kschellinger\SJTPO_Git\TAZ_Modular\input\02_May ATRs\37_NJDOT\2026\EB,C:\Users\Kschellinger\SJTPO_Git\TAZ_Modular\input\02_May ATRs\37_NJDOT\2026\EB\CLASS_20ms1a_EB_2026-05-02.xls,21183
CLASS_20ms1a_EB_2026-05-03.xls,.xls,C:\Users\Kschellinger\SJTPO_Git\TAZ_Modular\input\02_May ATRs\37_NJDOT\2026\EB,C:\Users\Kschellinger\SJTPO_Git\TAZ_Modular\input\02_May ATRs\37_NJDOT\2026\EB\CLASS_20ms1a_EB_2026-05-03.xls,21142
CLASS_20ms1a_EB_2026-05-04.xls,.xls,C:\Users\Kschellinger\SJTPO_Git\TAZ_Modular\input\02_May ATRs\37_NJDOT\2026\EB,C:\Users\Kschellinger\SJTPO_Git\TAZ_Modular\input\02_May ATRs\37_NJDOT\2026\EB\CLASS_20ms1a_EB_2026-05-04.xls,21199
CLASS_20ms1a_EB_2026-05-05.xls,.xls,C:\Users\Kschellinger\SJTPO_Git\TAZ_Modular\input\02_May ATRs\37_NJDOT\2026\EB,C:\Users\Kschellinger\SJTPO_Git\TAZ_Modular\input\02_May ATRs\37_NJDOT\2026\EB\CLASS_20ms1a_EB_2026-05-05.xls,21204
CLASS_20ms1a_EB_2026-05-06.xls,.xls,C:\Users\Kschellinger\SJTPO_Git\TAZ_Modular\input\02_May ATRs\37_NJDOT\2026\EB,C:\Users\Kschellinger\SJTPO_Git\TAZ_Modular\input\02_May ATRs\37_NJDOT\2026\EB\CLASS_20ms1a_EB_2026-05-06.xls,21192
CLASS_20ms1a_EB_2026-05-07.xls,.xls,C:\Users\Kschellinger\SJTPO_Git\TAZ_Modular\input\02_May ATRs\37_NJDOT\2026\EB,C:\Users\Kschellinger\SJTPO_Git\TAZ_Modular\input\02_May ATRs\37_NJDOT\2026\EB\CLASS_20ms1a_EB_2026-05-07.xls,21208
CLASS_20ms1a_EB_2026-05-08.xls,.xls,C:\Users\Kschellinger\SJTPO_Git\TAZ_Modular\input\02_May ATRs\37_NJDOT\2026\EB,C:\Users\Kschellinger\SJTPO_Git\TAZ_Modular\input\02_May ATRs\37_NJDOT\2026\EB\CLASS_20ms1a_EB_2026-05-08.xls,21238
CLASS_20ms1a_EB_2026-05-09.xls,.xls,C:\Users\Kschellinger\SJTPO_Git\TAZ_Modular\input\02_May ATRs\37_NJDOT\2026\EB,C:\Users\Kschellinger\SJTPO_Git\TAZ_Modular\input\02_May ATRs\37_NJDOT\2026\EB\CLASS_20ms1a_EB_2026-05-09.xls,21194
CLASS_20ms1a_EB_2026-05-10.xls,.xls,C:\Users\Kschellinger\SJTPO_Git\TAZ_Modular\input\02_May ATRs\37_NJDOT\2026\EB,C:\Users\Kschellinger\SJTPO_Git\TAZ_Modular\input\02_May ATRs\37_NJDOT\2026\EB\CLASS_20ms1a_EB_2026-05-10.xls,21165
CLASS_20ms1a_EB_2026-05-11.xls,.xls,C:\Users\Kschellinger\SJTPO_Git\TAZ_Modular\input\02_May ATRs\37_NJDOT\2026\EB,C:\Users\Kschellinger\SJTPO_Git\TAZ_Modular\input\02_May ATRs\37_NJDOT\2026\EB\CLASS_20ms1a_EB_2026-05-11.xls,21187
CLASS_20ms1a_EB_2026-05-12.xls,.xls,C:\Users\Kschellinger\SJTPO_Git\TAZ_Modular\input\02_May ATRs\37_NJDOT\2026\EB,C:\Users\Kschellinger\SJTPO_Git\TAZ_Modular\input\02_May ATRs\37_NJDOT\2026\EB\CLASS_20ms1a_EB_2026-05-12.xls,21218
CLASS_20ms1a_EB_2026-05-13.xls,.xls,C:\Users\Kschellinger\SJTPO_Git\TAZ_Modular\input\02_May ATRs\37_NJDOT\2026\EB,C:\Users\Kschellinger\SJTPO_Git\TAZ_Modular\input\02_May ATRs\37_NJDOT\2026\EB\CLASS_20ms1a_EB_2026-05-13.xls,21206
CLASS_20ms1a_EB_2026-05-14.xls,.xls,C:\Users\Kschellinger\SJTPO_Git\TAZ_Modular\input\02_May ATRs\37_NJDOT\2026\EB,C:\Users\Kschellinger\SJTPO_Git\TAZ_Modular\input\02_May ATRs\37_NJDOT\2026\EB\CLASS_20ms1a_EB_2026-05-14.xls,21217
CLASS_20ms1a_WB_2026-05-01.xls,.xls,C:\Users\Kschellinger\SJTPO_Git\TAZ_Modular\input\02_May ATRs\37_NJDOT\2026\WB,C:\Users\Kschellinger\SJTPO_Git\TAZ_Modular\input\02_May ATRs\37_NJDOT\2026\WB\CLASS_20ms1a_WB_2026-05-01.xls,21237
CLASS_20ms1a_WB_2026-05-02.xls,.xls,C:\Users\Kschellinger\SJTPO_Git\TAZ_Modular\input\02_May ATRs\37_NJDOT\2026\WB,C:\Users\Kschellinger\SJTPO_Git\TAZ_Modular\input\02_May ATRs\37_NJDOT\2026\WB\CLASS_20ms1a_WB_2026-05-02.xls,21235
CLASS_20ms1a_WB_2026-05-03.xls,.xls,C:\Users\Kschellinger\SJTPO_Git\TAZ_Modular\input\02_May ATRs\37_NJDOT\2026\WB,C:\Users\Kschellinger\SJTPO_Git\TAZ_Modular\input\02_May ATRs\37_NJDOT\2026\WB\CLASS_20ms1a_WB_2026-05-03.xls,21185
CLASS_20ms1a_WB_2026-05-04.xls,.xls,C:\Users\Kschellinger\SJTPO_Git\TAZ_Modular\input\02_May ATRs\37_NJDOT\2026\WB,C:\Users\Kschellinger\SJTPO_Git\TAZ_Modular\input\02_May ATRs\37_NJDOT\2026\WB\CLASS_20ms1a_WB_2026-05-04.xls,21215
CLASS_20ms1a_WB_2026-05-05.xls,.xls,C:\Users\Kschellinger\SJTPO_Git\TAZ_Modular\input\02_May ATRs\37_NJDOT\2026\WB,C:\Users\Kschellinger\SJTPO_Git\TAZ_Modular\input\02_May ATRs\37_NJDOT\2026\WB\CLASS_20ms1a_WB_2026-05-05.xls,21220
CLASS_20ms1a_WB_2026-05-06.xls,.xls,C:\Users\Kschellinger\SJTPO_Git\TAZ_Modular\input\02_May ATRs\37_NJDOT\2026\WB,C:\Users\Kschellinger\SJTPO_Git\TAZ_Modular\input\02_May ATRs\37_NJDOT\2026\WB\CLASS_20ms1a_WB_2026-05-06.xls,21218
CLASS_20ms1a_WB_2026-05-07.xls,.xls,C:\Users\Kschellinger\SJTPO_Git\TAZ_Modular\input\02_May ATRs\37_NJDOT\2026\WB,C:\Users\Kschellinger\SJTPO_Git\TAZ_Modular\input\02_May ATRs\37_NJDOT\2026\WB\CLASS_20ms1a_WB_2026-05-07.xls,21217
CLASS_20ms1a_WB_2026-05-08.xls,.xls,C:\Users\Kschellinger\SJTPO_Git\TAZ_Modular\input\02_May ATRs\37_NJDOT\2026\WB,C:\Users\Kschellinger\SJTPO_Git\TAZ_Modular\input\02_May ATRs\37_NJDOT\2026\WB\CLASS_20ms1a_WB_2026-05-08.xls,21239
CLASS_20ms1a_WB_2026-05-09.xls,.xls,C:\Users\Kschellinger\SJTPO_Git\TAZ_Modular\input\02_May ATRs\37_NJDOT\2026\WB,C:\Users\Kschellinger\SJTPO_Git\TAZ_Modular\input\02_May ATRs\37_NJDOT\2026\WB\CLASS_20ms1a_WB_2026-05-09.xls,21222
CLASS_20ms1a_WB_2026-05-10.xls,.xls,C:\Users\Kschellinger\SJTPO_Git\TAZ_Modular\input\02_May ATRs\37_NJDOT\2026\WB,C:\Users\Kschellinger\SJTPO_Git\TAZ_Modular\input\02_May ATRs\37_NJDOT\2026\WB\CLASS_20ms1a_WB_2026-05-10.xls,21215
CLASS_20ms1a_WB_2026-05-11.xls,.xls,C:\Users\Kschellinger\SJTPO_Git\TAZ_Modular\input\02_May ATRs\37_NJDOT\2026\WB,C:\Users\Kschellinger\SJTPO_Git\TAZ_Modular\input\02_May ATRs\37_NJDOT\2026\WB\CLASS_20ms1a_WB_2026-05-11.xls,21215
CLASS_20ms1a_WB_2026-05-12.xls,.xls,C:\Users\Kschellinger\SJTPO_Git\TAZ_Modular\input\02_May ATRs\37_NJDOT\2026\WB,C:\Users\Kschellinger\SJTPO_Git\TAZ_Modular\input\02_May ATRs\37_NJDOT\2026\WB\CLASS_20ms1a_WB_2026-05-12.xls,21235
CLASS_20ms1a_WB_2026-05-13.xls,.xls,C:\Users\Kschellinger\SJTPO_Git\TAZ_Modular\input\02_May ATRs\37_NJDOT\2026\WB,C:\Users\Kschellinger\SJTPO_Git\TAZ_Modular\input\02_May ATRs\37_NJDOT\2026\WB\CLASS_20ms1a_WB_2026-05-13.xls,21237
CLASS_20ms1a_WB_2026-05-14.xls,.xls,C:\Users\Kschellinger\SJTPO_Git\TAZ_Modular\input\02_May ATRs\37_NJDOT\2026\WB,C:\Users\Kschellinger\SJTPO_Git\TAZ_Modular\input\02_May ATRs\37_NJDOT\2026\WB\CLASS_20ms1a_WB_2026-05-14.xls,21240
322_Screen Captures.pdf,.pdf,C:\Users\Kschellinger\SJTPO_Git\TAZ_Modular\input\02_May ATRs\38_V,C:\Users\Kschellinger\SJTPO_Git\TAZ_Modular\input\02_May ATRs\38_V\322_Screen Captures.pdf,227316
"ATR 38. Route 40 _322, between Frankfort Court & Toulon Avenue_15 Minute.csv",.csv,C:\Users\Kschellinger\SJTPO_Git\TAZ_Modular\input\02_May ATRs\38_V,"C:\Users\Kschellinger\SJTPO_Git\TAZ_Modular\input\02_May ATRs\38_V\ATR 38. Route 40 _322, between Frankfort Court & Toulon Avenue_15 Minute.csv",157855
"ATR 38. Route 40 _322, between Frankfort Court & Toulon Avenue_15 Minute.pdf",.pdf,C:\Users\Kschellinger\SJTPO_Git\TAZ_Modular\input\02_May ATRs\38_V,"C:\Users\Kschellinger\SJTPO_Git\TAZ_Modular\input\02_May ATRs\38_V\ATR 38. Route 40 _322, between Frankfort Court & Toulon Avenue_15 Minute.pdf",506468
"ATR 38. Route 40 _322, between Frankfort Court & Toulon Avenue_15 Minute.xlsx",.xlsx,C:\Users\Kschellinger\SJTPO_Git\TAZ_Modular\input\02_May ATRs\38_V,"C:\Users\Kschellinger\SJTPO_Git\TAZ_Modular\input\02_May ATRs\38_V\ATR 38. Route 40 _322, between Frankfort Court & Toulon Avenue_15 Minute.xlsx",1557594
"ATR 38. Route 40 _322, between Frankfort Court & Toulon Avenue_60 Minute.csv",.csv,C:\Users\Kschellinger\SJTPO_Git\TAZ_Modular\input\02_May ATRs\38_V,"C:\Users\Kschellinger\SJTPO_Git\TAZ_Modular\input\02_May ATRs\38_V\ATR 38. Route 40 _322, between Frankfort Court & Toulon Avenue_60 Minute.csv",41207
"ATR 38. Route 40 _322, between Frankfort Court & Toulon Avenue_60 Minute.pdf",.pdf,C:\Users\Kschellinger\SJTPO_Git\TAZ_Modular\input\02_May ATRs\38_V,"C:\Users\Kschellinger\SJTPO_Git\TAZ_Modular\input\02_May ATRs\38_V\ATR 38. Route 40 _322, between Frankfort Court & Toulon Avenue_60 Minute.pdf",362630
"ATR 38. Route 40 _322, between Frankfort Court & Toulon Avenue_60 Minute.xlsx",.xlsx,C:\Users\Kschellinger\SJTPO_Git\TAZ_Modular\input\02_May ATRs\38_V,"C:\Users\Kschellinger\SJTPO_Git\TAZ_Modular\input\02_May ATRs\38_V\ATR 38. Route 40 _322, between Frankfort Court & Toulon Avenue_60 Minute.xlsx",490538
ATR38_Test_Calculation_Volumes.xlsx,.xlsx,C:\Users\Kschellinger\SJTPO_Git\TAZ_Modular\input\02_May ATRs\38_V,C:\Users\Kschellinger\SJTPO_Git\TAZ_Modular\input\02_May ATRs\38_V\ATR38_Test_Calculation_Volumes.xlsx,123339
"ATR 39. US 30, 1.5 miles Southeast of the Royal Lodge Hotel_15 Minute.csv",.csv,C:\Users\Kschellinger\SJTPO_Git\TAZ_Modular\input\02_May ATRs\39_V,"C:\Users\Kschellinger\SJTPO_Git\TAZ_Modular\input\02_May ATRs\39_V\ATR 39. US 30, 1.5 miles Southeast of the Royal Lodge Hotel_15 Minute.csv",142717
"ATR 39. US 30, 1.5 miles Southeast of the Royal Lodge Hotel_15 Minute.pdf",.pdf,C:\Users\Kschellinger\SJTPO_Git\TAZ_Modular\input\02_May ATRs\39_V,"C:\Users\Kschellinger\SJTPO_Git\TAZ_Modular\input\02_May ATRs\39_V\ATR 39. US 30, 1.5 miles Southeast of the Royal Lodge Hotel_15 Minute.pdf",481018
"ATR 39. US 30, 1.5 miles Southeast of the Royal Lodge Hotel_15 Minute.xlsx",.xlsx,C:\Users\Kschellinger\SJTPO_Git\TAZ_Modular\input\02_May ATRs\39_V,"C:\Users\Kschellinger\SJTPO_Git\TAZ_Modular\input\02_May ATRs\39_V\ATR 39. US 30, 1.5 miles Southeast of the Royal Lodge Hotel_15 Minute.xlsx",1207153
"ATR 39. US 30, 1.5 miles Southeast of the Royal Lodge Hotel_60 Minute.csv",.csv,C:\Users\Kschellinger\SJTPO_Git\TAZ_Modular\input\02_May ATRs\39_V,"C:\Users\Kschellinger\SJTPO_Git\TAZ_Modular\input\02_May ATRs\39_V\ATR 39. US 30, 1.5 miles Southeast of the Royal Lodge Hotel_60 Minute.csv",37035
"ATR 39. US 30, 1.5 miles Southeast of the Royal Lodge Hotel_60 Minute.pdf",.pdf,C:\Users\Kschellinger\SJTPO_Git\TAZ_Modular\input\02_May ATRs\39_V,"C:\Users\Kschellinger\SJTPO_Git\TAZ_Modular\input\02_May ATRs\39_V\ATR 39. US 30, 1.5 miles Southeast of the Royal Lodge Hotel_60 Minute.pdf",350107
"ATR 39. US 30, 1.5 miles Southeast of the Royal Lodge Hotel_60 Minute.xlsx",.xlsx,C:\Users\Kschellinger\SJTPO_Git\TAZ_Modular\input\02_May ATRs\39_V,"C:\Users\Kschellinger\SJTPO_Git\TAZ_Modular\input\02_May ATRs\39_V\ATR 39. US 30, 1.5 miles Southeast of the Royal Lodge Hotel_60 Minute.xlsx",391872
ATR 39. US 30_Screen Captures.pdf,.pdf,C:\Users\Kschellinger\SJTPO_Git\TAZ_Modular\input\02_May ATRs\39_V,C:\Users\Kschellinger\SJTPO_Git\TAZ_Modular\input\02_May ATRs\39_V\ATR 39. US 30_Screen Captures.pdf,226942
ATR39_Test_Calculation_Volumes.xlsx,.xlsx,C:\Users\Kschellinger\SJTPO_Git\TAZ_Modular\input\02_May ATRs\39_V,C:\Users\Kschellinger\SJTPO_Git\TAZ_Modular\input\02_May ATRs\39_V\ATR39_Test_Calculation_Volumes.xlsx,118489
"ATR 40. NJ 49, W Main Street, between Cedar Street & Riverside Drive_15 Minute.csv",.csv,C:\Users\Kschellinger\SJTPO_Git\TAZ_Modular\input\02_May ATRs\40_V,"C:\Users\Kschellinger\SJTPO_Git\TAZ_Modular\input\02_May ATRs\40_V\ATR 40. NJ 49, W Main Street, between Cedar Street & Riverside Drive_15 Minute.csv",124129
"ATR 40. NJ 49, W Main Street, between Cedar Street & Riverside Drive_15 Minute.pdf",.pdf,C:\Users\Kschellinger\SJTPO_Git\TAZ_Modular\input\02_May ATRs\40_V,"C:\Users\Kschellinger\SJTPO_Git\TAZ_Modular\input\02_May ATRs\40_V\ATR 40. NJ 49, W Main Street, between Cedar Street & Riverside Drive_15 Minute.pdf",433778
"ATR 40. NJ 49, W Main Street, between Cedar Street & Riverside Drive_15 Minute.xlsx",.xlsx,C:\Users\Kschellinger\SJTPO_Git\TAZ_Modular\input\02_May ATRs\40_V,"C:\Users\Kschellinger\SJTPO_Git\TAZ_Modular\input\02_May ATRs\40_V\ATR 40. NJ 49, W Main Street, between Cedar Street & Riverside Drive_15 Minute.xlsx",848083
"ATR 40. NJ 49, W Main Street, between Cedar Street & Riverside Drive_60 Minute.csv",.csv,C:\Users\Kschellinger\SJTPO_Git\TAZ_Modular\input\02_May ATRs\40_V,"C:\Users\Kschellinger\SJTPO_Git\TAZ_Modular\input\02_May ATRs\40_V\ATR 40. NJ 49, W Main Street, between Cedar Street & Riverside Drive_60 Minute.csv",32202
"ATR 40. NJ 49, W Main Street, between Cedar Street & Riverside Drive_60 Minute.pdf",.pdf,C:\Users\Kschellinger\SJTPO_Git\TAZ_Modular\input\02_May ATRs\40_V,"C:\Users\Kschellinger\SJTPO_Git\TAZ_Modular\input\02_May ATRs\40_V\ATR 40. NJ 49, W Main Street, between Cedar Street & Riverside Drive_60 Minute.pdf",329638
"ATR 40. NJ 49, W Main Street, between Cedar Street & Riverside Drive_60 Minute.xlsx",.xlsx,C:\Users\Kschellinger\SJTPO_Git\TAZ_Modular\input\02_May ATRs\40_V,"C:\Users\Kschellinger\SJTPO_Git\TAZ_Modular\input\02_May ATRs\40_V\ATR 40. NJ 49, W Main Street, between Cedar Street & Riverside Drive_60 Minute.xlsx",290226
ATR 40. NJ 49_Screen Captures.pdf,.pdf,C:\Users\Kschellinger\SJTPO_Git\TAZ_Modular\input\02_May ATRs\40_V,C:\Users\Kschellinger\SJTPO_Git\TAZ_Modular\input\02_May ATRs\40_V\ATR 40. NJ 49_Screen Captures.pdf,221680
ATR40_Test_Calculation_Volumes.xlsx,.xlsx,C:\Users\Kschellinger\SJTPO_Git\TAZ_Modular\input\02_May ATRs\40_V,C:\Users\Kschellinger\SJTPO_Git\TAZ_Modular\input\02_May ATRs\40_V\ATR40_Test_Calculation_Volumes.xlsx,91315
"ATR 41. NJ 49, W Broad Street, between Water Street & Laurel Street_15 Minute.csv",.csv,C:\Users\Kschellinger\SJTPO_Git\TAZ_Modular\input\02_May ATRs\41_V,"C:\Users\Kschellinger\SJTPO_Git\TAZ_Modular\input\02_May ATRs\41_V\ATR 41. NJ 49, W Broad Street, between Water Street & Laurel Street_15 Minute.csv",141259
"ATR 41. NJ 49, W Broad Street, between Water Street & Laurel Street_15 Minute.pdf",.pdf,C:\Users\Kschellinger\SJTPO_Git\TAZ_Modular\input\02_May ATRs\41_V,"C:\Users\Kschellinger\SJTPO_Git\TAZ_Modular\input\02_May ATRs\41_V\ATR 41. NJ 49, W Broad Street, between Water Street & Laurel Street_15 Minute.pdf",484971
"ATR 41. NJ 49, W Broad Street, between Water Street & Laurel Street_15 Minute.xlsx",.xlsx,C:\Users\Kschellinger\SJTPO_Git\TAZ_Modular\input\02_May ATRs\41_V,"C:\Users\Kschellinger\SJTPO_Git\TAZ_Modular\input\02_May ATRs\41_V\ATR 41. NJ 49, W Broad Street, between Water Street & Laurel Street_15 Minute.xlsx",1203656
"ATR 41. NJ 49, W Broad Street, between Water Street & Laurel Street_60 Minute.csv",.csv,C:\Users\Kschellinger\SJTPO_Git\TAZ_Modular\input\02_May ATRs\41_V,"C:\Users\Kschellinger\SJTPO_Git\TAZ_Modular\input\02_May ATRs\41_V\ATR 41. NJ 49, W Broad Street, between Water Street & Laurel Street_60 Minute.csv",36922
"ATR 41. NJ 49, W Broad Street, between Water Street & Laurel Street_60 Minute.pdf",.pdf,C:\Users\Kschellinger\SJTPO_Git\TAZ_Modular\input\02_May ATRs\41_V,"C:\Users\Kschellinger\SJTPO_Git\TAZ_Modular\input\02_May ATRs\41_V\ATR 41. NJ 49, W Broad Street, between Water Street & Laurel Street_60 Minute.pdf",355432
"ATR 41. NJ 49, W Broad Street, between Water Street & Laurel Street_60 Minute.xlsx",.xlsx,C:\Users\Kschellinger\SJTPO_Git\TAZ_Modular\input\02_May ATRs\41_V,"C:\Users\Kschellinger\SJTPO_Git\TAZ_Modular\input\02_May ATRs\41_V\ATR 41. NJ 49, W Broad Street, between Water Street & Laurel Street_60 Minute.xlsx",391061
ATR 41. NJ 49_Screen Captures.pdf,.pdf,C:\Users\Kschellinger\SJTPO_Git\TAZ_Modular\input\02_May ATRs\41_V,C:\Users\Kschellinger\SJTPO_Git\TAZ_Modular\input\02_May ATRs\41_V\ATR 41. NJ 49_Screen Captures.pdf,223695
ATR41_Test_Calculation_Volumes.xlsx,.xlsx,C:\Users\Kschellinger\SJTPO_Git\TAZ_Modular\input\02_May ATRs\41_V,C:\Users\Kschellinger\SJTPO_Git\TAZ_Modular\input\02_May ATRs\41_V\ATR41_Test_Calculation_Volumes.xlsx,115729
2020030076_20260514_084722_0.DAT,.DAT,C:\Users\Kschellinger\SJTPO_Git\TAZ_Modular\input\02_May ATRs\42_R,C:\Users\Kschellinger\SJTPO_Git\TAZ_Modular\input\02_May ATRs\42_R\2020030076_20260514_084722_0.DAT,712249
2020030076_20260518_103951_0.DAT,.DAT,C:\Users\Kschellinger\SJTPO_Git\TAZ_Modular\input\02_May ATRs\42_R,C:\Users\Kschellinger\SJTPO_Git\TAZ_Modular\input\02_May ATRs\42_R\2020030076_20260518_103951_0.DAT,665117
"ATR 42. NJ 47 (Delsea Drive), west of GSP, btwn 3rd St & 5th St - Class Data Analysis.pdf",.pdf,C:\Users\Kschellinger\SJTPO_Git\TAZ_Modular\input\02_May ATRs\42_R,"C:\Users\Kschellinger\SJTPO_Git\TAZ_Modular\input\02_May ATRs\42_R\ATR 42. NJ 47 (Delsea Drive), west of GSP, btwn 3rd St & 5th St - Class Data Analysis.pdf",1584260
"ATR 42. NJ 47 (Delsea Drive), west of GSP, btwn 3rd St & 5th St.snj",.snj,C:\Users\Kschellinger\SJTPO_Git\TAZ_Modular\input\02_May ATRs\42_R,"C:\Users\Kschellinger\SJTPO_Git\TAZ_Modular\input\02_May ATRs\42_R\ATR 42. NJ 47 (Delsea Drive), west of GSP, btwn 3rd St & 5th St.snj",3165008
"ATR 42. NJ 47 (Delsea Drive), west of GSP, btwn 3rd St & 5th St_15 Min Length.pdf",.pdf,C:\Users\Kschellinger\SJTPO_Git\TAZ_Modular\input\02_May ATRs\42_R,"C:\Users\Kschellinger\SJTPO_Git\TAZ_Modular\input\02_May ATRs\42_R\ATR 42. NJ 47 (Delsea Drive), west of GSP, btwn 3rd St & 5th St_15 Min Length.pdf",3502399
"ATR 42. NJ 47 (Delsea Drive), west of GSP, btwn 3rd St & 5th St_15 Min Length.xlsx",.xlsx,C:\Users\Kschellinger\SJTPO_Git\TAZ_Modular\input\02_May ATRs\42_R,"C:\Users\Kschellinger\SJTPO_Git\TAZ_Modular\input\02_May ATRs\42_R\ATR 42. NJ 47 (Delsea Drive), west of GSP, btwn 3rd St & 5th St_15 Min Length.xlsx",77293
"ATR 42. NJ 47 (Delsea Drive), west of GSP, btwn 3rd St & 5th St_15 Min Speed.pdf",.pdf,C:\Users\Kschellinger\SJTPO_Git\TAZ_Modular\input\02_May ATRs\42_R,"C:\Users\Kschellinger\SJTPO_Git\TAZ_Modular\input\02_May ATRs\42_R\ATR 42. NJ 47 (Delsea Drive), west of GSP, btwn 3rd St & 5th St_15 Min Speed.pdf",3730992
"ATR 42. NJ 47 (Delsea Drive), west of GSP, btwn 3rd St & 5th St_15 Min Speed.xlsx",.xlsx,C:\Users\Kschellinger\SJTPO_Git\TAZ_Modular\input\02_May ATRs\42_R,"C:\Users\Kschellinger\SJTPO_Git\TAZ_Modular\input\02_May ATRs\42_R\ATR 42. NJ 47 (Delsea Drive), west of GSP, btwn 3rd St & 5th St_15 Min Speed.xlsx",83129
"ATR 42. NJ 47 (Delsea Drive), west of GSP, btwn 3rd St & 5th St_15 Min Summary Length.pdf",.pdf,C:\Users\Kschellinger\SJTPO_Git\TAZ_Modular\input\02_May ATRs\42_R,"C:\Users\Kschellinger\SJTPO_Git\TAZ_Modular\input\02_May ATRs\42_R\ATR 42. NJ 47 (Delsea Drive), west of GSP, btwn 3rd St & 5th St_15 Min Summary Length.pdf",2850486
"ATR 42. NJ 47 (Delsea Drive), west of GSP, btwn 3rd St & 5th St_15 Min Summary Length.xlsx",.xlsx,C:\Users\Kschellinger\SJTPO_Git\TAZ_Modular\input\02_May ATRs\42_R,"C:\Users\Kschellinger\SJTPO_Git\TAZ_Modular\input\02_May ATRs\42_R\ATR 42. NJ 47 (Delsea Drive), west of GSP, btwn 3rd St & 5th St_15 Min Summary Length.xlsx",57790
"ATR 42. NJ 47 (Delsea Drive), west of GSP, btwn 3rd St & 5th St_15 Min Volume.pdf",.pdf,C:\Users\Kschellinger\SJTPO_Git\TAZ_Modular\input\02_May ATRs\42_R,"C:\Users\Kschellinger\SJTPO_Git\TAZ_Modular\input\02_May ATRs\42_R\ATR 42. NJ 47 (Delsea Drive), west of GSP, btwn 3rd St & 5th St_15 Min Volume.pdf",676775
"ATR 42. NJ 47 (Delsea Drive), west of GSP, btwn 3rd St & 5th St_15 Min Volume.xlsx",.xlsx,C:\Users\Kschellinger\SJTPO_Git\TAZ_Modular\input\02_May ATRs\42_R,"C:\Users\Kschellinger\SJTPO_Git\TAZ_Modular\input\02_May ATRs\42_R\ATR 42. NJ 47 (Delsea Drive), west of GSP, btwn 3rd St & 5th St_15 Min Volume.xlsx",28842
"ATR 42. NJ 47 (Delsea Drive), west of GSP, btwn 3rd St & 5th St_60 Min Length.pdf",.pdf,C:\Users\Kschellinger\SJTPO_Git\TAZ_Modular\input\02_May ATRs\42_R,"C:\Users\Kschellinger\SJTPO_Git\TAZ_Modular\input\02_May ATRs\42_R\ATR 42. NJ 47 (Delsea Drive), west of GSP, btwn 3rd St & 5th St_60 Min Length.pdf",1167210
"ATR 42. NJ 47 (Delsea Drive), west of GSP, btwn 3rd St & 5th St_60 Min Length.xlsx",.xlsx,C:\Users\Kschellinger\SJTPO_Git\TAZ_Modular\input\02_May ATRs\42_R,"C:\Users\Kschellinger\SJTPO_Git\TAZ_Modular\input\02_May ATRs\42_R\ATR 42. NJ 47 (Delsea Drive), west of GSP, btwn 3rd St & 5th St_60 Min Length.xlsx",33557
"ATR 42. NJ 47 (Delsea Drive), west of GSP, btwn 3rd St & 5th St_60 Min Speed.pdf",.pdf,C:\Users\Kschellinger\SJTPO_Git\TAZ_Modular\input\02_May ATRs\42_R,"C:\Users\Kschellinger\SJTPO_Git\TAZ_Modular\input\02_May ATRs\42_R\ATR 42. NJ 47 (Delsea Drive), west of GSP, btwn 3rd St & 5th St_60 Min Speed.pdf",1238779
"ATR 42. NJ 47 (Delsea Drive), west of GSP, btwn 3rd St & 5th St_60 Min Speed.xlsx",.xlsx,C:\Users\Kschellinger\SJTPO_Git\TAZ_Modular\input\02_May ATRs\42_R,"C:\Users\Kschellinger\SJTPO_Git\TAZ_Modular\input\02_May ATRs\42_R\ATR 42. NJ 47 (Delsea Drive), west of GSP, btwn 3rd St & 5th St_60 Min Speed.xlsx",34763
"ATR 42. NJ 47 (Delsea Drive), west of GSP, btwn 3rd St & 5th St_60 Min Summary Length.pdf",.pdf,C:\Users\Kschellinger\SJTPO_Git\TAZ_Modular\input\02_May ATRs\42_R,"C:\Users\Kschellinger\SJTPO_Git\TAZ_Modular\input\02_May ATRs\42_R\ATR 42. NJ 47 (Delsea Drive), west of GSP, btwn 3rd St & 5th St_60 Min Summary Length.pdf",951989
"ATR 42. NJ 47 (Delsea Drive), west of GSP, btwn 3rd St & 5th St_60 Min Summary Length.xlsx",.xlsx,C:\Users\Kschellinger\SJTPO_Git\TAZ_Modular\input\02_May ATRs\42_R,"C:\Users\Kschellinger\SJTPO_Git\TAZ_Modular\input\02_May ATRs\42_R\ATR 42. NJ 47 (Delsea Drive), west of GSP, btwn 3rd St & 5th St_60 Min Summary Length.xlsx",27580
"ATR 42. NJ 47 (Delsea Drive), west of GSP, btwn 3rd St & 5th St_60 Min Volume.pdf",.pdf,C:\Users\Kschellinger\SJTPO_Git\TAZ_Modular\input\02_May ATRs\42_R,"C:\Users\Kschellinger\SJTPO_Git\TAZ_Modular\input\02_May ATRs\42_R\ATR 42. NJ 47 (Delsea Drive), west of GSP, btwn 3rd St & 5th St_60 Min Volume.pdf",427357
"ATR 42. NJ 47 (Delsea Drive), west of GSP, btwn 3rd St & 5th St_60 Min Volume.xlsx",.xlsx,C:\Users\Kschellinger\SJTPO_Git\TAZ_Modular\input\02_May ATRs\42_R,"C:\Users\Kschellinger\SJTPO_Git\TAZ_Modular\input\02_May ATRs\42_R\ATR 42. NJ 47 (Delsea Drive), west of GSP, btwn 3rd St & 5th St_60 Min Volume.xlsx",18513
atr 42_part 1.tf2,.tf2,C:\Users\Kschellinger\SJTPO_Git\TAZ_Modular\input\02_May ATRs\42_R,C:\Users\Kschellinger\SJTPO_Git\TAZ_Modular\input\02_May ATRs\42_R\atr 42_part 1.tf2,4498021
atr 42_part 2.tf2,.tf2,C:\Users\Kschellinger\SJTPO_Git\TAZ_Modular\input\02_May ATRs\42_R,C:\Users\Kschellinger\SJTPO_Git\TAZ_Modular\input\02_May ATRs\42_R\atr 42_part 2.tf2,4199620
ATR. SJTDM Data Collection_RADAR LAYOUT - 42. NJ 42.pdf,.pdf,C:\Users\Kschellinger\SJTPO_Git\TAZ_Modular\input\02_May ATRs\42_R,C:\Users\Kschellinger\SJTPO_Git\TAZ_Modular\input\02_May ATRs\42_R\ATR. SJTDM Data Collection_RADAR LAYOUT - 42. NJ 42.pdf,257685
2020030075_20260511_095238_0.DAT,.DAT,C:\Users\Kschellinger\SJTPO_Git\TAZ_Modular\input\02_May ATRs\43_R,C:\Users\Kschellinger\SJTPO_Git\TAZ_Modular\input\02_May ATRs\43_R\2020030075_20260511_095238_0.DAT,387057
2020030075_20260515_104143_0.DAT,.DAT,C:\Users\Kschellinger\SJTPO_Git\TAZ_Modular\input\02_May ATRs\43_R,C:\Users\Kschellinger\SJTPO_Git\TAZ_Modular\input\02_May ATRs\43_R\2020030075_20260515_104143_0.DAT,499253
"ATR 43. NJ 50, btwn School House Ln & Route 49 - Class Data Analysis.pdf",.pdf,C:\Users\Kschellinger\SJTPO_Git\TAZ_Modular\input\02_May ATRs\43_R,"C:\Users\Kschellinger\SJTPO_Git\TAZ_Modular\input\02_May ATRs\43_R\ATR 43. NJ 50, btwn School House Ln & Route 49 - Class Data Analysis.pdf",1506705
"ATR 43. NJ 50, btwn School House Ln & Route 49.snj",.snj,C:\Users\Kschellinger\SJTPO_Git\TAZ_Modular\input\02_May ATRs\43_R,"C:\Users\Kschellinger\SJTPO_Git\TAZ_Modular\input\02_May ATRs\43_R\ATR 43. NJ 50, btwn School House Ln & Route 49.snj",2024590
"ATR 43. NJ 50, btwn School House Ln & Route 49_15 Min Length.pdf",.pdf,C:\Users\Kschellinger\SJTPO_Git\TAZ_Modular\input\02_May ATRs\43_R,"C:\Users\Kschellinger\SJTPO_Git\TAZ_Modular\input\02_May ATRs\43_R\ATR 43. NJ 50, btwn School House Ln & Route 49_15 Min Length.pdf",3482077
"ATR 43. NJ 50, btwn School House Ln & Route 49_15 Min Length.xlsx",.xlsx,C:\Users\Kschellinger\SJTPO_Git\TAZ_Modular\input\02_May ATRs\43_R,"C:\Users\Kschellinger\SJTPO_Git\TAZ_Modular\input\02_May ATRs\43_R\ATR 43. NJ 50, btwn School House Ln & Route 49_15 Min Length.xlsx",75924
"ATR 43. NJ 50, btwn School House Ln & Route 49_15 Min Speed.pdf",.pdf,C:\Users\Kschellinger\SJTPO_Git\TAZ_Modular\input\02_May ATRs\43_R,"C:\Users\Kschellinger\SJTPO_Git\TAZ_Modular\input\02_May ATRs\43_R\ATR 43. NJ 50, btwn School House Ln & Route 49_15 Min Speed.pdf",3697526
"ATR 43. NJ 50, btwn School House Ln & Route 49_15 Min Speed.xlsx",.xlsx,C:\Users\Kschellinger\SJTPO_Git\TAZ_Modular\input\02_May ATRs\43_R,"C:\Users\Kschellinger\SJTPO_Git\TAZ_Modular\input\02_May ATRs\43_R\ATR 43. NJ 50, btwn School House Ln & Route 49_15 Min Speed.xlsx",78075
"ATR 43. NJ 50, btwn School House Ln & Route 49_15 Min Summary Length.pdf",.pdf,C:\Users\Kschellinger\SJTPO_Git\TAZ_Modular\input\02_May ATRs\43_R,"C:\Users\Kschellinger\SJTPO_Git\TAZ_Modular\input\02_May ATRs\43_R\ATR 43. NJ 50, btwn School House Ln & Route 49_15 Min Summary Length.pdf",2830167
"ATR 43. NJ 50, btwn School House Ln & Route 49_15 Min Summary Length.xlsx",.xlsx,C:\Users\Kschellinger\SJTPO_Git\TAZ_Modular\input\02_May ATRs\43_R,"C:\Users\Kschellinger\SJTPO_Git\TAZ_Modular\input\02_May ATRs\43_R\ATR 43. NJ 50, btwn School House Ln & Route 49_15 Min Summary Length.xlsx",56609
"ATR 43. NJ 50, btwn School House Ln & Route 49_15 Min Volume.pdf",.pdf,C:\Users\Kschellinger\SJTPO_Git\TAZ_Modular\input\02_May ATRs\43_R,"C:\Users\Kschellinger\SJTPO_Git\TAZ_Modular\input\02_May ATRs\43_R\ATR 43. NJ 50, btwn School House Ln & Route 49_15 Min Volume.pdf",672356
"ATR 43. NJ 50, btwn School House Ln & Route 49_15 Min Volume.xlsx",.xlsx,C:\Users\Kschellinger\SJTPO_Git\TAZ_Modular\input\02_May ATRs\43_R,"C:\Users\Kschellinger\SJTPO_Git\TAZ_Modular\input\02_May ATRs\43_R\ATR 43. NJ 50, btwn School House Ln & Route 49_15 Min Volume.xlsx",28216
"ATR 43. NJ 50, btwn School House Ln & Route 49_60 Min Length.pdf",.pdf,C:\Users\Kschellinger\SJTPO_Git\TAZ_Modular\input\02_May ATRs\43_R,"C:\Users\Kschellinger\SJTPO_Git\TAZ_Modular\input\02_May ATRs\43_R\ATR 43. NJ 50, btwn School House Ln & Route 49_60 Min Length.pdf",1099998
"ATR 43. NJ 50, btwn School House Ln & Route 49_60 Min Length.xlsx",.xlsx,C:\Users\Kschellinger\SJTPO_Git\TAZ_Modular\input\02_May ATRs\43_R,"C:\Users\Kschellinger\SJTPO_Git\TAZ_Modular\input\02_May ATRs\43_R\ATR 43. NJ 50, btwn School House Ln & Route 49_60 Min Length.xlsx",32800
"ATR 43. NJ 50, btwn School House Ln & Route 49_60 Min Speed.pdf",.pdf,C:\Users\Kschellinger\SJTPO_Git\TAZ_Modular\input\02_May ATRs\43_R,"C:\Users\Kschellinger\SJTPO_Git\TAZ_Modular\input\02_May ATRs\43_R\ATR 43. NJ 50, btwn School House Ln & Route 49_60 Min Speed.pdf",1227722
"ATR 43. NJ 50, btwn School House Ln & Route 49_60 Min Speed.xlsx",.xlsx,C:\Users\Kschellinger\SJTPO_Git\TAZ_Modular\input\02_May ATRs\43_R,"C:\Users\Kschellinger\SJTPO_Git\TAZ_Modular\input\02_May ATRs\43_R\ATR 43. NJ 50, btwn School House Ln & Route 49_60 Min Speed.xlsx",33151
"ATR 43. NJ 50, btwn School House Ln & Route 49_60 Min Summary Length.pdf",.pdf,C:\Users\Kschellinger\SJTPO_Git\TAZ_Modular\input\02_May ATRs\43_R,"C:\Users\Kschellinger\SJTPO_Git\TAZ_Modular\input\02_May ATRs\43_R\ATR 43. NJ 50, btwn School House Ln & Route 49_60 Min Summary Length.pdf",946890
"ATR 43. NJ 50, btwn School House Ln & Route 49_60 Min Summary Length.xlsx",.xlsx,C:\Users\Kschellinger\SJTPO_Git\TAZ_Modular\input\02_May ATRs\43_R,"C:\Users\Kschellinger\SJTPO_Git\TAZ_Modular\input\02_May ATRs\43_R\ATR 43. NJ 50, btwn School House Ln & Route 49_60 Min Summary Length.xlsx",26928
"ATR 43. NJ 50, btwn School House Ln & Route 49_60 Min Volume.pdf",.pdf,C:\Users\Kschellinger\SJTPO_Git\TAZ_Modular\input\02_May ATRs\43_R,"C:\Users\Kschellinger\SJTPO_Git\TAZ_Modular\input\02_May ATRs\43_R\ATR 43. NJ 50, btwn School House Ln & Route 49_60 Min Volume.pdf",426754
"ATR 43. NJ 50, btwn School House Ln & Route 49_60 Min Volume.xlsx",.xlsx,C:\Users\Kschellinger\SJTPO_Git\TAZ_Modular\input\02_May ATRs\43_R,"C:\Users\Kschellinger\SJTPO_Git\TAZ_Modular\input\02_May ATRs\43_R\ATR 43. NJ 50, btwn School House Ln & Route 49_60 Min Volume.xlsx",18851
atr 43_part 1.tf2,.tf2,C:\Users\Kschellinger\SJTPO_Git\TAZ_Modular\input\02_May ATRs\43_R,C:\Users\Kschellinger\SJTPO_Git\TAZ_Modular\input\02_May ATRs\43_R\atr 43_part 1.tf2,2425616
ATR 43_Part 2.tf2,.tf2,C:\Users\Kschellinger\SJTPO_Git\TAZ_Modular\input\02_May ATRs\43_R,C:\Users\Kschellinger\SJTPO_Git\TAZ_Modular\input\02_May ATRs\43_R\ATR 43_Part 2.tf2,3139024
ATR. SJTDM Data Collection_RADAR LAYOUT - 43. NJ 50.pdf,.pdf,C:\Users\Kschellinger\SJTPO_Git\TAZ_Modular\input\02_May ATRs\43_R,C:\Users\Kschellinger\SJTPO_Git\TAZ_Modular\input\02_May ATRs\43_R\ATR. SJTDM Data Collection_RADAR LAYOUT - 43. NJ 50.pdf,263321
"ATR 44. Ocean Drive Bridge, Outfront Malibu Dog Beach Lily_15 Minute.csv",.csv,C:\Users\Kschellinger\SJTPO_Git\TAZ_Modular\input\02_May ATRs\44_V,"C:\Users\Kschellinger\SJTPO_Git\TAZ_Modular\input\02_May ATRs\44_V\ATR 44. Ocean Drive Bridge, Outfront Malibu Dog Beach Lily_15 Minute.csv",122980
"ATR 44. Ocean Drive Bridge, Outfront Malibu Dog Beach Lily_15 Minute.pdf",.pdf,C:\Users\Kschellinger\SJTPO_Git\TAZ_Modular\input\02_May ATRs\44_V,"C:\Users\Kschellinger\SJTPO_Git\TAZ_Modular\input\02_May ATRs\44_V\ATR 44. Ocean Drive Bridge, Outfront Malibu Dog Beach Lily_15 Minute.pdf",473190
"ATR 44. Ocean Drive Bridge, Outfront Malibu Dog Beach Lily_15 Minute.xlsx",.xlsx,C:\Users\Kschellinger\SJTPO_Git\TAZ_Modular\input\02_May ATRs\44_V,"C:\Users\Kschellinger\SJTPO_Git\TAZ_Modular\input\02_May ATRs\44_V\ATR 44. Ocean Drive Bridge, Outfront Malibu Dog Beach Lily_15 Minute.xlsx",843539
"ATR 44. Ocean Drive Bridge, Outfront Malibu Dog Beach Lily_60 Minute.csv",.csv,C:\Users\Kschellinger\SJTPO_Git\TAZ_Modular\input\02_May ATRs\44_V,"C:\Users\Kschellinger\SJTPO_Git\TAZ_Modular\input\02_May ATRs\44_V\ATR 44. Ocean Drive Bridge, Outfront Malibu Dog Beach Lily_60 Minute.csv",31817
"ATR 44. Ocean Drive Bridge, Outfront Malibu Dog Beach Lily_60 Minute.pdf",.pdf,C:\Users\Kschellinger\SJTPO_Git\TAZ_Modular\input\02_May ATRs\44_V,"C:\Users\Kschellinger\SJTPO_Git\TAZ_Modular\input\02_May ATRs\44_V\ATR 44. Ocean Drive Bridge, Outfront Malibu Dog Beach Lily_60 Minute.pdf",371713
"ATR 44. Ocean Drive Bridge, Outfront Malibu Dog Beach Lily_60 Minute.xlsx",.xlsx,C:\Users\Kschellinger\SJTPO_Git\TAZ_Modular\input\02_May ATRs\44_V,"C:\Users\Kschellinger\SJTPO_Git\TAZ_Modular\input\02_May ATRs\44_V\ATR 44. Ocean Drive Bridge, Outfront Malibu Dog Beach Lily_60 Minute.xlsx",288928
ATR 44. Ocean Drive Bridge_Screen Captures.pdf,.pdf,C:\Users\Kschellinger\SJTPO_Git\TAZ_Modular\input\02_May ATRs\44_V,C:\Users\Kschellinger\SJTPO_Git\TAZ_Modular\input\02_May ATRs\44_V\ATR 44. Ocean Drive Bridge_Screen Captures.pdf,226001
ATR44_Test_Calculation_Volumes.xlsx,.xlsx,C:\Users\Kschellinger\SJTPO_Git\TAZ_Modular\input\02_May ATRs\44_V,C:\Users\Kschellinger\SJTPO_Git\TAZ_Modular\input\02_May ATRs\44_V\ATR44_Test_Calculation_Volumes.xlsx,85158
45 -38044.tf2,.tf2,C:\Users\Kschellinger\SJTPO_Git\TAZ_Modular\input\02_May ATRs\45_T,C:\Users\Kschellinger\SJTPO_Git\TAZ_Modular\input\02_May ATRs\45_T\45 -38044.tf2,2067721
ATR. SJTDM Data Collection_TUBE LAYOUT - 45. CR 561 Alt.pdf,.pdf,C:\Users\Kschellinger\SJTPO_Git\TAZ_Modular\input\02_May ATRs\45_T,C:\Users\Kschellinger\SJTPO_Git\TAZ_Modular\input\02_May ATRs\45_T\ATR. SJTDM Data Collection_TUBE LAYOUT - 45. CR 561 Alt.pdf,260096
"CR 561 Alt (Moss Mill Rd), btwn Odessa Ave & Mannheim Ave - Class Data Analysis.pdf",.pdf,C:\Users\Kschellinger\SJTPO_Git\TAZ_Modular\input\02_May ATRs\45_T,"C:\Users\Kschellinger\SJTPO_Git\TAZ_Modular\input\02_May ATRs\45_T\CR 561 Alt (Moss Mill Rd), btwn Odessa Ave & Mannheim Ave - Class Data Analysis.pdf",2223710
"CR 561 Alt (Moss Mill Rd), btwn Odessa Ave & Mannheim Ave - Data Summary.pdf",.pdf,C:\Users\Kschellinger\SJTPO_Git\TAZ_Modular\input\02_May ATRs\45_T,"C:\Users\Kschellinger\SJTPO_Git\TAZ_Modular\input\02_May ATRs\45_T\CR 561 Alt (Moss Mill Rd), btwn Odessa Ave & Mannheim Ave - Data Summary.pdf",341733
"CR 561 Alt (Moss Mill Rd), btwn Odessa Ave & Mannheim Ave.snj",.snj,C:\Users\Kschellinger\SJTPO_Git\TAZ_Modular\input\02_May ATRs\45_T,"C:\Users\Kschellinger\SJTPO_Git\TAZ_Modular\input\02_May ATRs\45_T\CR 561 Alt (Moss Mill Rd), btwn Odessa Ave & Mannheim Ave.snj",2958702
"CR 561 Alt (Moss Mill Rd), btwn Odessa Ave & Mannheim Ave_15 Min Class.pdf",.pdf,C:\Users\Kschellinger\SJTPO_Git\TAZ_Modular\input\02_May ATRs\45_T,"C:\Users\Kschellinger\SJTPO_Git\TAZ_Modular\input\02_May ATRs\45_T\CR 561 Alt (Moss Mill Rd), btwn Odessa Ave & Mannheim Ave_15 Min Class.pdf",4177582
"CR 561 Alt (Moss Mill Rd), btwn Odessa Ave & Mannheim Ave_15 Min Class.xlsx",.xlsx,C:\Users\Kschellinger\SJTPO_Git\TAZ_Modular\input\02_May ATRs\45_T,"C:\Users\Kschellinger\SJTPO_Git\TAZ_Modular\input\02_May ATRs\45_T\CR 561 Alt (Moss Mill Rd), btwn Odessa Ave & Mannheim Ave_15 Min Class.xlsx",75173
"CR 561 Alt (Moss Mill Rd), btwn Odessa Ave & Mannheim Ave_15 Min Speed.pdf",.pdf,C:\Users\Kschellinger\SJTPO_Git\TAZ_Modular\input\02_May ATRs\45_T,"C:\Users\Kschellinger\SJTPO_Git\TAZ_Modular\input\02_May ATRs\45_T\CR 561 Alt (Moss Mill Rd), btwn Odessa Ave & Mannheim Ave_15 Min Speed.pdf",3691164
"CR 561 Alt (Moss Mill Rd), btwn Odessa Ave & Mannheim Ave_15 Min Speed.xlsx",.xlsx,C:\Users\Kschellinger\SJTPO_Git\TAZ_Modular\input\02_May ATRs\45_T,"C:\Users\Kschellinger\SJTPO_Git\TAZ_Modular\input\02_May ATRs\45_T\CR 561 Alt (Moss Mill Rd), btwn Odessa Ave & Mannheim Ave_15 Min Speed.xlsx",74375
"CR 561 Alt (Moss Mill Rd), btwn Odessa Ave & Mannheim Ave_15 Min Volume.pdf",.pdf,C:\Users\Kschellinger\SJTPO_Git\TAZ_Modular\input\02_May ATRs\45_T,"C:\Users\Kschellinger\SJTPO_Git\TAZ_Modular\input\02_May ATRs\45_T\CR 561 Alt (Moss Mill Rd), btwn Odessa Ave & Mannheim Ave_15 Min Volume.pdf",667626
"CR 561 Alt (Moss Mill Rd), btwn Odessa Ave & Mannheim Ave_15 Min Volume.xlsx",.xlsx,C:\Users\Kschellinger\SJTPO_Git\TAZ_Modular\input\02_May ATRs\45_T,"C:\Users\Kschellinger\SJTPO_Git\TAZ_Modular\input\02_May ATRs\45_T\CR 561 Alt (Moss Mill Rd), btwn Odessa Ave & Mannheim Ave_15 Min Volume.xlsx",28096
"CR 561 Alt (Moss Mill Rd), btwn Odessa Ave & Mannheim Ave_60 Min Class.pdf",.pdf,C:\Users\Kschellinger\SJTPO_Git\TAZ_Modular\input\02_May ATRs\45_T,"C:\Users\Kschellinger\SJTPO_Git\TAZ_Modular\input\02_May ATRs\45_T\CR 561 Alt (Moss Mill Rd), btwn Odessa Ave & Mannheim Ave_60 Min Class.pdf",1310345
"CR 561 Alt (Moss Mill Rd), btwn Odessa Ave & Mannheim Ave_60 Min Class.xlsx",.xlsx,C:\Users\Kschellinger\SJTPO_Git\TAZ_Modular\input\02_May ATRs\45_T,"C:\Users\Kschellinger\SJTPO_Git\TAZ_Modular\input\02_May ATRs\45_T\CR 561 Alt (Moss Mill Rd), btwn Odessa Ave & Mannheim Ave_60 Min Class.xlsx",32238
"CR 561 Alt (Moss Mill Rd), btwn Odessa Ave & Mannheim Ave_60 Min Speed.pdf",.pdf,C:\Users\Kschellinger\SJTPO_Git\TAZ_Modular\input\02_May ATRs\45_T,"C:\Users\Kschellinger\SJTPO_Git\TAZ_Modular\input\02_May ATRs\45_T\CR 561 Alt (Moss Mill Rd), btwn Odessa Ave & Mannheim Ave_60 Min Speed.pdf",1222672
"CR 561 Alt (Moss Mill Rd), btwn Odessa Ave & Mannheim Ave_60 Min Speed.xlsx",.xlsx,C:\Users\Kschellinger\SJTPO_Git\TAZ_Modular\input\02_May ATRs\45_T,"C:\Users\Kschellinger\SJTPO_Git\TAZ_Modular\input\02_May ATRs\45_T\CR 561 Alt (Moss Mill Rd), btwn Odessa Ave & Mannheim Ave_60 Min Speed.xlsx",32846
"CR 561 Alt (Moss Mill Rd), btwn Odessa Ave & Mannheim Ave_60 Min Volume.pdf",.pdf,C:\Users\Kschellinger\SJTPO_Git\TAZ_Modular\input\02_May ATRs\45_T,"C:\Users\Kschellinger\SJTPO_Git\TAZ_Modular\input\02_May ATRs\45_T\CR 561 Alt (Moss Mill Rd), btwn Odessa Ave & Mannheim Ave_60 Min Volume.pdf",429192
"CR 561 Alt (Moss Mill Rd), btwn Odessa Ave & Mannheim Ave_60 Min Volume.xlsx",.xlsx,C:\Users\Kschellinger\SJTPO_Git\TAZ_Modular\input\02_May ATRs\45_T,"C:\Users\Kschellinger\SJTPO_Git\TAZ_Modular\input\02_May ATRs\45_T\CR 561 Alt (Moss Mill Rd), btwn Odessa Ave & Mannheim Ave_60 Min Volume.xlsx",18764
"ATR 46. Lincoln Avenue, btwn Oak Rd & Vine Rd - Class Data Analysis.pdf",.pdf,C:\Users\Kschellinger\SJTPO_Git\TAZ_Modular\input\02_May ATRs\46_T,"C:\Users\Kschellinger\SJTPO_Git\TAZ_Modular\input\02_May ATRs\46_T\ATR 46. Lincoln Avenue, btwn Oak Rd & Vine Rd - Class Data Analysis.pdf",2193897
"ATR 46. Lincoln Avenue, btwn Oak Rd & Vine Rd - Data Summary.pdf",.pdf,C:\Users\Kschellinger\SJTPO_Git\TAZ_Modular\input\02_May ATRs\46_T,"C:\Users\Kschellinger\SJTPO_Git\TAZ_Modular\input\02_May ATRs\46_T\ATR 46. Lincoln Avenue, btwn Oak Rd & Vine Rd - Data Summary.pdf",341645
"ATR 46. Lincoln Avenue, btwn Oak Rd & Vine Rd.snj",.snj,C:\Users\Kschellinger\SJTPO_Git\TAZ_Modular\input\02_May ATRs\46_T,"C:\Users\Kschellinger\SJTPO_Git\TAZ_Modular\input\02_May ATRs\46_T\ATR 46. Lincoln Avenue, btwn Oak Rd & Vine Rd.snj",4924420
"ATR 46. Lincoln Avenue, btwn Oak Rd & Vine Rd_15 Min Class.pdf",.pdf,C:\Users\Kschellinger\SJTPO_Git\TAZ_Modular\input\02_May ATRs\46_T,"C:\Users\Kschellinger\SJTPO_Git\TAZ_Modular\input\02_May ATRs\46_T\ATR 46. Lincoln Avenue, btwn Oak Rd & Vine Rd_15 Min Class.pdf",4380534
"ATR 46. Lincoln Avenue, btwn Oak Rd & Vine Rd_15 Min Class.xlsx",.xlsx,C:\Users\Kschellinger\SJTPO_Git\TAZ_Modular\input\02_May ATRs\46_T,"C:\Users\Kschellinger\SJTPO_Git\TAZ_Modular\input\02_May ATRs\46_T\ATR 46. Lincoln Avenue, btwn Oak Rd & Vine Rd_15 Min Class.xlsx",77794
"ATR 46. Lincoln Avenue, btwn Oak Rd & Vine Rd_15 Min Speed.pdf",.pdf,C:\Users\Kschellinger\SJTPO_Git\TAZ_Modular\input\02_May ATRs\46_T,"C:\Users\Kschellinger\SJTPO_Git\TAZ_Modular\input\02_May ATRs\46_T\ATR 46. Lincoln Avenue, btwn Oak Rd & Vine Rd_15 Min Speed.pdf",3691056
"ATR 46. Lincoln Avenue, btwn Oak Rd & Vine Rd_15 Min Speed.xlsx",.xlsx,C:\Users\Kschellinger\SJTPO_Git\TAZ_Modular\input\02_May ATRs\46_T,"C:\Users\Kschellinger\SJTPO_Git\TAZ_Modular\input\02_May ATRs\46_T\ATR 46. Lincoln Avenue, btwn Oak Rd & Vine Rd_15 Min Speed.xlsx",78219
"ATR 46. Lincoln Avenue, btwn Oak Rd & Vine Rd_15 Min Volume.pdf",.pdf,C:\Users\Kschellinger\SJTPO_Git\TAZ_Modular\input\02_May ATRs\46_T,"C:\Users\Kschellinger\SJTPO_Git\TAZ_Modular\input\02_May ATRs\46_T\ATR 46. Lincoln Avenue, btwn Oak Rd & Vine Rd_15 Min Volume.pdf",669181
"ATR 46. Lincoln Avenue, btwn Oak Rd & Vine Rd_15 Min Volume.xlsx",.xlsx,C:\Users\Kschellinger\SJTPO_Git\TAZ_Modular\input\02_May ATRs\46_T,"C:\Users\Kschellinger\SJTPO_Git\TAZ_Modular\input\02_May ATRs\46_T\ATR 46. Lincoln Avenue, btwn Oak Rd & Vine Rd_15 Min Volume.xlsx",28268
"ATR 46. Lincoln Avenue, btwn Oak Rd & Vine Rd_60 Min Class.pdf",.pdf,C:\Users\Kschellinger\SJTPO_Git\TAZ_Modular\input\02_May ATRs\46_T,"C:\Users\Kschellinger\SJTPO_Git\TAZ_Modular\input\02_May ATRs\46_T\ATR 46. Lincoln Avenue, btwn Oak Rd & Vine Rd_60 Min Class.pdf",1318342
"ATR 46. Lincoln Avenue, btwn Oak Rd & Vine Rd_60 Min Class.xlsx",.xlsx,C:\Users\Kschellinger\SJTPO_Git\TAZ_Modular\input\02_May ATRs\46_T,"C:\Users\Kschellinger\SJTPO_Git\TAZ_Modular\input\02_May ATRs\46_T\ATR 46. Lincoln Avenue, btwn Oak Rd & Vine Rd_60 Min Class.xlsx",33472
"ATR 46. Lincoln Avenue, btwn Oak Rd & Vine Rd_60 Min Speed.pdf",.pdf,C:\Users\Kschellinger\SJTPO_Git\TAZ_Modular\input\02_May ATRs\46_T,"C:\Users\Kschellinger\SJTPO_Git\TAZ_Modular\input\02_May ATRs\46_T\ATR 46. Lincoln Avenue, btwn Oak Rd & Vine Rd_60 Min Speed.pdf",1224585
"ATR 46. Lincoln Avenue, btwn Oak Rd & Vine Rd_60 Min Speed.xlsx",.xlsx,C:\Users\Kschellinger\SJTPO_Git\TAZ_Modular\input\02_May ATRs\46_T,"C:\Users\Kschellinger\SJTPO_Git\TAZ_Modular\input\02_May ATRs\46_T\ATR 46. Lincoln Avenue, btwn Oak Rd & Vine Rd_60 Min Speed.xlsx",33900
"ATR 46. Lincoln Avenue, btwn Oak Rd & Vine Rd_60 Min Volume.xlsx",.xlsx,C:\Users\Kschellinger\SJTPO_Git\TAZ_Modular\input\02_May ATRs\46_T,"C:\Users\Kschellinger\SJTPO_Git\TAZ_Modular\input\02_May ATRs\46_T\ATR 46. Lincoln Avenue, btwn Oak Rd & Vine Rd_60 Min Volume.xlsx",18334
"ATR 46. Lincoln Avenue, btwn Oak Rd & Vine Rd_60 Minute Volume.pdf",.pdf,C:\Users\Kschellinger\SJTPO_Git\TAZ_Modular\input\02_May ATRs\46_T,"C:\Users\Kschellinger\SJTPO_Git\TAZ_Modular\input\02_May ATRs\46_T\ATR 46. Lincoln Avenue, btwn Oak Rd & Vine Rd_60 Minute Volume.pdf",429167
ATR 46.tf2,.tf2,C:\Users\Kschellinger\SJTPO_Git\TAZ_Modular\input\02_May ATRs\46_T,C:\Users\Kschellinger\SJTPO_Git\TAZ_Modular\input\02_May ATRs\46_T\ATR 46.tf2,3749863
ATR. SJTDM Data Collection_TUBE LAYOUT - 46. Lincoln Ave.pdf,.pdf,C:\Users\Kschellinger\SJTPO_Git\TAZ_Modular\input\02_May ATRs\46_T,C:\Users\Kschellinger\SJTPO_Git\TAZ_Modular\input\02_May ATRs\46_T\ATR. SJTDM Data Collection_TUBE LAYOUT - 46. Lincoln Ave.pdf,256408
CLASS_13msab_2025-05-02.xls,.xls,C:\Users\Kschellinger\SJTPO_Git\TAZ_Modular\input\02_May ATRs\47_NJDOT\2025\2-WAY,C:\Users\Kschellinger\SJTPO_Git\TAZ_Modular\input\02_May ATRs\47_NJDOT\2025\2-WAY\CLASS_13msab_2025-05-02.xls,21133
CLASS_13msab_2025-05-03.xls,.xls,C:\Users\Kschellinger\SJTPO_Git\TAZ_Modular\input\02_May ATRs\47_NJDOT\2025\2-WAY,C:\Users\Kschellinger\SJTPO_Git\TAZ_Modular\input\02_May ATRs\47_NJDOT\2025\2-WAY\CLASS_13msab_2025-05-03.xls,21127
CLASS_13msab_2025-05-04.xls,.xls,C:\Users\Kschellinger\SJTPO_Git\TAZ_Modular\input\02_May ATRs\47_NJDOT\2025\2-WAY,C:\Users\Kschellinger\SJTPO_Git\TAZ_Modular\input\02_May ATRs\47_NJDOT\2025\2-WAY\CLASS_13msab_2025-05-04.xls,21084
CLASS_13msab_2025-05-05.xls,.xls,C:\Users\Kschellinger\SJTPO_Git\TAZ_Modular\input\02_May ATRs\47_NJDOT\2025\2-WAY,C:\Users\Kschellinger\SJTPO_Git\TAZ_Modular\input\02_May ATRs\47_NJDOT\2025\2-WAY\CLASS_13msab_2025-05-05.xls,21131
CLASS_13msab_2025-05-06.xls,.xls,C:\Users\Kschellinger\SJTPO_Git\TAZ_Modular\input\02_May ATRs\47_NJDOT\2025\2-WAY,C:\Users\Kschellinger\SJTPO_Git\TAZ_Modular\input\02_May ATRs\47_NJDOT\2025\2-WAY\CLASS_13msab_2025-05-06.xls,21139
CLASS_13msab_2025-05-07.xls,.xls,C:\Users\Kschellinger\SJTPO_Git\TAZ_Modular\input\02_May ATRs\47_NJDOT\2025\2-WAY,C:\Users\Kschellinger\SJTPO_Git\TAZ_Modular\input\02_May ATRs\47_NJDOT\2025\2-WAY\CLASS_13msab_2025-05-07.xls,21145
CLASS_13msab_2025-05-08.xls,.xls,C:\Users\Kschellinger\SJTPO_Git\TAZ_Modular\input\02_May ATRs\47_NJDOT\2025\2-WAY,C:\Users\Kschellinger\SJTPO_Git\TAZ_Modular\input\02_May ATRs\47_NJDOT\2025\2-WAY\CLASS_13msab_2025-05-08.xls,21142
CLASS_13msab_NB_2025-05-02.xls,.xls,C:\Users\Kschellinger\SJTPO_Git\TAZ_Modular\input\02_May ATRs\47_NJDOT\2025\NB,C:\Users\Kschellinger\SJTPO_Git\TAZ_Modular\input\02_May ATRs\47_NJDOT\2025\NB\CLASS_13msab_NB_2025-05-02.xls,21038
CLASS_13msab_NB_2025-05-03.xls,.xls,C:\Users\Kschellinger\SJTPO_Git\TAZ_Modular\input\02_May ATRs\47_NJDOT\2025\NB,C:\Users\Kschellinger\SJTPO_Git\TAZ_Modular\input\02_May ATRs\47_NJDOT\2025\NB\CLASS_13msab_NB_2025-05-03.xls,21027
CLASS_13msab_NB_2025-05-04.xls,.xls,C:\Users\Kschellinger\SJTPO_Git\TAZ_Modular\input\02_May ATRs\47_NJDOT\2025\NB,C:\Users\Kschellinger\SJTPO_Git\TAZ_Modular\input\02_May ATRs\47_NJDOT\2025\NB\CLASS_13msab_NB_2025-05-04.xls,20995
CLASS_13msab_NB_2025-05-05.xls,.xls,C:\Users\Kschellinger\SJTPO_Git\TAZ_Modular\input\02_May ATRs\47_NJDOT\2025\NB,C:\Users\Kschellinger\SJTPO_Git\TAZ_Modular\input\02_May ATRs\47_NJDOT\2025\NB\CLASS_13msab_NB_2025-05-05.xls,21030
CLASS_13msab_NB_2025-05-06.xls,.xls,C:\Users\Kschellinger\SJTPO_Git\TAZ_Modular\input\02_May ATRs\47_NJDOT\2025\NB,C:\Users\Kschellinger\SJTPO_Git\TAZ_Modular\input\02_May ATRs\47_NJDOT\2025\NB\CLASS_13msab_NB_2025-05-06.xls,21042
CLASS_13msab_NB_2025-05-07.xls,.xls,C:\Users\Kschellinger\SJTPO_Git\TAZ_Modular\input\02_May ATRs\47_NJDOT\2025\NB,C:\Users\Kschellinger\SJTPO_Git\TAZ_Modular\input\02_May ATRs\47_NJDOT\2025\NB\CLASS_13msab_NB_2025-05-07.xls,21037
CLASS_13msab_NB_2025-05-08.xls,.xls,C:\Users\Kschellinger\SJTPO_Git\TAZ_Modular\input\02_May ATRs\47_NJDOT\2025\NB,C:\Users\Kschellinger\SJTPO_Git\TAZ_Modular\input\02_May ATRs\47_NJDOT\2025\NB\CLASS_13msab_NB_2025-05-08.xls,21044
CLASS_13msab_SB_2025-05-02.xls,.xls,C:\Users\Kschellinger\SJTPO_Git\TAZ_Modular\input\02_May ATRs\47_NJDOT\2025\SB,C:\Users\Kschellinger\SJTPO_Git\TAZ_Modular\input\02_May ATRs\47_NJDOT\2025\SB\CLASS_13msab_SB_2025-05-02.xls,21031
CLASS_13msab_SB_2025-05-03.xls,.xls,C:\Users\Kschellinger\SJTPO_Git\TAZ_Modular\input\02_May ATRs\47_NJDOT\2025\SB,C:\Users\Kschellinger\SJTPO_Git\TAZ_Modular\input\02_May ATRs\47_NJDOT\2025\SB\CLASS_13msab_SB_2025-05-03.xls,21030
CLASS_13msab_SB_2025-05-04.xls,.xls,C:\Users\Kschellinger\SJTPO_Git\TAZ_Modular\input\02_May ATRs\47_NJDOT\2025\SB,C:\Users\Kschellinger\SJTPO_Git\TAZ_Modular\input\02_May ATRs\47_NJDOT\2025\SB\CLASS_13msab_SB_2025-05-04.xls,20992
CLASS_13msab_SB_2025-05-05.xls,.xls,C:\Users\Kschellinger\SJTPO_Git\TAZ_Modular\input\02_May ATRs\47_NJDOT\2025\SB,C:\Users\Kschellinger\SJTPO_Git\TAZ_Modular\input\02_May ATRs\47_NJDOT\2025\SB\CLASS_13msab_SB_2025-05-05.xls,21036
CLASS_13msab_SB_2025-05-06.xls,.xls,C:\Users\Kschellinger\SJTPO_Git\TAZ_Modular\input\02_May ATRs\47_NJDOT\2025\SB,C:\Users\Kschellinger\SJTPO_Git\TAZ_Modular\input\02_May ATRs\47_NJDOT\2025\SB\CLASS_13msab_SB_2025-05-06.xls,21044
CLASS_13msab_SB_2025-05-07.xls,.xls,C:\Users\Kschellinger\SJTPO_Git\TAZ_Modular\input\02_May ATRs\47_NJDOT\2025\SB,C:\Users\Kschellinger\SJTPO_Git\TAZ_Modular\input\02_May ATRs\47_NJDOT\2025\SB\CLASS_13msab_SB_2025-05-07.xls,21045
CLASS_13msab_SB_2025-05-08.xls,.xls,C:\Users\Kschellinger\SJTPO_Git\TAZ_Modular\input\02_May ATRs\47_NJDOT\2025\SB,C:\Users\Kschellinger\SJTPO_Git\TAZ_Modular\input\02_May ATRs\47_NJDOT\2025\SB\CLASS_13msab_SB_2025-05-08.xls,21036
CLASS_13msab_2026-05-01.xls,.xls,C:\Users\Kschellinger\SJTPO_Git\TAZ_Modular\input\02_May ATRs\47_NJDOT\2026\2-WAY,C:\Users\Kschellinger\SJTPO_Git\TAZ_Modular\input\02_May ATRs\47_NJDOT\2026\2-WAY\CLASS_13msab_2026-05-01.xls,21144
CLASS_13msab_2026-05-02.xls,.xls,C:\Users\Kschellinger\SJTPO_Git\TAZ_Modular\input\02_May ATRs\47_NJDOT\2026\2-WAY,C:\Users\Kschellinger\SJTPO_Git\TAZ_Modular\input\02_May ATRs\47_NJDOT\2026\2-WAY\CLASS_13msab_2026-05-02.xls,21126
CLASS_13msab_2026-05-03.xls,.xls,C:\Users\Kschellinger\SJTPO_Git\TAZ_Modular\input\02_May ATRs\47_NJDOT\2026\2-WAY,C:\Users\Kschellinger\SJTPO_Git\TAZ_Modular\input\02_May ATRs\47_NJDOT\2026\2-WAY\CLASS_13msab_2026-05-03.xls,21100
CLASS_13msab_2026-05-05.xls,.xls,C:\Users\Kschellinger\SJTPO_Git\TAZ_Modular\input\02_May ATRs\47_NJDOT\2026\2-WAY,C:\Users\Kschellinger\SJTPO_Git\TAZ_Modular\input\02_May ATRs\47_NJDOT\2026\2-WAY\CLASS_13msab_2026-05-05.xls,21153
CLASS_13msab_2026-05-06.xls,.xls,C:\Users\Kschellinger\SJTPO_Git\TAZ_Modular\input\02_May ATRs\47_NJDOT\2026\2-WAY,C:\Users\Kschellinger\SJTPO_Git\TAZ_Modular\input\02_May ATRs\47_NJDOT\2026\2-WAY\CLASS_13msab_2026-05-06.xls,21136
CLASS_13msab_2026-05-07.xls,.xls,C:\Users\Kschellinger\SJTPO_Git\TAZ_Modular\input\02_May ATRs\47_NJDOT\2026\2-WAY,C:\Users\Kschellinger\SJTPO_Git\TAZ_Modular\input\02_May ATRs\47_NJDOT\2026\2-WAY\CLASS_13msab_2026-05-07.xls,21144
CLASS_13msab_2026-05-08.xls,.xls,C:\Users\Kschellinger\SJTPO_Git\TAZ_Modular\input\02_May ATRs\47_NJDOT\2026\2-WAY,C:\Users\Kschellinger\SJTPO_Git\TAZ_Modular\input\02_May ATRs\47_NJDOT\2026\2-WAY\CLASS_13msab_2026-05-08.xls,21136
CLASS_13msab_2026-05-09.xls,.xls,C:\Users\Kschellinger\SJTPO_Git\TAZ_Modular\input\02_May ATRs\47_NJDOT\2026\2-WAY,C:\Users\Kschellinger\SJTPO_Git\TAZ_Modular\input\02_May ATRs\47_NJDOT\2026\2-WAY\CLASS_13msab_2026-05-09.xls,21123
CLASS_13msab_2026-05-10.xls,.xls,C:\Users\Kschellinger\SJTPO_Git\TAZ_Modular\input\02_May ATRs\47_NJDOT\2026\2-WAY,C:\Users\Kschellinger\SJTPO_Git\TAZ_Modular\input\02_May ATRs\47_NJDOT\2026\2-WAY\CLASS_13msab_2026-05-10.xls,21100
CLASS_13msab_2026-05-11.xls,.xls,C:\Users\Kschellinger\SJTPO_Git\TAZ_Modular\input\02_May ATRs\47_NJDOT\2026\2-WAY,C:\Users\Kschellinger\SJTPO_Git\TAZ_Modular\input\02_May ATRs\47_NJDOT\2026\2-WAY\CLASS_13msab_2026-05-11.xls,21132
CLASS_13msab_2026-05-12.xls,.xls,C:\Users\Kschellinger\SJTPO_Git\TAZ_Modular\input\02_May ATRs\47_NJDOT\2026\2-WAY,C:\Users\Kschellinger\SJTPO_Git\TAZ_Modular\input\02_May ATRs\47_NJDOT\2026\2-WAY\CLASS_13msab_2026-05-12.xls,21148
CLASS_13msab_2026-05-13.xls,.xls,C:\Users\Kschellinger\SJTPO_Git\TAZ_Modular\input\02_May ATRs\47_NJDOT\2026\2-WAY,C:\Users\Kschellinger\SJTPO_Git\TAZ_Modular\input\02_May ATRs\47_NJDOT\2026\2-WAY\CLASS_13msab_2026-05-13.xls,21134
CLASS_13msab_5-4-2026.xls,.xls,C:\Users\Kschellinger\SJTPO_Git\TAZ_Modular\input\02_May ATRs\47_NJDOT\2026\2-WAY,C:\Users\Kschellinger\SJTPO_Git\TAZ_Modular\input\02_May ATRs\47_NJDOT\2026\2-WAY\CLASS_13msab_5-4-2026.xls,21129
CLASS_13msab_NB_2026-05-01.xls,.xls,C:\Users\Kschellinger\SJTPO_Git\TAZ_Modular\input\02_May ATRs\47_NJDOT\2026\NB,C:\Users\Kschellinger\SJTPO_Git\TAZ_Modular\input\02_May ATRs\47_NJDOT\2026\NB\CLASS_13msab_NB_2026-05-01.xls,21035
CLASS_13msab_NB_2026-05-02.xls,.xls,C:\Users\Kschellinger\SJTPO_Git\TAZ_Modular\input\02_May ATRs\47_NJDOT\2026\NB,C:\Users\Kschellinger\SJTPO_Git\TAZ_Modular\input\02_May ATRs\47_NJDOT\2026\NB\CLASS_13msab_NB_2026-05-02.xls,21034
CLASS_13msab_NB_2026-05-03.xls,.xls,C:\Users\Kschellinger\SJTPO_Git\TAZ_Modular\input\02_May ATRs\47_NJDOT\2026\NB,C:\Users\Kschellinger\SJTPO_Git\TAZ_Modular\input\02_May ATRs\47_NJDOT\2026\NB\CLASS_13msab_NB_2026-05-03.xls,21008
CLASS_13msab_NB_2026-05-05.xls,.xls,C:\Users\Kschellinger\SJTPO_Git\TAZ_Modular\input\02_May ATRs\47_NJDOT\2026\NB,C:\Users\Kschellinger\SJTPO_Git\TAZ_Modular\input\02_May ATRs\47_NJDOT\2026\NB\CLASS_13msab_NB_2026-05-05.xls,21056
CLASS_13msab_NB_2026-05-06.xls,.xls,C:\Users\Kschellinger\SJTPO_Git\TAZ_Modular\input\02_May ATRs\47_NJDOT\2026\NB,C:\Users\Kschellinger\SJTPO_Git\TAZ_Modular\input\02_May ATRs\47_NJDOT\2026\NB\CLASS_13msab_NB_2026-05-06.xls,21030
CLASS_13msab_NB_2026-05-07.xls,.xls,C:\Users\Kschellinger\SJTPO_Git\TAZ_Modular\input\02_May ATRs\47_NJDOT\2026\NB,C:\Users\Kschellinger\SJTPO_Git\TAZ_Modular\input\02_May ATRs\47_NJDOT\2026\NB\CLASS_13msab_NB_2026-05-07.xls,21046
CLASS_13msab_NB_2026-05-08.xls,.xls,C:\Users\Kschellinger\SJTPO_Git\TAZ_Modular\input\02_May ATRs\47_NJDOT\2026\NB,C:\Users\Kschellinger\SJTPO_Git\TAZ_Modular\input\02_May ATRs\47_NJDOT\2026\NB\CLASS_13msab_NB_2026-05-08.xls,21034
CLASS_13msab_NB_2026-05-09.xls,.xls,C:\Users\Kschellinger\SJTPO_Git\TAZ_Modular\input\02_May ATRs\47_NJDOT\2026\NB,C:\Users\Kschellinger\SJTPO_Git\TAZ_Modular\input\02_May ATRs\47_NJDOT\2026\NB\CLASS_13msab_NB_2026-05-09.xls,21035
CLASS_13msab_NB_2026-05-10.xls,.xls,C:\Users\Kschellinger\SJTPO_Git\TAZ_Modular\input\02_May ATRs\47_NJDOT\2026\NB,C:\Users\Kschellinger\SJTPO_Git\TAZ_Modular\input\02_May ATRs\47_NJDOT\2026\NB\CLASS_13msab_NB_2026-05-10.xls,21019
CLASS_13msab_NB_2026-05-11.xls,.xls,C:\Users\Kschellinger\SJTPO_Git\TAZ_Modular\input\02_May ATRs\47_NJDOT\2026\NB,C:\Users\Kschellinger\SJTPO_Git\TAZ_Modular\input\02_May ATRs\47_NJDOT\2026\NB\CLASS_13msab_NB_2026-05-11.xls,21032
CLASS_13msab_NB_2026-05-12.xls,.xls,C:\Users\Kschellinger\SJTPO_Git\TAZ_Modular\input\02_May ATRs\47_NJDOT\2026\NB,C:\Users\Kschellinger\SJTPO_Git\TAZ_Modular\input\02_May ATRs\47_NJDOT\2026\NB\CLASS_13msab_NB_2026-05-12.xls,21050
CLASS_13msab_NB_2026-05-13.xls,.xls,C:\Users\Kschellinger\SJTPO_Git\TAZ_Modular\input\02_May ATRs\47_NJDOT\2026\NB,C:\Users\Kschellinger\SJTPO_Git\TAZ_Modular\input\02_May ATRs\47_NJDOT\2026\NB\CLASS_13msab_NB_2026-05-13.xls,21040
CLASS_13msab_NB_5-4-2026.xls,.xls,C:\Users\Kschellinger\SJTPO_Git\TAZ_Modular\input\02_May ATRs\47_NJDOT\2026\NB,C:\Users\Kschellinger\SJTPO_Git\TAZ_Modular\input\02_May ATRs\47_NJDOT\2026\NB\CLASS_13msab_NB_5-4-2026.xls,21035
CLASS_13msab_SB_2026-05-01.xls,.xls,C:\Users\Kschellinger\SJTPO_Git\TAZ_Modular\input\02_May ATRs\47_NJDOT\2026\SB,C:\Users\Kschellinger\SJTPO_Git\TAZ_Modular\input\02_May ATRs\47_NJDOT\2026\SB\CLASS_13msab_SB_2026-05-01.xls,21043
CLASS_13msab_SB_2026-05-02.xls,.xls,C:\Users\Kschellinger\SJTPO_Git\TAZ_Modular\input\02_May ATRs\47_NJDOT\2026\SB,C:\Users\Kschellinger\SJTPO_Git\TAZ_Modular\input\02_May ATRs\47_NJDOT\2026\SB\CLASS_13msab_SB_2026-05-02.xls,21043
CLASS_13msab_SB_2026-05-03.xls,.xls,C:\Users\Kschellinger\SJTPO_Git\TAZ_Modular\input\02_May ATRs\47_NJDOT\2026\SB,C:\Users\Kschellinger\SJTPO_Git\TAZ_Modular\input\02_May ATRs\47_NJDOT\2026\SB\CLASS_13msab_SB_2026-05-03.xls,21017
CLASS_13msab_SB_2026-05-05.xls,.xls,C:\Users\Kschellinger\SJTPO_Git\TAZ_Modular\input\02_May ATRs\47_NJDOT\2026\SB,C:\Users\Kschellinger\SJTPO_Git\TAZ_Modular\input\02_May ATRs\47_NJDOT\2026\SB\CLASS_13msab_SB_2026-05-05.xls,21049
CLASS_13msab_SB_2026-05-06.xls,.xls,C:\Users\Kschellinger\SJTPO_Git\TAZ_Modular\input\02_May ATRs\47_NJDOT\2026\SB,C:\Users\Kschellinger\SJTPO_Git\TAZ_Modular\input\02_May ATRs\47_NJDOT\2026\SB\CLASS_13msab_SB_2026-05-06.xls,21037
CLASS_13msab_SB_2026-05-07.xls,.xls,C:\Users\Kschellinger\SJTPO_Git\TAZ_Modular\input\02_May ATRs\47_NJDOT\2026\SB,C:\Users\Kschellinger\SJTPO_Git\TAZ_Modular\input\02_May ATRs\47_NJDOT\2026\SB\CLASS_13msab_SB_2026-05-07.xls,21045
CLASS_13msab_SB_2026-05-08.xls,.xls,C:\Users\Kschellinger\SJTPO_Git\TAZ_Modular\input\02_May ATRs\47_NJDOT\2026\SB,C:\Users\Kschellinger\SJTPO_Git\TAZ_Modular\input\02_May ATRs\47_NJDOT\2026\SB\CLASS_13msab_SB_2026-05-08.xls,21047
CLASS_13msab_SB_2026-05-09.xls,.xls,C:\Users\Kschellinger\SJTPO_Git\TAZ_Modular\input\02_May ATRs\47_NJDOT\2026\SB,C:\Users\Kschellinger\SJTPO_Git\TAZ_Modular\input\02_May ATRs\47_NJDOT\2026\SB\CLASS_13msab_SB_2026-05-09.xls,21042
CLASS_13msab_SB_2026-05-10.xls,.xls,C:\Users\Kschellinger\SJTPO_Git\TAZ_Modular\input\02_May ATRs\47_NJDOT\2026\SB,C:\Users\Kschellinger\SJTPO_Git\TAZ_Modular\input\02_May ATRs\47_NJDOT\2026\SB\CLASS_13msab_SB_2026-05-10.xls,21019
CLASS_13msab_SB_2026-05-11.xls,.xls,C:\Users\Kschellinger\SJTPO_Git\TAZ_Modular\input\02_May ATRs\47_NJDOT\2026\SB,C:\Users\Kschellinger\SJTPO_Git\TAZ_Modular\input\02_May ATRs\47_NJDOT\2026\SB\CLASS_13msab_SB_2026-05-11.xls,21035
CLASS_13msab_SB_2026-05-12.xls,.xls,C:\Users\Kschellinger\SJTPO_Git\TAZ_Modular\input\02_May ATRs\47_NJDOT\2026\SB,C:\Users\Kschellinger\SJTPO_Git\TAZ_Modular\input\02_May ATRs\47_NJDOT\2026\SB\CLASS_13msab_SB_2026-05-12.xls,21055
CLASS_13msab_SB_2026-05-13.xls,.xls,C:\Users\Kschellinger\SJTPO_Git\TAZ_Modular\input\02_May ATRs\47_NJDOT\2026\SB,C:\Users\Kschellinger\SJTPO_Git\TAZ_Modular\input\02_May ATRs\47_NJDOT\2026\SB\CLASS_13msab_SB_2026-05-13.xls,21038
CLASS_13msab_SB_5-4-2026.xls,.xls,C:\Users\Kschellinger\SJTPO_Git\TAZ_Modular\input\02_May ATRs\47_NJDOT\2026\SB,C:\Users\Kschellinger\SJTPO_Git\TAZ_Modular\input\02_May ATRs\47_NJDOT\2026\SB\CLASS_13msab_SB_5-4-2026.xls,21042
"ATR 48. CR 601, Avalon Boulevard, Outfront Acme Markets_15 Minute.csv",.csv,C:\Users\Kschellinger\SJTPO_Git\TAZ_Modular\input\02_May ATRs\48_V,"C:\Users\Kschellinger\SJTPO_Git\TAZ_Modular\input\02_May ATRs\48_V\ATR 48. CR 601, Avalon Boulevard, Outfront Acme Markets_15 Minute.csv",123268
"ATR 48. CR 601, Avalon Boulevard, Outfront Acme Markets_15 Minute.pdf",.pdf,C:\Users\Kschellinger\SJTPO_Git\TAZ_Modular\input\02_May ATRs\48_V,"C:\Users\Kschellinger\SJTPO_Git\TAZ_Modular\input\02_May ATRs\48_V\ATR 48. CR 601, Avalon Boulevard, Outfront Acme Markets_15 Minute.pdf",437321
"ATR 48. CR 601, Avalon Boulevard, Outfront Acme Markets_15 Minute.xlsx",.xlsx,C:\Users\Kschellinger\SJTPO_Git\TAZ_Modular\input\02_May ATRs\48_V,"C:\Users\Kschellinger\SJTPO_Git\TAZ_Modular\input\02_May ATRs\48_V\ATR 48. CR 601, Avalon Boulevard, Outfront Acme Markets_15 Minute.xlsx",845015
"ATR 48. CR 601, Avalon Boulevard, Outfront Acme Markets_60 Minute.csv",.csv,C:\Users\Kschellinger\SJTPO_Git\TAZ_Modular\input\02_May ATRs\48_V,"C:\Users\Kschellinger\SJTPO_Git\TAZ_Modular\input\02_May ATRs\48_V\ATR 48. CR 601, Avalon Boulevard, Outfront Acme Markets_60 Minute.csv",32021
"ATR 48. CR 601, Avalon Boulevard, Outfront Acme Markets_60 Minute.pdf",.pdf,C:\Users\Kschellinger\SJTPO_Git\TAZ_Modular\input\02_May ATRs\48_V,"C:\Users\Kschellinger\SJTPO_Git\TAZ_Modular\input\02_May ATRs\48_V\ATR 48. CR 601, Avalon Boulevard, Outfront Acme Markets_60 Minute.pdf",334398
"ATR 48. CR 601, Avalon Boulevard, Outfront Acme Markets_60 Minute.xlsx",.xlsx,C:\Users\Kschellinger\SJTPO_Git\TAZ_Modular\input\02_May ATRs\48_V,"C:\Users\Kschellinger\SJTPO_Git\TAZ_Modular\input\02_May ATRs\48_V\ATR 48. CR 601, Avalon Boulevard, Outfront Acme Markets_60 Minute.xlsx",289559
ATR 48. CR 601_Screen Captures.pdf,.pdf,C:\Users\Kschellinger\SJTPO_Git\TAZ_Modular\input\02_May ATRs\48_V,C:\Users\Kschellinger\SJTPO_Git\TAZ_Modular\input\02_May ATRs\48_V\ATR 48. CR 601_Screen Captures.pdf,226798
ATR48_Test_Calculation_Volumes.xlsx,.xlsx,C:\Users\Kschellinger\SJTPO_Git\TAZ_Modular\input\02_May ATRs\48_V,C:\Users\Kschellinger\SJTPO_Git\TAZ_Modular\input\02_May ATRs\48_V\ATR48_Test_Calculation_Volumes.xlsx,88409
2020010033_20260514_092031_0.DAT,.DAT,C:\Users\Kschellinger\SJTPO_Git\TAZ_Modular\input\02_May ATRs\49_R,C:\Users\Kschellinger\SJTPO_Git\TAZ_Modular\input\02_May ATRs\49_R\2020010033_20260514_092031_0.DAT,452422
2020010033_20260518_114212_0.DAT,.DAT,C:\Users\Kschellinger\SJTPO_Git\TAZ_Modular\input\02_May ATRs\49_R,C:\Users\Kschellinger\SJTPO_Git\TAZ_Modular\input\02_May ATRs\49_R\2020010033_20260518_114212_0.DAT,425815
"ATR 49. CR 625 (Sea Isle Blvd), btwn Shore Road & west of GSP - Class Data Analysis.pdf",.pdf,C:\Users\Kschellinger\SJTPO_Git\TAZ_Modular\input\02_May ATRs\49_R,"C:\Users\Kschellinger\SJTPO_Git\TAZ_Modular\input\02_May ATRs\49_R\ATR 49. CR 625 (Sea Isle Blvd), btwn Shore Road & west of GSP - Class Data Analysis.pdf",1533684
"ATR 49. CR 625 (Sea Isle Blvd), btwn Shore Road & west of GSP.snj",.snj,C:\Users\Kschellinger\SJTPO_Git\TAZ_Modular\input\02_May ATRs\49_R,"C:\Users\Kschellinger\SJTPO_Git\TAZ_Modular\input\02_May ATRs\49_R\ATR 49. CR 625 (Sea Isle Blvd), btwn Shore Road & west of GSP.snj",3007233
"ATR 49. CR 625 (Sea Isle Blvd), btwn Shore Road & west of GSP_15 Min Length.pdf",.pdf,C:\Users\Kschellinger\SJTPO_Git\TAZ_Modular\input\02_May ATRs\49_R,"C:\Users\Kschellinger\SJTPO_Git\TAZ_Modular\input\02_May ATRs\49_R\ATR 49. CR 625 (Sea Isle Blvd), btwn Shore Road & west of GSP_15 Min Length.pdf",3487471
"ATR 49. CR 625 (Sea Isle Blvd), btwn Shore Road & west of GSP_15 Min Length.xlsx",.xlsx,C:\Users\Kschellinger\SJTPO_Git\TAZ_Modular\input\02_May ATRs\49_R,"C:\Users\Kschellinger\SJTPO_Git\TAZ_Modular\input\02_May ATRs\49_R\ATR 49. CR 625 (Sea Isle Blvd), btwn Shore Road & west of GSP_15 Min Length.xlsx",73699
"ATR 49. CR 625 (Sea Isle Blvd), btwn Shore Road & west of GSP_15 Min Speed.pdf",.pdf,C:\Users\Kschellinger\SJTPO_Git\TAZ_Modular\input\02_May ATRs\49_R,"C:\Users\Kschellinger\SJTPO_Git\TAZ_Modular\input\02_May ATRs\49_R\ATR 49. CR 625 (Sea Isle Blvd), btwn Shore Road & west of GSP_15 Min Speed.pdf",3712480
"ATR 49. CR 625 (Sea Isle Blvd), btwn Shore Road & west of GSP_15 Min Speed.xlsx",.xlsx,C:\Users\Kschellinger\SJTPO_Git\TAZ_Modular\input\02_May ATRs\49_R,"C:\Users\Kschellinger\SJTPO_Git\TAZ_Modular\input\02_May ATRs\49_R\ATR 49. CR 625 (Sea Isle Blvd), btwn Shore Road & west of GSP_15 Min Speed.xlsx",79411
"ATR 49. CR 625 (Sea Isle Blvd), btwn Shore Road & west of GSP_15 Min Summary Length.pdf",.pdf,C:\Users\Kschellinger\SJTPO_Git\TAZ_Modular\input\02_May ATRs\49_R,"C:\Users\Kschellinger\SJTPO_Git\TAZ_Modular\input\02_May ATRs\49_R\ATR 49. CR 625 (Sea Isle Blvd), btwn Shore Road & west of GSP_15 Min Summary Length.pdf",2831696
"ATR 49. CR 625 (Sea Isle Blvd), btwn Shore Road & west of GSP_15 Min Summary Length.xlsx",.xlsx,C:\Users\Kschellinger\SJTPO_Git\TAZ_Modular\input\02_May ATRs\49_R,"C:\Users\Kschellinger\SJTPO_Git\TAZ_Modular\input\02_May ATRs\49_R\ATR 49. CR 625 (Sea Isle Blvd), btwn Shore Road & west of GSP_15 Min Summary Length.xlsx",55470
"ATR 49. CR 625 (Sea Isle Blvd), btwn Shore Road & west of GSP_15 Min Volume.pdf",.pdf,C:\Users\Kschellinger\SJTPO_Git\TAZ_Modular\input\02_May ATRs\49_R,"C:\Users\Kschellinger\SJTPO_Git\TAZ_Modular\input\02_May ATRs\49_R\ATR 49. CR 625 (Sea Isle Blvd), btwn Shore Road & west of GSP_15 Min Volume.pdf",673118
"ATR 49. CR 625 (Sea Isle Blvd), btwn Shore Road & west of GSP_15 Min Volume.xlsx",.xlsx,C:\Users\Kschellinger\SJTPO_Git\TAZ_Modular\input\02_May ATRs\49_R,"C:\Users\Kschellinger\SJTPO_Git\TAZ_Modular\input\02_May ATRs\49_R\ATR 49. CR 625 (Sea Isle Blvd), btwn Shore Road & west of GSP_15 Min Volume.xlsx",28632
"ATR 49. CR 625 (Sea Isle Blvd), btwn Shore Road & west of GSP_60 Min Length.pdf",.pdf,C:\Users\Kschellinger\SJTPO_Git\TAZ_Modular\input\02_May ATRs\49_R,"C:\Users\Kschellinger\SJTPO_Git\TAZ_Modular\input\02_May ATRs\49_R\ATR 49. CR 625 (Sea Isle Blvd), btwn Shore Road & west of GSP_60 Min Length.pdf",1161601
"ATR 49. CR 625 (Sea Isle Blvd), btwn Shore Road & west of GSP_60 Min Length.xlsx",.xlsx,C:\Users\Kschellinger\SJTPO_Git\TAZ_Modular\input\02_May ATRs\49_R,"C:\Users\Kschellinger\SJTPO_Git\TAZ_Modular\input\02_May ATRs\49_R\ATR 49. CR 625 (Sea Isle Blvd), btwn Shore Road & west of GSP_60 Min Length.xlsx",32490
"ATR 49. CR 625 (Sea Isle Blvd), btwn Shore Road & west of GSP_60 Min Speed.pdf",.pdf,C:\Users\Kschellinger\SJTPO_Git\TAZ_Modular\input\02_May ATRs\49_R,"C:\Users\Kschellinger\SJTPO_Git\TAZ_Modular\input\02_May ATRs\49_R\ATR 49. CR 625 (Sea Isle Blvd), btwn Shore Road & west of GSP_60 Min Speed.pdf",1230714
"ATR 49. CR 625 (Sea Isle Blvd), btwn Shore Road & west of GSP_60 Min Speed.xlsx",.xlsx,C:\Users\Kschellinger\SJTPO_Git\TAZ_Modular\input\02_May ATRs\49_R,"C:\Users\Kschellinger\SJTPO_Git\TAZ_Modular\input\02_May ATRs\49_R\ATR 49. CR 625 (Sea Isle Blvd), btwn Shore Road & west of GSP_60 Min Speed.xlsx",33680
"ATR 49. CR 625 (Sea Isle Blvd), btwn Shore Road & west of GSP_60 Min Summary Length.pdf",.pdf,C:\Users\Kschellinger\SJTPO_Git\TAZ_Modular\input\02_May ATRs\49_R,"C:\Users\Kschellinger\SJTPO_Git\TAZ_Modular\input\02_May ATRs\49_R\ATR 49. CR 625 (Sea Isle Blvd), btwn Shore Road & west of GSP_60 Min Summary Length.pdf",947088
"ATR 49. CR 625 (Sea Isle Blvd), btwn Shore Road & west of GSP_60 Min Summary Length.xlsx",.xlsx,C:\Users\Kschellinger\SJTPO_Git\TAZ_Modular\input\02_May ATRs\49_R,"C:\Users\Kschellinger\SJTPO_Git\TAZ_Modular\input\02_May ATRs\49_R\ATR 49. CR 625 (Sea Isle Blvd), btwn Shore Road & west of GSP_60 Min Summary Length.xlsx",26677
"ATR 49. CR 625 (Sea Isle Blvd), btwn Shore Road & west of GSP_60 Min Volume.pdf",.pdf,C:\Users\Kschellinger\SJTPO_Git\TAZ_Modular\input\02_May ATRs\49_R,"C:\Users\Kschellinger\SJTPO_Git\TAZ_Modular\input\02_May ATRs\49_R\ATR 49. CR 625 (Sea Isle Blvd), btwn Shore Road & west of GSP_60 Min Volume.pdf",429093
"ATR 49. CR 625 (Sea Isle Blvd), btwn Shore Road & west of GSP_60 Min Volume.xlsx",.xlsx,C:\Users\Kschellinger\SJTPO_Git\TAZ_Modular\input\02_May ATRs\49_R,"C:\Users\Kschellinger\SJTPO_Git\TAZ_Modular\input\02_May ATRs\49_R\ATR 49. CR 625 (Sea Isle Blvd), btwn Shore Road & west of GSP_60 Min Volume.xlsx",18901
ATR 49_Part 1.snj,.snj,C:\Users\Kschellinger\SJTPO_Git\TAZ_Modular\input\02_May ATRs\49_R,C:\Users\Kschellinger\SJTPO_Git\TAZ_Modular\input\02_May ATRs\49_R\ATR 49_Part 1.snj,1268505
ATR 49_Part 2.snj,.snj,C:\Users\Kschellinger\SJTPO_Git\TAZ_Modular\input\02_May ATRs\49_R,C:\Users\Kschellinger\SJTPO_Git\TAZ_Modular\input\02_May ATRs\49_R\ATR 49_Part 2.snj,1195058
ATR. SJTDM Data Collection_RADAR LAYOUT - 49. CR 625.pdf,.pdf,C:\Users\Kschellinger\SJTPO_Git\TAZ_Modular\input\02_May ATRs\49_R,C:\Users\Kschellinger\SJTPO_Git\TAZ_Modular\input\02_May ATRs\49_R\ATR. SJTDM Data Collection_RADAR LAYOUT - 49. CR 625.pdf,258120
BcDmp.idx,.idx,C:\Users\Kschellinger\SJTPO_Git\TAZ_Modular\input\02_May ATRs\49_R,C:\Users\Kschellinger\SJTPO_Git\TAZ_Modular\input\02_May ATRs\49_R\BcDmp.idx,3092
2020010033_20260501_093301_0.DAT,.DAT,C:\Users\Kschellinger\SJTPO_Git\TAZ_Modular\input\02_May ATRs\50_R,C:\Users\Kschellinger\SJTPO_Git\TAZ_Modular\input\02_May ATRs\50_R\2020010033_20260501_093301_0.DAT,185089
2020010033_20260505_113600_0.DAT,.DAT,C:\Users\Kschellinger\SJTPO_Git\TAZ_Modular\input\02_May ATRs\50_R,C:\Users\Kschellinger\SJTPO_Git\TAZ_Modular\input\02_May ATRs\50_R\2020010033_20260505_113600_0.DAT,196097
50 bc part 1.tf2,.tf2,C:\Users\Kschellinger\SJTPO_Git\TAZ_Modular\input\02_May ATRs\50_R,C:\Users\Kschellinger\SJTPO_Git\TAZ_Modular\input\02_May ATRs\50_R\50 bc part 1.tf2,1139599
50 bc part 2.tf2,.tf2,C:\Users\Kschellinger\SJTPO_Git\TAZ_Modular\input\02_May ATRs\50_R,C:\Users\Kschellinger\SJTPO_Git\TAZ_Modular\input\02_May ATRs\50_R\50 bc part 2.tf2,1210835
"ATR 50. CR 662 (Mill Road), btwn Burton Ave & Route 9 - Class Data Analysis.pdf",.pdf,C:\Users\Kschellinger\SJTPO_Git\TAZ_Modular\input\02_May ATRs\50_R,"C:\Users\Kschellinger\SJTPO_Git\TAZ_Modular\input\02_May ATRs\50_R\ATR 50. CR 662 (Mill Road), btwn Burton Ave & Route 9 - Class Data Analysis.pdf",1543696
"ATR 50. CR 662 (Mill Road), btwn Burton Ave & Route 9.snj",.snj,C:\Users\Kschellinger\SJTPO_Git\TAZ_Modular\input\02_May ATRs\50_R,"C:\Users\Kschellinger\SJTPO_Git\TAZ_Modular\input\02_May ATRs\50_R\ATR 50. CR 662 (Mill Road), btwn Burton Ave & Route 9.snj",1105782
"ATR 50. CR 662 (Mill Road), btwn Burton Ave & Route 9_15 Min Length.pdf",.pdf,C:\Users\Kschellinger\SJTPO_Git\TAZ_Modular\input\02_May ATRs\50_R,"C:\Users\Kschellinger\SJTPO_Git\TAZ_Modular\input\02_May ATRs\50_R\ATR 50. CR 662 (Mill Road), btwn Burton Ave & Route 9_15 Min Length.pdf",3470517
"ATR 50. CR 662 (Mill Road), btwn Burton Ave & Route 9_15 Min Length.xlsx",.xlsx,C:\Users\Kschellinger\SJTPO_Git\TAZ_Modular\input\02_May ATRs\50_R,"C:\Users\Kschellinger\SJTPO_Git\TAZ_Modular\input\02_May ATRs\50_R\ATR 50. CR 662 (Mill Road), btwn Burton Ave & Route 9_15 Min Length.xlsx",69664
"ATR 50. CR 662 (Mill Road), btwn Burton Ave & Route 9_15 Min Speed.pdf",.pdf,C:\Users\Kschellinger\SJTPO_Git\TAZ_Modular\input\02_May ATRs\50_R,"C:\Users\Kschellinger\SJTPO_Git\TAZ_Modular\input\02_May ATRs\50_R\ATR 50. CR 662 (Mill Road), btwn Burton Ave & Route 9_15 Min Speed.pdf",1224826
"ATR 50. CR 662 (Mill Road), btwn Burton Ave & Route 9_15 Min Speed.xlsx",.xlsx,C:\Users\Kschellinger\SJTPO_Git\TAZ_Modular\input\02_May ATRs\50_R,"C:\Users\Kschellinger\SJTPO_Git\TAZ_Modular\input\02_May ATRs\50_R\ATR 50. CR 662 (Mill Road), btwn Burton Ave & Route 9_15 Min Speed.xlsx",74815
"ATR 50. CR 662 (Mill Road), btwn Burton Ave & Route 9_15 Min Summary Length.pdf",.pdf,C:\Users\Kschellinger\SJTPO_Git\TAZ_Modular\input\02_May ATRs\50_R,"C:\Users\Kschellinger\SJTPO_Git\TAZ_Modular\input\02_May ATRs\50_R\ATR 50. CR 662 (Mill Road), btwn Burton Ave & Route 9_15 Min Summary Length.pdf",2816226
"ATR 50. CR 662 (Mill Road), btwn Burton Ave & Route 9_15 Min Summary Length.xlsx",.xlsx,C:\Users\Kschellinger\SJTPO_Git\TAZ_Modular\input\02_May ATRs\50_R,"C:\Users\Kschellinger\SJTPO_Git\TAZ_Modular\input\02_May ATRs\50_R\ATR 50. CR 662 (Mill Road), btwn Burton Ave & Route 9_15 Min Summary Length.xlsx",53060
"ATR 50. CR 662 (Mill Road), btwn Burton Ave & Route 9_15 Min Volume.pdf",.pdf,C:\Users\Kschellinger\SJTPO_Git\TAZ_Modular\input\02_May ATRs\50_R,"C:\Users\Kschellinger\SJTPO_Git\TAZ_Modular\input\02_May ATRs\50_R\ATR 50. CR 662 (Mill Road), btwn Burton Ave & Route 9_15 Min Volume.pdf",668496
"ATR 50. CR 662 (Mill Road), btwn Burton Ave & Route 9_15 Min Volume.xlsx",.xlsx,C:\Users\Kschellinger\SJTPO_Git\TAZ_Modular\input\02_May ATRs\50_R,"C:\Users\Kschellinger\SJTPO_Git\TAZ_Modular\input\02_May ATRs\50_R\ATR 50. CR 662 (Mill Road), btwn Burton Ave & Route 9_15 Min Volume.xlsx",28202
"ATR 50. CR 662 (Mill Road), btwn Burton Ave & Route 9_60 Min Length.pdf",.pdf,C:\Users\Kschellinger\SJTPO_Git\TAZ_Modular\input\02_May ATRs\50_R,"C:\Users\Kschellinger\SJTPO_Git\TAZ_Modular\input\02_May ATRs\50_R\ATR 50. CR 662 (Mill Road), btwn Burton Ave & Route 9_60 Min Length.pdf",1156966
"ATR 50. CR 662 (Mill Road), btwn Burton Ave & Route 9_60 Min Length.xlsx",.xlsx,C:\Users\Kschellinger\SJTPO_Git\TAZ_Modular\input\02_May ATRs\50_R,"C:\Users\Kschellinger\SJTPO_Git\TAZ_Modular\input\02_May ATRs\50_R\ATR 50. CR 662 (Mill Road), btwn Burton Ave & Route 9_60 Min Length.xlsx",31115
"ATR 50. CR 662 (Mill Road), btwn Burton Ave & Route 9_60 Min Speed.pdf",.pdf,C:\Users\Kschellinger\SJTPO_Git\TAZ_Modular\input\02_May ATRs\50_R,"C:\Users\Kschellinger\SJTPO_Git\TAZ_Modular\input\02_May ATRs\50_R\ATR 50. CR 662 (Mill Road), btwn Burton Ave & Route 9_60 Min Speed.pdf",1224800
"ATR 50. CR 662 (Mill Road), btwn Burton Ave & Route 9_60 Min Speed.xlsx",.xlsx,C:\Users\Kschellinger\SJTPO_Git\TAZ_Modular\input\02_May ATRs\50_R,"C:\Users\Kschellinger\SJTPO_Git\TAZ_Modular\input\02_May ATRs\50_R\ATR 50. CR 662 (Mill Road), btwn Burton Ave & Route 9_60 Min Speed.xlsx",32442
"ATR 50. CR 662 (Mill Road), btwn Burton Ave & Route 9_60 Min Summary Length.pdf",.pdf,C:\Users\Kschellinger\SJTPO_Git\TAZ_Modular\input\02_May ATRs\50_R,"C:\Users\Kschellinger\SJTPO_Git\TAZ_Modular\input\02_May ATRs\50_R\ATR 50. CR 662 (Mill Road), btwn Burton Ave & Route 9_60 Min Summary Length.pdf",942483
"ATR 50. CR 662 (Mill Road), btwn Burton Ave & Route 9_60 Min Summary Length.xlsx",.xlsx,C:\Users\Kschellinger\SJTPO_Git\TAZ_Modular\input\02_May ATRs\50_R,"C:\Users\Kschellinger\SJTPO_Git\TAZ_Modular\input\02_May ATRs\50_R\ATR 50. CR 662 (Mill Road), btwn Burton Ave & Route 9_60 Min Summary Length.xlsx",25999
"ATR 50. CR 662 (Mill Road), btwn Burton Ave & Route 9_60 Min Volume.pdf",.pdf,C:\Users\Kschellinger\SJTPO_Git\TAZ_Modular\input\02_May ATRs\50_R,"C:\Users\Kschellinger\SJTPO_Git\TAZ_Modular\input\02_May ATRs\50_R\ATR 50. CR 662 (Mill Road), btwn Burton Ave & Route 9_60 Min Volume.pdf",429534
"ATR 50. CR 662 (Mill Road), btwn Burton Ave & Route 9_60 Min Volume.xlsx",.xlsx,C:\Users\Kschellinger\SJTPO_Git\TAZ_Modular\input\02_May ATRs\50_R,"C:\Users\Kschellinger\SJTPO_Git\TAZ_Modular\input\02_May ATRs\50_R\ATR 50. CR 662 (Mill Road), btwn Burton Ave & Route 9_60 Min Volume.xlsx",18374
ATR. SJTDM Data Collection_RADAR LAYOUT - 50.CR 662 (Mill Rd).pdf,.pdf,C:\Users\Kschellinger\SJTPO_Git\TAZ_Modular\input\02_May ATRs\50_R,C:\Users\Kschellinger\SJTPO_Git\TAZ_Modular\input\02_May ATRs\50_R\ATR. SJTDM Data Collection_RADAR LAYOUT - 50.CR 662 (Mill Rd).pdf,261124
2020010038_20260514_114555_0.DAT,.DAT,C:\Users\Kschellinger\SJTPO_Git\TAZ_Modular\input\02_May ATRs\51_R,C:\Users\Kschellinger\SJTPO_Git\TAZ_Modular\input\02_May ATRs\51_R\2020010038_20260514_114555_0.DAT,573577
2020010038_20260518_124641_0.DAT,.DAT,C:\Users\Kschellinger\SJTPO_Git\TAZ_Modular\input\02_May ATRs\51_R,C:\Users\Kschellinger\SJTPO_Git\TAZ_Modular\input\02_May ATRs\51_R\2020010038_20260518_124641_0.DAT,475573
"ATR 51. NJ 347 (E Creek Mill Road), btwn NJ 47 & Lehner Rd - Class Data Analysis.pdf",.pdf,C:\Users\Kschellinger\SJTPO_Git\TAZ_Modular\input\02_May ATRs\51_R,"C:\Users\Kschellinger\SJTPO_Git\TAZ_Modular\input\02_May ATRs\51_R\ATR 51. NJ 347 (E Creek Mill Road), btwn NJ 47 & Lehner Rd - Class Data Analysis.pdf",1501050
"ATR 51. NJ 347 (E Creek Mill Road), btwn NJ 47 & Lehner Rd.snj",.snj,C:\Users\Kschellinger\SJTPO_Git\TAZ_Modular\input\02_May ATRs\51_R,"C:\Users\Kschellinger\SJTPO_Git\TAZ_Modular\input\02_May ATRs\51_R\ATR 51. NJ 347 (E Creek Mill Road), btwn NJ 47 & Lehner Rd.snj",2392035
"ATR 51. NJ 347 (E Creek Mill Road), btwn NJ 47 & Lehner Rd_15 Min Length.pdf",.pdf,C:\Users\Kschellinger\SJTPO_Git\TAZ_Modular\input\02_May ATRs\51_R,"C:\Users\Kschellinger\SJTPO_Git\TAZ_Modular\input\02_May ATRs\51_R\ATR 51. NJ 347 (E Creek Mill Road), btwn NJ 47 & Lehner Rd_15 Min Length.pdf",3499300
"ATR 51. NJ 347 (E Creek Mill Road), btwn NJ 47 & Lehner Rd_15 Min Length.xlsx",.xlsx,C:\Users\Kschellinger\SJTPO_Git\TAZ_Modular\input\02_May ATRs\51_R,"C:\Users\Kschellinger\SJTPO_Git\TAZ_Modular\input\02_May ATRs\51_R\ATR 51. NJ 347 (E Creek Mill Road), btwn NJ 47 & Lehner Rd_15 Min Length.xlsx",76713
"ATR 51. NJ 347 (E Creek Mill Road), btwn NJ 47 & Lehner Rd_15 Min Speed.pdf",.pdf,C:\Users\Kschellinger\SJTPO_Git\TAZ_Modular\input\02_May ATRs\51_R,"C:\Users\Kschellinger\SJTPO_Git\TAZ_Modular\input\02_May ATRs\51_R\ATR 51. NJ 347 (E Creek Mill Road), btwn NJ 47 & Lehner Rd_15 Min Speed.pdf",1233433
"ATR 51. NJ 347 (E Creek Mill Road), btwn NJ 47 & Lehner Rd_15 Min Speed.xlsx",.xlsx,C:\Users\Kschellinger\SJTPO_Git\TAZ_Modular\input\02_May ATRs\51_R,"C:\Users\Kschellinger\SJTPO_Git\TAZ_Modular\input\02_May ATRs\51_R\ATR 51. NJ 347 (E Creek Mill Road), btwn NJ 47 & Lehner Rd_15 Min Speed.xlsx",79601
"ATR 51. NJ 347 (E Creek Mill Road), btwn NJ 47 & Lehner Rd_15 Min Summary Length.pdf",.pdf,C:\Users\Kschellinger\SJTPO_Git\TAZ_Modular\input\02_May ATRs\51_R,"C:\Users\Kschellinger\SJTPO_Git\TAZ_Modular\input\02_May ATRs\51_R\ATR 51. NJ 347 (E Creek Mill Road), btwn NJ 47 & Lehner Rd_15 Min Summary Length.pdf",2845032
"ATR 51. NJ 347 (E Creek Mill Road), btwn NJ 47 & Lehner Rd_15 Min Summary Length.xlsx",.xlsx,C:\Users\Kschellinger\SJTPO_Git\TAZ_Modular\input\02_May ATRs\51_R,"C:\Users\Kschellinger\SJTPO_Git\TAZ_Modular\input\02_May ATRs\51_R\ATR 51. NJ 347 (E Creek Mill Road), btwn NJ 47 & Lehner Rd_15 Min Summary Length.xlsx",57244
"ATR 51. NJ 347 (E Creek Mill Road), btwn NJ 47 & Lehner Rd_15 Min Volume.pdf",.pdf,C:\Users\Kschellinger\SJTPO_Git\TAZ_Modular\input\02_May ATRs\51_R,"C:\Users\Kschellinger\SJTPO_Git\TAZ_Modular\input\02_May ATRs\51_R\ATR 51. NJ 347 (E Creek Mill Road), btwn NJ 47 & Lehner Rd_15 Min Volume.pdf",675298
"ATR 51. NJ 347 (E Creek Mill Road), btwn NJ 47 & Lehner Rd_15 Min Volume.xlsx",.xlsx,C:\Users\Kschellinger\SJTPO_Git\TAZ_Modular\input\02_May ATRs\51_R,"C:\Users\Kschellinger\SJTPO_Git\TAZ_Modular\input\02_May ATRs\51_R\ATR 51. NJ 347 (E Creek Mill Road), btwn NJ 47 & Lehner Rd_15 Min Volume.xlsx",28358
"ATR 51. NJ 347 (E Creek Mill Road), btwn NJ 47 & Lehner Rd_60 Min Length.pdf",.pdf,C:\Users\Kschellinger\SJTPO_Git\TAZ_Modular\input\02_May ATRs\51_R,"C:\Users\Kschellinger\SJTPO_Git\TAZ_Modular\input\02_May ATRs\51_R\ATR 51. NJ 347 (E Creek Mill Road), btwn NJ 47 & Lehner Rd_60 Min Length.pdf",1166062
"ATR 51. NJ 347 (E Creek Mill Road), btwn NJ 47 & Lehner Rd_60 Min Length.xlsx",.xlsx,C:\Users\Kschellinger\SJTPO_Git\TAZ_Modular\input\02_May ATRs\51_R,"C:\Users\Kschellinger\SJTPO_Git\TAZ_Modular\input\02_May ATRs\51_R\ATR 51. NJ 347 (E Creek Mill Road), btwn NJ 47 & Lehner Rd_60 Min Length.xlsx",33433
"ATR 51. NJ 347 (E Creek Mill Road), btwn NJ 47 & Lehner Rd_60 Min Speed.pdf",.pdf,C:\Users\Kschellinger\SJTPO_Git\TAZ_Modular\input\02_May ATRs\51_R,"C:\Users\Kschellinger\SJTPO_Git\TAZ_Modular\input\02_May ATRs\51_R\ATR 51. NJ 347 (E Creek Mill Road), btwn NJ 47 & Lehner Rd_60 Min Speed.pdf",1233461
"ATR 51. NJ 347 (E Creek Mill Road), btwn NJ 47 & Lehner Rd_60 Min Speed.xlsx",.xlsx,C:\Users\Kschellinger\SJTPO_Git\TAZ_Modular\input\02_May ATRs\51_R,"C:\Users\Kschellinger\SJTPO_Git\TAZ_Modular\input\02_May ATRs\51_R\ATR 51. NJ 347 (E Creek Mill Road), btwn NJ 47 & Lehner Rd_60 Min Speed.xlsx",33728
"ATR 51. NJ 347 (E Creek Mill Road), btwn NJ 47 & Lehner Rd_60 Min Summary Length.pdf",.pdf,C:\Users\Kschellinger\SJTPO_Git\TAZ_Modular\input\02_May ATRs\51_R,"C:\Users\Kschellinger\SJTPO_Git\TAZ_Modular\input\02_May ATRs\51_R\ATR 51. NJ 347 (E Creek Mill Road), btwn NJ 47 & Lehner Rd_60 Min Summary Length.pdf",951461
"ATR 51. NJ 347 (E Creek Mill Road), btwn NJ 47 & Lehner Rd_60 Min Summary Length.xlsx",.xlsx,C:\Users\Kschellinger\SJTPO_Git\TAZ_Modular\input\02_May ATRs\51_R,"C:\Users\Kschellinger\SJTPO_Git\TAZ_Modular\input\02_May ATRs\51_R\ATR 51. NJ 347 (E Creek Mill Road), btwn NJ 47 & Lehner Rd_60 Min Summary Length.xlsx",27403
"ATR 51. NJ 347 (E Creek Mill Road), btwn NJ 47 & Lehner Rd_60 Min Volume.pdf",.pdf,C:\Users\Kschellinger\SJTPO_Git\TAZ_Modular\input\02_May ATRs\51_R,"C:\Users\Kschellinger\SJTPO_Git\TAZ_Modular\input\02_May ATRs\51_R\ATR 51. NJ 347 (E Creek Mill Road), btwn NJ 47 & Lehner Rd_60 Min Volume.pdf",429430
"ATR 51. NJ 347 (E Creek Mill Road), btwn NJ 47 & Lehner Rd_60 Min Volume.xlsx",.xlsx,C:\Users\Kschellinger\SJTPO_Git\TAZ_Modular\input\02_May ATRs\51_R,"C:\Users\Kschellinger\SJTPO_Git\TAZ_Modular\input\02_May ATRs\51_R\ATR 51. NJ 347 (E Creek Mill Road), btwn NJ 47 & Lehner Rd_60 Min Volume.xlsx",18483
atr 51_part 1.tf2,.tf2,C:\Users\Kschellinger\SJTPO_Git\TAZ_Modular\input\02_May ATRs\51_R,C:\Users\Kschellinger\SJTPO_Git\TAZ_Modular\input\02_May ATRs\51_R\atr 51_part 1.tf2,3614824
atr 51_part 2.tf2,.tf2,C:\Users\Kschellinger\SJTPO_Git\TAZ_Modular\input\02_May ATRs\51_R,C:\Users\Kschellinger\SJTPO_Git\TAZ_Modular\input\02_May ATRs\51_R\atr 51_part 2.tf2,2991235
ATR. SJTDM Data Collection_RADAR LAYOUT - 51. NJ 347.pdf,.pdf,C:\Users\Kschellinger\SJTPO_Git\TAZ_Modular\input\02_May ATRs\51_R,C:\Users\Kschellinger\SJTPO_Git\TAZ_Modular\input\02_May ATRs\51_R\ATR. SJTDM Data Collection_RADAR LAYOUT - 51. NJ 347.pdf,260747
2018080037_20260514_121327_0.DAT,.DAT,C:\Users\Kschellinger\SJTPO_Git\TAZ_Modular\input\02_May ATRs\52_R,C:\Users\Kschellinger\SJTPO_Git\TAZ_Modular\input\02_May ATRs\52_R\2018080037_20260514_121327_0.DAT,104125
2018080037_20260518_123858_0.DAT,.DAT,C:\Users\Kschellinger\SJTPO_Git\TAZ_Modular\input\02_May ATRs\52_R,C:\Users\Kschellinger\SJTPO_Git\TAZ_Modular\input\02_May ATRs\52_R\2018080037_20260518_123858_0.DAT,103133
"ATR 52. NJ 47 (Delsea Drive), btwn Sutton Ln & E Creek Mill Rd - Class Data Analysis.pdf",.pdf,C:\Users\Kschellinger\SJTPO_Git\TAZ_Modular\input\02_May ATRs\52_R,"C:\Users\Kschellinger\SJTPO_Git\TAZ_Modular\input\02_May ATRs\52_R\ATR 52. NJ 47 (Delsea Drive), btwn Sutton Ln & E Creek Mill Rd - Class Data Analysis.pdf",1474655
"ATR 52. NJ 47 (Delsea Drive), btwn Sutton Ln & E Creek Mill Rd.snj",.snj,C:\Users\Kschellinger\SJTPO_Git\TAZ_Modular\input\02_May ATRs\52_R,"C:\Users\Kschellinger\SJTPO_Git\TAZ_Modular\input\02_May ATRs\52_R\ATR 52. NJ 47 (Delsea Drive), btwn Sutton Ln & E Creek Mill Rd.snj",645113
"ATR 52. NJ 47 (Delsea Drive), btwn Sutton Ln & E Creek Mill Rd_15 Min Length.pdf",.pdf,C:\Users\Kschellinger\SJTPO_Git\TAZ_Modular\input\02_May ATRs\52_R,"C:\Users\Kschellinger\SJTPO_Git\TAZ_Modular\input\02_May ATRs\52_R\ATR 52. NJ 47 (Delsea Drive), btwn Sutton Ln & E Creek Mill Rd_15 Min Length.pdf",3475995
"ATR 52. NJ 47 (Delsea Drive), btwn Sutton Ln & E Creek Mill Rd_15 Min Length.xlsx",.xlsx,C:\Users\Kschellinger\SJTPO_Git\TAZ_Modular\input\02_May ATRs\52_R,"C:\Users\Kschellinger\SJTPO_Git\TAZ_Modular\input\02_May ATRs\52_R\ATR 52. NJ 47 (Delsea Drive), btwn Sutton Ln & E Creek Mill Rd_15 Min Length.xlsx",68351
"ATR 52. NJ 47 (Delsea Drive), btwn Sutton Ln & E Creek Mill Rd_15 Min Speed.pdf",.pdf,C:\Users\Kschellinger\SJTPO_Git\TAZ_Modular\input\02_May ATRs\52_R,"C:\Users\Kschellinger\SJTPO_Git\TAZ_Modular\input\02_May ATRs\52_R\ATR 52. NJ 47 (Delsea Drive), btwn Sutton Ln & E Creek Mill Rd_15 Min Speed.pdf",3689732
"ATR 52. NJ 47 (Delsea Drive), btwn Sutton Ln & E Creek Mill Rd_15 Min Speed.xlsx",.xlsx,C:\Users\Kschellinger\SJTPO_Git\TAZ_Modular\input\02_May ATRs\52_R,"C:\Users\Kschellinger\SJTPO_Git\TAZ_Modular\input\02_May ATRs\52_R\ATR 52. NJ 47 (Delsea Drive), btwn Sutton Ln & E Creek Mill Rd_15 Min Speed.xlsx",72616
"ATR 52. NJ 47 (Delsea Drive), btwn Sutton Ln & E Creek Mill Rd_15 Min Summary Length.pdf",.pdf,C:\Users\Kschellinger\SJTPO_Git\TAZ_Modular\input\02_May ATRs\52_R,"C:\Users\Kschellinger\SJTPO_Git\TAZ_Modular\input\02_May ATRs\52_R\ATR 52. NJ 47 (Delsea Drive), btwn Sutton Ln & E Creek Mill Rd_15 Min Summary Length.pdf",2814988
"ATR 52. NJ 47 (Delsea Drive), btwn Sutton Ln & E Creek Mill Rd_15 Min Summary Length.xlsx",.xlsx,C:\Users\Kschellinger\SJTPO_Git\TAZ_Modular\input\02_May ATRs\52_R,"C:\Users\Kschellinger\SJTPO_Git\TAZ_Modular\input\02_May ATRs\52_R\ATR 52. NJ 47 (Delsea Drive), btwn Sutton Ln & E Creek Mill Rd_15 Min Summary Length.xlsx",52556
"ATR 52. NJ 47 (Delsea Drive), btwn Sutton Ln & E Creek Mill Rd_15 Min Volume.pdf",.pdf,C:\Users\Kschellinger\SJTPO_Git\TAZ_Modular\input\02_May ATRs\52_R,"C:\Users\Kschellinger\SJTPO_Git\TAZ_Modular\input\02_May ATRs\52_R\ATR 52. NJ 47 (Delsea Drive), btwn Sutton Ln & E Creek Mill Rd_15 Min Volume.pdf",737344
"ATR 52. NJ 47 (Delsea Drive), btwn Sutton Ln & E Creek Mill Rd_15 Min Volume.xlsx",.xlsx,C:\Users\Kschellinger\SJTPO_Git\TAZ_Modular\input\02_May ATRs\52_R,"C:\Users\Kschellinger\SJTPO_Git\TAZ_Modular\input\02_May ATRs\52_R\ATR 52. NJ 47 (Delsea Drive), btwn Sutton Ln & E Creek Mill Rd_15 Min Volume.xlsx",27543
"ATR 52. NJ 47 (Delsea Drive), btwn Sutton Ln & E Creek Mill Rd_60 Min Length.pdf",.pdf,C:\Users\Kschellinger\SJTPO_Git\TAZ_Modular\input\02_May ATRs\52_R,"C:\Users\Kschellinger\SJTPO_Git\TAZ_Modular\input\02_May ATRs\52_R\ATR 52. NJ 47 (Delsea Drive), btwn Sutton Ln & E Creek Mill Rd_60 Min Length.pdf",1156399
"ATR 52. NJ 47 (Delsea Drive), btwn Sutton Ln & E Creek Mill Rd_60 Min Length.xlsx",.xlsx,C:\Users\Kschellinger\SJTPO_Git\TAZ_Modular\input\02_May ATRs\52_R,"C:\Users\Kschellinger\SJTPO_Git\TAZ_Modular\input\02_May ATRs\52_R\ATR 52. NJ 47 (Delsea Drive), btwn Sutton Ln & E Creek Mill Rd_60 Min Length.xlsx",30978
"ATR 52. NJ 47 (Delsea Drive), btwn Sutton Ln & E Creek Mill Rd_60 Min Speed.pdf",.pdf,C:\Users\Kschellinger\SJTPO_Git\TAZ_Modular\input\02_May ATRs\52_R,"C:\Users\Kschellinger\SJTPO_Git\TAZ_Modular\input\02_May ATRs\52_R\ATR 52. NJ 47 (Delsea Drive), btwn Sutton Ln & E Creek Mill Rd_60 Min Speed.pdf",1222790
"ATR 52. NJ 47 (Delsea Drive), btwn Sutton Ln & E Creek Mill Rd_60 Min Speed.xlsx",.xlsx,C:\Users\Kschellinger\SJTPO_Git\TAZ_Modular\input\02_May ATRs\52_R,"C:\Users\Kschellinger\SJTPO_Git\TAZ_Modular\input\02_May ATRs\52_R\ATR 52. NJ 47 (Delsea Drive), btwn Sutton Ln & E Creek Mill Rd_60 Min Speed.xlsx",32267
"ATR 52. NJ 47 (Delsea Drive), btwn Sutton Ln & E Creek Mill Rd_60 Min Summary Length.pdf",.pdf,C:\Users\Kschellinger\SJTPO_Git\TAZ_Modular\input\02_May ATRs\52_R,"C:\Users\Kschellinger\SJTPO_Git\TAZ_Modular\input\02_May ATRs\52_R\ATR 52. NJ 47 (Delsea Drive), btwn Sutton Ln & E Creek Mill Rd_60 Min Summary Length.pdf",941872
"ATR 52. NJ 47 (Delsea Drive), btwn Sutton Ln & E Creek Mill Rd_60 Min Summary Lengtth.xlsx",.xlsx,C:\Users\Kschellinger\SJTPO_Git\TAZ_Modular\input\02_May ATRs\52_R,"C:\Users\Kschellinger\SJTPO_Git\TAZ_Modular\input\02_May ATRs\52_R\ATR 52. NJ 47 (Delsea Drive), btwn Sutton Ln & E Creek Mill Rd_60 Min Summary Lengtth.xlsx",25981
"ATR 52. NJ 47 (Delsea Drive), btwn Sutton Ln & E Creek Mill Rd_60 Min Volume.pdf",.pdf,C:\Users\Kschellinger\SJTPO_Git\TAZ_Modular\input\02_May ATRs\52_R,"C:\Users\Kschellinger\SJTPO_Git\TAZ_Modular\input\02_May ATRs\52_R\ATR 52. NJ 47 (Delsea Drive), btwn Sutton Ln & E Creek Mill Rd_60 Min Volume.pdf",431425
"ATR 52. NJ 47 (Delsea Drive), btwn Sutton Ln & E Creek Mill Rd_60 Min Volume.xlsx",.xlsx,C:\Users\Kschellinger\SJTPO_Git\TAZ_Modular\input\02_May ATRs\52_R,"C:\Users\Kschellinger\SJTPO_Git\TAZ_Modular\input\02_May ATRs\52_R\ATR 52. NJ 47 (Delsea Drive), btwn Sutton Ln & E Creek Mill Rd_60 Min Volume.xlsx",18336
ATR 52_Part 1.tf2,.tf2,C:\Users\Kschellinger\SJTPO_Git\TAZ_Modular\input\02_May ATRs\52_R,C:\Users\Kschellinger\SJTPO_Git\TAZ_Modular\input\02_May ATRs\52_R\ATR 52_Part 1.tf2,624597
atr 52_part 2.tf2,.tf2,C:\Users\Kschellinger\SJTPO_Git\TAZ_Modular\input\02_May ATRs\52_R,C:\Users\Kschellinger\SJTPO_Git\TAZ_Modular\input\02_May ATRs\52_R\atr 52_part 2.tf2,618783
ATR. SJTDM Data Collection_RADAR LAYOUT - 52. NJ 47.pdf,.pdf,C:\Users\Kschellinger\SJTPO_Git\TAZ_Modular\input\02_May ATRs\52_R,C:\Users\Kschellinger\SJTPO_Git\TAZ_Modular\input\02_May ATRs\52_R\ATR. SJTDM Data Collection_RADAR LAYOUT - 52. NJ 47.pdf,257377
2020030078_20260511_084903_0.DAT,.DAT,C:\Users\Kschellinger\SJTPO_Git\TAZ_Modular\input\02_May ATRs\53_R,C:\Users\Kschellinger\SJTPO_Git\TAZ_Modular\input\02_May ATRs\53_R\2020030078_20260511_084903_0.DAT,306129
2020030078_20260515_112736_0.DAT,.DAT,C:\Users\Kschellinger\SJTPO_Git\TAZ_Modular\input\02_May ATRs\53_R,C:\Users\Kschellinger\SJTPO_Git\TAZ_Modular\input\02_May ATRs\53_R\2020030078_20260515_112736_0.DAT,314141
"ATR 53. NJ 40 (Harding Highway), West of Millville Avenue - Class Data Analysis.pdf",.pdf,C:\Users\Kschellinger\SJTPO_Git\TAZ_Modular\input\02_May ATRs\53_R,"C:\Users\Kschellinger\SJTPO_Git\TAZ_Modular\input\02_May ATRs\53_R\ATR 53. NJ 40 (Harding Highway), West of Millville Avenue - Class Data Analysis.pdf",1492550
"ATR 53. NJ 40 (Harding Highway), West of Millville Avenue.snj",.snj,C:\Users\Kschellinger\SJTPO_Git\TAZ_Modular\input\02_May ATRs\53_R,"C:\Users\Kschellinger\SJTPO_Git\TAZ_Modular\input\02_May ATRs\53_R\ATR 53. NJ 40 (Harding Highway), West of Millville Avenue.snj",1455234
"ATR 53. NJ 40 (Harding Highway), West of Millville Avenue_15 Min Length.pdf",.pdf,C:\Users\Kschellinger\SJTPO_Git\TAZ_Modular\input\02_May ATRs\53_R,"C:\Users\Kschellinger\SJTPO_Git\TAZ_Modular\input\02_May ATRs\53_R\ATR 53. NJ 40 (Harding Highway), West of Millville Avenue_15 Min Length.pdf",3485506
"ATR 53. NJ 40 (Harding Highway), West of Millville Avenue_15 Min Length.xlsx",.xlsx,C:\Users\Kschellinger\SJTPO_Git\TAZ_Modular\input\02_May ATRs\53_R,"C:\Users\Kschellinger\SJTPO_Git\TAZ_Modular\input\02_May ATRs\53_R\ATR 53. NJ 40 (Harding Highway), West of Millville Avenue_15 Min Length.xlsx",73882
"ATR 53. NJ 40 (Harding Highway), West of Millville Avenue_15 Min Speed.pdf",.pdf,C:\Users\Kschellinger\SJTPO_Git\TAZ_Modular\input\02_May ATRs\53_R,"C:\Users\Kschellinger\SJTPO_Git\TAZ_Modular\input\02_May ATRs\53_R\ATR 53. NJ 40 (Harding Highway), West of Millville Avenue_15 Min Speed.pdf",3704561
"ATR 53. NJ 40 (Harding Highway), West of Millville Avenue_15 Min Speed.xlsx",.xlsx,C:\Users\Kschellinger\SJTPO_Git\TAZ_Modular\input\02_May ATRs\53_R,"C:\Users\Kschellinger\SJTPO_Git\TAZ_Modular\input\02_May ATRs\53_R\ATR 53. NJ 40 (Harding Highway), West of Millville Avenue_15 Min Speed.xlsx",77370
"ATR 53. NJ 40 (Harding Highway), West of Millville Avenue_15 Min Summary Length.pdf",.pdf,C:\Users\Kschellinger\SJTPO_Git\TAZ_Modular\input\02_May ATRs\53_R,"C:\Users\Kschellinger\SJTPO_Git\TAZ_Modular\input\02_May ATRs\53_R\ATR 53. NJ 40 (Harding Highway), West of Millville Avenue_15 Min Summary Length.pdf",2829706
"ATR 53. NJ 40 (Harding Highway), West of Millville Avenue_15 Min Summary Length.xlsx",.xlsx,C:\Users\Kschellinger\SJTPO_Git\TAZ_Modular\input\02_May ATRs\53_R,"C:\Users\Kschellinger\SJTPO_Git\TAZ_Modular\input\02_May ATRs\53_R\ATR 53. NJ 40 (Harding Highway), West of Millville Avenue_15 Min Summary Length.xlsx",56028
"ATR 53. NJ 40 (Harding Highway), West of Millville Avenue_15 Min Volume.pdf",.pdf,C:\Users\Kschellinger\SJTPO_Git\TAZ_Modular\input\02_May ATRs\53_R,"C:\Users\Kschellinger\SJTPO_Git\TAZ_Modular\input\02_May ATRs\53_R\ATR 53. NJ 40 (Harding Highway), West of Millville Avenue_15 Min Volume.pdf",671867
"ATR 53. NJ 40 (Harding Highway), West of Millville Avenue_15 Min Volume.xlsx",.xlsx,C:\Users\Kschellinger\SJTPO_Git\TAZ_Modular\input\02_May ATRs\53_R,"C:\Users\Kschellinger\SJTPO_Git\TAZ_Modular\input\02_May ATRs\53_R\ATR 53. NJ 40 (Harding Highway), West of Millville Avenue_15 Min Volume.xlsx",28002
"ATR 53. NJ 40 (Harding Highway), West of Millville Avenue_60 Min Length.pdf",.pdf,C:\Users\Kschellinger\SJTPO_Git\TAZ_Modular\input\02_May ATRs\53_R,"C:\Users\Kschellinger\SJTPO_Git\TAZ_Modular\input\02_May ATRs\53_R\ATR 53. NJ 40 (Harding Highway), West of Millville Avenue_60 Min Length.pdf",1161615
"ATR 53. NJ 40 (Harding Highway), West of Millville Avenue_60 Min Length.xlsx",.xlsx,C:\Users\Kschellinger\SJTPO_Git\TAZ_Modular\input\02_May ATRs\53_R,"C:\Users\Kschellinger\SJTPO_Git\TAZ_Modular\input\02_May ATRs\53_R\ATR 53. NJ 40 (Harding Highway), West of Millville Avenue_60 Min Length.xlsx",32521
"ATR 53. NJ 40 (Harding Highway), West of Millville Avenue_60 Min Speed.pdf",.pdf,C:\Users\Kschellinger\SJTPO_Git\TAZ_Modular\input\02_May ATRs\53_R,"C:\Users\Kschellinger\SJTPO_Git\TAZ_Modular\input\02_May ATRs\53_R\ATR 53. NJ 40 (Harding Highway), West of Millville Avenue_60 Min Speed.pdf",1229640
"ATR 53. NJ 40 (Harding Highway), West of Millville Avenue_60 Min Speed.xlsx",.xlsx,C:\Users\Kschellinger\SJTPO_Git\TAZ_Modular\input\02_May ATRs\53_R,"C:\Users\Kschellinger\SJTPO_Git\TAZ_Modular\input\02_May ATRs\53_R\ATR 53. NJ 40 (Harding Highway), West of Millville Avenue_60 Min Speed.xlsx",33187
"ATR 53. NJ 40 (Harding Highway), West of Millville Avenue_60 Min Summary Length.pdf",.pdf,C:\Users\Kschellinger\SJTPO_Git\TAZ_Modular\input\02_May ATRs\53_R,"C:\Users\Kschellinger\SJTPO_Git\TAZ_Modular\input\02_May ATRs\53_R\ATR 53. NJ 40 (Harding Highway), West of Millville Avenue_60 Min Summary Length.pdf",947454
"ATR 53. NJ 40 (Harding Highway), West of Millville Avenue_60 Min Summary Length.xlsx",.xlsx,C:\Users\Kschellinger\SJTPO_Git\TAZ_Modular\input\02_May ATRs\53_R,"C:\Users\Kschellinger\SJTPO_Git\TAZ_Modular\input\02_May ATRs\53_R\ATR 53. NJ 40 (Harding Highway), West of Millville Avenue_60 Min Summary Length.xlsx",27146
"ATR 53. NJ 40 (Harding Highway), West of Millville Avenue_60 Min Volume.pdf",.pdf,C:\Users\Kschellinger\SJTPO_Git\TAZ_Modular\input\02_May ATRs\53_R,"C:\Users\Kschellinger\SJTPO_Git\TAZ_Modular\input\02_May ATRs\53_R\ATR 53. NJ 40 (Harding Highway), West of Millville Avenue_60 Min Volume.pdf",434137
"ATR 53. NJ 40 (Harding Highway), West of Millville Avenue_60 Min Volume.xlsx",.xlsx,C:\Users\Kschellinger\SJTPO_Git\TAZ_Modular\input\02_May ATRs\53_R,"C:\Users\Kschellinger\SJTPO_Git\TAZ_Modular\input\02_May ATRs\53_R\ATR 53. NJ 40 (Harding Highway), West of Millville Avenue_60 Min Volume.xlsx",18406
atr 53_part 1.tf2,.tf2,C:\Users\Kschellinger\SJTPO_Git\TAZ_Modular\input\02_May ATRs\53_R,C:\Users\Kschellinger\SJTPO_Git\TAZ_Modular\input\02_May ATRs\53_R\atr 53_part 1.tf2,1908782
atr 53_part 2.tf2,.tf2,C:\Users\Kschellinger\SJTPO_Git\TAZ_Modular\input\02_May ATRs\53_R,C:\Users\Kschellinger\SJTPO_Git\TAZ_Modular\input\02_May ATRs\53_R\atr 53_part 2.tf2,1959323
ATR. SJTDM Data Collection_RADAR LAYOUT - 53. NJ 40.pdf,.pdf,C:\Users\Kschellinger\SJTPO_Git\TAZ_Modular\input\02_May ATRs\53_R,C:\Users\Kschellinger\SJTPO_Git\TAZ_Modular\input\02_May ATRs\53_R\ATR. SJTDM Data Collection_RADAR LAYOUT - 53. NJ 40.pdf,256507
"ATR 55. Route 30, between Apple Drive & Rosemarie Avenue_15 Min.csv",.csv,C:\Users\Kschellinger\SJTPO_Git\TAZ_Modular\input\02_May ATRs\55_V,"C:\Users\Kschellinger\SJTPO_Git\TAZ_Modular\input\02_May ATRs\55_V\ATR 55. Route 30, between Apple Drive & Rosemarie Avenue_15 Min.csv",138483
"ATR 55. Route 30, between Apple Drive & Rosemarie Avenue_15 Min.pdf",.pdf,C:\Users\Kschellinger\SJTPO_Git\TAZ_Modular\input\02_May ATRs\55_V,"C:\Users\Kschellinger\SJTPO_Git\TAZ_Modular\input\02_May ATRs\55_V\ATR 55. Route 30, between Apple Drive & Rosemarie Avenue_15 Min.pdf",506986
"ATR 55. Route 30, between Apple Drive & Rosemarie Avenue_15 Min.xlsx",.xlsx,C:\Users\Kschellinger\SJTPO_Git\TAZ_Modular\input\02_May ATRs\55_V,"C:\Users\Kschellinger\SJTPO_Git\TAZ_Modular\input\02_May ATRs\55_V\ATR 55. Route 30, between Apple Drive & Rosemarie Avenue_15 Min.xlsx",1184621
"ATR 55. Route 30, between Apple Drive & Rosemarie Avenue_60 Min.csv",.csv,C:\Users\Kschellinger\SJTPO_Git\TAZ_Modular\input\02_May ATRs\55_V,"C:\Users\Kschellinger\SJTPO_Git\TAZ_Modular\input\02_May ATRs\55_V\ATR 55. Route 30, between Apple Drive & Rosemarie Avenue_60 Min.csv",36348
"ATR 55. Route 30, between Apple Drive & Rosemarie Avenue_60 Min.pdf",.pdf,C:\Users\Kschellinger\SJTPO_Git\TAZ_Modular\input\02_May ATRs\55_V,"C:\Users\Kschellinger\SJTPO_Git\TAZ_Modular\input\02_May ATRs\55_V\ATR 55. Route 30, between Apple Drive & Rosemarie Avenue_60 Min.pdf",389594
"ATR 55. Route 30, between Apple Drive & Rosemarie Avenue_60 Min.xlsx",.xlsx,C:\Users\Kschellinger\SJTPO_Git\TAZ_Modular\input\02_May ATRs\55_V,"C:\Users\Kschellinger\SJTPO_Git\TAZ_Modular\input\02_May ATRs\55_V\ATR 55. Route 30, between Apple Drive & Rosemarie Avenue_60 Min.xlsx",76106
ATR 55. Rt 30_Screen Captures.pdf,.pdf,C:\Users\Kschellinger\SJTPO_Git\TAZ_Modular\input\02_May ATRs\55_V,C:\Users\Kschellinger\SJTPO_Git\TAZ_Modular\input\02_May ATRs\55_V\ATR 55. Rt 30_Screen Captures.pdf,489570
ATR55_Test_Calculation_Volumes.xlsx,.xlsx,C:\Users\Kschellinger\SJTPO_Git\TAZ_Modular\input\02_May ATRs\55_V,C:\Users\Kschellinger\SJTPO_Git\TAZ_Modular\input\02_May ATRs\55_V\ATR55_Test_Calculation_Volumes.xlsx,105800
"ATR 56. Route 30, S White Horse Pike, 300 feet East of Korean United Methodist Church_15 Minute.csv",.csv,C:\Users\Kschellinger\SJTPO_Git\TAZ_Modular\input\02_May ATRs\56_V,"C:\Users\Kschellinger\SJTPO_Git\TAZ_Modular\input\02_May ATRs\56_V\ATR 56. Route 30, S White Horse Pike, 300 feet East of Korean United Methodist Church_15 Minute.csv",140558
"ATR 56. Route 30, S White Horse Pike, 300 feet East of Korean United Methodist Church_15 Minute.pdf",.pdf,C:\Users\Kschellinger\SJTPO_Git\TAZ_Modular\input\02_May ATRs\56_V,"C:\Users\Kschellinger\SJTPO_Git\TAZ_Modular\input\02_May ATRs\56_V\ATR 56. Route 30, S White Horse Pike, 300 feet East of Korean United Methodist Church_15 Minute.pdf",481867
"ATR 56. Route 30, S White Horse Pike, 300 feet East of Korean United Methodist Church_15 Minute.xlsx",.xlsx,C:\Users\Kschellinger\SJTPO_Git\TAZ_Modular\input\02_May ATRs\56_V,"C:\Users\Kschellinger\SJTPO_Git\TAZ_Modular\input\02_May ATRs\56_V\ATR 56. Route 30, S White Horse Pike, 300 feet East of Korean United Methodist Church_15 Minute.xlsx",1201622
"ATR 56. Route 30, S White Horse Pike, 300 feet East of Korean United Methodist Church_60 Minute.csv",.csv,C:\Users\Kschellinger\SJTPO_Git\TAZ_Modular\input\02_May ATRs\56_V,"C:\Users\Kschellinger\SJTPO_Git\TAZ_Modular\input\02_May ATRs\56_V\ATR 56. Route 30, S White Horse Pike, 300 feet East of Korean United Methodist Church_60 Minute.csv",36719
"ATR 56. Route 30, S White Horse Pike, 300 feet East of Korean United Methodist Church_60 Minute.pdf",.pdf,C:\Users\Kschellinger\SJTPO_Git\TAZ_Modular\input\02_May ATRs\56_V,"C:\Users\Kschellinger\SJTPO_Git\TAZ_Modular\input\02_May ATRs\56_V\ATR 56. Route 30, S White Horse Pike, 300 feet East of Korean United Methodist Church_60 Minute.pdf",353957
"ATR 56. Route 30, S White Horse Pike, 300 feet East of Korean United Methodist Church_60 Minute.xlsx",.xlsx,C:\Users\Kschellinger\SJTPO_Git\TAZ_Modular\input\02_May ATRs\56_V,"C:\Users\Kschellinger\SJTPO_Git\TAZ_Modular\input\02_May ATRs\56_V\ATR 56. Route 30, S White Horse Pike, 300 feet East of Korean United Methodist Church_60 Minute.xlsx",390553
ATR 56. Route 30_Screen Captures.pdf,.pdf,C:\Users\Kschellinger\SJTPO_Git\TAZ_Modular\input\02_May ATRs\56_V,C:\Users\Kschellinger\SJTPO_Git\TAZ_Modular\input\02_May ATRs\56_V\ATR 56. Route 30_Screen Captures.pdf,225488
ATR56_Test_Calculation_Volumes.xlsx,.xlsx,C:\Users\Kschellinger\SJTPO_Git\TAZ_Modular\input\02_May ATRs\56_V,C:\Users\Kschellinger\SJTPO_Git\TAZ_Modular\input\02_May ATRs\56_V\ATR56_Test_Calculation_Volumes.xlsx,116082
"ATR 57. NJ 49, btwn 1st Ave & Head of River Rd - Class Data Analysis.pdf",.pdf,C:\Users\Kschellinger\SJTPO_Git\TAZ_Modular\input\02_May ATRs\57_T,"C:\Users\Kschellinger\SJTPO_Git\TAZ_Modular\input\02_May ATRs\57_T\ATR 57. NJ 49, btwn 1st Ave & Head of River Rd - Class Data Analysis.pdf",2228981
"ATR 57. NJ 49, btwn 1st Ave & Head of River Rd - Data Summary.pdf",.pdf,C:\Users\Kschellinger\SJTPO_Git\TAZ_Modular\input\02_May ATRs\57_T,"C:\Users\Kschellinger\SJTPO_Git\TAZ_Modular\input\02_May ATRs\57_T\ATR 57. NJ 49, btwn 1st Ave & Head of River Rd - Data Summary.pdf",341248
"ATR 57. NJ 49, btwn 1st Ave & Head of River Rd.snj",.snj,C:\Users\Kschellinger\SJTPO_Git\TAZ_Modular\input\02_May ATRs\57_T,"C:\Users\Kschellinger\SJTPO_Git\TAZ_Modular\input\02_May ATRs\57_T\ATR 57. NJ 49, btwn 1st Ave & Head of River Rd.snj",4069907
"ATR 57. NJ 49, btwn 1st Ave & Head of River Rd_15 Min Class.pdf",.pdf,C:\Users\Kschellinger\SJTPO_Git\TAZ_Modular\input\02_May ATRs\57_T,"C:\Users\Kschellinger\SJTPO_Git\TAZ_Modular\input\02_May ATRs\57_T\ATR 57. NJ 49, btwn 1st Ave & Head of River Rd_15 Min Class.pdf",4170276
"ATR 57. NJ 49, btwn 1st Ave & Head of River Rd_15 Min Class.xlsx",.xlsx,C:\Users\Kschellinger\SJTPO_Git\TAZ_Modular\input\02_May ATRs\57_T,"C:\Users\Kschellinger\SJTPO_Git\TAZ_Modular\input\02_May ATRs\57_T\ATR 57. NJ 49, btwn 1st Ave & Head of River Rd_15 Min Class.xlsx",77349
"ATR 57. NJ 49, btwn 1st Ave & Head of River Rd_15 Min Speed.pdf",.pdf,C:\Users\Kschellinger\SJTPO_Git\TAZ_Modular\input\02_May ATRs\57_T,"C:\Users\Kschellinger\SJTPO_Git\TAZ_Modular\input\02_May ATRs\57_T\ATR 57. NJ 49, btwn 1st Ave & Head of River Rd_15 Min Speed.pdf",3682562
"ATR 57. NJ 49, btwn 1st Ave & Head of River Rd_15 Min Speed.xlsx",.xlsx,C:\Users\Kschellinger\SJTPO_Git\TAZ_Modular\input\02_May ATRs\57_T,"C:\Users\Kschellinger\SJTPO_Git\TAZ_Modular\input\02_May ATRs\57_T\ATR 57. NJ 49, btwn 1st Ave & Head of River Rd_15 Min Speed.xlsx",74679
"ATR 57. NJ 49, btwn 1st Ave & Head of River Rd_15 Min Volume.pdf",.pdf,C:\Users\Kschellinger\SJTPO_Git\TAZ_Modular\input\02_May ATRs\57_T,"C:\Users\Kschellinger\SJTPO_Git\TAZ_Modular\input\02_May ATRs\57_T\ATR 57. NJ 49, btwn 1st Ave & Head of River Rd_15 Min Volume.pdf",667733
"ATR 57. NJ 49, btwn 1st Ave & Head of River Rd_15 Min Volume.xlsx",.xlsx,C:\Users\Kschellinger\SJTPO_Git\TAZ_Modular\input\02_May ATRs\57_T,"C:\Users\Kschellinger\SJTPO_Git\TAZ_Modular\input\02_May ATRs\57_T\ATR 57. NJ 49, btwn 1st Ave & Head of River Rd_15 Min Volume.xlsx",27846
"ATR 57. NJ 49, btwn 1st Ave & Head of River Rd_60 Min Class.pdf",.pdf,C:\Users\Kschellinger\SJTPO_Git\TAZ_Modular\input\02_May ATRs\57_T,"C:\Users\Kschellinger\SJTPO_Git\TAZ_Modular\input\02_May ATRs\57_T\ATR 57. NJ 49, btwn 1st Ave & Head of River Rd_60 Min Class.pdf",1317732
"ATR 57. NJ 49, btwn 1st Ave & Head of River Rd_60 Min Class.xlsx",.xlsx,C:\Users\Kschellinger\SJTPO_Git\TAZ_Modular\input\02_May ATRs\57_T,"C:\Users\Kschellinger\SJTPO_Git\TAZ_Modular\input\02_May ATRs\57_T\ATR 57. NJ 49, btwn 1st Ave & Head of River Rd_60 Min Class.xlsx",33162
"ATR 57. NJ 49, btwn 1st Ave & Head of River Rd_60 Min Speed.pdf",.pdf,C:\Users\Kschellinger\SJTPO_Git\TAZ_Modular\input\02_May ATRs\57_T,"C:\Users\Kschellinger\SJTPO_Git\TAZ_Modular\input\02_May ATRs\57_T\ATR 57. NJ 49, btwn 1st Ave & Head of River Rd_60 Min Speed.pdf",1222228
"ATR 57. NJ 49, btwn 1st Ave & Head of River Rd_60 Min Speed.xlsx",.xlsx,C:\Users\Kschellinger\SJTPO_Git\TAZ_Modular\input\02_May ATRs\57_T,"C:\Users\Kschellinger\SJTPO_Git\TAZ_Modular\input\02_May ATRs\57_T\ATR 57. NJ 49, btwn 1st Ave & Head of River Rd_60 Min Speed.xlsx",32764
"ATR 57. NJ 49, btwn 1st Ave & Head of River Rd_60 Min Volume.pdf",.pdf,C:\Users\Kschellinger\SJTPO_Git\TAZ_Modular\input\02_May ATRs\57_T,"C:\Users\Kschellinger\SJTPO_Git\TAZ_Modular\input\02_May ATRs\57_T\ATR 57. NJ 49, btwn 1st Ave & Head of River Rd_60 Min Volume.pdf",424418
"ATR 57. NJ 49, btwn 1st Ave & Head of River Rd_60 Min Volume.xlsx",.xlsx,C:\Users\Kschellinger\SJTPO_Git\TAZ_Modular\input\02_May ATRs\57_T,"C:\Users\Kschellinger\SJTPO_Git\TAZ_Modular\input\02_May ATRs\57_T\ATR 57. NJ 49, btwn 1st Ave & Head of River Rd_60 Min Volume.xlsx",18340
ATR 57.tf2,.tf2,C:\Users\Kschellinger\SJTPO_Git\TAZ_Modular\input\02_May ATRs\57_T,C:\Users\Kschellinger\SJTPO_Git\TAZ_Modular\input\02_May ATRs\57_T\ATR 57.tf2,3149215
ATR. SJTDM Data Collection_TUBE LAYOUT - 57. NJ 49.pdf,.pdf,C:\Users\Kschellinger\SJTPO_Git\TAZ_Modular\input\02_May ATRs\57_T,C:\Users\Kschellinger\SJTPO_Git\TAZ_Modular\input\02_May ATRs\57_T\ATR. SJTDM Data Collection_TUBE LAYOUT - 57. NJ 49.pdf,265217
2020010034_20260430_123936_0.DAT,.DAT,C:\Users\Kschellinger\SJTPO_Git\TAZ_Modular\input\02_May ATRs\58_R,C:\Users\Kschellinger\SJTPO_Git\TAZ_Modular\input\02_May ATRs\58_R\2020010034_20260430_123936_0.DAT,443401
2020010034_20260504_123019_0.DAT,.DAT,C:\Users\Kschellinger\SJTPO_Git\TAZ_Modular\input\02_May ATRs\58_R,C:\Users\Kschellinger\SJTPO_Git\TAZ_Modular\input\02_May ATRs\58_R\2020010034_20260504_123019_0.DAT,474609
ATR 58 Sketch.jpg,.jpg,C:\Users\Kschellinger\SJTPO_Git\TAZ_Modular\input\02_May ATRs\58_R,C:\Users\Kschellinger\SJTPO_Git\TAZ_Modular\input\02_May ATRs\58_R\ATR 58 Sketch.jpg,2048771
"ATR 58. Route 56 (Landis Ave), btwn Alvine Rd & Gershal Ave - Class Data Analysis.pdf",.pdf,C:\Users\Kschellinger\SJTPO_Git\TAZ_Modular\input\02_May ATRs\58_R,"C:\Users\Kschellinger\SJTPO_Git\TAZ_Modular\input\02_May ATRs\58_R\ATR 58. Route 56 (Landis Ave), btwn Alvine Rd & Gershal Ave - Class Data Analysis.pdf",1517367
"ATR 58. Route 56 (Landis Ave), btwn Alvine Rd & Gershal Ave.snj",.snj,C:\Users\Kschellinger\SJTPO_Git\TAZ_Modular\input\02_May ATRs\58_R,"C:\Users\Kschellinger\SJTPO_Git\TAZ_Modular\input\02_May ATRs\58_R\ATR 58. Route 56 (Landis Ave), btwn Alvine Rd & Gershal Ave.snj",2113412
"ATR 58. Route 56 (Landis Ave), btwn Alvine Rd & Gershal Ave_15 Min Length.pdf",.pdf,C:\Users\Kschellinger\SJTPO_Git\TAZ_Modular\input\02_May ATRs\58_R,"C:\Users\Kschellinger\SJTPO_Git\TAZ_Modular\input\02_May ATRs\58_R\ATR 58. Route 56 (Landis Ave), btwn Alvine Rd & Gershal Ave_15 Min Length.pdf",3496428
"ATR 58. Route 56 (Landis Ave), btwn Alvine Rd & Gershal Ave_15 Min Length.xlsx",.xlsx,C:\Users\Kschellinger\SJTPO_Git\TAZ_Modular\input\02_May ATRs\58_R,"C:\Users\Kschellinger\SJTPO_Git\TAZ_Modular\input\02_May ATRs\58_R\ATR 58. Route 56 (Landis Ave), btwn Alvine Rd & Gershal Ave_15 Min Length.xlsx",76488
"ATR 58. Route 56 (Landis Ave), btwn Alvine Rd & Gershal Ave_15 Min Speed.pdf",.pdf,C:\Users\Kschellinger\SJTPO_Git\TAZ_Modular\input\02_May ATRs\58_R,"C:\Users\Kschellinger\SJTPO_Git\TAZ_Modular\input\02_May ATRs\58_R\ATR 58. Route 56 (Landis Ave), btwn Alvine Rd & Gershal Ave_15 Min Speed.pdf",3713037
"ATR 58. Route 56 (Landis Ave), btwn Alvine Rd & Gershal Ave_15 Min Speed.xlsx",.xlsx,C:\Users\Kschellinger\SJTPO_Git\TAZ_Modular\input\02_May ATRs\58_R,"C:\Users\Kschellinger\SJTPO_Git\TAZ_Modular\input\02_May ATRs\58_R\ATR 58. Route 56 (Landis Ave), btwn Alvine Rd & Gershal Ave_15 Min Speed.xlsx",79034
"ATR 58. Route 56 (Landis Ave), btwn Alvine Rd & Gershal Ave_15 Min Summary Length.pdf",.pdf,C:\Users\Kschellinger\SJTPO_Git\TAZ_Modular\input\02_May ATRs\58_R,"C:\Users\Kschellinger\SJTPO_Git\TAZ_Modular\input\02_May ATRs\58_R\ATR 58. Route 56 (Landis Ave), btwn Alvine Rd & Gershal Ave_15 Min Summary Length.pdf",2837620
"ATR 58. Route 56 (Landis Ave), btwn Alvine Rd & Gershal Ave_15 Min Summary Length.xlsx",.xlsx,C:\Users\Kschellinger\SJTPO_Git\TAZ_Modular\input\02_May ATRs\58_R,"C:\Users\Kschellinger\SJTPO_Git\TAZ_Modular\input\02_May ATRs\58_R\ATR 58. Route 56 (Landis Ave), btwn Alvine Rd & Gershal Ave_15 Min Summary Length.xlsx",56569
"ATR 58. Route 56 (Landis Ave), btwn Alvine Rd & Gershal Ave_15 Min Volume.pdf",.pdf,C:\Users\Kschellinger\SJTPO_Git\TAZ_Modular\input\02_May ATRs\58_R,"C:\Users\Kschellinger\SJTPO_Git\TAZ_Modular\input\02_May ATRs\58_R\ATR 58. Route 56 (Landis Ave), btwn Alvine Rd & Gershal Ave_15 Min Volume.pdf",675201
"ATR 58. Route 56 (Landis Ave), btwn Alvine Rd & Gershal Ave_15 Min Volume.xlsx",.xlsx,C:\Users\Kschellinger\SJTPO_Git\TAZ_Modular\input\02_May ATRs\58_R,"C:\Users\Kschellinger\SJTPO_Git\TAZ_Modular\input\02_May ATRs\58_R\ATR 58. Route 56 (Landis Ave), btwn Alvine Rd & Gershal Ave_15 Min Volume.xlsx",28198
"ATR 58. Route 56 (Landis Ave), btwn Alvine Rd & Gershal Ave_60 Min Length.pdf",.pdf,C:\Users\Kschellinger\SJTPO_Git\TAZ_Modular\input\02_May ATRs\58_R,"C:\Users\Kschellinger\SJTPO_Git\TAZ_Modular\input\02_May ATRs\58_R\ATR 58. Route 56 (Landis Ave), btwn Alvine Rd & Gershal Ave_60 Min Length.pdf",1165357
"ATR 58. Route 56 (Landis Ave), btwn Alvine Rd & Gershal Ave_60 Min Length.xlsx",.xlsx,C:\Users\Kschellinger\SJTPO_Git\TAZ_Modular\input\02_May ATRs\58_R,"C:\Users\Kschellinger\SJTPO_Git\TAZ_Modular\input\02_May ATRs\58_R\ATR 58. Route 56 (Landis Ave), btwn Alvine Rd & Gershal Ave_60 Min Length.xlsx",33432
"ATR 58. Route 56 (Landis Ave), btwn Alvine Rd & Gershal Ave_60 Min Speed.pdf",.pdf,C:\Users\Kschellinger\SJTPO_Git\TAZ_Modular\input\02_May ATRs\58_R,"C:\Users\Kschellinger\SJTPO_Git\TAZ_Modular\input\02_May ATRs\58_R\ATR 58. Route 56 (Landis Ave), btwn Alvine Rd & Gershal Ave_60 Min Speed.pdf",1231710
"ATR 58. Route 56 (Landis Ave), btwn Alvine Rd & Gershal Ave_60 Min Speed.xlsx",.xlsx,C:\Users\Kschellinger\SJTPO_Git\TAZ_Modular\input\02_May ATRs\58_R,"C:\Users\Kschellinger\SJTPO_Git\TAZ_Modular\input\02_May ATRs\58_R\ATR 58. Route 56 (Landis Ave), btwn Alvine Rd & Gershal Ave_60 Min Speed.xlsx",33385
"ATR 58. Route 56 (Landis Ave), btwn Alvine Rd & Gershal Ave_60 Min Summary Length.pdf",.pdf,C:\Users\Kschellinger\SJTPO_Git\TAZ_Modular\input\02_May ATRs\58_R,"C:\Users\Kschellinger\SJTPO_Git\TAZ_Modular\input\02_May ATRs\58_R\ATR 58. Route 56 (Landis Ave), btwn Alvine Rd & Gershal Ave_60 Min Summary Length.pdf",950352
"ATR 58. Route 56 (Landis Ave), btwn Alvine Rd & Gershal Ave_60 Min Summary Length.xlsx",.xlsx,C:\Users\Kschellinger\SJTPO_Git\TAZ_Modular\input\02_May ATRs\58_R,"C:\Users\Kschellinger\SJTPO_Git\TAZ_Modular\input\02_May ATRs\58_R\ATR 58. Route 56 (Landis Ave), btwn Alvine Rd & Gershal Ave_60 Min Summary Length.xlsx",27334
"ATR 58. Route 56 (Landis Ave), btwn Alvine Rd & Gershal Ave_60 Min Volume.pdf",.pdf,C:\Users\Kschellinger\SJTPO_Git\TAZ_Modular\input\02_May ATRs\58_R,"C:\Users\Kschellinger\SJTPO_Git\TAZ_Modular\input\02_May ATRs\58_R\ATR 58. Route 56 (Landis Ave), btwn Alvine Rd & Gershal Ave_60 Min Volume.pdf",435528
"ATR 58. Route 56 (Landis Ave), btwn Alvine Rd & Gershal Ave_60 Min Volume.xlsx",.xlsx,C:\Users\Kschellinger\SJTPO_Git\TAZ_Modular\input\02_May ATRs\58_R,"C:\Users\Kschellinger\SJTPO_Git\TAZ_Modular\input\02_May ATRs\58_R\ATR 58. Route 56 (Landis Ave), btwn Alvine Rd & Gershal Ave_60 Min Volume.xlsx",18443
atr 58_part 1.tf2,.tf2,C:\Users\Kschellinger\SJTPO_Git\TAZ_Modular\input\02_May ATRs\58_R,C:\Users\Kschellinger\SJTPO_Git\TAZ_Modular\input\02_May ATRs\58_R\atr 58_part 1.tf2,2785105
atr 58_part 2.tf2,.tf2,C:\Users\Kschellinger\SJTPO_Git\TAZ_Modular\input\02_May ATRs\58_R,C:\Users\Kschellinger\SJTPO_Git\TAZ_Modular\input\02_May ATRs\58_R\atr 58_part 2.tf2,2983903
ATR. SJTDM Data Collection_RADAR LAYOUT - 58. Route 56 (Landis).pdf,.pdf,C:\Users\Kschellinger\SJTPO_Git\TAZ_Modular\input\02_May ATRs\58_R,C:\Users\Kschellinger\SJTPO_Git\TAZ_Modular\input\02_May ATRs\58_R\ATR. SJTDM Data Collection_RADAR LAYOUT - 58. Route 56 (Landis).pdf,260535
2020030075_20260430_120742_0.DAT,.DAT,C:\Users\Kschellinger\SJTPO_Git\TAZ_Modular\input\02_May ATRs\59_R,C:\Users\Kschellinger\SJTPO_Git\TAZ_Modular\input\02_May ATRs\59_R\2020030075_20260430_120742_0.DAT,462089
2020030075_20260504_110213_0.DAT,.DAT,C:\Users\Kschellinger\SJTPO_Git\TAZ_Modular\input\02_May ATRs\59_R,C:\Users\Kschellinger\SJTPO_Git\TAZ_Modular\input\02_May ATRs\59_R\2020030075_20260504_110213_0.DAT,533729
"ATR 59. CR 552 (Sherman Ave), btwn Carmel Rd & Jesse Bridge Rd - Class Data Analysis.pdf",.pdf,C:\Users\Kschellinger\SJTPO_Git\TAZ_Modular\input\02_May ATRs\59_R,"C:\Users\Kschellinger\SJTPO_Git\TAZ_Modular\input\02_May ATRs\59_R\ATR 59. CR 552 (Sherman Ave), btwn Carmel Rd & Jesse Bridge Rd - Class Data Analysis.pdf",1543033
"ATR 59. CR 552 (Sherman Ave), btwn Carmel Rd & Jesse Bridge Rd.snj",.snj,C:\Users\Kschellinger\SJTPO_Git\TAZ_Modular\input\02_May ATRs\59_R,"C:\Users\Kschellinger\SJTPO_Git\TAZ_Modular\input\02_May ATRs\59_R\ATR 59. CR 552 (Sherman Ave), btwn Carmel Rd & Jesse Bridge Rd.snj",2218853
"ATR 59. CR 552 (Sherman Ave), btwn Carmel Rd & Jesse Bridge Rd_15 Min Length.pdf",.pdf,C:\Users\Kschellinger\SJTPO_Git\TAZ_Modular\input\02_May ATRs\59_R,"C:\Users\Kschellinger\SJTPO_Git\TAZ_Modular\input\02_May ATRs\59_R\ATR 59. CR 552 (Sherman Ave), btwn Carmel Rd & Jesse Bridge Rd_15 Min Length.pdf",3495372
"ATR 59. CR 552 (Sherman Ave), btwn Carmel Rd & Jesse Bridge Rd_15 Min Length.xlsx",.xlsx,C:\Users\Kschellinger\SJTPO_Git\TAZ_Modular\input\02_May ATRs\59_R,"C:\Users\Kschellinger\SJTPO_Git\TAZ_Modular\input\02_May ATRs\59_R\ATR 59. CR 552 (Sherman Ave), btwn Carmel Rd & Jesse Bridge Rd_15 Min Length.xlsx",75062
"ATR 59. CR 552 (Sherman Ave), btwn Carmel Rd & Jesse Bridge Rd_15 Min Speed.pdf",.pdf,C:\Users\Kschellinger\SJTPO_Git\TAZ_Modular\input\02_May ATRs\59_R,"C:\Users\Kschellinger\SJTPO_Git\TAZ_Modular\input\02_May ATRs\59_R\ATR 59. CR 552 (Sherman Ave), btwn Carmel Rd & Jesse Bridge Rd_15 Min Speed.pdf",3716058
"ATR 59. CR 552 (Sherman Ave), btwn Carmel Rd & Jesse Bridge Rd_15 Min Speed.xlsx",.xlsx,C:\Users\Kschellinger\SJTPO_Git\TAZ_Modular\input\02_May ATRs\59_R,"C:\Users\Kschellinger\SJTPO_Git\TAZ_Modular\input\02_May ATRs\59_R\ATR 59. CR 552 (Sherman Ave), btwn Carmel Rd & Jesse Bridge Rd_15 Min Speed.xlsx",79822
"ATR 59. CR 552 (Sherman Ave), btwn Carmel Rd & Jesse Bridge Rd_15 Min Summary Length.pdf",.pdf,C:\Users\Kschellinger\SJTPO_Git\TAZ_Modular\input\02_May ATRs\59_R,"C:\Users\Kschellinger\SJTPO_Git\TAZ_Modular\input\02_May ATRs\59_R\ATR 59. CR 552 (Sherman Ave), btwn Carmel Rd & Jesse Bridge Rd_15 Min Summary Length.pdf",2840992
"ATR 59. CR 552 (Sherman Ave), btwn Carmel Rd & Jesse Bridge Rd_15 Min Summary Length.xlsx",.xlsx,C:\Users\Kschellinger\SJTPO_Git\TAZ_Modular\input\02_May ATRs\59_R,"C:\Users\Kschellinger\SJTPO_Git\TAZ_Modular\input\02_May ATRs\59_R\ATR 59. CR 552 (Sherman Ave), btwn Carmel Rd & Jesse Bridge Rd_15 Min Summary Length.xlsx",56186
"ATR 59. CR 552 (Sherman Ave), btwn Carmel Rd & Jesse Bridge Rd_15 Min Volume.pdf",.pdf,C:\Users\Kschellinger\SJTPO_Git\TAZ_Modular\input\02_May ATRs\59_R,"C:\Users\Kschellinger\SJTPO_Git\TAZ_Modular\input\02_May ATRs\59_R\ATR 59. CR 552 (Sherman Ave), btwn Carmel Rd & Jesse Bridge Rd_15 Min Volume.pdf",675910
"ATR 59. CR 552 (Sherman Ave), btwn Carmel Rd & Jesse Bridge Rd_15 Min Volume.xlsx",.xlsx,C:\Users\Kschellinger\SJTPO_Git\TAZ_Modular\input\02_May ATRs\59_R,"C:\Users\Kschellinger\SJTPO_Git\TAZ_Modular\input\02_May ATRs\59_R\ATR 59. CR 552 (Sherman Ave), btwn Carmel Rd & Jesse Bridge Rd_15 Min Volume.xlsx",28758
"ATR 59. CR 552 (Sherman Ave), btwn Carmel Rd & Jesse Bridge Rd_60 Min Length.pdf",.pdf,C:\Users\Kschellinger\SJTPO_Git\TAZ_Modular\input\02_May ATRs\59_R,"C:\Users\Kschellinger\SJTPO_Git\TAZ_Modular\input\02_May ATRs\59_R\ATR 59. CR 552 (Sherman Ave), btwn Carmel Rd & Jesse Bridge Rd_60 Min Length.pdf",1165062
"ATR 59. CR 552 (Sherman Ave), btwn Carmel Rd & Jesse Bridge Rd_60 Min Length.xlsx",.xlsx,C:\Users\Kschellinger\SJTPO_Git\TAZ_Modular\input\02_May ATRs\59_R,"C:\Users\Kschellinger\SJTPO_Git\TAZ_Modular\input\02_May ATRs\59_R\ATR 59. CR 552 (Sherman Ave), btwn Carmel Rd & Jesse Bridge Rd_60 Min Length.xlsx",32496
"ATR 59. CR 552 (Sherman Ave), btwn Carmel Rd & Jesse Bridge Rd_60 Min Speed.pdf",.pdf,C:\Users\Kschellinger\SJTPO_Git\TAZ_Modular\input\02_May ATRs\59_R,"C:\Users\Kschellinger\SJTPO_Git\TAZ_Modular\input\02_May ATRs\59_R\ATR 59. CR 552 (Sherman Ave), btwn Carmel Rd & Jesse Bridge Rd_60 Min Speed.pdf",1233178
"ATR 59. CR 552 (Sherman Ave), btwn Carmel Rd & Jesse Bridge Rd_60 Min Speed.xlsx",.xlsx,C:\Users\Kschellinger\SJTPO_Git\TAZ_Modular\input\02_May ATRs\59_R,"C:\Users\Kschellinger\SJTPO_Git\TAZ_Modular\input\02_May ATRs\59_R\ATR 59. CR 552 (Sherman Ave), btwn Carmel Rd & Jesse Bridge Rd_60 Min Speed.xlsx",33923
"ATR 59. CR 552 (Sherman Ave), btwn Carmel Rd & Jesse Bridge Rd_60 Min Summary Length.pdf",.pdf,C:\Users\Kschellinger\SJTPO_Git\TAZ_Modular\input\02_May ATRs\59_R,"C:\Users\Kschellinger\SJTPO_Git\TAZ_Modular\input\02_May ATRs\59_R\ATR 59. CR 552 (Sherman Ave), btwn Carmel Rd & Jesse Bridge Rd_60 Min Summary Length.pdf",949407
"ATR 59. CR 552 (Sherman Ave), btwn Carmel Rd & Jesse Bridge Rd_60 Min Summary Length.xlsx",.xlsx,C:\Users\Kschellinger\SJTPO_Git\TAZ_Modular\input\02_May ATRs\59_R,"C:\Users\Kschellinger\SJTPO_Git\TAZ_Modular\input\02_May ATRs\59_R\ATR 59. CR 552 (Sherman Ave), btwn Carmel Rd & Jesse Bridge Rd_60 Min Summary Length.xlsx",27244
"ATR 59. CR 552 (Sherman Ave), btwn Carmel Rd & Jesse Bridge Rd_60 Min Volume.pdf",.pdf,C:\Users\Kschellinger\SJTPO_Git\TAZ_Modular\input\02_May ATRs\59_R,"C:\Users\Kschellinger\SJTPO_Git\TAZ_Modular\input\02_May ATRs\59_R\ATR 59. CR 552 (Sherman Ave), btwn Carmel Rd & Jesse Bridge Rd_60 Min Volume.pdf",435591
"ATR 59. CR 552 (Sherman Ave), btwn Carmel Rd & Jesse Bridge Rd_60 Min Volume.xlsx",.xlsx,C:\Users\Kschellinger\SJTPO_Git\TAZ_Modular\input\02_May ATRs\59_R,"C:\Users\Kschellinger\SJTPO_Git\TAZ_Modular\input\02_May ATRs\59_R\ATR 59. CR 552 (Sherman Ave), btwn Carmel Rd & Jesse Bridge Rd_60 Min Volume.xlsx",18485
atr 59_bc 75 part 1.tf2,.tf2,C:\Users\Kschellinger\SJTPO_Git\TAZ_Modular\input\02_May ATRs\59_R,C:\Users\Kschellinger\SJTPO_Git\TAZ_Modular\input\02_May ATRs\59_R\atr 59_bc 75 part 1.tf2,2899266
atr 59_bc 75 part 2.tf2,.tf2,C:\Users\Kschellinger\SJTPO_Git\TAZ_Modular\input\02_May ATRs\59_R,C:\Users\Kschellinger\SJTPO_Git\TAZ_Modular\input\02_May ATRs\59_R\atr 59_bc 75 part 2.tf2,3360805
ATR. SJTDM Data Collection_RADAR LAYOUT - 59. CR 552 (Sherman).pdf,.pdf,C:\Users\Kschellinger\SJTPO_Git\TAZ_Modular\input\02_May ATRs\59_R,C:\Users\Kschellinger\SJTPO_Git\TAZ_Modular\input\02_May ATRs\59_R\ATR. SJTDM Data Collection_RADAR LAYOUT - 59. CR 552 (Sherman).pdf,261741
2020030080_20260501_105443_0.DAT,.DAT,C:\Users\Kschellinger\SJTPO_Git\TAZ_Modular\input\02_May ATRs\61_R,C:\Users\Kschellinger\SJTPO_Git\TAZ_Modular\input\02_May ATRs\61_R\2020030080_20260501_105443_0.DAT,305885
2020030080_20260505_120237_0.DAT,.DAT,C:\Users\Kschellinger\SJTPO_Git\TAZ_Modular\input\02_May ATRs\61_R,C:\Users\Kschellinger\SJTPO_Git\TAZ_Modular\input\02_May ATRs\61_R\2020030080_20260505_120237_0.DAT,312509
61 bc part 1.tf2,.tf2,C:\Users\Kschellinger\SJTPO_Git\TAZ_Modular\input\02_May ATRs\61_R,C:\Users\Kschellinger\SJTPO_Git\TAZ_Modular\input\02_May ATRs\61_R\61 bc part 1.tf2,1908373
61 bc part 2.tf2,.tf2,C:\Users\Kschellinger\SJTPO_Git\TAZ_Modular\input\02_May ATRs\61_R,C:\Users\Kschellinger\SJTPO_Git\TAZ_Modular\input\02_May ATRs\61_R\61 bc part 2.tf2,1952885
"ATR 61. US 9 (New Rd), btwn W California Ave & Ohio Ave - Class Data Analysis.pdf",.pdf,C:\Users\Kschellinger\SJTPO_Git\TAZ_Modular\input\02_May ATRs\61_R,"C:\Users\Kschellinger\SJTPO_Git\TAZ_Modular\input\02_May ATRs\61_R\ATR 61. US 9 (New Rd), btwn W California Ave & Ohio Ave - Class Data Analysis.pdf",1614333
"ATR 61. US 9 (New Rd), btwn W California Ave & Ohio Ave.snj",.snj,C:\Users\Kschellinger\SJTPO_Git\TAZ_Modular\input\02_May ATRs\61_R,"C:\Users\Kschellinger\SJTPO_Git\TAZ_Modular\input\02_May ATRs\61_R\ATR 61. US 9 (New Rd), btwn W California Ave & Ohio Ave.snj",1689870
"ATR 61. US 9 (New Rd), btwn W California Ave & Ohio Ave_15 Min Length.pdf",.pdf,C:\Users\Kschellinger\SJTPO_Git\TAZ_Modular\input\02_May ATRs\61_R,"C:\Users\Kschellinger\SJTPO_Git\TAZ_Modular\input\02_May ATRs\61_R\ATR 61. US 9 (New Rd), btwn W California Ave & Ohio Ave_15 Min Length.pdf",3477881
"ATR 61. US 9 (New Rd), btwn W California Ave & Ohio Ave_15 Min Length.xlsx",.xlsx,C:\Users\Kschellinger\SJTPO_Git\TAZ_Modular\input\02_May ATRs\61_R,"C:\Users\Kschellinger\SJTPO_Git\TAZ_Modular\input\02_May ATRs\61_R\ATR 61. US 9 (New Rd), btwn W California Ave & Ohio Ave_15 Min Length.xlsx",72030
"ATR 61. US 9 (New Rd), btwn W California Ave & Ohio Ave_15 Min Speed.pdf",.pdf,C:\Users\Kschellinger\SJTPO_Git\TAZ_Modular\input\02_May ATRs\61_R,"C:\Users\Kschellinger\SJTPO_Git\TAZ_Modular\input\02_May ATRs\61_R\ATR 61. US 9 (New Rd), btwn W California Ave & Ohio Ave_15 Min Speed.pdf",3703267
"ATR 61. US 9 (New Rd), btwn W California Ave & Ohio Ave_15 Min Speed.xlsx",.xlsx,C:\Users\Kschellinger\SJTPO_Git\TAZ_Modular\input\02_May ATRs\61_R,"C:\Users\Kschellinger\SJTPO_Git\TAZ_Modular\input\02_May ATRs\61_R\ATR 61. US 9 (New Rd), btwn W California Ave & Ohio Ave_15 Min Speed.xlsx",78412
"ATR 61. US 9 (New Rd), btwn W California Ave & Ohio Ave_15 Min Summary Length.pdf",.pdf,C:\Users\Kschellinger\SJTPO_Git\TAZ_Modular\input\02_May ATRs\61_R,"C:\Users\Kschellinger\SJTPO_Git\TAZ_Modular\input\02_May ATRs\61_R\ATR 61. US 9 (New Rd), btwn W California Ave & Ohio Ave_15 Min Summary Length.pdf",2821831
"ATR 61. US 9 (New Rd), btwn W California Ave & Ohio Ave_15 Min Summary Length.xlsx",.xlsx,C:\Users\Kschellinger\SJTPO_Git\TAZ_Modular\input\02_May ATRs\61_R,"C:\Users\Kschellinger\SJTPO_Git\TAZ_Modular\input\02_May ATRs\61_R\ATR 61. US 9 (New Rd), btwn W California Ave & Ohio Ave_15 Min Summary Length.xlsx",54442
"ATR 61. US 9 (New Rd), btwn W California Ave & Ohio Ave_15 Min Volume.pdf",.pdf,C:\Users\Kschellinger\SJTPO_Git\TAZ_Modular\input\02_May ATRs\61_R,"C:\Users\Kschellinger\SJTPO_Git\TAZ_Modular\input\02_May ATRs\61_R\ATR 61. US 9 (New Rd), btwn W California Ave & Ohio Ave_15 Min Volume.pdf",671201
"ATR 61. US 9 (New Rd), btwn W California Ave & Ohio Ave_15 Min Volume.xlsx",.xlsx,C:\Users\Kschellinger\SJTPO_Git\TAZ_Modular\input\02_May ATRs\61_R,"C:\Users\Kschellinger\SJTPO_Git\TAZ_Modular\input\02_May ATRs\61_R\ATR 61. US 9 (New Rd), btwn W California Ave & Ohio Ave_15 Min Volume.xlsx",28478
"ATR 61. US 9 (New Rd), btwn W California Ave & Ohio Ave_60 Min Length.pdf",.pdf,C:\Users\Kschellinger\SJTPO_Git\TAZ_Modular\input\02_May ATRs\61_R,"C:\Users\Kschellinger\SJTPO_Git\TAZ_Modular\input\02_May ATRs\61_R\ATR 61. US 9 (New Rd), btwn W California Ave & Ohio Ave_60 Min Length.pdf",1157661
"ATR 61. US 9 (New Rd), btwn W California Ave & Ohio Ave_60 Min Length.xlsx",.xlsx,C:\Users\Kschellinger\SJTPO_Git\TAZ_Modular\input\02_May ATRs\61_R,"C:\Users\Kschellinger\SJTPO_Git\TAZ_Modular\input\02_May ATRs\61_R\ATR 61. US 9 (New Rd), btwn W California Ave & Ohio Ave_60 Min Length.xlsx",31758
"ATR 61. US 9 (New Rd), btwn W California Ave & Ohio Ave_60 Min Speed.pdf",.pdf,C:\Users\Kschellinger\SJTPO_Git\TAZ_Modular\input\02_May ATRs\61_R,"C:\Users\Kschellinger\SJTPO_Git\TAZ_Modular\input\02_May ATRs\61_R\ATR 61. US 9 (New Rd), btwn W California Ave & Ohio Ave_60 Min Speed.pdf",1227505
"ATR 61. US 9 (New Rd), btwn W California Ave & Ohio Ave_60 Min Speed.xlsx",.xlsx,C:\Users\Kschellinger\SJTPO_Git\TAZ_Modular\input\02_May ATRs\61_R,"C:\Users\Kschellinger\SJTPO_Git\TAZ_Modular\input\02_May ATRs\61_R\ATR 61. US 9 (New Rd), btwn W California Ave & Ohio Ave_60 Min Speed.xlsx",33381
"ATR 61. US 9 (New Rd), btwn W California Ave & Ohio Ave_60 Min Summary Length.pdf",.pdf,C:\Users\Kschellinger\SJTPO_Git\TAZ_Modular\input\02_May ATRs\61_R,"C:\Users\Kschellinger\SJTPO_Git\TAZ_Modular\input\02_May ATRs\61_R\ATR 61. US 9 (New Rd), btwn W California Ave & Ohio Ave_60 Min Summary Length.pdf",943452
"ATR 61. US 9 (New Rd), btwn W California Ave & Ohio Ave_60 Min Summary Length.xlsx",.xlsx,C:\Users\Kschellinger\SJTPO_Git\TAZ_Modular\input\02_May ATRs\61_R,"C:\Users\Kschellinger\SJTPO_Git\TAZ_Modular\input\02_May ATRs\61_R\ATR 61. US 9 (New Rd), btwn W California Ave & Ohio Ave_60 Min Summary Length.xlsx",26336
"ATR 61. US 9 (New Rd), btwn W California Ave & Ohio Ave_60 Min Volume.pdf",.pdf,C:\Users\Kschellinger\SJTPO_Git\TAZ_Modular\input\02_May ATRs\61_R,"C:\Users\Kschellinger\SJTPO_Git\TAZ_Modular\input\02_May ATRs\61_R\ATR 61. US 9 (New Rd), btwn W California Ave & Ohio Ave_60 Min Volume.pdf",426856
"ATR 61. US 9 (New Rd), btwn W California Ave & Ohio Ave_60 Min Volume.xlsx",.xlsx,C:\Users\Kschellinger\SJTPO_Git\TAZ_Modular\input\02_May ATRs\61_R,"C:\Users\Kschellinger\SJTPO_Git\TAZ_Modular\input\02_May ATRs\61_R\ATR 61. US 9 (New Rd), btwn W California Ave & Ohio Ave_60 Min Volume.xlsx",18816
ATR. SJTDM Data Collection_RADAR LAYOUT - 61. US 9 (New Rd).pdf,.pdf,C:\Users\Kschellinger\SJTPO_Git\TAZ_Modular\input\02_May ATRs\61_R,C:\Users\Kschellinger\SJTPO_Git\TAZ_Modular\input\02_May ATRs\61_R\ATR. SJTDM Data Collection_RADAR LAYOUT - 61. US 9 (New Rd).pdf,261759
2018090014_20260501_125203_0.DAT,.DAT,C:\Users\Kschellinger\SJTPO_Git\TAZ_Modular\input\02_May ATRs\62_R,C:\Users\Kschellinger\SJTPO_Git\TAZ_Modular\input\02_May ATRs\62_R\2018090014_20260501_125203_0.DAT,271185
2018090014_20260505_133516_0.DAT,.DAT,C:\Users\Kschellinger\SJTPO_Git\TAZ_Modular\input\02_May ATRs\62_R,C:\Users\Kschellinger\SJTPO_Git\TAZ_Modular\input\02_May ATRs\62_R\2018090014_20260505_133516_0.DAT,264473
62 bc part 1.tf2,.tf2,C:\Users\Kschellinger\SJTPO_Git\TAZ_Modular\input\02_May ATRs\62_R,C:\Users\Kschellinger\SJTPO_Git\TAZ_Modular\input\02_May ATRs\62_R\62 bc part 1.tf2,1687467
62 bc part 2.tf2,.tf2,C:\Users\Kschellinger\SJTPO_Git\TAZ_Modular\input\02_May ATRs\62_R,C:\Users\Kschellinger\SJTPO_Git\TAZ_Modular\input\02_May ATRs\62_R\62 bc part 2.tf2,1648339
"ATR 62. NJ 50 (Philadelphia Ave), btwn Atlantic Ave & Fairmont St - Class Data Analysis.pdf",.pdf,C:\Users\Kschellinger\SJTPO_Git\TAZ_Modular\input\02_May ATRs\62_R,"C:\Users\Kschellinger\SJTPO_Git\TAZ_Modular\input\02_May ATRs\62_R\ATR 62. NJ 50 (Philadelphia Ave), btwn Atlantic Ave & Fairmont St - Class Data Analysis.pdf",1580632
"ATR 62. NJ 50 (Philadelphia Ave), btwn Atlantic Ave & Fairmont St.snj",.snj,C:\Users\Kschellinger\SJTPO_Git\TAZ_Modular\input\02_May ATRs\62_R,"C:\Users\Kschellinger\SJTPO_Git\TAZ_Modular\input\02_May ATRs\62_R\ATR 62. NJ 50 (Philadelphia Ave), btwn Atlantic Ave & Fairmont St.snj",1601289
"ATR 62. NJ 50 (Philadelphia Ave), btwn Atlantic Ave & Fairmont St_15 Min Length.pdf",.pdf,C:\Users\Kschellinger\SJTPO_Git\TAZ_Modular\input\02_May ATRs\62_R,"C:\Users\Kschellinger\SJTPO_Git\TAZ_Modular\input\02_May ATRs\62_R\ATR 62. NJ 50 (Philadelphia Ave), btwn Atlantic Ave & Fairmont St_15 Min Length.pdf",3490278
"ATR 62. NJ 50 (Philadelphia Ave), btwn Atlantic Ave & Fairmont St_15 Min Length.xlsx",.xlsx,C:\Users\Kschellinger\SJTPO_Git\TAZ_Modular\input\02_May ATRs\62_R,"C:\Users\Kschellinger\SJTPO_Git\TAZ_Modular\input\02_May ATRs\62_R\ATR 62. NJ 50 (Philadelphia Ave), btwn Atlantic Ave & Fairmont St_15 Min Length.xlsx",73476
"ATR 62. NJ 50 (Philadelphia Ave), btwn Atlantic Ave & Fairmont St_15 Min Speed.pdf",.pdf,C:\Users\Kschellinger\SJTPO_Git\TAZ_Modular\input\02_May ATRs\62_R,"C:\Users\Kschellinger\SJTPO_Git\TAZ_Modular\input\02_May ATRs\62_R\ATR 62. NJ 50 (Philadelphia Ave), btwn Atlantic Ave & Fairmont St_15 Min Speed.pdf",3713769
"ATR 62. NJ 50 (Philadelphia Ave), btwn Atlantic Ave & Fairmont St_15 Min Speed.xlsx",.xlsx,C:\Users\Kschellinger\SJTPO_Git\TAZ_Modular\input\02_May ATRs\62_R,"C:\Users\Kschellinger\SJTPO_Git\TAZ_Modular\input\02_May ATRs\62_R\ATR 62. NJ 50 (Philadelphia Ave), btwn Atlantic Ave & Fairmont St_15 Min Speed.xlsx",78158
"ATR 62. NJ 50 (Philadelphia Ave), btwn Atlantic Ave & Fairmont St_15 Min Summary Length.pdf",.pdf,C:\Users\Kschellinger\SJTPO_Git\TAZ_Modular\input\02_May ATRs\62_R,"C:\Users\Kschellinger\SJTPO_Git\TAZ_Modular\input\02_May ATRs\62_R\ATR 62. NJ 50 (Philadelphia Ave), btwn Atlantic Ave & Fairmont St_15 Min Summary Length.pdf",2833327
"ATR 62. NJ 50 (Philadelphia Ave), btwn Atlantic Ave & Fairmont St_15 Min Summary Length.xlsx",.xlsx,C:\Users\Kschellinger\SJTPO_Git\TAZ_Modular\input\02_May ATRs\62_R,"C:\Users\Kschellinger\SJTPO_Git\TAZ_Modular\input\02_May ATRs\62_R\ATR 62. NJ 50 (Philadelphia Ave), btwn Atlantic Ave & Fairmont St_15 Min Summary Length.xlsx",55644
"ATR 62. NJ 50 (Philadelphia Ave), btwn Atlantic Ave & Fairmont St_15 Min Volume.pdf",.pdf,C:\Users\Kschellinger\SJTPO_Git\TAZ_Modular\input\02_May ATRs\62_R,"C:\Users\Kschellinger\SJTPO_Git\TAZ_Modular\input\02_May ATRs\62_R\ATR 62. NJ 50 (Philadelphia Ave), btwn Atlantic Ave & Fairmont St_15 Min Volume.pdf",671876
"ATR 62. NJ 50 (Philadelphia Ave), btwn Atlantic Ave & Fairmont St_15 Min Volume.xlsx",.xlsx,C:\Users\Kschellinger\SJTPO_Git\TAZ_Modular\input\02_May ATRs\62_R,"C:\Users\Kschellinger\SJTPO_Git\TAZ_Modular\input\02_May ATRs\62_R\ATR 62. NJ 50 (Philadelphia Ave), btwn Atlantic Ave & Fairmont St_15 Min Volume.xlsx",28390
"ATR 62. NJ 50 (Philadelphia Ave), btwn Atlantic Ave & Fairmont St_60 Min Length.pdf",.pdf,C:\Users\Kschellinger\SJTPO_Git\TAZ_Modular\input\02_May ATRs\62_R,"C:\Users\Kschellinger\SJTPO_Git\TAZ_Modular\input\02_May ATRs\62_R\ATR 62. NJ 50 (Philadelphia Ave), btwn Atlantic Ave & Fairmont St_60 Min Length.pdf",1162934
"ATR 62. NJ 50 (Philadelphia Ave), btwn Atlantic Ave & Fairmont St_60 Min Length.xlsx",.xlsx,C:\Users\Kschellinger\SJTPO_Git\TAZ_Modular\input\02_May ATRs\62_R,"C:\Users\Kschellinger\SJTPO_Git\TAZ_Modular\input\02_May ATRs\62_R\ATR 62. NJ 50 (Philadelphia Ave), btwn Atlantic Ave & Fairmont St_60 Min Length.xlsx",32339
"ATR 62. NJ 50 (Philadelphia Ave), btwn Atlantic Ave & Fairmont St_60 Min Speed.pdf",.pdf,C:\Users\Kschellinger\SJTPO_Git\TAZ_Modular\input\02_May ATRs\62_R,"C:\Users\Kschellinger\SJTPO_Git\TAZ_Modular\input\02_May ATRs\62_R\ATR 62. NJ 50 (Philadelphia Ave), btwn Atlantic Ave & Fairmont St_60 Min Speed.pdf",1230885
"ATR 62. NJ 50 (Philadelphia Ave), btwn Atlantic Ave & Fairmont St_60 Min Speed.xlsx",.xlsx,C:\Users\Kschellinger\SJTPO_Git\TAZ_Modular\input\02_May ATRs\62_R,"C:\Users\Kschellinger\SJTPO_Git\TAZ_Modular\input\02_May ATRs\62_R\ATR 62. NJ 50 (Philadelphia Ave), btwn Atlantic Ave & Fairmont St_60 Min Speed.xlsx",33980
"ATR 62. NJ 50 (Philadelphia Ave), btwn Atlantic Ave & Fairmont St_60 Min Summary Length.pdf",.pdf,C:\Users\Kschellinger\SJTPO_Git\TAZ_Modular\input\02_May ATRs\62_R,"C:\Users\Kschellinger\SJTPO_Git\TAZ_Modular\input\02_May ATRs\62_R\ATR 62. NJ 50 (Philadelphia Ave), btwn Atlantic Ave & Fairmont St_60 Min Summary Length.pdf",948573
"ATR 62. NJ 50 (Philadelphia Ave), btwn Atlantic Ave & Fairmont St_60 Min Summary Length.xlsx",.xlsx,C:\Users\Kschellinger\SJTPO_Git\TAZ_Modular\input\02_May ATRs\62_R,"C:\Users\Kschellinger\SJTPO_Git\TAZ_Modular\input\02_May ATRs\62_R\ATR 62. NJ 50 (Philadelphia Ave), btwn Atlantic Ave & Fairmont St_60 Min Summary Length.xlsx",26652
"ATR 62. NJ 50 (Philadelphia Ave), btwn Atlantic Ave & Fairmont St_60 Min Volume.pdf",.pdf,C:\Users\Kschellinger\SJTPO_Git\TAZ_Modular\input\02_May ATRs\62_R,"C:\Users\Kschellinger\SJTPO_Git\TAZ_Modular\input\02_May ATRs\62_R\ATR 62. NJ 50 (Philadelphia Ave), btwn Atlantic Ave & Fairmont St_60 Min Volume.pdf",431434
"ATR 62. NJ 50 (Philadelphia Ave), btwn Atlantic Ave & Fairmont St_60 Min Volume.xlsx",.xlsx,C:\Users\Kschellinger\SJTPO_Git\TAZ_Modular\input\02_May ATRs\62_R,"C:\Users\Kschellinger\SJTPO_Git\TAZ_Modular\input\02_May ATRs\62_R\ATR 62. NJ 50 (Philadelphia Ave), btwn Atlantic Ave & Fairmont St_60 Min Volume.xlsx",18385
ATR. SJTDM Data Collection_RADAR LAYOUT - 62. (NJ 50).pdf,.pdf,C:\Users\Kschellinger\SJTPO_Git\TAZ_Modular\input\02_May ATRs\62_R,C:\Users\Kschellinger\SJTPO_Git\TAZ_Modular\input\02_May ATRs\62_R\ATR. SJTDM Data Collection_RADAR LAYOUT - 62. (NJ 50).pdf,262070
2020030078_20260501_100747_0.DAT,.DAT,C:\Users\Kschellinger\SJTPO_Git\TAZ_Modular\input\02_May ATRs\63_R,C:\Users\Kschellinger\SJTPO_Git\TAZ_Modular\input\02_May ATRs\63_R\2020030078_20260501_100747_0.DAT,481945
2020030078_20260505_114640_0.DAT,.DAT,C:\Users\Kschellinger\SJTPO_Git\TAZ_Modular\input\02_May ATRs\63_R,C:\Users\Kschellinger\SJTPO_Git\TAZ_Modular\input\02_May ATRs\63_R\2020030078_20260505_114640_0.DAT,466825
63 bc part 1.tf2,.tf2,C:\Users\Kschellinger\SJTPO_Git\TAZ_Modular\input\02_May ATRs\63_R,C:\Users\Kschellinger\SJTPO_Git\TAZ_Modular\input\02_May ATRs\63_R\63 bc part 1.tf2,3030526
63 bc part 2.tf2,.tf2,C:\Users\Kschellinger\SJTPO_Git\TAZ_Modular\input\02_May ATRs\63_R,C:\Users\Kschellinger\SJTPO_Git\TAZ_Modular\input\02_May ATRs\63_R\63 bc part 2.tf2,2936573
"ATR 63. US 9 (New Rd), btwn W Adams Ave & Black Horse Pike - Class Data Analysis.pdf",.pdf,C:\Users\Kschellinger\SJTPO_Git\TAZ_Modular\input\02_May ATRs\63_R,"C:\Users\Kschellinger\SJTPO_Git\TAZ_Modular\input\02_May ATRs\63_R\ATR 63. US 9 (New Rd), btwn W Adams Ave & Black Horse Pike - Class Data Analysis.pdf",1611213
"ATR 63. US 9 (New Rd), btwn W Adams Ave & Black Horse Pike.snj",.snj,C:\Users\Kschellinger\SJTPO_Git\TAZ_Modular\input\02_May ATRs\63_R,"C:\Users\Kschellinger\SJTPO_Git\TAZ_Modular\input\02_May ATRs\63_R\ATR 63. US 9 (New Rd), btwn W Adams Ave & Black Horse Pike.snj",2358422
"ATR 63. US 9 (New Rd), btwn W Adams Ave & Black Horse Pike_15 Min Length.pdf",.pdf,C:\Users\Kschellinger\SJTPO_Git\TAZ_Modular\input\02_May ATRs\63_R,"C:\Users\Kschellinger\SJTPO_Git\TAZ_Modular\input\02_May ATRs\63_R\ATR 63. US 9 (New Rd), btwn W Adams Ave & Black Horse Pike_15 Min Length.pdf",3496385
"ATR 63. US 9 (New Rd), btwn W Adams Ave & Black Horse Pike_15 Min Length.xlsx",.xlsx,C:\Users\Kschellinger\SJTPO_Git\TAZ_Modular\input\02_May ATRs\63_R,"C:\Users\Kschellinger\SJTPO_Git\TAZ_Modular\input\02_May ATRs\63_R\ATR 63. US 9 (New Rd), btwn W Adams Ave & Black Horse Pike_15 Min Length.xlsx",75690
"ATR 63. US 9 (New Rd), btwn W Adams Ave & Black Horse Pike_15 Min Speed.pdf",.pdf,C:\Users\Kschellinger\SJTPO_Git\TAZ_Modular\input\02_May ATRs\63_R,"C:\Users\Kschellinger\SJTPO_Git\TAZ_Modular\input\02_May ATRs\63_R\ATR 63. US 9 (New Rd), btwn W Adams Ave & Black Horse Pike_15 Min Speed.pdf",3719139
"ATR 63. US 9 (New Rd), btwn W Adams Ave & Black Horse Pike_15 Min Speed.xlsx",.xlsx,C:\Users\Kschellinger\SJTPO_Git\TAZ_Modular\input\02_May ATRs\63_R,"C:\Users\Kschellinger\SJTPO_Git\TAZ_Modular\input\02_May ATRs\63_R\ATR 63. US 9 (New Rd), btwn W Adams Ave & Black Horse Pike_15 Min Speed.xlsx",81195
"ATR 63. US 9 (New Rd), btwn W Adams Ave & Black Horse Pike_15 Min Summary Length.pdf",.pdf,C:\Users\Kschellinger\SJTPO_Git\TAZ_Modular\input\02_May ATRs\63_R,"C:\Users\Kschellinger\SJTPO_Git\TAZ_Modular\input\02_May ATRs\63_R\ATR 63. US 9 (New Rd), btwn W Adams Ave & Black Horse Pike_15 Min Summary Length.pdf",2840289
"ATR 63. US 9 (New Rd), btwn W Adams Ave & Black Horse Pike_15 Min Summary Length.xlsx",.xlsx,C:\Users\Kschellinger\SJTPO_Git\TAZ_Modular\input\02_May ATRs\63_R,"C:\Users\Kschellinger\SJTPO_Git\TAZ_Modular\input\02_May ATRs\63_R\ATR 63. US 9 (New Rd), btwn W Adams Ave & Black Horse Pike_15 Min Summary Length.xlsx",57289
"ATR 63. US 9 (New Rd), btwn W Adams Ave & Black Horse Pike_15 Min Volume.pdf",.pdf,C:\Users\Kschellinger\SJTPO_Git\TAZ_Modular\input\02_May ATRs\63_R,"C:\Users\Kschellinger\SJTPO_Git\TAZ_Modular\input\02_May ATRs\63_R\ATR 63. US 9 (New Rd), btwn W Adams Ave & Black Horse Pike_15 Min Volume.pdf",675691
"ATR 63. US 9 (New Rd), btwn W Adams Ave & Black Horse Pike_15 Min Volume.xlsx",.xlsx,C:\Users\Kschellinger\SJTPO_Git\TAZ_Modular\input\02_May ATRs\63_R,"C:\Users\Kschellinger\SJTPO_Git\TAZ_Modular\input\02_May ATRs\63_R\ATR 63. US 9 (New Rd), btwn W Adams Ave & Black Horse Pike_15 Min Volume.xlsx",28643
"ATR 63. US 9 (New Rd), btwn W Adams Ave & Black Horse Pike_60 Min Length.pdf",.pdf,C:\Users\Kschellinger\SJTPO_Git\TAZ_Modular\input\02_May ATRs\63_R,"C:\Users\Kschellinger\SJTPO_Git\TAZ_Modular\input\02_May ATRs\63_R\ATR 63. US 9 (New Rd), btwn W Adams Ave & Black Horse Pike_60 Min Length.pdf",1164429
"ATR 63. US 9 (New Rd), btwn W Adams Ave & Black Horse Pike_60 Min Length.xlsx",.xlsx,C:\Users\Kschellinger\SJTPO_Git\TAZ_Modular\input\02_May ATRs\63_R,"C:\Users\Kschellinger\SJTPO_Git\TAZ_Modular\input\02_May ATRs\63_R\ATR 63. US 9 (New Rd), btwn W Adams Ave & Black Horse Pike_60 Min Length.xlsx",33109
"ATR 63. US 9 (New Rd), btwn W Adams Ave & Black Horse Pike_60 Min Speed.pdf",.pdf,C:\Users\Kschellinger\SJTPO_Git\TAZ_Modular\input\02_May ATRs\63_R,"C:\Users\Kschellinger\SJTPO_Git\TAZ_Modular\input\02_May ATRs\63_R\ATR 63. US 9 (New Rd), btwn W Adams Ave & Black Horse Pike_60 Min Speed.pdf",1233516
"ATR 63. US 9 (New Rd), btwn W Adams Ave & Black Horse Pike_60 Min Speed.xlsx",.xlsx,C:\Users\Kschellinger\SJTPO_Git\TAZ_Modular\input\02_May ATRs\63_R,"C:\Users\Kschellinger\SJTPO_Git\TAZ_Modular\input\02_May ATRs\63_R\ATR 63. US 9 (New Rd), btwn W Adams Ave & Black Horse Pike_60 Min Speed.xlsx",34585
"ATR 63. US 9 (New Rd), btwn W Adams Ave & Black Horse Pike_60 Min Summary Length.pdf",.pdf,C:\Users\Kschellinger\SJTPO_Git\TAZ_Modular\input\02_May ATRs\63_R,"C:\Users\Kschellinger\SJTPO_Git\TAZ_Modular\input\02_May ATRs\63_R\ATR 63. US 9 (New Rd), btwn W Adams Ave & Black Horse Pike_60 Min Summary Length.pdf",949121
"ATR 63. US 9 (New Rd), btwn W Adams Ave & Black Horse Pike_60 Min Summary Length.xlsx",.xlsx,C:\Users\Kschellinger\SJTPO_Git\TAZ_Modular\input\02_May ATRs\63_R,"C:\Users\Kschellinger\SJTPO_Git\TAZ_Modular\input\02_May ATRs\63_R\ATR 63. US 9 (New Rd), btwn W Adams Ave & Black Horse Pike_60 Min Summary Length.xlsx",27001
"ATR 63. US 9 (New Rd), btwn W Adams Ave & Black Horse Pike_60 Min Volume.pdf",.pdf,C:\Users\Kschellinger\SJTPO_Git\TAZ_Modular\input\02_May ATRs\63_R,"C:\Users\Kschellinger\SJTPO_Git\TAZ_Modular\input\02_May ATRs\63_R\ATR 63. US 9 (New Rd), btwn W Adams Ave & Black Horse Pike_60 Min Volume.pdf",427176
"ATR 63. US 9 (New Rd), btwn W Adams Ave & Black Horse Pike_60 Min Volume.xlsx",.xlsx,C:\Users\Kschellinger\SJTPO_Git\TAZ_Modular\input\02_May ATRs\63_R,"C:\Users\Kschellinger\SJTPO_Git\TAZ_Modular\input\02_May ATRs\63_R\ATR 63. US 9 (New Rd), btwn W Adams Ave & Black Horse Pike_60 Min Volume.xlsx",18447
ATR. SJTDM Data Collection_RADAR LAYOUT - 63. US 9 (New Rd).pdf,.pdf,C:\Users\Kschellinger\SJTPO_Git\TAZ_Modular\input\02_May ATRs\63_R,C:\Users\Kschellinger\SJTPO_Git\TAZ_Modular\input\02_May ATRs\63_R\ATR. SJTDM Data Collection_RADAR LAYOUT - 63. US 9 (New Rd).pdf,262460
2020010035_20260501_122015_0.DAT,.DAT,C:\Users\Kschellinger\SJTPO_Git\TAZ_Modular\input\02_May ATRs\64_R,C:\Users\Kschellinger\SJTPO_Git\TAZ_Modular\input\02_May ATRs\64_R\2020010035_20260501_122015_0.DAT,267165
2020010035_20260505_132635_0.DAT,.DAT,C:\Users\Kschellinger\SJTPO_Git\TAZ_Modular\input\02_May ATRs\64_R,C:\Users\Kschellinger\SJTPO_Git\TAZ_Modular\input\02_May ATRs\64_R\2020010035_20260505_132635_0.DAT,265865
64 bc part 1.tf2,.tf2,C:\Users\Kschellinger\SJTPO_Git\TAZ_Modular\input\02_May ATRs\64_R,C:\Users\Kschellinger\SJTPO_Git\TAZ_Modular\input\02_May ATRs\64_R\64 bc part 1.tf2,1661686
64 bc part 2.tf2,.tf2,C:\Users\Kschellinger\SJTPO_Git\TAZ_Modular\input\02_May ATRs\64_R,C:\Users\Kschellinger\SJTPO_Git\TAZ_Modular\input\02_May ATRs\64_R\64 bc part 2.tf2,1656677
"ATR 64. NJ 50, btwn AC Expressway & Route 322 - Class Data Analysis.pdf",.pdf,C:\Users\Kschellinger\SJTPO_Git\TAZ_Modular\input\02_May ATRs\64_R,"C:\Users\Kschellinger\SJTPO_Git\TAZ_Modular\input\02_May ATRs\64_R\ATR 64. NJ 50, btwn AC Expressway & Route 322 - Class Data Analysis.pdf",1474918
"ATR 64. NJ 50, btwn AC Expressway & Route 322.snj",.snj,C:\Users\Kschellinger\SJTPO_Git\TAZ_Modular\input\02_May ATRs\64_R,"C:\Users\Kschellinger\SJTPO_Git\TAZ_Modular\input\02_May ATRs\64_R\ATR 64. NJ 50, btwn AC Expressway & Route 322.snj",1348743
"ATR 64. NJ 50, btwn AC Expressway & Route 322_15 Min Length.pdf",.pdf,C:\Users\Kschellinger\SJTPO_Git\TAZ_Modular\input\02_May ATRs\64_R,"C:\Users\Kschellinger\SJTPO_Git\TAZ_Modular\input\02_May ATRs\64_R\ATR 64. NJ 50, btwn AC Expressway & Route 322_15 Min Length.pdf",3473814
"ATR 64. NJ 50, btwn AC Expressway & Route 322_15 Min Length.xlsx",.xlsx,C:\Users\Kschellinger\SJTPO_Git\TAZ_Modular\input\02_May ATRs\64_R,"C:\Users\Kschellinger\SJTPO_Git\TAZ_Modular\input\02_May ATRs\64_R\ATR 64. NJ 50, btwn AC Expressway & Route 322_15 Min Length.xlsx",72742
"ATR 64. NJ 50, btwn AC Expressway & Route 322_15 Min Speed.pdf",.pdf,C:\Users\Kschellinger\SJTPO_Git\TAZ_Modular\input\02_May ATRs\64_R,"C:\Users\Kschellinger\SJTPO_Git\TAZ_Modular\input\02_May ATRs\64_R\ATR 64. NJ 50, btwn AC Expressway & Route 322_15 Min Speed.pdf",3691797
"ATR 64. NJ 50, btwn AC Expressway & Route 322_15 Min Speed.xlsx",.xlsx,C:\Users\Kschellinger\SJTPO_Git\TAZ_Modular\input\02_May ATRs\64_R,"C:\Users\Kschellinger\SJTPO_Git\TAZ_Modular\input\02_May ATRs\64_R\ATR 64. NJ 50, btwn AC Expressway & Route 322_15 Min Speed.xlsx",77555
"ATR 64. NJ 50, btwn AC Expressway & Route 322_15 Min Summary Length.pdf",.pdf,C:\Users\Kschellinger\SJTPO_Git\TAZ_Modular\input\02_May ATRs\64_R,"C:\Users\Kschellinger\SJTPO_Git\TAZ_Modular\input\02_May ATRs\64_R\ATR 64. NJ 50, btwn AC Expressway & Route 322_15 Min Summary Length.pdf",2820548
"ATR 64. NJ 50, btwn AC Expressway & Route 322_15 Min Summary Length.xlsx",.xlsx,C:\Users\Kschellinger\SJTPO_Git\TAZ_Modular\input\02_May ATRs\64_R,"C:\Users\Kschellinger\SJTPO_Git\TAZ_Modular\input\02_May ATRs\64_R\ATR 64. NJ 50, btwn AC Expressway & Route 322_15 Min Summary Length.xlsx",55488
"ATR 64. NJ 50, btwn AC Expressway & Route 322_15 Min Volume.pdf",.pdf,C:\Users\Kschellinger\SJTPO_Git\TAZ_Modular\input\02_May ATRs\64_R,"C:\Users\Kschellinger\SJTPO_Git\TAZ_Modular\input\02_May ATRs\64_R\ATR 64. NJ 50, btwn AC Expressway & Route 322_15 Min Volume.pdf",669768
"ATR 64. NJ 50, btwn AC Expressway & Route 322_15 Min Volume.xlsx",.xlsx,C:\Users\Kschellinger\SJTPO_Git\TAZ_Modular\input\02_May ATRs\64_R,"C:\Users\Kschellinger\SJTPO_Git\TAZ_Modular\input\02_May ATRs\64_R\ATR 64. NJ 50, btwn AC Expressway & Route 322_15 Min Volume.xlsx",28394
"ATR 64. NJ 50, btwn AC Expressway & Route 322_60 Min Length.pdf",.pdf,C:\Users\Kschellinger\SJTPO_Git\TAZ_Modular\input\02_May ATRs\64_R,"C:\Users\Kschellinger\SJTPO_Git\TAZ_Modular\input\02_May ATRs\64_R\ATR 64. NJ 50, btwn AC Expressway & Route 322_60 Min Length.pdf",1157910
"ATR 64. NJ 50, btwn AC Expressway & Route 322_60 Min Length.xlsx",.xlsx,C:\Users\Kschellinger\SJTPO_Git\TAZ_Modular\input\02_May ATRs\64_R,"C:\Users\Kschellinger\SJTPO_Git\TAZ_Modular\input\02_May ATRs\64_R\ATR 64. NJ 50, btwn AC Expressway & Route 322_60 Min Length.xlsx",32237
"ATR 64. NJ 50, btwn AC Expressway & Route 322_60 Min Speed.pdf",.pdf,C:\Users\Kschellinger\SJTPO_Git\TAZ_Modular\input\02_May ATRs\64_R,"C:\Users\Kschellinger\SJTPO_Git\TAZ_Modular\input\02_May ATRs\64_R\ATR 64. NJ 50, btwn AC Expressway & Route 322_60 Min Speed.pdf",1225507
"ATR 64. NJ 50, btwn AC Expressway & Route 322_60 Min Speed.xlsx",.xlsx,C:\Users\Kschellinger\SJTPO_Git\TAZ_Modular\input\02_May ATRs\64_R,"C:\Users\Kschellinger\SJTPO_Git\TAZ_Modular\input\02_May ATRs\64_R\ATR 64. NJ 50, btwn AC Expressway & Route 322_60 Min Speed.xlsx",33185
"ATR 64. NJ 50, btwn AC Expressway & Route 322_60 Min Summary Length.pdf",.pdf,C:\Users\Kschellinger\SJTPO_Git\TAZ_Modular\input\02_May ATRs\64_R,"C:\Users\Kschellinger\SJTPO_Git\TAZ_Modular\input\02_May ATRs\64_R\ATR 64. NJ 50, btwn AC Expressway & Route 322_60 Min Summary Length.pdf",943780
"ATR 64. NJ 50, btwn AC Expressway & Route 322_60 Min Summary Length.xlsx",.xlsx,C:\Users\Kschellinger\SJTPO_Git\TAZ_Modular\input\02_May ATRs\64_R,"C:\Users\Kschellinger\SJTPO_Git\TAZ_Modular\input\02_May ATRs\64_R\ATR 64. NJ 50, btwn AC Expressway & Route 322_60 Min Summary Length.xlsx",26553
"ATR 64. NJ 50, btwn AC Expressway & Route 322_60 Min Volume.pdf",.pdf,C:\Users\Kschellinger\SJTPO_Git\TAZ_Modular\input\02_May ATRs\64_R,"C:\Users\Kschellinger\SJTPO_Git\TAZ_Modular\input\02_May ATRs\64_R\ATR 64. NJ 50, btwn AC Expressway & Route 322_60 Min Volume.pdf",424048
"ATR 64. NJ 50, btwn AC Expressway & Route 322_60 Min Volume.xlsx",.xlsx,C:\Users\Kschellinger\SJTPO_Git\TAZ_Modular\input\02_May ATRs\64_R,"C:\Users\Kschellinger\SJTPO_Git\TAZ_Modular\input\02_May ATRs\64_R\ATR 64. NJ 50, btwn AC Expressway & Route 322_60 Min Volume.xlsx",18792
ATR. SJTDM Data Collection_RADAR LAYOUT - 64. NJ 50.pdf,.pdf,C:\Users\Kschellinger\SJTPO_Git\TAZ_Modular\input\02_May ATRs\64_R,C:\Users\Kschellinger\SJTPO_Git\TAZ_Modular\input\02_May ATRs\64_R\ATR. SJTDM Data Collection_RADAR LAYOUT - 64. NJ 50.pdf,265436
2020030076_20260501_115434_0.DAT,.DAT,C:\Users\Kschellinger\SJTPO_Git\TAZ_Modular\input\02_May ATRs\65_R,C:\Users\Kschellinger\SJTPO_Git\TAZ_Modular\input\02_May ATRs\65_R\2020030076_20260501_115434_0.DAT,757369
2020030076_20260505_131436_0.DAT,.DAT,C:\Users\Kschellinger\SJTPO_Git\TAZ_Modular\input\02_May ATRs\65_R,C:\Users\Kschellinger\SJTPO_Git\TAZ_Modular\input\02_May ATRs\65_R\2020030076_20260505_131436_0.DAT,747441
65 bc part 1.tf2,.tf2,C:\Users\Kschellinger\SJTPO_Git\TAZ_Modular\input\02_May ATRs\65_R,C:\Users\Kschellinger\SJTPO_Git\TAZ_Modular\input\02_May ATRs\65_R\65 bc part 1.tf2,4786507
65 bc part 2.tf2,.tf2,C:\Users\Kschellinger\SJTPO_Git\TAZ_Modular\input\02_May ATRs\65_R,C:\Users\Kschellinger\SJTPO_Git\TAZ_Modular\input\02_May ATRs\65_R\65 bc part 2.tf2,4726418
"ATR 65. NJ 40 (Harding Hwy). NJ 40, btwn Babcock Road & Route 322 - Class Data Analysis.pdf",.pdf,C:\Users\Kschellinger\SJTPO_Git\TAZ_Modular\input\02_May ATRs\65_R,"C:\Users\Kschellinger\SJTPO_Git\TAZ_Modular\input\02_May ATRs\65_R\ATR 65. NJ 40 (Harding Hwy). NJ 40, btwn Babcock Road & Route 322 - Class Data Analysis.pdf",1500023
"ATR 65. NJ 40 (Harding Hwy). NJ 40, btwn Babcock Road & Route 322.snj",.snj,C:\Users\Kschellinger\SJTPO_Git\TAZ_Modular\input\02_May ATRs\65_R,"C:\Users\Kschellinger\SJTPO_Git\TAZ_Modular\input\02_May ATRs\65_R\ATR 65. NJ 40 (Harding Hwy). NJ 40, btwn Babcock Road & Route 322.snj",3366725
"ATR 65. NJ 40 (Harding Hwy). NJ 40, btwn Babcock Road & Route 322_15 Min Length.pdf",.pdf,C:\Users\Kschellinger\SJTPO_Git\TAZ_Modular\input\02_May ATRs\65_R,"C:\Users\Kschellinger\SJTPO_Git\TAZ_Modular\input\02_May ATRs\65_R\ATR 65. NJ 40 (Harding Hwy). NJ 40, btwn Babcock Road & Route 322_15 Min Length.pdf",3511379
"ATR 65. NJ 40 (Harding Hwy). NJ 40, btwn Babcock Road & Route 322_15 Min Length.xlsx",.xlsx,C:\Users\Kschellinger\SJTPO_Git\TAZ_Modular\input\02_May ATRs\65_R,"C:\Users\Kschellinger\SJTPO_Git\TAZ_Modular\input\02_May ATRs\65_R\ATR 65. NJ 40 (Harding Hwy). NJ 40, btwn Babcock Road & Route 322_15 Min Length.xlsx",78514
"ATR 65. NJ 40 (Harding Hwy). NJ 40, btwn Babcock Road & Route 322_15 Min Speed.pdf",.pdf,C:\Users\Kschellinger\SJTPO_Git\TAZ_Modular\input\02_May ATRs\65_R,"C:\Users\Kschellinger\SJTPO_Git\TAZ_Modular\input\02_May ATRs\65_R\ATR 65. NJ 40 (Harding Hwy). NJ 40, btwn Babcock Road & Route 322_15 Min Speed.pdf",3741878
"ATR 65. NJ 40 (Harding Hwy). NJ 40, btwn Babcock Road & Route 322_15 Min Speed.xlsx",.xlsx,C:\Users\Kschellinger\SJTPO_Git\TAZ_Modular\input\02_May ATRs\65_R,"C:\Users\Kschellinger\SJTPO_Git\TAZ_Modular\input\02_May ATRs\65_R\ATR 65. NJ 40 (Harding Hwy). NJ 40, btwn Babcock Road & Route 322_15 Min Speed.xlsx",85765
"ATR 65. NJ 40 (Harding Hwy). NJ 40, btwn Babcock Road & Route 322_15 Min Summary Length.pdf",.pdf,C:\Users\Kschellinger\SJTPO_Git\TAZ_Modular\input\02_May ATRs\65_R,"C:\Users\Kschellinger\SJTPO_Git\TAZ_Modular\input\02_May ATRs\65_R\ATR 65. NJ 40 (Harding Hwy). NJ 40, btwn Babcock Road & Route 322_15 Min Summary Length.pdf",2858606
"ATR 65. NJ 40 (Harding Hwy). NJ 40, btwn Babcock Road & Route 322_15 Min Summary Length.xlsx",.xlsx,C:\Users\Kschellinger\SJTPO_Git\TAZ_Modular\input\02_May ATRs\65_R,"C:\Users\Kschellinger\SJTPO_Git\TAZ_Modular\input\02_May ATRs\65_R\ATR 65. NJ 40 (Harding Hwy). NJ 40, btwn Babcock Road & Route 322_15 Min Summary Length.xlsx",58176
"ATR 65. NJ 40 (Harding Hwy). NJ 40, btwn Babcock Road & Route 322_15 Min Volume.pdf",.pdf,C:\Users\Kschellinger\SJTPO_Git\TAZ_Modular\input\02_May ATRs\65_R,"C:\Users\Kschellinger\SJTPO_Git\TAZ_Modular\input\02_May ATRs\65_R\ATR 65. NJ 40 (Harding Hwy). NJ 40, btwn Babcock Road & Route 322_15 Min Volume.pdf",678606
"ATR 65. NJ 40 (Harding Hwy). NJ 40, btwn Babcock Road & Route 322_15 Min Volume.xlsx",.xlsx,C:\Users\Kschellinger\SJTPO_Git\TAZ_Modular\input\02_May ATRs\65_R,"C:\Users\Kschellinger\SJTPO_Git\TAZ_Modular\input\02_May ATRs\65_R\ATR 65. NJ 40 (Harding Hwy). NJ 40, btwn Babcock Road & Route 322_15 Min Volume.xlsx",28430
"ATR 65. NJ 40 (Harding Hwy). NJ 40, btwn Babcock Road & Route 322_60 Min Length.pdf",.pdf,C:\Users\Kschellinger\SJTPO_Git\TAZ_Modular\input\02_May ATRs\65_R,"C:\Users\Kschellinger\SJTPO_Git\TAZ_Modular\input\02_May ATRs\65_R\ATR 65. NJ 40 (Harding Hwy). NJ 40, btwn Babcock Road & Route 322_60 Min Length.pdf",1170422
"ATR 65. NJ 40 (Harding Hwy). NJ 40, btwn Babcock Road & Route 322_60 Min Length.xlsx",.xlsx,C:\Users\Kschellinger\SJTPO_Git\TAZ_Modular\input\02_May ATRs\65_R,"C:\Users\Kschellinger\SJTPO_Git\TAZ_Modular\input\02_May ATRs\65_R\ATR 65. NJ 40 (Harding Hwy). NJ 40, btwn Babcock Road & Route 322_60 Min Length.xlsx",33334
"ATR 65. NJ 40 (Harding Hwy). NJ 40, btwn Babcock Road & Route 322_60 Min Speed.pdf",.pdf,C:\Users\Kschellinger\SJTPO_Git\TAZ_Modular\input\02_May ATRs\65_R,"C:\Users\Kschellinger\SJTPO_Git\TAZ_Modular\input\02_May ATRs\65_R\ATR 65. NJ 40 (Harding Hwy). NJ 40, btwn Babcock Road & Route 322_60 Min Speed.pdf",1243974
"ATR 65. NJ 40 (Harding Hwy). NJ 40, btwn Babcock Road & Route 322_60 Min Speed.xlsx",.xlsx,C:\Users\Kschellinger\SJTPO_Git\TAZ_Modular\input\02_May ATRs\65_R,"C:\Users\Kschellinger\SJTPO_Git\TAZ_Modular\input\02_May ATRs\65_R\ATR 65. NJ 40 (Harding Hwy). NJ 40, btwn Babcock Road & Route 322_60 Min Speed.xlsx",35919
"ATR 65. NJ 40 (Harding Hwy). NJ 40, btwn Babcock Road & Route 322_60 Min Summary Length.pdf",.pdf,C:\Users\Kschellinger\SJTPO_Git\TAZ_Modular\input\02_May ATRs\65_R,"C:\Users\Kschellinger\SJTPO_Git\TAZ_Modular\input\02_May ATRs\65_R\ATR 65. NJ 40 (Harding Hwy). NJ 40, btwn Babcock Road & Route 322_60 Min Summary Length.pdf",954466
"ATR 65. NJ 40 (Harding Hwy). NJ 40, btwn Babcock Road & Route 322_60 Min Summary Length.xlsx",.xlsx,C:\Users\Kschellinger\SJTPO_Git\TAZ_Modular\input\02_May ATRs\65_R,"C:\Users\Kschellinger\SJTPO_Git\TAZ_Modular\input\02_May ATRs\65_R\ATR 65. NJ 40 (Harding Hwy). NJ 40, btwn Babcock Road & Route 322_60 Min Summary Length.xlsx",27785
"ATR 65. NJ 40 (Harding Hwy). NJ 40, btwn Babcock Road & Route 322_60 Min Volume.pdf",.pdf,C:\Users\Kschellinger\SJTPO_Git\TAZ_Modular\input\02_May ATRs\65_R,"C:\Users\Kschellinger\SJTPO_Git\TAZ_Modular\input\02_May ATRs\65_R\ATR 65. NJ 40 (Harding Hwy). NJ 40, btwn Babcock Road & Route 322_60 Min Volume.pdf",432439
"ATR 65. NJ 40 (Harding Hwy). NJ 40, btwn Babcock Road & Route 322_60 Min Volume.xlsx",.xlsx,C:\Users\Kschellinger\SJTPO_Git\TAZ_Modular\input\02_May ATRs\65_R,"C:\Users\Kschellinger\SJTPO_Git\TAZ_Modular\input\02_May ATRs\65_R\ATR 65. NJ 40 (Harding Hwy). NJ 40, btwn Babcock Road & Route 322_60 Min Volume.xlsx",18497
ATR. SJTDM Data Collection_RADAR LAYOUT - 65. NJ 40.pdf,.pdf,C:\Users\Kschellinger\SJTPO_Git\TAZ_Modular\input\02_May ATRs\65_R,C:\Users\Kschellinger\SJTPO_Git\TAZ_Modular\input\02_May ATRs\65_R\ATR. SJTDM Data Collection_RADAR LAYOUT - 65. NJ 40.pdf,264718
2020010038_20260430_134430_0.DAT,.DAT,C:\Users\Kschellinger\SJTPO_Git\TAZ_Modular\input\02_May ATRs\66_R,C:\Users\Kschellinger\SJTPO_Git\TAZ_Modular\input\02_May ATRs\66_R\2020010038_20260430_134430_0.DAT,367445
2020010038_20260504_130243_0.DAT,.DAT,C:\Users\Kschellinger\SJTPO_Git\TAZ_Modular\input\02_May ATRs\66_R,C:\Users\Kschellinger\SJTPO_Git\TAZ_Modular\input\02_May ATRs\66_R\2020010038_20260504_130243_0.DAT,419225
ATR 66 Sketch.jpg,.jpg,C:\Users\Kschellinger\SJTPO_Git\TAZ_Modular\input\02_May ATRs\66_R,C:\Users\Kschellinger\SJTPO_Git\TAZ_Modular\input\02_May ATRs\66_R\ATR 66 Sketch.jpg,1598358
"ATR 66. CR 555 (Main Road), btwn E Oak Rd & E Wheat Rd - Class Data Analysis.pdf",.pdf,C:\Users\Kschellinger\SJTPO_Git\TAZ_Modular\input\02_May ATRs\66_R,"C:\Users\Kschellinger\SJTPO_Git\TAZ_Modular\input\02_May ATRs\66_R\ATR 66. CR 555 (Main Road), btwn E Oak Rd & E Wheat Rd - Class Data Analysis.pdf",1556722
"ATR 66. CR 555 (Main Road), btwn E Oak Rd & E Wheat Rd.snj",.snj,C:\Users\Kschellinger\SJTPO_Git\TAZ_Modular\input\02_May ATRs\66_R,"C:\Users\Kschellinger\SJTPO_Git\TAZ_Modular\input\02_May ATRs\66_R\ATR 66. CR 555 (Main Road), btwn E Oak Rd & E Wheat Rd.snj",1869382
"ATR 66. CR 555 (Main Road), btwn E Oak Rd & E Wheat Rd_15 Min Length.pdf",.pdf,C:\Users\Kschellinger\SJTPO_Git\TAZ_Modular\input\02_May ATRs\66_R,"C:\Users\Kschellinger\SJTPO_Git\TAZ_Modular\input\02_May ATRs\66_R\ATR 66. CR 555 (Main Road), btwn E Oak Rd & E Wheat Rd_15 Min Length.pdf",3495693
"ATR 66. CR 555 (Main Road), btwn E Oak Rd & E Wheat Rd_15 Min Length.xlsx",.xlsx,C:\Users\Kschellinger\SJTPO_Git\TAZ_Modular\input\02_May ATRs\66_R,"C:\Users\Kschellinger\SJTPO_Git\TAZ_Modular\input\02_May ATRs\66_R\ATR 66. CR 555 (Main Road), btwn E Oak Rd & E Wheat Rd_15 Min Length.xlsx",76237
"ATR 66. CR 555 (Main Road), btwn E Oak Rd & E Wheat Rd_15 Min Speed.pdf",.pdf,C:\Users\Kschellinger\SJTPO_Git\TAZ_Modular\input\02_May ATRs\66_R,"C:\Users\Kschellinger\SJTPO_Git\TAZ_Modular\input\02_May ATRs\66_R\ATR 66. CR 555 (Main Road), btwn E Oak Rd & E Wheat Rd_15 Min Speed.pdf",3715842
"ATR 66. CR 555 (Main Road), btwn E Oak Rd & E Wheat Rd_15 Min Speed.xlsx",.xlsx,C:\Users\Kschellinger\SJTPO_Git\TAZ_Modular\input\02_May ATRs\66_R,"C:\Users\Kschellinger\SJTPO_Git\TAZ_Modular\input\02_May ATRs\66_R\ATR 66. CR 555 (Main Road), btwn E Oak Rd & E Wheat Rd_15 Min Speed.xlsx",79966
"ATR 66. CR 555 (Main Road), btwn E Oak Rd & E Wheat Rd_15 Min Summary Length.pdf",.pdf,C:\Users\Kschellinger\SJTPO_Git\TAZ_Modular\input\02_May ATRs\66_R,"C:\Users\Kschellinger\SJTPO_Git\TAZ_Modular\input\02_May ATRs\66_R\ATR 66. CR 555 (Main Road), btwn E Oak Rd & E Wheat Rd_15 Min Summary Length.pdf",2834542
"ATR 66. CR 555 (Main Road), btwn E Oak Rd & E Wheat Rd_15 Min Summary Length.xlsx",.xlsx,C:\Users\Kschellinger\SJTPO_Git\TAZ_Modular\input\02_May ATRs\66_R,"C:\Users\Kschellinger\SJTPO_Git\TAZ_Modular\input\02_May ATRs\66_R\ATR 66. CR 555 (Main Road), btwn E Oak Rd & E Wheat Rd_15 Min Summary Length.xlsx",56396
"ATR 66. CR 555 (Main Road), btwn E Oak Rd & E Wheat Rd_15 Min Volume.pdf",.pdf,C:\Users\Kschellinger\SJTPO_Git\TAZ_Modular\input\02_May ATRs\66_R,"C:\Users\Kschellinger\SJTPO_Git\TAZ_Modular\input\02_May ATRs\66_R\ATR 66. CR 555 (Main Road), btwn E Oak Rd & E Wheat Rd_15 Min Volume.pdf",673652
"ATR 66. CR 555 (Main Road), btwn E Oak Rd & E Wheat Rd_15 Min Volume.xlsx",.xlsx,C:\Users\Kschellinger\SJTPO_Git\TAZ_Modular\input\02_May ATRs\66_R,"C:\Users\Kschellinger\SJTPO_Git\TAZ_Modular\input\02_May ATRs\66_R\ATR 66. CR 555 (Main Road), btwn E Oak Rd & E Wheat Rd_15 Min Volume.xlsx",28538
"ATR 66. CR 555 (Main Road), btwn E Oak Rd & E Wheat Rd_60 Min Length.pdf",.pdf,C:\Users\Kschellinger\SJTPO_Git\TAZ_Modular\input\02_May ATRs\66_R,"C:\Users\Kschellinger\SJTPO_Git\TAZ_Modular\input\02_May ATRs\66_R\ATR 66. CR 555 (Main Road), btwn E Oak Rd & E Wheat Rd_60 Min Length.pdf",1164181
"ATR 66. CR 555 (Main Road), btwn E Oak Rd & E Wheat Rd_60 Min Length.xlsx",.xlsx,C:\Users\Kschellinger\SJTPO_Git\TAZ_Modular\input\02_May ATRs\66_R,"C:\Users\Kschellinger\SJTPO_Git\TAZ_Modular\input\02_May ATRs\66_R\ATR 66. CR 555 (Main Road), btwn E Oak Rd & E Wheat Rd_60 Min Length.xlsx",32792
"ATR 66. CR 555 (Main Road), btwn E Oak Rd & E Wheat Rd_60 Min Speed.pdf",.pdf,C:\Users\Kschellinger\SJTPO_Git\TAZ_Modular\input\02_May ATRs\66_R,"C:\Users\Kschellinger\SJTPO_Git\TAZ_Modular\input\02_May ATRs\66_R\ATR 66. CR 555 (Main Road), btwn E Oak Rd & E Wheat Rd_60 Min Speed.pdf",1232152
"ATR 66. CR 555 (Main Road), btwn E Oak Rd & E Wheat Rd_60 Min Speed.xlsx",.xlsx,C:\Users\Kschellinger\SJTPO_Git\TAZ_Modular\input\02_May ATRs\66_R,"C:\Users\Kschellinger\SJTPO_Git\TAZ_Modular\input\02_May ATRs\66_R\ATR 66. CR 555 (Main Road), btwn E Oak Rd & E Wheat Rd_60 Min Speed.xlsx",34078
"ATR 66. CR 555 (Main Road), btwn E Oak Rd & E Wheat Rd_60 Min Summary Length.pdf",.pdf,C:\Users\Kschellinger\SJTPO_Git\TAZ_Modular\input\02_May ATRs\66_R,"C:\Users\Kschellinger\SJTPO_Git\TAZ_Modular\input\02_May ATRs\66_R\ATR 66. CR 555 (Main Road), btwn E Oak Rd & E Wheat Rd_60 Min Summary Length.pdf",948013
"ATR 66. CR 555 (Main Road), btwn E Oak Rd & E Wheat Rd_60 Min Summary Length.xlsx",.xlsx,C:\Users\Kschellinger\SJTPO_Git\TAZ_Modular\input\02_May ATRs\66_R,"C:\Users\Kschellinger\SJTPO_Git\TAZ_Modular\input\02_May ATRs\66_R\ATR 66. CR 555 (Main Road), btwn E Oak Rd & E Wheat Rd_60 Min Summary Length.xlsx",27117
"ATR 66. CR 555 (Main Road), btwn E Oak Rd & E Wheat Rd_60 Min Volume.pdf",.pdf,C:\Users\Kschellinger\SJTPO_Git\TAZ_Modular\input\02_May ATRs\66_R,"C:\Users\Kschellinger\SJTPO_Git\TAZ_Modular\input\02_May ATRs\66_R\ATR 66. CR 555 (Main Road), btwn E Oak Rd & E Wheat Rd_60 Min Volume.pdf",432800
"ATR 66. CR 555 (Main Road), btwn E Oak Rd & E Wheat Rd_60 Min Volume.xlsx",.xlsx,C:\Users\Kschellinger\SJTPO_Git\TAZ_Modular\input\02_May ATRs\66_R,"C:\Users\Kschellinger\SJTPO_Git\TAZ_Modular\input\02_May ATRs\66_R\ATR 66. CR 555 (Main Road), btwn E Oak Rd & E Wheat Rd_60 Min Volume.xlsx",18399
atr 66_part 1.tf2,.tf2,C:\Users\Kschellinger\SJTPO_Git\TAZ_Modular\input\02_May ATRs\66_R,C:\Users\Kschellinger\SJTPO_Git\TAZ_Modular\input\02_May ATRs\66_R\atr 66_part 1.tf2,2295850
atr 66_part 2.tf2,.tf2,C:\Users\Kschellinger\SJTPO_Git\TAZ_Modular\input\02_May ATRs\66_R,C:\Users\Kschellinger\SJTPO_Git\TAZ_Modular\input\02_May ATRs\66_R\atr 66_part 2.tf2,2631175
ATR. SJTDM Data Collection_RADAR LAYOUT - 66. CR 555 (Main Rd).pdf,.pdf,C:\Users\Kschellinger\SJTPO_Git\TAZ_Modular\input\02_May ATRs\66_R,C:\Users\Kschellinger\SJTPO_Git\TAZ_Modular\input\02_May ATRs\66_R\ATR. SJTDM Data Collection_RADAR LAYOUT - 66. CR 555 (Main Rd).pdf,257777
"ATR 67. NJ 45, btwn Acton Station Rd & Compromise Rd - Class Data Analysis.pdf",.pdf,C:\Users\Kschellinger\SJTPO_Git\TAZ_Modular\input\02_May ATRs\67_T,"C:\Users\Kschellinger\SJTPO_Git\TAZ_Modular\input\02_May ATRs\67_T\ATR 67. NJ 45, btwn Acton Station Rd & Compromise Rd - Class Data Analysis.pdf",2138832
"ATR 67. NJ 45, btwn Acton Station Rd & Compromise Rd - Data Summary.pdf",.pdf,C:\Users\Kschellinger\SJTPO_Git\TAZ_Modular\input\02_May ATRs\67_T,"C:\Users\Kschellinger\SJTPO_Git\TAZ_Modular\input\02_May ATRs\67_T\ATR 67. NJ 45, btwn Acton Station Rd & Compromise Rd - Data Summary.pdf",341474
"ATR 67. NJ 45, btwn Acton Station Rd & Compromise Rd.snj",.snj,C:\Users\Kschellinger\SJTPO_Git\TAZ_Modular\input\02_May ATRs\67_T,"C:\Users\Kschellinger\SJTPO_Git\TAZ_Modular\input\02_May ATRs\67_T\ATR 67. NJ 45, btwn Acton Station Rd & Compromise Rd.snj",3283404
"ATR 67. NJ 45, btwn Acton Station Rd & Compromise Rd_15 Min Class.pdf",.pdf,C:\Users\Kschellinger\SJTPO_Git\TAZ_Modular\input\02_May ATRs\67_T,"C:\Users\Kschellinger\SJTPO_Git\TAZ_Modular\input\02_May ATRs\67_T\ATR 67. NJ 45, btwn Acton Station Rd & Compromise Rd_15 Min Class.pdf",4171102
"ATR 67. NJ 45, btwn Acton Station Rd & Compromise Rd_15 Min Class.xlsx",.xlsx,C:\Users\Kschellinger\SJTPO_Git\TAZ_Modular\input\02_May ATRs\67_T,"C:\Users\Kschellinger\SJTPO_Git\TAZ_Modular\input\02_May ATRs\67_T\ATR 67. NJ 45, btwn Acton Station Rd & Compromise Rd_15 Min Class.xlsx",76393
"ATR 67. NJ 45, btwn Acton Station Rd & Compromise Rd_15 Min Speed.pdf",.pdf,C:\Users\Kschellinger\SJTPO_Git\TAZ_Modular\input\02_May ATRs\67_T,"C:\Users\Kschellinger\SJTPO_Git\TAZ_Modular\input\02_May ATRs\67_T\ATR 67. NJ 45, btwn Acton Station Rd & Compromise Rd_15 Min Speed.pdf",3684671
"ATR 67. NJ 45, btwn Acton Station Rd & Compromise Rd_15 Min Speed.xlsx",.xlsx,C:\Users\Kschellinger\SJTPO_Git\TAZ_Modular\input\02_May ATRs\67_T,"C:\Users\Kschellinger\SJTPO_Git\TAZ_Modular\input\02_May ATRs\67_T\ATR 67. NJ 45, btwn Acton Station Rd & Compromise Rd_15 Min Speed.xlsx",76480
"ATR 67. NJ 45, btwn Acton Station Rd & Compromise Rd_15 Min Volume.pdf",.pdf,C:\Users\Kschellinger\SJTPO_Git\TAZ_Modular\input\02_May ATRs\67_T,"C:\Users\Kschellinger\SJTPO_Git\TAZ_Modular\input\02_May ATRs\67_T\ATR 67. NJ 45, btwn Acton Station Rd & Compromise Rd_15 Min Volume.pdf",667223
"ATR 67. NJ 45, btwn Acton Station Rd & Compromise Rd_15 Min Volume.xlsx",.xlsx,C:\Users\Kschellinger\SJTPO_Git\TAZ_Modular\input\02_May ATRs\67_T,"C:\Users\Kschellinger\SJTPO_Git\TAZ_Modular\input\02_May ATRs\67_T\ATR 67. NJ 45, btwn Acton Station Rd & Compromise Rd_15 Min Volume.xlsx",27765
"ATR 67. NJ 45, btwn Acton Station Rd & Compromise Rd_60 Min Class.pdf",.pdf,C:\Users\Kschellinger\SJTPO_Git\TAZ_Modular\input\02_May ATRs\67_T,"C:\Users\Kschellinger\SJTPO_Git\TAZ_Modular\input\02_May ATRs\67_T\ATR 67. NJ 45, btwn Acton Station Rd & Compromise Rd_60 Min Class.pdf",1317780
"ATR 67. NJ 45, btwn Acton Station Rd & Compromise Rd_60 Min Class.xlsx",.xlsx,C:\Users\Kschellinger\SJTPO_Git\TAZ_Modular\input\02_May ATRs\67_T,"C:\Users\Kschellinger\SJTPO_Git\TAZ_Modular\input\02_May ATRs\67_T\ATR 67. NJ 45, btwn Acton Station Rd & Compromise Rd_60 Min Class.xlsx",33219
"ATR 67. NJ 45, btwn Acton Station Rd & Compromise Rd_60 Min Speed.pdf",.pdf,C:\Users\Kschellinger\SJTPO_Git\TAZ_Modular\input\02_May ATRs\67_T,"C:\Users\Kschellinger\SJTPO_Git\TAZ_Modular\input\02_May ATRs\67_T\ATR 67. NJ 45, btwn Acton Station Rd & Compromise Rd_60 Min Speed.pdf",1223629
"ATR 67. NJ 45, btwn Acton Station Rd & Compromise Rd_60 Min Speed.xlsx",.xlsx,C:\Users\Kschellinger\SJTPO_Git\TAZ_Modular\input\02_May ATRs\67_T,"C:\Users\Kschellinger\SJTPO_Git\TAZ_Modular\input\02_May ATRs\67_T\ATR 67. NJ 45, btwn Acton Station Rd & Compromise Rd_60 Min Speed.xlsx",33427
"ATR 67. NJ 45, btwn Acton Station Rd & Compromise Rd_60 Min Volume.pdf",.pdf,C:\Users\Kschellinger\SJTPO_Git\TAZ_Modular\input\02_May ATRs\67_T,"C:\Users\Kschellinger\SJTPO_Git\TAZ_Modular\input\02_May ATRs\67_T\ATR 67. NJ 45, btwn Acton Station Rd & Compromise Rd_60 Min Volume.pdf",426139
"ATR 67. NJ 45, btwn Acton Station Rd & Compromise Rd_60 Min Volume.xlsx",.xlsx,C:\Users\Kschellinger\SJTPO_Git\TAZ_Modular\input\02_May ATRs\67_T,"C:\Users\Kschellinger\SJTPO_Git\TAZ_Modular\input\02_May ATRs\67_T\ATR 67. NJ 45, btwn Acton Station Rd & Compromise Rd_60 Min Volume.xlsx",18358
ATR 67_Looks Good.tf2,.tf2,C:\Users\Kschellinger\SJTPO_Git\TAZ_Modular\input\02_May ATRs\67_T,C:\Users\Kschellinger\SJTPO_Git\TAZ_Modular\input\02_May ATRs\67_T\ATR 67_Looks Good.tf2,2529608
ATR. SJTDM Data Collection_TUBE LAYOUT - 67. NJ 45.pdf,.pdf,C:\Users\Kschellinger\SJTPO_Git\TAZ_Modular\input\02_May ATRs\67_T,C:\Users\Kschellinger\SJTPO_Git\TAZ_Modular\input\02_May ATRs\67_T\ATR. SJTDM Data Collection_TUBE LAYOUT - 67. NJ 45.pdf,260607
"ATR 68. I-295, 1700 feet North of the Penns Grove Rest Stop_15 Minute.csv",.csv,C:\Users\Kschellinger\SJTPO_Git\TAZ_Modular\input\02_May ATRs\68_V,"C:\Users\Kschellinger\SJTPO_Git\TAZ_Modular\input\02_May ATRs\68_V\ATR 68. I-295, 1700 feet North of the Penns Grove Rest Stop_15 Minute.csv",143641
"ATR 68. I-295, 1700 feet North of the Penns Grove Rest Stop_15 Minute.pdf",.pdf,C:\Users\Kschellinger\SJTPO_Git\TAZ_Modular\input\02_May ATRs\68_V,"C:\Users\Kschellinger\SJTPO_Git\TAZ_Modular\input\02_May ATRs\68_V\ATR 68. I-295, 1700 feet North of the Penns Grove Rest Stop_15 Minute.pdf",526088
"ATR 68. I-295, 1700 feet North of the Penns Grove Rest Stop_15 Minute.xlsx",.xlsx,C:\Users\Kschellinger\SJTPO_Git\TAZ_Modular\input\02_May ATRs\68_V,"C:\Users\Kschellinger\SJTPO_Git\TAZ_Modular\input\02_May ATRs\68_V\ATR 68. I-295, 1700 feet North of the Penns Grove Rest Stop_15 Minute.xlsx",1208083
"ATR 68. I-295, 1700 feet North of the Penns Grove Rest Stop_60 Minute.csv",.csv,C:\Users\Kschellinger\SJTPO_Git\TAZ_Modular\input\02_May ATRs\68_V,"C:\Users\Kschellinger\SJTPO_Git\TAZ_Modular\input\02_May ATRs\68_V\ATR 68. I-295, 1700 feet North of the Penns Grove Rest Stop_60 Minute.csv",37596
"ATR 68. I-295, 1700 feet North of the Penns Grove Rest Stop_60 Minute.pdf",.pdf,C:\Users\Kschellinger\SJTPO_Git\TAZ_Modular\input\02_May ATRs\68_V,"C:\Users\Kschellinger\SJTPO_Git\TAZ_Modular\input\02_May ATRs\68_V\ATR 68. I-295, 1700 feet North of the Penns Grove Rest Stop_60 Minute.pdf",395761
"ATR 68. I-295, 1700 feet North of the Penns Grove Rest Stop_60 Minute.xlsx",.xlsx,C:\Users\Kschellinger\SJTPO_Git\TAZ_Modular\input\02_May ATRs\68_V,"C:\Users\Kschellinger\SJTPO_Git\TAZ_Modular\input\02_May ATRs\68_V\ATR 68. I-295, 1700 feet North of the Penns Grove Rest Stop_60 Minute.xlsx",392657
ATR 68. I-295_Screen Captures.pdf,.pdf,C:\Users\Kschellinger\SJTPO_Git\TAZ_Modular\input\02_May ATRs\68_V,C:\Users\Kschellinger\SJTPO_Git\TAZ_Modular\input\02_May ATRs\68_V\ATR 68. I-295_Screen Captures.pdf,226955
ATR68_Test_Calculation_Volumes.xlsx,.xlsx,C:\Users\Kschellinger\SJTPO_Git\TAZ_Modular\input\02_May ATRs\68_V,C:\Users\Kschellinger\SJTPO_Git\TAZ_Modular\input\02_May ATRs\68_V\ATR68_Test_Calculation_Volumes.xlsx,122579
"ATR 69. Route 130, 600 feet North of Sakima Country Club_15 Minute.csv",.csv,C:\Users\Kschellinger\SJTPO_Git\TAZ_Modular\input\02_May ATRs\69_V,"C:\Users\Kschellinger\SJTPO_Git\TAZ_Modular\input\02_May ATRs\69_V\ATR 69. Route 130, 600 feet North of Sakima Country Club_15 Minute.csv",123262
"ATR 69. Route 130, 600 feet North of Sakima Country Club_15 Minute.pdf",.pdf,C:\Users\Kschellinger\SJTPO_Git\TAZ_Modular\input\02_May ATRs\69_V,"C:\Users\Kschellinger\SJTPO_Git\TAZ_Modular\input\02_May ATRs\69_V\ATR 69. Route 130, 600 feet North of Sakima Country Club_15 Minute.pdf",487992
"ATR 69. Route 130, 600 feet North of Sakima Country Club_15 Minute.xlsx",.xlsx,C:\Users\Kschellinger\SJTPO_Git\TAZ_Modular\input\02_May ATRs\69_V,"C:\Users\Kschellinger\SJTPO_Git\TAZ_Modular\input\02_May ATRs\69_V\ATR 69. Route 130, 600 feet North of Sakima Country Club_15 Minute.xlsx",845142
"ATR 69. Route 130, 600 feet North of Sakima Country Club_60 Minute.csv",.csv,C:\Users\Kschellinger\SJTPO_Git\TAZ_Modular\input\02_May ATRs\69_V,"C:\Users\Kschellinger\SJTPO_Git\TAZ_Modular\input\02_May ATRs\69_V\ATR 69. Route 130, 600 feet North of Sakima Country Club_60 Minute.csv",32040
"ATR 69. Route 130, 600 feet North of Sakima Country Club_60 Minute.pdf",.pdf,C:\Users\Kschellinger\SJTPO_Git\TAZ_Modular\input\02_May ATRs\69_V,"C:\Users\Kschellinger\SJTPO_Git\TAZ_Modular\input\02_May ATRs\69_V\ATR 69. Route 130, 600 feet North of Sakima Country Club_60 Minute.pdf",385669
"ATR 69. Route 130, 600 feet North of Sakima Country Club_60 Minute.xlsx",.xlsx,C:\Users\Kschellinger\SJTPO_Git\TAZ_Modular\input\02_May ATRs\69_V,"C:\Users\Kschellinger\SJTPO_Git\TAZ_Modular\input\02_May ATRs\69_V\ATR 69. Route 130, 600 feet North of Sakima Country Club_60 Minute.xlsx",289778
ATR 69. Route 130_Screen Captures.pdf,.pdf,C:\Users\Kschellinger\SJTPO_Git\TAZ_Modular\input\02_May ATRs\69_V,C:\Users\Kschellinger\SJTPO_Git\TAZ_Modular\input\02_May ATRs\69_V\ATR 69. Route 130_Screen Captures.pdf,223071
ATR69_Test_Calculation_Volumes.xlsx,.xlsx,C:\Users\Kschellinger\SJTPO_Git\TAZ_Modular\input\02_May ATRs\69_V,C:\Users\Kschellinger\SJTPO_Git\TAZ_Modular\input\02_May ATRs\69_V\ATR69_Test_Calculation_Volumes.xlsx,88427
2020010030_20260430_140500_0.DAT,.DAT,C:\Users\Kschellinger\SJTPO_Git\TAZ_Modular\input\02_May ATRs\70_R,C:\Users\Kschellinger\SJTPO_Git\TAZ_Modular\input\02_May ATRs\70_R\2020010030_20260430_140500_0.DAT,352857
2020010030_20260504_141617_0.DAT,.DAT,C:\Users\Kschellinger\SJTPO_Git\TAZ_Modular\input\02_May ATRs\70_R,C:\Users\Kschellinger\SJTPO_Git\TAZ_Modular\input\02_May ATRs\70_R\2020010030_20260504_141617_0.DAT,346265
"ATR 70. NJ 40 (Harding Hwy), btwn Route 581 & Slabtown Road - Class Data Analysis.pdf",.pdf,C:\Users\Kschellinger\SJTPO_Git\TAZ_Modular\input\02_May ATRs\70_R,"C:\Users\Kschellinger\SJTPO_Git\TAZ_Modular\input\02_May ATRs\70_R\ATR 70. NJ 40 (Harding Hwy), btwn Route 581 & Slabtown Road - Class Data Analysis.pdf",1506823
"ATR 70. NJ 40 (Harding Hwy), btwn Route 581 & Slabtown Road.snj",.snj,C:\Users\Kschellinger\SJTPO_Git\TAZ_Modular\input\02_May ATRs\70_R,"C:\Users\Kschellinger\SJTPO_Git\TAZ_Modular\input\02_May ATRs\70_R\ATR 70. NJ 40 (Harding Hwy), btwn Route 581 & Slabtown Road.snj",1717650
"ATR 70. NJ 40 (Harding Hwy), btwn Route 581 & Slabtown Road_15 Min Length.pdf",.pdf,C:\Users\Kschellinger\SJTPO_Git\TAZ_Modular\input\02_May ATRs\70_R,"C:\Users\Kschellinger\SJTPO_Git\TAZ_Modular\input\02_May ATRs\70_R\ATR 70. NJ 40 (Harding Hwy), btwn Route 581 & Slabtown Road_15 Min Length.pdf",3498014
"ATR 70. NJ 40 (Harding Hwy), btwn Route 581 & Slabtown Road_15 Min Length.xlsx",.xlsx,C:\Users\Kschellinger\SJTPO_Git\TAZ_Modular\input\02_May ATRs\70_R,"C:\Users\Kschellinger\SJTPO_Git\TAZ_Modular\input\02_May ATRs\70_R\ATR 70. NJ 40 (Harding Hwy), btwn Route 581 & Slabtown Road_15 Min Length.xlsx",78009
"ATR 70. NJ 40 (Harding Hwy), btwn Route 581 & Slabtown Road_15 Min Speed.pdf",.pdf,C:\Users\Kschellinger\SJTPO_Git\TAZ_Modular\input\02_May ATRs\70_R,"C:\Users\Kschellinger\SJTPO_Git\TAZ_Modular\input\02_May ATRs\70_R\ATR 70. NJ 40 (Harding Hwy), btwn Route 581 & Slabtown Road_15 Min Speed.pdf",3710962
"ATR 70. NJ 40 (Harding Hwy), btwn Route 581 & Slabtown Road_15 Min Speed.xlsx",.xlsx,C:\Users\Kschellinger\SJTPO_Git\TAZ_Modular\input\02_May ATRs\70_R,"C:\Users\Kschellinger\SJTPO_Git\TAZ_Modular\input\02_May ATRs\70_R\ATR 70. NJ 40 (Harding Hwy), btwn Route 581 & Slabtown Road_15 Min Speed.xlsx",78039
"ATR 70. NJ 40 (Harding Hwy), btwn Route 581 & Slabtown Road_15 Min Summary Length.pdf",.pdf,C:\Users\Kschellinger\SJTPO_Git\TAZ_Modular\input\02_May ATRs\70_R,"C:\Users\Kschellinger\SJTPO_Git\TAZ_Modular\input\02_May ATRs\70_R\ATR 70. NJ 40 (Harding Hwy), btwn Route 581 & Slabtown Road_15 Min Summary Length.pdf",2838277
"ATR 70. NJ 40 (Harding Hwy), btwn Route 581 & Slabtown Road_15 Min Summary Length.xlsx",.xlsx,C:\Users\Kschellinger\SJTPO_Git\TAZ_Modular\input\02_May ATRs\70_R,"C:\Users\Kschellinger\SJTPO_Git\TAZ_Modular\input\02_May ATRs\70_R\ATR 70. NJ 40 (Harding Hwy), btwn Route 581 & Slabtown Road_15 Min Summary Length.xlsx",57169
"ATR 70. NJ 40 (Harding Hwy), btwn Route 581 & Slabtown Road_15 Min Volume.pdf",.pdf,C:\Users\Kschellinger\SJTPO_Git\TAZ_Modular\input\02_May ATRs\70_R,"C:\Users\Kschellinger\SJTPO_Git\TAZ_Modular\input\02_May ATRs\70_R\ATR 70. NJ 40 (Harding Hwy), btwn Route 581 & Slabtown Road_15 Min Volume.pdf",673447
"ATR 70. NJ 40 (Harding Hwy), btwn Route 581 & Slabtown Road_15 Min Volume.xlsx",.xlsx,C:\Users\Kschellinger\SJTPO_Git\TAZ_Modular\input\02_May ATRs\70_R,"C:\Users\Kschellinger\SJTPO_Git\TAZ_Modular\input\02_May ATRs\70_R\ATR 70. NJ 40 (Harding Hwy), btwn Route 581 & Slabtown Road_15 Min Volume.xlsx",28558
"ATR 70. NJ 40 (Harding Hwy), btwn Route 581 & Slabtown Road_60 Min Length.pdf",.pdf,C:\Users\Kschellinger\SJTPO_Git\TAZ_Modular\input\02_May ATRs\70_R,"C:\Users\Kschellinger\SJTPO_Git\TAZ_Modular\input\02_May ATRs\70_R\ATR 70. NJ 40 (Harding Hwy), btwn Route 581 & Slabtown Road_60 Min Length.pdf",1165692
"ATR 70. NJ 40 (Harding Hwy), btwn Route 581 & Slabtown Road_60 Min Length.xlsx",.xlsx,C:\Users\Kschellinger\SJTPO_Git\TAZ_Modular\input\02_May ATRs\70_R,"C:\Users\Kschellinger\SJTPO_Git\TAZ_Modular\input\02_May ATRs\70_R\ATR 70. NJ 40 (Harding Hwy), btwn Route 581 & Slabtown Road_60 Min Length.xlsx",33285
"ATR 70. NJ 40 (Harding Hwy), btwn Route 581 & Slabtown Road_60 Min Speed.pdf",.pdf,C:\Users\Kschellinger\SJTPO_Git\TAZ_Modular\input\02_May ATRs\70_R,"C:\Users\Kschellinger\SJTPO_Git\TAZ_Modular\input\02_May ATRs\70_R\ATR 70. NJ 40 (Harding Hwy), btwn Route 581 & Slabtown Road_60 Min Speed.pdf",1231053
"ATR 70. NJ 40 (Harding Hwy), btwn Route 581 & Slabtown Road_60 Min Speed.xlsx",.xlsx,C:\Users\Kschellinger\SJTPO_Git\TAZ_Modular\input\02_May ATRs\70_R,"C:\Users\Kschellinger\SJTPO_Git\TAZ_Modular\input\02_May ATRs\70_R\ATR 70. NJ 40 (Harding Hwy), btwn Route 581 & Slabtown Road_60 Min Speed.xlsx",33632
"ATR 70. NJ 40 (Harding Hwy), btwn Route 581 & Slabtown Road_60 Min Summary Length.pdf",.pdf,C:\Users\Kschellinger\SJTPO_Git\TAZ_Modular\input\02_May ATRs\70_R,"C:\Users\Kschellinger\SJTPO_Git\TAZ_Modular\input\02_May ATRs\70_R\ATR 70. NJ 40 (Harding Hwy), btwn Route 581 & Slabtown Road_60 Min Summary Length.pdf",949995
"ATR 70. NJ 40 (Harding Hwy), btwn Route 581 & Slabtown Road_60 Min Summary Length.xlsx",.xlsx,C:\Users\Kschellinger\SJTPO_Git\TAZ_Modular\input\02_May ATRs\70_R,"C:\Users\Kschellinger\SJTPO_Git\TAZ_Modular\input\02_May ATRs\70_R\ATR 70. NJ 40 (Harding Hwy), btwn Route 581 & Slabtown Road_60 Min Summary Length.xlsx",26941
"ATR 70. NJ 40 (Harding Hwy), btwn Route 581 & Slabtown Road_60 Min Volume.pdf",.pdf,C:\Users\Kschellinger\SJTPO_Git\TAZ_Modular\input\02_May ATRs\70_R,"C:\Users\Kschellinger\SJTPO_Git\TAZ_Modular\input\02_May ATRs\70_R\ATR 70. NJ 40 (Harding Hwy), btwn Route 581 & Slabtown Road_60 Min Volume.pdf",434366
"ATR 70. NJ 40 (Harding Hwy), btwn Route 581 & Slabtown Road_60 Min Volume.xlsx",.xlsx,C:\Users\Kschellinger\SJTPO_Git\TAZ_Modular\input\02_May ATRs\70_R,"C:\Users\Kschellinger\SJTPO_Git\TAZ_Modular\input\02_May ATRs\70_R\ATR 70. NJ 40 (Harding Hwy), btwn Route 581 & Slabtown Road_60 Min Volume.xlsx",18839
atr 70_part 1.tf2,.tf2,C:\Users\Kschellinger\SJTPO_Git\TAZ_Modular\input\02_May ATRs\70_R,C:\Users\Kschellinger\SJTPO_Git\TAZ_Modular\input\02_May ATRs\70_R\atr 70_part 1.tf2,2207887
atr 70_part 2.tf2,.tf2,C:\Users\Kschellinger\SJTPO_Git\TAZ_Modular\input\02_May ATRs\70_R,C:\Users\Kschellinger\SJTPO_Git\TAZ_Modular\input\02_May ATRs\70_R\atr 70_part 2.tf2,2167852
ATR. SJTDM Data Collection_RADAR LAYOUT - 70. NJ 40.pdf,.pdf,C:\Users\Kschellinger\SJTPO_Git\TAZ_Modular\input\02_May ATRs\70_R,C:\Users\Kschellinger\SJTPO_Git\TAZ_Modular\input\02_May ATRs\70_R\ATR. SJTDM Data Collection_RADAR LAYOUT - 70. NJ 40.pdf,266949
2020010031_20260430_121849_0.DAT,.DAT,C:\Users\Kschellinger\SJTPO_Git\TAZ_Modular\input\02_May ATRs\71_R,C:\Users\Kschellinger\SJTPO_Git\TAZ_Modular\input\02_May ATRs\71_R\2020010031_20260430_121849_0.DAT,301733
2020010031_20260504_120157_0.DAT,.DAT,C:\Users\Kschellinger\SJTPO_Git\TAZ_Modular\input\02_May ATRs\71_R,C:\Users\Kschellinger\SJTPO_Git\TAZ_Modular\input\02_May ATRs\71_R\2020010031_20260504_120157_0.DAT,292537
"ATR 71. NJ 49 (Shiloh Pike), btwn Barretts Run Rd & Park Dr - Class Data Analysis.pdf",.pdf,C:\Users\Kschellinger\SJTPO_Git\TAZ_Modular\input\02_May ATRs\71_R,"C:\Users\Kschellinger\SJTPO_Git\TAZ_Modular\input\02_May ATRs\71_R\ATR 71. NJ 49 (Shiloh Pike), btwn Barretts Run Rd & Park Dr - Class Data Analysis.pdf",1520516
"ATR 71. NJ 49 (Shiloh Pike), btwn Barretts Run Rd & Park Dr.snj",.snj,C:\Users\Kschellinger\SJTPO_Git\TAZ_Modular\input\02_May ATRs\71_R,"C:\Users\Kschellinger\SJTPO_Git\TAZ_Modular\input\02_May ATRs\71_R\ATR 71. NJ 49 (Shiloh Pike), btwn Barretts Run Rd & Park Dr.snj",1493037
"ATR 71. NJ 49 (Shiloh Pike), btwn Barretts Run Rd & Park Dr_15 Min Length.pdf",.pdf,C:\Users\Kschellinger\SJTPO_Git\TAZ_Modular\input\02_May ATRs\71_R,"C:\Users\Kschellinger\SJTPO_Git\TAZ_Modular\input\02_May ATRs\71_R\ATR 71. NJ 49 (Shiloh Pike), btwn Barretts Run Rd & Park Dr_15 Min Length.pdf",3486625
"ATR 71. NJ 49 (Shiloh Pike), btwn Barretts Run Rd & Park Dr_15 Min Length.xlsx",.xlsx,C:\Users\Kschellinger\SJTPO_Git\TAZ_Modular\input\02_May ATRs\71_R,"C:\Users\Kschellinger\SJTPO_Git\TAZ_Modular\input\02_May ATRs\71_R\ATR 71. NJ 49 (Shiloh Pike), btwn Barretts Run Rd & Park Dr_15 Min Length.xlsx",73290
"ATR 71. NJ 49 (Shiloh Pike), btwn Barretts Run Rd & Park Dr_15 Min Speed.pdf",.pdf,C:\Users\Kschellinger\SJTPO_Git\TAZ_Modular\input\02_May ATRs\71_R,"C:\Users\Kschellinger\SJTPO_Git\TAZ_Modular\input\02_May ATRs\71_R\ATR 71. NJ 49 (Shiloh Pike), btwn Barretts Run Rd & Park Dr_15 Min Speed.pdf",3707531
"ATR 71. NJ 49 (Shiloh Pike), btwn Barretts Run Rd & Park Dr_15 Min Speed.xlsx",.xlsx,C:\Users\Kschellinger\SJTPO_Git\TAZ_Modular\input\02_May ATRs\71_R,"C:\Users\Kschellinger\SJTPO_Git\TAZ_Modular\input\02_May ATRs\71_R\ATR 71. NJ 49 (Shiloh Pike), btwn Barretts Run Rd & Park Dr_15 Min Speed.xlsx",78371
"ATR 71. NJ 49 (Shiloh Pike), btwn Barretts Run Rd & Park Dr_15 Min Summary Length.pdf",.pdf,C:\Users\Kschellinger\SJTPO_Git\TAZ_Modular\input\02_May ATRs\71_R,"C:\Users\Kschellinger\SJTPO_Git\TAZ_Modular\input\02_May ATRs\71_R\ATR 71. NJ 49 (Shiloh Pike), btwn Barretts Run Rd & Park Dr_15 Min Summary Length.pdf",2827401
"ATR 71. NJ 49 (Shiloh Pike), btwn Barretts Run Rd & Park Dr_15 Min Summary Length.xlsx",.xlsx,C:\Users\Kschellinger\SJTPO_Git\TAZ_Modular\input\02_May ATRs\71_R,"C:\Users\Kschellinger\SJTPO_Git\TAZ_Modular\input\02_May ATRs\71_R\ATR 71. NJ 49 (Shiloh Pike), btwn Barretts Run Rd & Park Dr_15 Min Summary Length.xlsx",55644
"ATR 71. NJ 49 (Shiloh Pike), btwn Barretts Run Rd & Park Dr_15 Min Volume.pdf",.pdf,C:\Users\Kschellinger\SJTPO_Git\TAZ_Modular\input\02_May ATRs\71_R,"C:\Users\Kschellinger\SJTPO_Git\TAZ_Modular\input\02_May ATRs\71_R\ATR 71. NJ 49 (Shiloh Pike), btwn Barretts Run Rd & Park Dr_15 Min Volume.pdf",671872
"ATR 71. NJ 49 (Shiloh Pike), btwn Barretts Run Rd & Park Dr_15 Min Volume.xlsx",.xlsx,C:\Users\Kschellinger\SJTPO_Git\TAZ_Modular\input\02_May ATRs\71_R,"C:\Users\Kschellinger\SJTPO_Git\TAZ_Modular\input\02_May ATRs\71_R\ATR 71. NJ 49 (Shiloh Pike), btwn Barretts Run Rd & Park Dr_15 Min Volume.xlsx",28468
"ATR 71. NJ 49 (Shiloh Pike), btwn Barretts Run Rd & Park Dr_60 Min Length.pdf",.pdf,C:\Users\Kschellinger\SJTPO_Git\TAZ_Modular\input\02_May ATRs\71_R,"C:\Users\Kschellinger\SJTPO_Git\TAZ_Modular\input\02_May ATRs\71_R\ATR 71. NJ 49 (Shiloh Pike), btwn Barretts Run Rd & Park Dr_60 Min Length.pdf",1161104
"ATR 71. NJ 49 (Shiloh Pike), btwn Barretts Run Rd & Park Dr_60 Min Length.xlsx",.xlsx,C:\Users\Kschellinger\SJTPO_Git\TAZ_Modular\input\02_May ATRs\71_R,"C:\Users\Kschellinger\SJTPO_Git\TAZ_Modular\input\02_May ATRs\71_R\ATR 71. NJ 49 (Shiloh Pike), btwn Barretts Run Rd & Park Dr_60 Min Length.xlsx",32104
"ATR 71. NJ 49 (Shiloh Pike), btwn Barretts Run Rd & Park Dr_60 Min Speed.pdf",.pdf,C:\Users\Kschellinger\SJTPO_Git\TAZ_Modular\input\02_May ATRs\71_R,"C:\Users\Kschellinger\SJTPO_Git\TAZ_Modular\input\02_May ATRs\71_R\ATR 71. NJ 49 (Shiloh Pike), btwn Barretts Run Rd & Park Dr_60 Min Speed.pdf",1228578
"ATR 71. NJ 49 (Shiloh Pike), btwn Barretts Run Rd & Park Dr_60 Min Speed.xlsx",.xlsx,C:\Users\Kschellinger\SJTPO_Git\TAZ_Modular\input\02_May ATRs\71_R,"C:\Users\Kschellinger\SJTPO_Git\TAZ_Modular\input\02_May ATRs\71_R\ATR 71. NJ 49 (Shiloh Pike), btwn Barretts Run Rd & Park Dr_60 Min Speed.xlsx",33453
"ATR 71. NJ 49 (Shiloh Pike), btwn Barretts Run Rd & Park Dr_60 Min Summary Length.pdf",.pdf,C:\Users\Kschellinger\SJTPO_Git\TAZ_Modular\input\02_May ATRs\71_R,"C:\Users\Kschellinger\SJTPO_Git\TAZ_Modular\input\02_May ATRs\71_R\ATR 71. NJ 49 (Shiloh Pike), btwn Barretts Run Rd & Park Dr_60 Min Summary Length.pdf",946473
"ATR 71. NJ 49 (Shiloh Pike), btwn Barretts Run Rd & Park Dr_60 Min Summary Length.xlsx",.xlsx,C:\Users\Kschellinger\SJTPO_Git\TAZ_Modular\input\02_May ATRs\71_R,"C:\Users\Kschellinger\SJTPO_Git\TAZ_Modular\input\02_May ATRs\71_R\ATR 71. NJ 49 (Shiloh Pike), btwn Barretts Run Rd & Park Dr_60 Min Summary Length.xlsx",26999
"ATR 71. NJ 49 (Shiloh Pike), btwn Barretts Run Rd & Park Dr_60 Min Volume.pdf",.pdf,C:\Users\Kschellinger\SJTPO_Git\TAZ_Modular\input\02_May ATRs\71_R,"C:\Users\Kschellinger\SJTPO_Git\TAZ_Modular\input\02_May ATRs\71_R\ATR 71. NJ 49 (Shiloh Pike), btwn Barretts Run Rd & Park Dr_60 Min Volume.pdf",432481
"ATR 71. NJ 49 (Shiloh Pike), btwn Barretts Run Rd & Park Dr_60 Min Volume.xlsx",.xlsx,C:\Users\Kschellinger\SJTPO_Git\TAZ_Modular\input\02_May ATRs\71_R,"C:\Users\Kschellinger\SJTPO_Git\TAZ_Modular\input\02_May ATRs\71_R\ATR 71. NJ 49 (Shiloh Pike), btwn Barretts Run Rd & Park Dr_60 Min Volume.xlsx",18851
atr 71_bc 31 part 1.tf2,.tf2,C:\Users\Kschellinger\SJTPO_Git\TAZ_Modular\input\02_May ATRs\71_R,C:\Users\Kschellinger\SJTPO_Git\TAZ_Modular\input\02_May ATRs\71_R\atr 71_bc 31 part 1.tf2,1879011
atr 71_bc 31 part 2.tf2,.tf2,C:\Users\Kschellinger\SJTPO_Git\TAZ_Modular\input\02_May ATRs\71_R,C:\Users\Kschellinger\SJTPO_Git\TAZ_Modular\input\02_May ATRs\71_R\atr 71_bc 31 part 2.tf2,1823206
ATR. SJTDM Data Collection_RADAR LAYOUT - 71. NJ 49 (Shiloh Pike).pdf,.pdf,C:\Users\Kschellinger\SJTPO_Git\TAZ_Modular\input\02_May ATRs\71_R,C:\Users\Kschellinger\SJTPO_Git\TAZ_Modular\input\02_May ATRs\71_R\ATR. SJTDM Data Collection_RADAR LAYOUT - 71. NJ 49 (Shiloh Pike).pdf,263257
2020010039_20260514_091423_0.DAT,.DAT,C:\Users\Kschellinger\SJTPO_Git\TAZ_Modular\input\02_May ATRs\72_R,C:\Users\Kschellinger\SJTPO_Git\TAZ_Modular\input\02_May ATRs\72_R\2020010039_20260514_091423_0.DAT,575833
2020010039_20260518_105144_0.DAT,.DAT,C:\Users\Kschellinger\SJTPO_Git\TAZ_Modular\input\02_May ATRs\72_R,C:\Users\Kschellinger\SJTPO_Git\TAZ_Modular\input\02_May ATRs\72_R\2020010039_20260518_105144_0.DAT,568137
"ATR 72. Route 9 (Shore Rd), btwn S Delsea Dr & N Wildwood Blvd - Class Data Analysis.pdf",.pdf,C:\Users\Kschellinger\SJTPO_Git\TAZ_Modular\input\02_May ATRs\72_R,"C:\Users\Kschellinger\SJTPO_Git\TAZ_Modular\input\02_May ATRs\72_R\ATR 72. Route 9 (Shore Rd), btwn S Delsea Dr & N Wildwood Blvd - Class Data Analysis.pdf",1608980
"ATR 72. Route 9 (Shore Rd), btwn S Delsea Dr & N Wildwood Blvd.snj",.snj,C:\Users\Kschellinger\SJTPO_Git\TAZ_Modular\input\02_May ATRs\72_R,"C:\Users\Kschellinger\SJTPO_Git\TAZ_Modular\input\02_May ATRs\72_R\ATR 72. Route 9 (Shore Rd), btwn S Delsea Dr & N Wildwood Blvd.snj",2708601
"ATR 72. Route 9 (Shore Rd), btwn S Delsea Dr & N Wildwood Blvd_15 Min Length.pdf",.pdf,C:\Users\Kschellinger\SJTPO_Git\TAZ_Modular\input\02_May ATRs\72_R,"C:\Users\Kschellinger\SJTPO_Git\TAZ_Modular\input\02_May ATRs\72_R\ATR 72. Route 9 (Shore Rd), btwn S Delsea Dr & N Wildwood Blvd_15 Min Length.pdf",3494655
"ATR 72. Route 9 (Shore Rd), btwn S Delsea Dr & N Wildwood Blvd_15 Min Length.xlsx",.xlsx,C:\Users\Kschellinger\SJTPO_Git\TAZ_Modular\input\02_May ATRs\72_R,"C:\Users\Kschellinger\SJTPO_Git\TAZ_Modular\input\02_May ATRs\72_R\ATR 72. Route 9 (Shore Rd), btwn S Delsea Dr & N Wildwood Blvd_15 Min Length.xlsx",74747
"ATR 72. Route 9 (Shore Rd), btwn S Delsea Dr & N Wildwood Blvd_15 Min Speed.pdf",.pdf,C:\Users\Kschellinger\SJTPO_Git\TAZ_Modular\input\02_May ATRs\72_R,"C:\Users\Kschellinger\SJTPO_Git\TAZ_Modular\input\02_May ATRs\72_R\ATR 72. Route 9 (Shore Rd), btwn S Delsea Dr & N Wildwood Blvd_15 Min Speed.pdf",3719369
"ATR 72. Route 9 (Shore Rd), btwn S Delsea Dr & N Wildwood Blvd_15 Min Speed.xlsx",.xlsx,C:\Users\Kschellinger\SJTPO_Git\TAZ_Modular\input\02_May ATRs\72_R,"C:\Users\Kschellinger\SJTPO_Git\TAZ_Modular\input\02_May ATRs\72_R\ATR 72. Route 9 (Shore Rd), btwn S Delsea Dr & N Wildwood Blvd_15 Min Speed.xlsx",79632
"ATR 72. Route 9 (Shore Rd), btwn S Delsea Dr & N Wildwood Blvd_15 Min Summary Length.pdf",.pdf,C:\Users\Kschellinger\SJTPO_Git\TAZ_Modular\input\02_May ATRs\72_R,"C:\Users\Kschellinger\SJTPO_Git\TAZ_Modular\input\02_May ATRs\72_R\ATR 72. Route 9 (Shore Rd), btwn S Delsea Dr & N Wildwood Blvd_15 Min Summary Length.pdf",2841804
"ATR 72. Route 9 (Shore Rd), btwn S Delsea Dr & N Wildwood Blvd_15 Min Summary Length.xlsx",.xlsx,C:\Users\Kschellinger\SJTPO_Git\TAZ_Modular\input\02_May ATRs\72_R,"C:\Users\Kschellinger\SJTPO_Git\TAZ_Modular\input\02_May ATRs\72_R\ATR 72. Route 9 (Shore Rd), btwn S Delsea Dr & N Wildwood Blvd_15 Min Summary Length.xlsx",56758
"ATR 72. Route 9 (Shore Rd), btwn S Delsea Dr & N Wildwood Blvd_15 Min Volume.pdf",.pdf,C:\Users\Kschellinger\SJTPO_Git\TAZ_Modular\input\02_May ATRs\72_R,"C:\Users\Kschellinger\SJTPO_Git\TAZ_Modular\input\02_May ATRs\72_R\ATR 72. Route 9 (Shore Rd), btwn S Delsea Dr & N Wildwood Blvd_15 Min Volume.pdf",675877
"ATR 72. Route 9 (Shore Rd), btwn S Delsea Dr & N Wildwood Blvd_15 Min Volume.xlsx",.xlsx,C:\Users\Kschellinger\SJTPO_Git\TAZ_Modular\input\02_May ATRs\72_R,"C:\Users\Kschellinger\SJTPO_Git\TAZ_Modular\input\02_May ATRs\72_R\ATR 72. Route 9 (Shore Rd), btwn S Delsea Dr & N Wildwood Blvd_15 Min Volume.xlsx",28638
"ATR 72. Route 9 (Shore Rd), btwn S Delsea Dr & N Wildwood Blvd_60 Min Length.pdf",.pdf,C:\Users\Kschellinger\SJTPO_Git\TAZ_Modular\input\02_May ATRs\72_R,"C:\Users\Kschellinger\SJTPO_Git\TAZ_Modular\input\02_May ATRs\72_R\ATR 72. Route 9 (Shore Rd), btwn S Delsea Dr & N Wildwood Blvd_60 Min Length.pdf",1163829
"ATR 72. Route 9 (Shore Rd), btwn S Delsea Dr & N Wildwood Blvd_60 Min Length.xlsx",.xlsx,C:\Users\Kschellinger\SJTPO_Git\TAZ_Modular\input\02_May ATRs\72_R,"C:\Users\Kschellinger\SJTPO_Git\TAZ_Modular\input\02_May ATRs\72_R\ATR 72. Route 9 (Shore Rd), btwn S Delsea Dr & N Wildwood Blvd_60 Min Length.xlsx",32630
"ATR 72. Route 9 (Shore Rd), btwn S Delsea Dr & N Wildwood Blvd_60 Min Speed.pdf",.pdf,C:\Users\Kschellinger\SJTPO_Git\TAZ_Modular\input\02_May ATRs\72_R,"C:\Users\Kschellinger\SJTPO_Git\TAZ_Modular\input\02_May ATRs\72_R\ATR 72. Route 9 (Shore Rd), btwn S Delsea Dr & N Wildwood Blvd_60 Min Speed.pdf",1232782
"ATR 72. Route 9 (Shore Rd), btwn S Delsea Dr & N Wildwood Blvd_60 Min Speed.xlsx",.xlsx,C:\Users\Kschellinger\SJTPO_Git\TAZ_Modular\input\02_May ATRs\72_R,"C:\Users\Kschellinger\SJTPO_Git\TAZ_Modular\input\02_May ATRs\72_R\ATR 72. Route 9 (Shore Rd), btwn S Delsea Dr & N Wildwood Blvd_60 Min Speed.xlsx",33821
"ATR 72. Route 9 (Shore Rd), btwn S Delsea Dr & N Wildwood Blvd_60 Min Summary Length.pdf",.pdf,C:\Users\Kschellinger\SJTPO_Git\TAZ_Modular\input\02_May ATRs\72_R,"C:\Users\Kschellinger\SJTPO_Git\TAZ_Modular\input\02_May ATRs\72_R\ATR 72. Route 9 (Shore Rd), btwn S Delsea Dr & N Wildwood Blvd_60 Min Summary Length.pdf",949275
"ATR 72. Route 9 (Shore Rd), btwn S Delsea Dr & N Wildwood Blvd_60 Min Summary Length.xlsx",.xlsx,C:\Users\Kschellinger\SJTPO_Git\TAZ_Modular\input\02_May ATRs\72_R,"C:\Users\Kschellinger\SJTPO_Git\TAZ_Modular\input\02_May ATRs\72_R\ATR 72. Route 9 (Shore Rd), btwn S Delsea Dr & N Wildwood Blvd_60 Min Summary Length.xlsx",26834
"ATR 72. Route 9 (Shore Rd), btwn S Delsea Dr & N Wildwood Blvd_60 Min Volume.pdf",.pdf,C:\Users\Kschellinger\SJTPO_Git\TAZ_Modular\input\02_May ATRs\72_R,"C:\Users\Kschellinger\SJTPO_Git\TAZ_Modular\input\02_May ATRs\72_R\ATR 72. Route 9 (Shore Rd), btwn S Delsea Dr & N Wildwood Blvd_60 Min Volume.pdf",433934
"ATR 72. Route 9 (Shore Rd), btwn S Delsea Dr & N Wildwood Blvd_60 Min Volume.xlsx",.xlsx,C:\Users\Kschellinger\SJTPO_Git\TAZ_Modular\input\02_May ATRs\72_R,"C:\Users\Kschellinger\SJTPO_Git\TAZ_Modular\input\02_May ATRs\72_R\ATR 72. Route 9 (Shore Rd), btwn S Delsea Dr & N Wildwood Blvd_60 Min Volume.xlsx",18451
atr 72_part 1.tf2,.tf2,C:\Users\Kschellinger\SJTPO_Git\TAZ_Modular\input\02_May ATRs\72_R,C:\Users\Kschellinger\SJTPO_Git\TAZ_Modular\input\02_May ATRs\72_R\atr 72_part 1.tf2,3628594
atr 72_part 2.tf2,.tf2,C:\Users\Kschellinger\SJTPO_Git\TAZ_Modular\input\02_May ATRs\72_R,C:\Users\Kschellinger\SJTPO_Git\TAZ_Modular\input\02_May ATRs\72_R\atr 72_part 2.tf2,3581368
"ATR 73. Route 9 (Shore Rd), btwn Avalon Blvd & Sea Isle Blvd - Class Data Analysis.pdf",.pdf,C:\Users\Kschellinger\SJTPO_Git\TAZ_Modular\input\02_May ATRs\73_R,"C:\Users\Kschellinger\SJTPO_Git\TAZ_Modular\input\02_May ATRs\73_R\ATR 73. Route 9 (Shore Rd), btwn Avalon Blvd & Sea Isle Blvd - Class Data Analysis.pdf",1627942
"ATR 73. Route 9 (Shore Rd), btwn Avalon Blvd & Sea Isle Blvd.snj",.snj,C:\Users\Kschellinger\SJTPO_Git\TAZ_Modular\input\02_May ATRs\73_R,"C:\Users\Kschellinger\SJTPO_Git\TAZ_Modular\input\02_May ATRs\73_R\ATR 73. Route 9 (Shore Rd), btwn Avalon Blvd & Sea Isle Blvd.snj",2323334
"ATR 73. Route 9 (Shore Rd), btwn Avalon Blvd & Sea Isle Blvd_15 Min Length.pdf",.pdf,C:\Users\Kschellinger\SJTPO_Git\TAZ_Modular\input\02_May ATRs\73_R,"C:\Users\Kschellinger\SJTPO_Git\TAZ_Modular\input\02_May ATRs\73_R\ATR 73. Route 9 (Shore Rd), btwn Avalon Blvd & Sea Isle Blvd_15 Min Length.pdf",3484894
"ATR 73. Route 9 (Shore Rd), btwn Avalon Blvd & Sea Isle Blvd_15 Min Length.xlsx",.xlsx,C:\Users\Kschellinger\SJTPO_Git\TAZ_Modular\input\02_May ATRs\73_R,"C:\Users\Kschellinger\SJTPO_Git\TAZ_Modular\input\02_May ATRs\73_R\ATR 73. Route 9 (Shore Rd), btwn Avalon Blvd & Sea Isle Blvd_15 Min Length.xlsx",72602
"ATR 73. Route 9 (Shore Rd), btwn Avalon Blvd & Sea Isle Blvd_15 Min Speed.pdf",.pdf,C:\Users\Kschellinger\SJTPO_Git\TAZ_Modular\input\02_May ATRs\73_R,"C:\Users\Kschellinger\SJTPO_Git\TAZ_Modular\input\02_May ATRs\73_R\ATR 73. Route 9 (Shore Rd), btwn Avalon Blvd & Sea Isle Blvd_15 Min Speed.pdf",3704982
"ATR 73. Route 9 (Shore Rd), btwn Avalon Blvd & Sea Isle Blvd_15 Min Speed.xlsx",.xlsx,C:\Users\Kschellinger\SJTPO_Git\TAZ_Modular\input\02_May ATRs\73_R,"C:\Users\Kschellinger\SJTPO_Git\TAZ_Modular\input\02_May ATRs\73_R\ATR 73. Route 9 (Shore Rd), btwn Avalon Blvd & Sea Isle Blvd_15 Min Speed.xlsx",76063
"ATR 73. Route 9 (Shore Rd), btwn Avalon Blvd & Sea Isle Blvd_15 Min Summary Length.pdf",.pdf,C:\Users\Kschellinger\SJTPO_Git\TAZ_Modular\input\02_May ATRs\73_R,"C:\Users\Kschellinger\SJTPO_Git\TAZ_Modular\input\02_May ATRs\73_R\ATR 73. Route 9 (Shore Rd), btwn Avalon Blvd & Sea Isle Blvd_15 Min Summary Length.pdf",2827153
"ATR 73. Route 9 (Shore Rd), btwn Avalon Blvd & Sea Isle Blvd_15 Min Summary Length.xlsx",.xlsx,C:\Users\Kschellinger\SJTPO_Git\TAZ_Modular\input\02_May ATRs\73_R,"C:\Users\Kschellinger\SJTPO_Git\TAZ_Modular\input\02_May ATRs\73_R\ATR 73. Route 9 (Shore Rd), btwn Avalon Blvd & Sea Isle Blvd_15 Min Summary Length.xlsx",55098
"ATR 73. Route 9 (Shore Rd), btwn Avalon Blvd & Sea Isle Blvd_15 Min Volume.pdf",.pdf,C:\Users\Kschellinger\SJTPO_Git\TAZ_Modular\input\02_May ATRs\73_R,"C:\Users\Kschellinger\SJTPO_Git\TAZ_Modular\input\02_May ATRs\73_R\ATR 73. Route 9 (Shore Rd), btwn Avalon Blvd & Sea Isle Blvd_15 Min Volume.pdf",670897
"ATR 73. Route 9 (Shore Rd), btwn Avalon Blvd & Sea Isle Blvd_15 Min Volume.xlsx",.xlsx,C:\Users\Kschellinger\SJTPO_Git\TAZ_Modular\input\02_May ATRs\73_R,"C:\Users\Kschellinger\SJTPO_Git\TAZ_Modular\input\02_May ATRs\73_R\ATR 73. Route 9 (Shore Rd), btwn Avalon Blvd & Sea Isle Blvd_15 Min Volume.xlsx",28398
"ATR 73. Route 9 (Shore Rd), btwn Avalon Blvd & Sea Isle Blvd_60 Min Length.pdf",.pdf,C:\Users\Kschellinger\SJTPO_Git\TAZ_Modular\input\02_May ATRs\73_R,"C:\Users\Kschellinger\SJTPO_Git\TAZ_Modular\input\02_May ATRs\73_R\ATR 73. Route 9 (Shore Rd), btwn Avalon Blvd & Sea Isle Blvd_60 Min Length.pdf",1160488
"ATR 73. Route 9 (Shore Rd), btwn Avalon Blvd & Sea Isle Blvd_60 Min Length.xlsx",.xlsx,C:\Users\Kschellinger\SJTPO_Git\TAZ_Modular\input\02_May ATRs\73_R,"C:\Users\Kschellinger\SJTPO_Git\TAZ_Modular\input\02_May ATRs\73_R\ATR 73. Route 9 (Shore Rd), btwn Avalon Blvd & Sea Isle Blvd_60 Min Length.xlsx",32061
"ATR 73. Route 9 (Shore Rd), btwn Avalon Blvd & Sea Isle Blvd_60 Min Speed.pdf",.pdf,C:\Users\Kschellinger\SJTPO_Git\TAZ_Modular\input\02_May ATRs\73_R,"C:\Users\Kschellinger\SJTPO_Git\TAZ_Modular\input\02_May ATRs\73_R\ATR 73. Route 9 (Shore Rd), btwn Avalon Blvd & Sea Isle Blvd_60 Min Speed.pdf",1228153
"ATR 73. Route 9 (Shore Rd), btwn Avalon Blvd & Sea Isle Blvd_60 Min Speed.xlsx",.xlsx,C:\Users\Kschellinger\SJTPO_Git\TAZ_Modular\input\02_May ATRs\73_R,"C:\Users\Kschellinger\SJTPO_Git\TAZ_Modular\input\02_May ATRs\73_R\ATR 73. Route 9 (Shore Rd), btwn Avalon Blvd & Sea Isle Blvd_60 Min Speed.xlsx",32854
"ATR 73. Route 9 (Shore Rd), btwn Avalon Blvd & Sea Isle Blvd_60 Min Summary Length.pdf",.pdf,C:\Users\Kschellinger\SJTPO_Git\TAZ_Modular\input\02_May ATRs\73_R,"C:\Users\Kschellinger\SJTPO_Git\TAZ_Modular\input\02_May ATRs\73_R\ATR 73. Route 9 (Shore Rd), btwn Avalon Blvd & Sea Isle Blvd_60 Min Summary Length.pdf",946350
"ATR 73. Route 9 (Shore Rd), btwn Avalon Blvd & Sea Isle Blvd_60 Min Summary Length.xlsx",.xlsx,C:\Users\Kschellinger\SJTPO_Git\TAZ_Modular\input\02_May ATRs\73_R,"C:\Users\Kschellinger\SJTPO_Git\TAZ_Modular\input\02_May ATRs\73_R\ATR 73. Route 9 (Shore Rd), btwn Avalon Blvd & Sea Isle Blvd_60 Min Summary Length.xlsx",26501
"ATR 73. Route 9 (Shore Rd), btwn Avalon Blvd & Sea Isle Blvd_60 Min Volume.pdf",.pdf,C:\Users\Kschellinger\SJTPO_Git\TAZ_Modular\input\02_May ATRs\73_R,"C:\Users\Kschellinger\SJTPO_Git\TAZ_Modular\input\02_May ATRs\73_R\ATR 73. Route 9 (Shore Rd), btwn Avalon Blvd & Sea Isle Blvd_60 Min Volume.pdf",433312
"ATR 73. Route 9 (Shore Rd), btwn Avalon Blvd & Sea Isle Blvd_60 Min Volume.xlsx",.xlsx,C:\Users\Kschellinger\SJTPO_Git\TAZ_Modular\input\02_May ATRs\73_R,"C:\Users\Kschellinger\SJTPO_Git\TAZ_Modular\input\02_May ATRs\73_R\ATR 73. Route 9 (Shore Rd), btwn Avalon Blvd & Sea Isle Blvd_60 Min Volume.xlsx",18401
ATR 73_Part 1.snj,.snj,C:\Users\Kschellinger\SJTPO_Git\TAZ_Modular\input\02_May ATRs\73_R,C:\Users\Kschellinger\SJTPO_Git\TAZ_Modular\input\02_May ATRs\73_R\ATR 73_Part 1.snj,908767
ATR 73_Part 2.snj,.snj,C:\Users\Kschellinger\SJTPO_Git\TAZ_Modular\input\02_May ATRs\73_R,C:\Users\Kschellinger\SJTPO_Git\TAZ_Modular\input\02_May ATRs\73_R\ATR 73_Part 2.snj,826575
ATR. SJTDM Data Collection_RADAR LAYOUT - 73. Route 9 (Shore Rd).pdf,.pdf,C:\Users\Kschellinger\SJTPO_Git\TAZ_Modular\input\02_May ATRs\73_R,C:\Users\Kschellinger\SJTPO_Git\TAZ_Modular\input\02_May ATRs\73_R\ATR. SJTDM Data Collection_RADAR LAYOUT - 73. Route 9 (Shore Rd).pdf,258210
2020030080_20260514_095002_0.DAT,.DAT,C:\Users\Kschellinger\SJTPO_Git\TAZ_Modular\input\02_May ATRs\73_R\VOID,C:\Users\Kschellinger\SJTPO_Git\TAZ_Modular\input\02_May ATRs\73_R\VOID\2020030080_20260514_095002_0.DAT,325543
2020030080_20260518_120548_0.DAT,.DAT,C:\Users\Kschellinger\SJTPO_Git\TAZ_Modular\input\02_May ATRs\73_R\VOID,C:\Users\Kschellinger\SJTPO_Git\TAZ_Modular\input\02_May ATRs\73_R\VOID\2020030080_20260518_120548_0.DAT,293923
"ATR 73. Route 9 (Shore Rd), btwn Avalon Blvd & Sea Isle Blvd.snj",.snj,C:\Users\Kschellinger\SJTPO_Git\TAZ_Modular\input\02_May ATRs\73_R\VOID,"C:\Users\Kschellinger\SJTPO_Git\TAZ_Modular\input\02_May ATRs\73_R\VOID\ATR 73. Route 9 (Shore Rd), btwn Avalon Blvd & Sea Isle Blvd.snj",1624150
"ATR 73. Route 9 (Shore Rd), btwn Avalon Blvd & Sea Isle Blvd_15 Min Length.xlsx",.xlsx,C:\Users\Kschellinger\SJTPO_Git\TAZ_Modular\input\02_May ATRs\73_R\VOID,"C:\Users\Kschellinger\SJTPO_Git\TAZ_Modular\input\02_May ATRs\73_R\VOID\ATR 73. Route 9 (Shore Rd), btwn Avalon Blvd & Sea Isle Blvd_15 Min Length.xlsx",72546
"ATR 73. Route 9 (Shore Rd), btwn Avalon Blvd & Sea Isle Blvd_15 Min Speed.xlsx",.xlsx,C:\Users\Kschellinger\SJTPO_Git\TAZ_Modular\input\02_May ATRs\73_R\VOID,"C:\Users\Kschellinger\SJTPO_Git\TAZ_Modular\input\02_May ATRs\73_R\VOID\ATR 73. Route 9 (Shore Rd), btwn Avalon Blvd & Sea Isle Blvd_15 Min Speed.xlsx",68063
"ATR 73. Route 9 (Shore Rd), btwn Avalon Blvd & Sea Isle Blvd_15 Min Summary Length.xlsx",.xlsx,C:\Users\Kschellinger\SJTPO_Git\TAZ_Modular\input\02_May ATRs\73_R\VOID,"C:\Users\Kschellinger\SJTPO_Git\TAZ_Modular\input\02_May ATRs\73_R\VOID\ATR 73. Route 9 (Shore Rd), btwn Avalon Blvd & Sea Isle Blvd_15 Min Summary Length.xlsx",55036
"ATR 73. Route 9 (Shore Rd), btwn Avalon Blvd & Sea Isle Blvd_15 Min Volume.xlsx",.xlsx,C:\Users\Kschellinger\SJTPO_Git\TAZ_Modular\input\02_May ATRs\73_R\VOID,"C:\Users\Kschellinger\SJTPO_Git\TAZ_Modular\input\02_May ATRs\73_R\VOID\ATR 73. Route 9 (Shore Rd), btwn Avalon Blvd & Sea Isle Blvd_15 Min Volume.xlsx",28392
"ATR 73. Route 9 (Shore Rd), btwn Avalon Blvd & Sea Isle Blvd_60 Min Length.xlsx",.xlsx,C:\Users\Kschellinger\SJTPO_Git\TAZ_Modular\input\02_May ATRs\73_R\VOID,"C:\Users\Kschellinger\SJTPO_Git\TAZ_Modular\input\02_May ATRs\73_R\VOID\ATR 73. Route 9 (Shore Rd), btwn Avalon Blvd & Sea Isle Blvd_60 Min Length.xlsx",31604
"ATR 73. Route 9 (Shore Rd), btwn Avalon Blvd & Sea Isle Blvd_60 Min Speed.xlsx",.xlsx,C:\Users\Kschellinger\SJTPO_Git\TAZ_Modular\input\02_May ATRs\73_R\VOID,"C:\Users\Kschellinger\SJTPO_Git\TAZ_Modular\input\02_May ATRs\73_R\VOID\ATR 73. Route 9 (Shore Rd), btwn Avalon Blvd & Sea Isle Blvd_60 Min Speed.xlsx",30382
"ATR 73. Route 9 (Shore Rd), btwn Avalon Blvd & Sea Isle Blvd_60 Min Summary Length.xlsx",.xlsx,C:\Users\Kschellinger\SJTPO_Git\TAZ_Modular\input\02_May ATRs\73_R\VOID,"C:\Users\Kschellinger\SJTPO_Git\TAZ_Modular\input\02_May ATRs\73_R\VOID\ATR 73. Route 9 (Shore Rd), btwn Avalon Blvd & Sea Isle Blvd_60 Min Summary Length.xlsx",26925
"ATR 73. Route 9 (Shore Rd), btwn Avalon Blvd & Sea Isle Blvd_60 Min Volume.xlsx",.xlsx,C:\Users\Kschellinger\SJTPO_Git\TAZ_Modular\input\02_May ATRs\73_R\VOID,"C:\Users\Kschellinger\SJTPO_Git\TAZ_Modular\input\02_May ATRs\73_R\VOID\ATR 73. Route 9 (Shore Rd), btwn Avalon Blvd & Sea Isle Blvd_60 Min Volume.xlsx",18800
ATR 73_Part 1.tf2,.tf2,C:\Users\Kschellinger\SJTPO_Git\TAZ_Modular\input\02_May ATRs\73_R\VOID,C:\Users\Kschellinger\SJTPO_Git\TAZ_Modular\input\02_May ATRs\73_R\VOID\ATR 73_Part 1.tf2,1804303
ATR 73_Part 2.tf2,.tf2,C:\Users\Kschellinger\SJTPO_Git\TAZ_Modular\input\02_May ATRs\73_R\VOID,C:\Users\Kschellinger\SJTPO_Git\TAZ_Modular\input\02_May ATRs\73_R\VOID\ATR 73_Part 2.tf2,1631464
"ATR 74. NJ 47, btwn Capy May 628 & Route 83 - Class Data Analysis.pdf",.pdf,C:\Users\Kschellinger\SJTPO_Git\TAZ_Modular\input\02_May ATRs\74_R,"C:\Users\Kschellinger\SJTPO_Git\TAZ_Modular\input\02_May ATRs\74_R\ATR 74. NJ 47, btwn Capy May 628 & Route 83 - Class Data Analysis.pdf",1502018
"ATR 74. NJ 47, btwn Capy May 628 & Route 83.snj",.snj,C:\Users\Kschellinger\SJTPO_Git\TAZ_Modular\input\02_May ATRs\74_R,"C:\Users\Kschellinger\SJTPO_Git\TAZ_Modular\input\02_May ATRs\74_R\ATR 74. NJ 47, btwn Capy May 628 & Route 83.snj",4775833
"ATR 74. NJ 47, btwn Capy May 628 & Route 83_15 Min Length.pdf",.pdf,C:\Users\Kschellinger\SJTPO_Git\TAZ_Modular\input\02_May ATRs\74_R,"C:\Users\Kschellinger\SJTPO_Git\TAZ_Modular\input\02_May ATRs\74_R\ATR 74. NJ 47, btwn Capy May 628 & Route 83_15 Min Length.pdf",3494964
"ATR 74. NJ 47, btwn Capy May 628 & Route 83_15 Min Length.xlsx",.xlsx,C:\Users\Kschellinger\SJTPO_Git\TAZ_Modular\input\02_May ATRs\74_R,"C:\Users\Kschellinger\SJTPO_Git\TAZ_Modular\input\02_May ATRs\74_R\ATR 74. NJ 47, btwn Capy May 628 & Route 83_15 Min Length.xlsx",78777
"ATR 74. NJ 47, btwn Capy May 628 & Route 83_15 Min Speed.pdf",.pdf,C:\Users\Kschellinger\SJTPO_Git\TAZ_Modular\input\02_May ATRs\74_R,"C:\Users\Kschellinger\SJTPO_Git\TAZ_Modular\input\02_May ATRs\74_R\ATR 74. NJ 47, btwn Capy May 628 & Route 83_15 Min Speed.pdf",1234209
"ATR 74. NJ 47, btwn Capy May 628 & Route 83_15 Min Speed.xlsx",.xlsx,C:\Users\Kschellinger\SJTPO_Git\TAZ_Modular\input\02_May ATRs\74_R,"C:\Users\Kschellinger\SJTPO_Git\TAZ_Modular\input\02_May ATRs\74_R\ATR 74. NJ 47, btwn Capy May 628 & Route 83_15 Min Speed.xlsx",80982
"ATR 74. NJ 47, btwn Capy May 628 & Route 83_15 Min Summary Length.pdf",.pdf,C:\Users\Kschellinger\SJTPO_Git\TAZ_Modular\input\02_May ATRs\74_R,"C:\Users\Kschellinger\SJTPO_Git\TAZ_Modular\input\02_May ATRs\74_R\ATR 74. NJ 47, btwn Capy May 628 & Route 83_15 Min Summary Length.pdf",2846124
"ATR 74. NJ 47, btwn Capy May 628 & Route 83_15 Min Summary Length.xlsx",.xlsx,C:\Users\Kschellinger\SJTPO_Git\TAZ_Modular\input\02_May ATRs\74_R,"C:\Users\Kschellinger\SJTPO_Git\TAZ_Modular\input\02_May ATRs\74_R\ATR 74. NJ 47, btwn Capy May 628 & Route 83_15 Min Summary Length.xlsx",58383
"ATR 74. NJ 47, btwn Capy May 628 & Route 83_15 Min Volume.pdf",.pdf,C:\Users\Kschellinger\SJTPO_Git\TAZ_Modular\input\02_May ATRs\74_R,"C:\Users\Kschellinger\SJTPO_Git\TAZ_Modular\input\02_May ATRs\74_R\ATR 74. NJ 47, btwn Capy May 628 & Route 83_15 Min Volume.pdf",675612
"ATR 74. NJ 47, btwn Capy May 628 & Route 83_15 Min Volume.xlsx",.xlsx,C:\Users\Kschellinger\SJTPO_Git\TAZ_Modular\input\02_May ATRs\74_R,"C:\Users\Kschellinger\SJTPO_Git\TAZ_Modular\input\02_May ATRs\74_R\ATR 74. NJ 47, btwn Capy May 628 & Route 83_15 Min Volume.xlsx",28904
"ATR 74. NJ 47, btwn Capy May 628 & Route 83_60 Min Length.pdf",.pdf,C:\Users\Kschellinger\SJTPO_Git\TAZ_Modular\input\02_May ATRs\74_R,"C:\Users\Kschellinger\SJTPO_Git\TAZ_Modular\input\02_May ATRs\74_R\ATR 74. NJ 47, btwn Capy May 628 & Route 83_60 Min Length.pdf",1105333
"ATR 74. NJ 47, btwn Capy May 628 & Route 83_60 Min Length.xlsx",.xlsx,C:\Users\Kschellinger\SJTPO_Git\TAZ_Modular\input\02_May ATRs\74_R,"C:\Users\Kschellinger\SJTPO_Git\TAZ_Modular\input\02_May ATRs\74_R\ATR 74. NJ 47, btwn Capy May 628 & Route 83_60 Min Length.xlsx",33986
"ATR 74. NJ 47, btwn Capy May 628 & Route 83_60 Min Speed.pdf",.pdf,C:\Users\Kschellinger\SJTPO_Git\TAZ_Modular\input\02_May ATRs\74_R,"C:\Users\Kschellinger\SJTPO_Git\TAZ_Modular\input\02_May ATRs\74_R\ATR 74. NJ 47, btwn Capy May 628 & Route 83_60 Min Speed.pdf",1234237
"ATR 74. NJ 47, btwn Capy May 628 & Route 83_60 Min Speed.xlsx",.xlsx,C:\Users\Kschellinger\SJTPO_Git\TAZ_Modular\input\02_May ATRs\74_R,"C:\Users\Kschellinger\SJTPO_Git\TAZ_Modular\input\02_May ATRs\74_R\ATR 74. NJ 47, btwn Capy May 628 & Route 83_60 Min Speed.xlsx",34608
"ATR 74. NJ 47, btwn Capy May 628 & Route 83_60 Min Summary Length.pdf",.pdf,C:\Users\Kschellinger\SJTPO_Git\TAZ_Modular\input\02_May ATRs\74_R,"C:\Users\Kschellinger\SJTPO_Git\TAZ_Modular\input\02_May ATRs\74_R\ATR 74. NJ 47, btwn Capy May 628 & Route 83_60 Min Summary Length.pdf",951388
"ATR 74. NJ 47, btwn Capy May 628 & Route 83_60 Min Summary Length.xlsx",.xlsx,C:\Users\Kschellinger\SJTPO_Git\TAZ_Modular\input\02_May ATRs\74_R,"C:\Users\Kschellinger\SJTPO_Git\TAZ_Modular\input\02_May ATRs\74_R\ATR 74. NJ 47, btwn Capy May 628 & Route 83_60 Min Summary Length.xlsx",27358
"ATR 74. NJ 47, btwn Capy May 628 & Route 83_60 Min Volume.pdf",.pdf,C:\Users\Kschellinger\SJTPO_Git\TAZ_Modular\input\02_May ATRs\74_R,"C:\Users\Kschellinger\SJTPO_Git\TAZ_Modular\input\02_May ATRs\74_R\ATR 74. NJ 47, btwn Capy May 628 & Route 83_60 Min Volume.pdf",427155
"ATR 74. NJ 47, btwn Capy May 628 & Route 83_60 Min Volume.xlsx",.xlsx,C:\Users\Kschellinger\SJTPO_Git\TAZ_Modular\input\02_May ATRs\74_R,"C:\Users\Kschellinger\SJTPO_Git\TAZ_Modular\input\02_May ATRs\74_R\ATR 74. NJ 47, btwn Capy May 628 & Route 83_60 Min Volume.xlsx",18897
ATR 74_Part 1.snj,.snj,C:\Users\Kschellinger\SJTPO_Git\TAZ_Modular\input\02_May ATRs\74_R,C:\Users\Kschellinger\SJTPO_Git\TAZ_Modular\input\02_May ATRs\74_R\ATR 74_Part 1.snj,2208999
ATR 74_Part 2.snj,.snj,C:\Users\Kschellinger\SJTPO_Git\TAZ_Modular\input\02_May ATRs\74_R,C:\Users\Kschellinger\SJTPO_Git\TAZ_Modular\input\02_May ATRs\74_R\ATR 74_Part 2.snj,2021067
ATR. SJTDM Data Collection_RADAR LAYOUT - 74. NJ 47.pdf,.pdf,C:\Users\Kschellinger\SJTPO_Git\TAZ_Modular\input\02_May ATRs\74_R,C:\Users\Kschellinger\SJTPO_Git\TAZ_Modular\input\02_May ATRs\74_R\ATR. SJTDM Data Collection_RADAR LAYOUT - 74. NJ 47.pdf,263924
2020010037_20260514_102407_0.DAT,.DAT,C:\Users\Kschellinger\SJTPO_Git\TAZ_Modular\input\02_May ATRs\74_R\VOID,C:\Users\Kschellinger\SJTPO_Git\TAZ_Modular\input\02_May ATRs\74_R\VOID\2020010037_20260514_102407_0.DAT,799750
2020010037_20260518_121800_0.DAT,.DAT,C:\Users\Kschellinger\SJTPO_Git\TAZ_Modular\input\02_May ATRs\74_R\VOID,C:\Users\Kschellinger\SJTPO_Git\TAZ_Modular\input\02_May ATRs\74_R\VOID\2020010037_20260518_121800_0.DAT,730174
atr 74 bc37 part 1.tf2,.tf2,C:\Users\Kschellinger\SJTPO_Git\TAZ_Modular\input\02_May ATRs\74_R\VOID,C:\Users\Kschellinger\SJTPO_Git\TAZ_Modular\input\02_May ATRs\74_R\VOID\atr 74 bc37 part 1.tf2,4494895
atr 74 bc37 part 2.tf2,.tf2,C:\Users\Kschellinger\SJTPO_Git\TAZ_Modular\input\02_May ATRs\74_R\VOID,C:\Users\Kschellinger\SJTPO_Git\TAZ_Modular\input\02_May ATRs\74_R\VOID\atr 74 bc37 part 2.tf2,4101929
"ATR 74. NJ 47, btwn Capy May 628 & Route 83.snj",.snj,C:\Users\Kschellinger\SJTPO_Git\TAZ_Modular\input\02_May ATRs\74_R\VOID,"C:\Users\Kschellinger\SJTPO_Git\TAZ_Modular\input\02_May ATRs\74_R\VOID\ATR 74. NJ 47, btwn Capy May 628 & Route 83.snj",2842246
BcDmp.idx,.idx,C:\Users\Kschellinger\SJTPO_Git\TAZ_Modular\input\02_May ATRs\74_R\VOID,C:\Users\Kschellinger\SJTPO_Git\TAZ_Modular\input\02_May ATRs\74_R\VOID\BcDmp.idx,3092
2020010036_20260514_124856_0.DAT,.DAT,C:\Users\Kschellinger\SJTPO_Git\TAZ_Modular\input\02_May ATRs\75_R,C:\Users\Kschellinger\SJTPO_Git\TAZ_Modular\input\02_May ATRs\75_R\2020010036_20260514_124856_0.DAT,754041
2020010036_20260518_130240_0.DAT,.DAT,C:\Users\Kschellinger\SJTPO_Git\TAZ_Modular\input\02_May ATRs\75_R,C:\Users\Kschellinger\SJTPO_Git\TAZ_Modular\input\02_May ATRs\75_R\2020010036_20260518_130240_0.DAT,661829
"ATR 75. NJ 47, btwn Front Street & Route 347 - Class Data Analysis.pdf",.pdf,C:\Users\Kschellinger\SJTPO_Git\TAZ_Modular\input\02_May ATRs\75_R,"C:\Users\Kschellinger\SJTPO_Git\TAZ_Modular\input\02_May ATRs\75_R\ATR 75. NJ 47, btwn Front Street & Route 347 - Class Data Analysis.pdf",1515016
"ATR 75. NJ 47, btwn Front Street & Route 347.snj",.snj,C:\Users\Kschellinger\SJTPO_Git\TAZ_Modular\input\02_May ATRs\75_R,"C:\Users\Kschellinger\SJTPO_Git\TAZ_Modular\input\02_May ATRs\75_R\ATR 75. NJ 47, btwn Front Street & Route 347.snj",3138751
"ATR 75. NJ 47, btwn Front Street & Route 347_15 Min Length.pdf",.pdf,C:\Users\Kschellinger\SJTPO_Git\TAZ_Modular\input\02_May ATRs\75_R,"C:\Users\Kschellinger\SJTPO_Git\TAZ_Modular\input\02_May ATRs\75_R\ATR 75. NJ 47, btwn Front Street & Route 347_15 Min Length.pdf",3488427
"ATR 75. NJ 47, btwn Front Street & Route 347_15 Min Length.xlsx",.xlsx,C:\Users\Kschellinger\SJTPO_Git\TAZ_Modular\input\02_May ATRs\75_R,"C:\Users\Kschellinger\SJTPO_Git\TAZ_Modular\input\02_May ATRs\75_R\ATR 75. NJ 47, btwn Front Street & Route 347_15 Min Length.xlsx",77792
"ATR 75. NJ 47, btwn Front Street & Route 347_15 Min Speed.pdf",.pdf,C:\Users\Kschellinger\SJTPO_Git\TAZ_Modular\input\02_May ATRs\75_R,"C:\Users\Kschellinger\SJTPO_Git\TAZ_Modular\input\02_May ATRs\75_R\ATR 75. NJ 47, btwn Front Street & Route 347_15 Min Speed.pdf",3713016
"ATR 75. NJ 47, btwn Front Street & Route 347_15 Min Speed.xlsx",.xlsx,C:\Users\Kschellinger\SJTPO_Git\TAZ_Modular\input\02_May ATRs\75_R,"C:\Users\Kschellinger\SJTPO_Git\TAZ_Modular\input\02_May ATRs\75_R\ATR 75. NJ 47, btwn Front Street & Route 347_15 Min Speed.xlsx",81948
"ATR 75. NJ 47, btwn Front Street & Route 347_15 Min Summary Length.pdf",.pdf,C:\Users\Kschellinger\SJTPO_Git\TAZ_Modular\input\02_May ATRs\75_R,"C:\Users\Kschellinger\SJTPO_Git\TAZ_Modular\input\02_May ATRs\75_R\ATR 75. NJ 47, btwn Front Street & Route 347_15 Min Summary Length.pdf",2842444
"ATR 75. NJ 47, btwn Front Street & Route 347_15 Min Summary Length.xlsx",.xlsx,C:\Users\Kschellinger\SJTPO_Git\TAZ_Modular\input\02_May ATRs\75_R,"C:\Users\Kschellinger\SJTPO_Git\TAZ_Modular\input\02_May ATRs\75_R\ATR 75. NJ 47, btwn Front Street & Route 347_15 Min Summary Length.xlsx",57844
"ATR 75. NJ 47, btwn Front Street & Route 347_15 Min Volume.pdf",.pdf,C:\Users\Kschellinger\SJTPO_Git\TAZ_Modular\input\02_May ATRs\75_R,"C:\Users\Kschellinger\SJTPO_Git\TAZ_Modular\input\02_May ATRs\75_R\ATR 75. NJ 47, btwn Front Street & Route 347_15 Min Volume.pdf",676025
"ATR 75. NJ 47, btwn Front Street & Route 347_15 Min Volume.xlsx",.xlsx,C:\Users\Kschellinger\SJTPO_Git\TAZ_Modular\input\02_May ATRs\75_R,"C:\Users\Kschellinger\SJTPO_Git\TAZ_Modular\input\02_May ATRs\75_R\ATR 75. NJ 47, btwn Front Street & Route 347_15 Min Volume.xlsx",28864
"ATR 75. NJ 47, btwn Front Street & Route 347_60 Min Length.pdf",.pdf,C:\Users\Kschellinger\SJTPO_Git\TAZ_Modular\input\02_May ATRs\75_R,"C:\Users\Kschellinger\SJTPO_Git\TAZ_Modular\input\02_May ATRs\75_R\ATR 75. NJ 47, btwn Front Street & Route 347_60 Min Length.pdf",1163723
"ATR 75. NJ 47, btwn Front Street & Route 347_60 Min Length.xlsx",.xlsx,C:\Users\Kschellinger\SJTPO_Git\TAZ_Modular\input\02_May ATRs\75_R,"C:\Users\Kschellinger\SJTPO_Git\TAZ_Modular\input\02_May ATRs\75_R\ATR 75. NJ 47, btwn Front Street & Route 347_60 Min Length.xlsx",33641
"ATR 75. NJ 47, btwn Front Street & Route 347_60 Min Speed.pdf",.pdf,C:\Users\Kschellinger\SJTPO_Git\TAZ_Modular\input\02_May ATRs\75_R,"C:\Users\Kschellinger\SJTPO_Git\TAZ_Modular\input\02_May ATRs\75_R\ATR 75. NJ 47, btwn Front Street & Route 347_60 Min Speed.pdf",1234053
"ATR 75. NJ 47, btwn Front Street & Route 347_60 Min Speed.xlsx",.xlsx,C:\Users\Kschellinger\SJTPO_Git\TAZ_Modular\input\02_May ATRs\75_R,"C:\Users\Kschellinger\SJTPO_Git\TAZ_Modular\input\02_May ATRs\75_R\ATR 75. NJ 47, btwn Front Street & Route 347_60 Min Speed.xlsx",34664
"ATR 75. NJ 47, btwn Front Street & Route 347_60 Min Summary Length.pdf",.pdf,C:\Users\Kschellinger\SJTPO_Git\TAZ_Modular\input\02_May ATRs\75_R,"C:\Users\Kschellinger\SJTPO_Git\TAZ_Modular\input\02_May ATRs\75_R\ATR 75. NJ 47, btwn Front Street & Route 347_60 Min Summary Length.pdf",949167
"ATR 75. NJ 47, btwn Front Street & Route 347_60 Min Summary Length.xlsx",.xlsx,C:\Users\Kschellinger\SJTPO_Git\TAZ_Modular\input\02_May ATRs\75_R,"C:\Users\Kschellinger\SJTPO_Git\TAZ_Modular\input\02_May ATRs\75_R\ATR 75. NJ 47, btwn Front Street & Route 347_60 Min Summary Length.xlsx",27196
"ATR 75. NJ 47, btwn Front Street & Route 347_60 Min Volume.pdf",.pdf,C:\Users\Kschellinger\SJTPO_Git\TAZ_Modular\input\02_May ATRs\75_R,"C:\Users\Kschellinger\SJTPO_Git\TAZ_Modular\input\02_May ATRs\75_R\ATR 75. NJ 47, btwn Front Street & Route 347_60 Min Volume.pdf",427229
"ATR 75. NJ 47, btwn Front Street & Route 347_60 Min Volume.xlsx",.xlsx,C:\Users\Kschellinger\SJTPO_Git\TAZ_Modular\input\02_May ATRs\75_R,"C:\Users\Kschellinger\SJTPO_Git\TAZ_Modular\input\02_May ATRs\75_R\ATR 75. NJ 47, btwn Front Street & Route 347_60 Min Volume.xlsx",18489
ATR. SJTDM Data Collection_RADAR LAYOUT - 75. NJ 47.pdf,.pdf,C:\Users\Kschellinger\SJTPO_Git\TAZ_Modular\input\02_May ATRs\75_R,C:\Users\Kschellinger\SJTPO_Git\TAZ_Modular\input\02_May ATRs\75_R\ATR. SJTDM Data Collection_RADAR LAYOUT - 75. NJ 47.pdf,257432
BC 36_ATR 75 Part 1.tf2,.tf2,C:\Users\Kschellinger\SJTPO_Git\TAZ_Modular\input\02_May ATRs\75_R,C:\Users\Kschellinger\SJTPO_Git\TAZ_Modular\input\02_May ATRs\75_R\BC 36_ATR 75 Part 1.tf2,4753620
BC 36_ATR 75 Part 2.tf2,.tf2,C:\Users\Kschellinger\SJTPO_Git\TAZ_Modular\input\02_May ATRs\75_R,C:\Users\Kschellinger\SJTPO_Git\TAZ_Modular\input\02_May ATRs\75_R\BC 36_ATR 75 Part 2.tf2,4178992
BcDmp.idx,.idx,C:\Users\Kschellinger\SJTPO_Git\TAZ_Modular\input\02_May ATRs\75_R,C:\Users\Kschellinger\SJTPO_Git\TAZ_Modular\input\02_May ATRs\75_R\BcDmp.idx,3092
2025063036_20260504_091813_0.DAT,.DAT,C:\Users\Kschellinger\SJTPO_Git\TAZ_Modular\input\02_May ATRs\75_R\VOID,C:\Users\Kschellinger\SJTPO_Git\TAZ_Modular\input\02_May ATRs\75_R\VOID\2025063036_20260504_091813_0.DAT,486517
2025063036_20260508_095118_0.DAT,.DAT,C:\Users\Kschellinger\SJTPO_Git\TAZ_Modular\input\02_May ATRs\75_R\VOID,C:\Users\Kschellinger\SJTPO_Git\TAZ_Modular\input\02_May ATRs\75_R\VOID\2025063036_20260508_095118_0.DAT,549409
ATR 75_Part 1.tf2,.tf2,C:\Users\Kschellinger\SJTPO_Git\TAZ_Modular\input\02_May ATRs\75_R\VOID,C:\Users\Kschellinger\SJTPO_Git\TAZ_Modular\input\02_May ATRs\75_R\VOID\ATR 75_Part 1.tf2,3059592
ATR 75_Part 2.tf2,.tf2,C:\Users\Kschellinger\SJTPO_Git\TAZ_Modular\input\02_May ATRs\75_R\VOID,C:\Users\Kschellinger\SJTPO_Git\TAZ_Modular\input\02_May ATRs\75_R\VOID\ATR 75_Part 2.tf2,3459534
"ATR 76. Black Horse Pike, Out front of Wawa_15 Minute.csv",.csv,C:\Users\Kschellinger\SJTPO_Git\TAZ_Modular\input\02_May ATRs\76_V,"C:\Users\Kschellinger\SJTPO_Git\TAZ_Modular\input\02_May ATRs\76_V\ATR 76. Black Horse Pike, Out front of Wawa_15 Minute.csv",142320
"ATR 76. Black Horse Pike, Out front of Wawa_15 Minute.pdf",.pdf,C:\Users\Kschellinger\SJTPO_Git\TAZ_Modular\input\02_May ATRs\76_V,"C:\Users\Kschellinger\SJTPO_Git\TAZ_Modular\input\02_May ATRs\76_V\ATR 76. Black Horse Pike, Out front of Wawa_15 Minute.pdf",472070
"ATR 76. Black Horse Pike, Out front of Wawa_15 Minute.xlsx",.xlsx,C:\Users\Kschellinger\SJTPO_Git\TAZ_Modular\input\02_May ATRs\76_V,"C:\Users\Kschellinger\SJTPO_Git\TAZ_Modular\input\02_May ATRs\76_V\ATR 76. Black Horse Pike, Out front of Wawa_15 Minute.xlsx",1206326
"ATR 76. Black Horse Pike, Out front of Wawa_60 Minute.csv",.csv,C:\Users\Kschellinger\SJTPO_Git\TAZ_Modular\input\02_May ATRs\76_V,"C:\Users\Kschellinger\SJTPO_Git\TAZ_Modular\input\02_May ATRs\76_V\ATR 76. Black Horse Pike, Out front of Wawa_60 Minute.csv",36988
"ATR 76. Black Horse Pike, Out front of Wawa_60 Minute.pdf",.pdf,C:\Users\Kschellinger\SJTPO_Git\TAZ_Modular\input\02_May ATRs\76_V,"C:\Users\Kschellinger\SJTPO_Git\TAZ_Modular\input\02_May ATRs\76_V\ATR 76. Black Horse Pike, Out front of Wawa_60 Minute.pdf",341394
"ATR 76. Black Horse Pike, Out front of Wawa_60 Minute.xlsx",.xlsx,C:\Users\Kschellinger\SJTPO_Git\TAZ_Modular\input\02_May ATRs\76_V,"C:\Users\Kschellinger\SJTPO_Git\TAZ_Modular\input\02_May ATRs\76_V\ATR 76. Black Horse Pike, Out front of Wawa_60 Minute.xlsx",391819
ATR 76. Black Horse Pike_Screen Captures.pdf,.pdf,C:\Users\Kschellinger\SJTPO_Git\TAZ_Modular\input\02_May ATRs\76_V,C:\Users\Kschellinger\SJTPO_Git\TAZ_Modular\input\02_May ATRs\76_V\ATR 76. Black Horse Pike_Screen Captures.pdf,224014
2020010036_20260501_112611_0.DAT,.DAT,C:\Users\Kschellinger\SJTPO_Git\TAZ_Modular\input\02_May ATRs\77_R,C:\Users\Kschellinger\SJTPO_Git\TAZ_Modular\input\02_May ATRs\77_R\2020010036_20260501_112611_0.DAT,522049
2020010036_20260505_124914_0.DAT,.DAT,C:\Users\Kschellinger\SJTPO_Git\TAZ_Modular\input\02_May ATRs\77_R,C:\Users\Kschellinger\SJTPO_Git\TAZ_Modular\input\02_May ATRs\77_R\2020010036_20260505_124914_0.DAT,501841
77 bc part 1.tf2,.tf2,C:\Users\Kschellinger\SJTPO_Git\TAZ_Modular\input\02_May ATRs\77_R,C:\Users\Kschellinger\SJTPO_Git\TAZ_Modular\input\02_May ATRs\77_R\77 bc part 1.tf2,3286342
77 bc part 2.tf2,.tf2,C:\Users\Kschellinger\SJTPO_Git\TAZ_Modular\input\02_May ATRs\77_R,C:\Users\Kschellinger\SJTPO_Git\TAZ_Modular\input\02_May ATRs\77_R\77 bc part 2.tf2,3160412
"ATR 77. Wrangleboro Road, btwn AC Expressway & Rt 563 (Tilton Rd) - Class Data Analysis.pdf",.pdf,C:\Users\Kschellinger\SJTPO_Git\TAZ_Modular\input\02_May ATRs\77_R,"C:\Users\Kschellinger\SJTPO_Git\TAZ_Modular\input\02_May ATRs\77_R\ATR 77. Wrangleboro Road, btwn AC Expressway & Rt 563 (Tilton Rd) - Class Data Analysis.pdf",1532257
"ATR 77. Wrangleboro Road, btwn AC Expressway & Rt 563 (Tilton Rd).snj",.snj,C:\Users\Kschellinger\SJTPO_Git\TAZ_Modular\input\02_May ATRs\77_R,"C:\Users\Kschellinger\SJTPO_Git\TAZ_Modular\input\02_May ATRs\77_R\ATR 77. Wrangleboro Road, btwn AC Expressway & Rt 563 (Tilton Rd).snj",2359106
"ATR 77. Wrangleboro Road, btwn AC Expressway & Rt 563 (Tilton Rd)_15 Min Length.pdf",.pdf,C:\Users\Kschellinger\SJTPO_Git\TAZ_Modular\input\02_May ATRs\77_R,"C:\Users\Kschellinger\SJTPO_Git\TAZ_Modular\input\02_May ATRs\77_R\ATR 77. Wrangleboro Road, btwn AC Expressway & Rt 563 (Tilton Rd)_15 Min Length.pdf",3495506
"ATR 77. Wrangleboro Road, btwn AC Expressway & Rt 563 (Tilton Rd)_15 Min Length.xlsx",.xlsx,C:\Users\Kschellinger\SJTPO_Git\TAZ_Modular\input\02_May ATRs\77_R,"C:\Users\Kschellinger\SJTPO_Git\TAZ_Modular\input\02_May ATRs\77_R\ATR 77. Wrangleboro Road, btwn AC Expressway & Rt 563 (Tilton Rd)_15 Min Length.xlsx",72833
"ATR 77. Wrangleboro Road, btwn AC Expressway & Rt 563 (Tilton Rd)_15 Min Speed.pdf",.pdf,C:\Users\Kschellinger\SJTPO_Git\TAZ_Modular\input\02_May ATRs\77_R,"C:\Users\Kschellinger\SJTPO_Git\TAZ_Modular\input\02_May ATRs\77_R\ATR 77. Wrangleboro Road, btwn AC Expressway & Rt 563 (Tilton Rd)_15 Min Speed.pdf",3718495
"ATR 77. Wrangleboro Road, btwn AC Expressway & Rt 563 (Tilton Rd)_15 Min Speed.xlsx",.xlsx,C:\Users\Kschellinger\SJTPO_Git\TAZ_Modular\input\02_May ATRs\77_R,"C:\Users\Kschellinger\SJTPO_Git\TAZ_Modular\input\02_May ATRs\77_R\ATR 77. Wrangleboro Road, btwn AC Expressway & Rt 563 (Tilton Rd)_15 Min Speed.xlsx",79265
"ATR 77. Wrangleboro Road, btwn AC Expressway & Rt 563 (Tilton Rd)_15 Min Summary Length.pdf",.pdf,C:\Users\Kschellinger\SJTPO_Git\TAZ_Modular\input\02_May ATRs\77_R,"C:\Users\Kschellinger\SJTPO_Git\TAZ_Modular\input\02_May ATRs\77_R\ATR 77. Wrangleboro Road, btwn AC Expressway & Rt 563 (Tilton Rd)_15 Min Summary Length.pdf",2844316
"ATR 77. Wrangleboro Road, btwn AC Expressway & Rt 563 (Tilton Rd)_15 Min Summary Length.xlsx",.xlsx,C:\Users\Kschellinger\SJTPO_Git\TAZ_Modular\input\02_May ATRs\77_R,"C:\Users\Kschellinger\SJTPO_Git\TAZ_Modular\input\02_May ATRs\77_R\ATR 77. Wrangleboro Road, btwn AC Expressway & Rt 563 (Tilton Rd)_15 Min Summary Length.xlsx",55663
"ATR 77. Wrangleboro Road, btwn AC Expressway & Rt 563 (Tilton Rd)_15 Min Volume.pdf",.pdf,C:\Users\Kschellinger\SJTPO_Git\TAZ_Modular\input\02_May ATRs\77_R,"C:\Users\Kschellinger\SJTPO_Git\TAZ_Modular\input\02_May ATRs\77_R\ATR 77. Wrangleboro Road, btwn AC Expressway & Rt 563 (Tilton Rd)_15 Min Volume.pdf",676591
"ATR 77. Wrangleboro Road, btwn AC Expressway & Rt 563 (Tilton Rd)_15 Min Volume.xlsx",.xlsx,C:\Users\Kschellinger\SJTPO_Git\TAZ_Modular\input\02_May ATRs\77_R,"C:\Users\Kschellinger\SJTPO_Git\TAZ_Modular\input\02_May ATRs\77_R\ATR 77. Wrangleboro Road, btwn AC Expressway & Rt 563 (Tilton Rd)_15 Min Volume.xlsx",28697
"ATR 77. Wrangleboro Road, btwn AC Expressway & Rt 563 (Tilton Rd)_60 Min Length.pdf",.pdf,C:\Users\Kschellinger\SJTPO_Git\TAZ_Modular\input\02_May ATRs\77_R,"C:\Users\Kschellinger\SJTPO_Git\TAZ_Modular\input\02_May ATRs\77_R\ATR 77. Wrangleboro Road, btwn AC Expressway & Rt 563 (Tilton Rd)_60 Min Length.pdf",1163587
"ATR 77. Wrangleboro Road, btwn AC Expressway & Rt 563 (Tilton Rd)_60 Min Length.xlsx",.xlsx,C:\Users\Kschellinger\SJTPO_Git\TAZ_Modular\input\02_May ATRs\77_R,"C:\Users\Kschellinger\SJTPO_Git\TAZ_Modular\input\02_May ATRs\77_R\ATR 77. Wrangleboro Road, btwn AC Expressway & Rt 563 (Tilton Rd)_60 Min Length.xlsx",32085
"ATR 77. Wrangleboro Road, btwn AC Expressway & Rt 563 (Tilton Rd)_60 Min Speed.pdf",.pdf,C:\Users\Kschellinger\SJTPO_Git\TAZ_Modular\input\02_May ATRs\77_R,"C:\Users\Kschellinger\SJTPO_Git\TAZ_Modular\input\02_May ATRs\77_R\ATR 77. Wrangleboro Road, btwn AC Expressway & Rt 563 (Tilton Rd)_60 Min Speed.pdf",1234843
"ATR 77. Wrangleboro Road, btwn AC Expressway & Rt 563 (Tilton Rd)_60 Min Speed.xlsx",.xlsx,C:\Users\Kschellinger\SJTPO_Git\TAZ_Modular\input\02_May ATRs\77_R,"C:\Users\Kschellinger\SJTPO_Git\TAZ_Modular\input\02_May ATRs\77_R\ATR 77. Wrangleboro Road, btwn AC Expressway & Rt 563 (Tilton Rd)_60 Min Speed.xlsx",33723
"ATR 77. Wrangleboro Road, btwn AC Expressway & Rt 563 (Tilton Rd)_60 Min Summary Length.pdf",.pdf,C:\Users\Kschellinger\SJTPO_Git\TAZ_Modular\input\02_May ATRs\77_R,"C:\Users\Kschellinger\SJTPO_Git\TAZ_Modular\input\02_May ATRs\77_R\ATR 77. Wrangleboro Road, btwn AC Expressway & Rt 563 (Tilton Rd)_60 Min Summary Length.pdf",949549
"ATR 77. Wrangleboro Road, btwn AC Expressway & Rt 563 (Tilton Rd)_60 Min Summary Length.xlsx",.xlsx,C:\Users\Kschellinger\SJTPO_Git\TAZ_Modular\input\02_May ATRs\77_R,"C:\Users\Kschellinger\SJTPO_Git\TAZ_Modular\input\02_May ATRs\77_R\ATR 77. Wrangleboro Road, btwn AC Expressway & Rt 563 (Tilton Rd)_60 Min Summary Length.xlsx",26995
"ATR 77. Wrangleboro Road, btwn AC Expressway & Rt 563 (Tilton Rd)_60 Min Volume.pdf",.pdf,C:\Users\Kschellinger\SJTPO_Git\TAZ_Modular\input\02_May ATRs\77_R,"C:\Users\Kschellinger\SJTPO_Git\TAZ_Modular\input\02_May ATRs\77_R\ATR 77. Wrangleboro Road, btwn AC Expressway & Rt 563 (Tilton Rd)_60 Min Volume.pdf",430607
"ATR 77. Wrangleboro Road, btwn AC Expressway & Rt 563 (Tilton Rd)_60 Min Volume.xlsx",.xlsx,C:\Users\Kschellinger\SJTPO_Git\TAZ_Modular\input\02_May ATRs\77_R,"C:\Users\Kschellinger\SJTPO_Git\TAZ_Modular\input\02_May ATRs\77_R\ATR 77. Wrangleboro Road, btwn AC Expressway & Rt 563 (Tilton Rd)_60 Min Volume.xlsx",18476
ATR. SJTDM Data Collection_RADAR LAYOUT - 77. Wrangleboro Rd.pdf,.pdf,C:\Users\Kschellinger\SJTPO_Git\TAZ_Modular\input\02_May ATRs\77_R,C:\Users\Kschellinger\SJTPO_Git\TAZ_Modular\input\02_May ATRs\77_R\ATR. SJTDM Data Collection_RADAR LAYOUT - 77. Wrangleboro Rd.pdf,267924
"ATR 78. Brigantine Boulevard, 250 feet South of Shore Design & Development_15 Minute.csv",.csv,C:\Users\Kschellinger\SJTPO_Git\TAZ_Modular\input\02_May ATRs\78_V,"C:\Users\Kschellinger\SJTPO_Git\TAZ_Modular\input\02_May ATRs\78_V\ATR 78. Brigantine Boulevard, 250 feet South of Shore Design & Development_15 Minute.csv",140645
"ATR 78. Brigantine Boulevard, 250 feet South of Shore Design & Development_15 Minute.pdf",.pdf,C:\Users\Kschellinger\SJTPO_Git\TAZ_Modular\input\02_May ATRs\78_V,"C:\Users\Kschellinger\SJTPO_Git\TAZ_Modular\input\02_May ATRs\78_V\ATR 78. Brigantine Boulevard, 250 feet South of Shore Design & Development_15 Minute.pdf",523881
"ATR 78. Brigantine Boulevard, 250 feet South of Shore Design & Development_15 Minute.xlsx",.xlsx,C:\Users\Kschellinger\SJTPO_Git\TAZ_Modular\input\02_May ATRs\78_V,"C:\Users\Kschellinger\SJTPO_Git\TAZ_Modular\input\02_May ATRs\78_V\ATR 78. Brigantine Boulevard, 250 feet South of Shore Design & Development_15 Minute.xlsx",1202304
"ATR 78. Brigantine Boulevard, 250 feet South of Shore Design & Development_60 Minute.csv",.csv,C:\Users\Kschellinger\SJTPO_Git\TAZ_Modular\input\02_May ATRs\78_V,"C:\Users\Kschellinger\SJTPO_Git\TAZ_Modular\input\02_May ATRs\78_V\ATR 78. Brigantine Boulevard, 250 feet South of Shore Design & Development_60 Minute.csv",36725
"ATR 78. Brigantine Boulevard, 250 feet South of Shore Design & Development_60 Minute.pdf",.pdf,C:\Users\Kschellinger\SJTPO_Git\TAZ_Modular\input\02_May ATRs\78_V,"C:\Users\Kschellinger\SJTPO_Git\TAZ_Modular\input\02_May ATRs\78_V\ATR 78. Brigantine Boulevard, 250 feet South of Shore Design & Development_60 Minute.pdf",397175
"ATR 78. Brigantine Boulevard, 250 feet South of Shore Design & Development_60 Minute.xlsx",.xlsx,C:\Users\Kschellinger\SJTPO_Git\TAZ_Modular\input\02_May ATRs\78_V,"C:\Users\Kschellinger\SJTPO_Git\TAZ_Modular\input\02_May ATRs\78_V\ATR 78. Brigantine Boulevard, 250 feet South of Shore Design & Development_60 Minute.xlsx",390951
ATR 78. Brigantine Boulevard_Screen Captures.pdf,.pdf,C:\Users\Kschellinger\SJTPO_Git\TAZ_Modular\input\02_May ATRs\78_V,C:\Users\Kschellinger\SJTPO_Git\TAZ_Modular\input\02_May ATRs\78_V\ATR 78. Brigantine Boulevard_Screen Captures.pdf,227404
2020010037_20260501_084155_0.DAT,.DAT,C:\Users\Kschellinger\SJTPO_Git\TAZ_Modular\input\02_May ATRs\79_R,C:\Users\Kschellinger\SJTPO_Git\TAZ_Modular\input\02_May ATRs\79_R\2020010037_20260501_084155_0.DAT,357113
2020010037_20260505_110422_0.DAT,.DAT,C:\Users\Kschellinger\SJTPO_Git\TAZ_Modular\input\02_May ATRs\79_R,C:\Users\Kschellinger\SJTPO_Git\TAZ_Modular\input\02_May ATRs\79_R\2020010037_20260505_110422_0.DAT,364949
79 bc part 1.tf2,.tf2,C:\Users\Kschellinger\SJTPO_Git\TAZ_Modular\input\02_May ATRs\79_R,C:\Users\Kschellinger\SJTPO_Git\TAZ_Modular\input\02_May ATRs\79_R\79 bc part 1.tf2,2229061
79 bc part 2.tf2,.tf2,C:\Users\Kschellinger\SJTPO_Git\TAZ_Modular\input\02_May ATRs\79_R,C:\Users\Kschellinger\SJTPO_Git\TAZ_Modular\input\02_May ATRs\79_R\79 bc part 2.tf2,2285660
"ATR 79. Longport Blvd, btwn Seaview Dr & Sunset Ave - Class Data Analysis.pdf",.pdf,C:\Users\Kschellinger\SJTPO_Git\TAZ_Modular\input\02_May ATRs\79_R,"C:\Users\Kschellinger\SJTPO_Git\TAZ_Modular\input\02_May ATRs\79_R\ATR 79. Longport Blvd, btwn Seaview Dr & Sunset Ave - Class Data Analysis.pdf",1518916
"ATR 79. Longport Blvd, btwn Seaview Dr & Sunset Ave.snj",.snj,C:\Users\Kschellinger\SJTPO_Git\TAZ_Modular\input\02_May ATRs\79_R,"C:\Users\Kschellinger\SJTPO_Git\TAZ_Modular\input\02_May ATRs\79_R\ATR 79. Longport Blvd, btwn Seaview Dr & Sunset Ave.snj",1749058
"ATR 79. Longport Blvd, btwn Seaview Dr & Sunset Ave_15 Min Length.pdf",.pdf,C:\Users\Kschellinger\SJTPO_Git\TAZ_Modular\input\02_May ATRs\79_R,"C:\Users\Kschellinger\SJTPO_Git\TAZ_Modular\input\02_May ATRs\79_R\ATR 79. Longport Blvd, btwn Seaview Dr & Sunset Ave_15 Min Length.pdf",3484350
"ATR 79. Longport Blvd, btwn Seaview Dr & Sunset Ave_15 Min Length.xlsx",.xlsx,C:\Users\Kschellinger\SJTPO_Git\TAZ_Modular\input\02_May ATRs\79_R,"C:\Users\Kschellinger\SJTPO_Git\TAZ_Modular\input\02_May ATRs\79_R\ATR 79. Longport Blvd, btwn Seaview Dr & Sunset Ave_15 Min Length.xlsx",75293
"ATR 79. Longport Blvd, btwn Seaview Dr & Sunset Ave_15 Min Speed.pdf",.pdf,C:\Users\Kschellinger\SJTPO_Git\TAZ_Modular\input\02_May ATRs\79_R,"C:\Users\Kschellinger\SJTPO_Git\TAZ_Modular\input\02_May ATRs\79_R\ATR 79. Longport Blvd, btwn Seaview Dr & Sunset Ave_15 Min Speed.pdf",1226968
"ATR 79. Longport Blvd, btwn Seaview Dr & Sunset Ave_15 Min Speed.xlsx",.xlsx,C:\Users\Kschellinger\SJTPO_Git\TAZ_Modular\input\02_May ATRs\79_R,"C:\Users\Kschellinger\SJTPO_Git\TAZ_Modular\input\02_May ATRs\79_R\ATR 79. Longport Blvd, btwn Seaview Dr & Sunset Ave_15 Min Speed.xlsx",77392
"ATR 79. Longport Blvd, btwn Seaview Dr & Sunset Ave_15 Min Summary Length.pdf",.pdf,C:\Users\Kschellinger\SJTPO_Git\TAZ_Modular\input\02_May ATRs\79_R,"C:\Users\Kschellinger\SJTPO_Git\TAZ_Modular\input\02_May ATRs\79_R\ATR 79. Longport Blvd, btwn Seaview Dr & Sunset Ave_15 Min Summary Length.pdf",2829717
"ATR 79. Longport Blvd, btwn Seaview Dr & Sunset Ave_15 Min Summary Length.xlsx",.xlsx,C:\Users\Kschellinger\SJTPO_Git\TAZ_Modular\input\02_May ATRs\79_R,"C:\Users\Kschellinger\SJTPO_Git\TAZ_Modular\input\02_May ATRs\79_R\ATR 79. Longport Blvd, btwn Seaview Dr & Sunset Ave_15 Min Summary Length.xlsx",56861
"ATR 79. Longport Blvd, btwn Seaview Dr & Sunset Ave_15 Min Volume.pdf",.pdf,C:\Users\Kschellinger\SJTPO_Git\TAZ_Modular\input\02_May ATRs\79_R,"C:\Users\Kschellinger\SJTPO_Git\TAZ_Modular\input\02_May ATRs\79_R\ATR 79. Longport Blvd, btwn Seaview Dr & Sunset Ave_15 Min Volume.pdf",671710
"ATR 79. Longport Blvd, btwn Seaview Dr & Sunset Ave_15 Min Volume.xlsx",.xlsx,C:\Users\Kschellinger\SJTPO_Git\TAZ_Modular\input\02_May ATRs\79_R,"C:\Users\Kschellinger\SJTPO_Git\TAZ_Modular\input\02_May ATRs\79_R\ATR 79. Longport Blvd, btwn Seaview Dr & Sunset Ave_15 Min Volume.xlsx",28127
"ATR 79. Longport Blvd, btwn Seaview Dr & Sunset Ave_60 Min Length.pdf",.pdf,C:\Users\Kschellinger\SJTPO_Git\TAZ_Modular\input\02_May ATRs\79_R,"C:\Users\Kschellinger\SJTPO_Git\TAZ_Modular\input\02_May ATRs\79_R\ATR 79. Longport Blvd, btwn Seaview Dr & Sunset Ave_60 Min Length.pdf",1163064
"ATR 79. Longport Blvd, btwn Seaview Dr & Sunset Ave_60 Min Length.xlsx",.xlsx,C:\Users\Kschellinger\SJTPO_Git\TAZ_Modular\input\02_May ATRs\79_R,"C:\Users\Kschellinger\SJTPO_Git\TAZ_Modular\input\02_May ATRs\79_R\ATR 79. Longport Blvd, btwn Seaview Dr & Sunset Ave_60 Min Length.xlsx",33022
"ATR 79. Longport Blvd, btwn Seaview Dr & Sunset Ave_60 Min Speed.pdf",.pdf,C:\Users\Kschellinger\SJTPO_Git\TAZ_Modular\input\02_May ATRs\79_R,"C:\Users\Kschellinger\SJTPO_Git\TAZ_Modular\input\02_May ATRs\79_R\ATR 79. Longport Blvd, btwn Seaview Dr & Sunset Ave_60 Min Speed.pdf",1226966
"ATR 79. Longport Blvd, btwn Seaview Dr & Sunset Ave_60 Min Speed.xlsx",.xlsx,C:\Users\Kschellinger\SJTPO_Git\TAZ_Modular\input\02_May ATRs\79_R,"C:\Users\Kschellinger\SJTPO_Git\TAZ_Modular\input\02_May ATRs\79_R\ATR 79. Longport Blvd, btwn Seaview Dr & Sunset Ave_60 Min Speed.xlsx",33157
"ATR 79. Longport Blvd, btwn Seaview Dr & Sunset Ave_60 Min Summary Length.pdf",.pdf,C:\Users\Kschellinger\SJTPO_Git\TAZ_Modular\input\02_May ATRs\79_R,"C:\Users\Kschellinger\SJTPO_Git\TAZ_Modular\input\02_May ATRs\79_R\ATR 79. Longport Blvd, btwn Seaview Dr & Sunset Ave_60 Min Summary Length.pdf",947618
"ATR 79. Longport Blvd, btwn Seaview Dr & Sunset Ave_60 Min Summary Length.xlsx",.xlsx,C:\Users\Kschellinger\SJTPO_Git\TAZ_Modular\input\02_May ATRs\79_R,"C:\Users\Kschellinger\SJTPO_Git\TAZ_Modular\input\02_May ATRs\79_R\ATR 79. Longport Blvd, btwn Seaview Dr & Sunset Ave_60 Min Summary Length.xlsx",26883
"ATR 79. Longport Blvd, btwn Seaview Dr & Sunset Ave_60 Min Volume.pdf",.pdf,C:\Users\Kschellinger\SJTPO_Git\TAZ_Modular\input\02_May ATRs\79_R,"C:\Users\Kschellinger\SJTPO_Git\TAZ_Modular\input\02_May ATRs\79_R\ATR 79. Longport Blvd, btwn Seaview Dr & Sunset Ave_60 Min Volume.pdf",429363
"ATR 79. Longport Blvd, btwn Seaview Dr & Sunset Ave_60 Min Volume.xlsx",.xlsx,C:\Users\Kschellinger\SJTPO_Git\TAZ_Modular\input\02_May ATRs\79_R,"C:\Users\Kschellinger\SJTPO_Git\TAZ_Modular\input\02_May ATRs\79_R\ATR 79. Longport Blvd, btwn Seaview Dr & Sunset Ave_60 Min Volume.xlsx",18431
ATR. SJTDM Data Collection_RADAR LAYOUT - 79. Longport Blvd.pdf,.pdf,C:\Users\Kschellinger\SJTPO_Git\TAZ_Modular\input\02_May ATRs\79_R,C:\Users\Kschellinger\SJTPO_Git\TAZ_Modular\input\02_May ATRs\79_R\ATR. SJTDM Data Collection_RADAR LAYOUT - 79. Longport Blvd.pdf,257859
"ATR 80. NJ 109 Cape May Canal Bridge, 950 feet South of bridge_15 Minute.csv",.csv,C:\Users\Kschellinger\SJTPO_Git\TAZ_Modular\input\02_May ATRs\80_V,"C:\Users\Kschellinger\SJTPO_Git\TAZ_Modular\input\02_May ATRs\80_V\ATR 80. NJ 109 Cape May Canal Bridge, 950 feet South of bridge_15 Minute.csv",140750
"ATR 80. NJ 109 Cape May Canal Bridge, 950 feet South of bridge_15 Minute.pdf",.pdf,C:\Users\Kschellinger\SJTPO_Git\TAZ_Modular\input\02_May ATRs\80_V,"C:\Users\Kschellinger\SJTPO_Git\TAZ_Modular\input\02_May ATRs\80_V\ATR 80. NJ 109 Cape May Canal Bridge, 950 feet South of bridge_15 Minute.pdf",518189
"ATR 80. NJ 109 Cape May Canal Bridge, 950 feet South of bridge_15 Minute.xlsx",.xlsx,C:\Users\Kschellinger\SJTPO_Git\TAZ_Modular\input\02_May ATRs\80_V,"C:\Users\Kschellinger\SJTPO_Git\TAZ_Modular\input\02_May ATRs\80_V\ATR 80. NJ 109 Cape May Canal Bridge, 950 feet South of bridge_15 Minute.xlsx",1202611
"ATR 80. NJ 109 Cape May Canal Bridge, 950 feet South of bridge_60 Minute.csv",.csv,C:\Users\Kschellinger\SJTPO_Git\TAZ_Modular\input\02_May ATRs\80_V,"C:\Users\Kschellinger\SJTPO_Git\TAZ_Modular\input\02_May ATRs\80_V\ATR 80. NJ 109 Cape May Canal Bridge, 950 feet South of bridge_60 Minute.csv",36736
"ATR 80. NJ 109 Cape May Canal Bridge, 950 feet South of bridge_60 Minute.pdf",.pdf,C:\Users\Kschellinger\SJTPO_Git\TAZ_Modular\input\02_May ATRs\80_V,"C:\Users\Kschellinger\SJTPO_Git\TAZ_Modular\input\02_May ATRs\80_V\ATR 80. NJ 109 Cape May Canal Bridge, 950 feet South of bridge_60 Minute.pdf",391403
"ATR 80. NJ 109 Cape May Canal Bridge, 950 feet South of bridge_60 Minute.xlsx",.xlsx,C:\Users\Kschellinger\SJTPO_Git\TAZ_Modular\input\02_May ATRs\80_V,"C:\Users\Kschellinger\SJTPO_Git\TAZ_Modular\input\02_May ATRs\80_V\ATR 80. NJ 109 Cape May Canal Bridge, 950 feet South of bridge_60 Minute.xlsx",391126
ATR 80. NJ 109 Cape May Canal Bridge_Screen Captures.pdf,.pdf,C:\Users\Kschellinger\SJTPO_Git\TAZ_Modular\input\02_May ATRs\80_V,C:\Users\Kschellinger\SJTPO_Git\TAZ_Modular\input\02_May ATRs\80_V\ATR 80. NJ 109 Cape May Canal Bridge_Screen Captures.pdf,228778
NJDOT ATR Downloads.zip,.zip,C:\Users\Kschellinger\SJTPO_Git\TAZ_Modular\input\02_May ATRs\VOID,C:\Users\Kschellinger\SJTPO_Git\TAZ_Modular\input\02_May ATRs\VOID\NJDOT ATR Downloads.zip,254420
"ATR 5. Deliah Road, near Wawa & Southern Driveway.zip",.zip,C:\Users\Kschellinger\SJTPO_Git\TAZ_Modular\input\02_May ATRs\VOID\05_V,"C:\Users\Kschellinger\SJTPO_Git\TAZ_Modular\input\02_May ATRs\VOID\05_V\ATR 5. Deliah Road, near Wawa & Southern Driveway.zip",765940
"ATR 5. Deliah Road, near Wawa & Southern Driveway_15 Minute.csv",.csv,C:\Users\Kschellinger\SJTPO_Git\TAZ_Modular\input\02_May ATRs\VOID\05_V,"C:\Users\Kschellinger\SJTPO_Git\TAZ_Modular\input\02_May ATRs\VOID\05_V\ATR 5. Deliah Road, near Wawa & Southern Driveway_15 Minute.csv",140896
"ATR 5. Deliah Road, near Wawa & Southern Driveway_15 Minute.pdf",.pdf,C:\Users\Kschellinger\SJTPO_Git\TAZ_Modular\input\02_May ATRs\VOID\05_V,"C:\Users\Kschellinger\SJTPO_Git\TAZ_Modular\input\02_May ATRs\VOID\05_V\ATR 5. Deliah Road, near Wawa & Southern Driveway_15 Minute.pdf",484264
"ATR 5. Deliah Road, near Wawa & Southern Driveway_15 Minute.xlsx",.xlsx,C:\Users\Kschellinger\SJTPO_Git\TAZ_Modular\input\02_May ATRs\VOID\05_V,"C:\Users\Kschellinger\SJTPO_Git\TAZ_Modular\input\02_May ATRs\VOID\05_V\ATR 5. Deliah Road, near Wawa & Southern Driveway_15 Minute.xlsx",1202943
"ATR 5. Deliah Road, near Wawa & Southern Driveway_60 Minute.csv",.csv,C:\Users\Kschellinger\SJTPO_Git\TAZ_Modular\input\02_May ATRs\VOID\05_V,"C:\Users\Kschellinger\SJTPO_Git\TAZ_Modular\input\02_May ATRs\VOID\05_V\ATR 5. Deliah Road, near Wawa & Southern Driveway_60 Minute.csv",36936
"ATR 5. Deliah Road, near Wawa & Southern Driveway_60 Minute.pdf",.pdf,C:\Users\Kschellinger\SJTPO_Git\TAZ_Modular\input\02_May ATRs\VOID\05_V,"C:\Users\Kschellinger\SJTPO_Git\TAZ_Modular\input\02_May ATRs\VOID\05_V\ATR 5. Deliah Road, near Wawa & Southern Driveway_60 Minute.pdf",354518
"ATR 5. Deliah Road, near Wawa & Southern Driveway_60 Minute.xlsx",.xlsx,C:\Users\Kschellinger\SJTPO_Git\TAZ_Modular\input\02_May ATRs\VOID\05_V,"C:\Users\Kschellinger\SJTPO_Git\TAZ_Modular\input\02_May ATRs\VOID\05_V\ATR 5. Deliah Road, near Wawa & Southern Driveway_60 Minute.xlsx",391208
"ATR 12. Weekstown Rd, btwn Columbia Rd & Indian Cabin Rd - Class Data Analysis.pdf",.pdf,C:\Users\Kschellinger\SJTPO_Git\TAZ_Modular\input\02_May ATRs\VOID\12_T,"C:\Users\Kschellinger\SJTPO_Git\TAZ_Modular\input\02_May ATRs\VOID\12_T\ATR 12. Weekstown Rd, btwn Columbia Rd & Indian Cabin Rd - Class Data Analysis.pdf",2190045
"ATR 12. Weekstown Rd, btwn Columbia Rd & Indian Cabin Rd - Data Summary.pdf",.pdf,C:\Users\Kschellinger\SJTPO_Git\TAZ_Modular\input\02_May ATRs\VOID\12_T,"C:\Users\Kschellinger\SJTPO_Git\TAZ_Modular\input\02_May ATRs\VOID\12_T\ATR 12. Weekstown Rd, btwn Columbia Rd & Indian Cabin Rd - Data Summary.pdf",344213
"ATR 12. Weekstown Rd, btwn Columbia Rd & Indian Cabin Rd.zip",.zip,C:\Users\Kschellinger\SJTPO_Git\TAZ_Modular\input\02_May ATRs\VOID\12_T,"C:\Users\Kschellinger\SJTPO_Git\TAZ_Modular\input\02_May ATRs\VOID\12_T\ATR 12. Weekstown Rd, btwn Columbia Rd & Indian Cabin Rd.zip",3533557
"ATR 12. Weekstown Rd, btwn Columbia Rd & Indian Cabin Rd_15 Min Class.xlsx",.xlsx,C:\Users\Kschellinger\SJTPO_Git\TAZ_Modular\input\02_May ATRs\VOID\12_T,"C:\Users\Kschellinger\SJTPO_Git\TAZ_Modular\input\02_May ATRs\VOID\12_T\ATR 12. Weekstown Rd, btwn Columbia Rd & Indian Cabin Rd_15 Min Class.xlsx",78304
"ATR 12. Weekstown Rd, btwn Columbia Rd & Indian Cabin Rd_15 Min Speed.xlsx",.xlsx,C:\Users\Kschellinger\SJTPO_Git\TAZ_Modular\input\02_May ATRs\VOID\12_T,"C:\Users\Kschellinger\SJTPO_Git\TAZ_Modular\input\02_May ATRs\VOID\12_T\ATR 12. Weekstown Rd, btwn Columbia Rd & Indian Cabin Rd_15 Min Speed.xlsx",77338
"ATR 12. Weekstown Rd, btwn Columbia Rd & Indian Cabin Rd_15 Min Volume.csv",.csv,C:\Users\Kschellinger\SJTPO_Git\TAZ_Modular\input\02_May ATRs\VOID\12_T,"C:\Users\Kschellinger\SJTPO_Git\TAZ_Modular\input\02_May ATRs\VOID\12_T\ATR 12. Weekstown Rd, btwn Columbia Rd & Indian Cabin Rd_15 Min Volume.csv",20597
"ATR 12. Weekstown Rd, btwn Columbia Rd & Indian Cabin Rd_15 Min Volume.pdf",.pdf,C:\Users\Kschellinger\SJTPO_Git\TAZ_Modular\input\02_May ATRs\VOID\12_T,"C:\Users\Kschellinger\SJTPO_Git\TAZ_Modular\input\02_May ATRs\VOID\12_T\ATR 12. Weekstown Rd, btwn Columbia Rd & Indian Cabin Rd_15 Min Volume.pdf",751264
"ATR 12. Weekstown Rd, btwn Columbia Rd & Indian Cabin Rd_15 Min Volume.xlsx",.xlsx,C:\Users\Kschellinger\SJTPO_Git\TAZ_Modular\input\02_May ATRs\VOID\12_T,"C:\Users\Kschellinger\SJTPO_Git\TAZ_Modular\input\02_May ATRs\VOID\12_T\ATR 12. Weekstown Rd, btwn Columbia Rd & Indian Cabin Rd_15 Min Volume.xlsx",29071
"ATR 12. Weekstown Rd, btwn Columbia Rd & Indian Cabin Rd_60 Min Class.csv",.csv,C:\Users\Kschellinger\SJTPO_Git\TAZ_Modular\input\02_May ATRs\VOID\12_T,"C:\Users\Kschellinger\SJTPO_Git\TAZ_Modular\input\02_May ATRs\VOID\12_T\ATR 12. Weekstown Rd, btwn Columbia Rd & Indian Cabin Rd_60 Min Class.csv",27092
"ATR 12. Weekstown Rd, btwn Columbia Rd & Indian Cabin Rd_60 Min Class.pdf",.pdf,C:\Users\Kschellinger\SJTPO_Git\TAZ_Modular\input\02_May ATRs\VOID\12_T,"C:\Users\Kschellinger\SJTPO_Git\TAZ_Modular\input\02_May ATRs\VOID\12_T\ATR 12. Weekstown Rd, btwn Columbia Rd & Indian Cabin Rd_60 Min Class.pdf",1581129
"ATR 12. Weekstown Rd, btwn Columbia Rd & Indian Cabin Rd_60 Min Class.xlsx",.xlsx,C:\Users\Kschellinger\SJTPO_Git\TAZ_Modular\input\02_May ATRs\VOID\12_T,"C:\Users\Kschellinger\SJTPO_Git\TAZ_Modular\input\02_May ATRs\VOID\12_T\ATR 12. Weekstown Rd, btwn Columbia Rd & Indian Cabin Rd_60 Min Class.xlsx",38942
"ATR 12. Weekstown Rd, btwn Columbia Rd & Indian Cabin Rd_60 Min Speed.csv",.csv,C:\Users\Kschellinger\SJTPO_Git\TAZ_Modular\input\02_May ATRs\VOID\12_T,"C:\Users\Kschellinger\SJTPO_Git\TAZ_Modular\input\02_May ATRs\VOID\12_T\ATR 12. Weekstown Rd, btwn Columbia Rd & Indian Cabin Rd_60 Min Speed.csv",26017
"ATR 12. Weekstown Rd, btwn Columbia Rd & Indian Cabin Rd_60 Min Speed.pdf",.pdf,C:\Users\Kschellinger\SJTPO_Git\TAZ_Modular\input\02_May ATRs\VOID\12_T,"C:\Users\Kschellinger\SJTPO_Git\TAZ_Modular\input\02_May ATRs\VOID\12_T\ATR 12. Weekstown Rd, btwn Columbia Rd & Indian Cabin Rd_60 Min Speed.pdf",1488291
"ATR 12. Weekstown Rd, btwn Columbia Rd & Indian Cabin Rd_60 Min Speed.xlsx",.xlsx,C:\Users\Kschellinger\SJTPO_Git\TAZ_Modular\input\02_May ATRs\VOID\12_T,"C:\Users\Kschellinger\SJTPO_Git\TAZ_Modular\input\02_May ATRs\VOID\12_T\ATR 12. Weekstown Rd, btwn Columbia Rd & Indian Cabin Rd_60 Min Speed.xlsx",30880
"ATR 12. Weekstown Rd, btwn Columbia Rd & Indian Cabin Rd_60 Min Volume.csv",.csv,C:\Users\Kschellinger\SJTPO_Git\TAZ_Modular\input\02_May ATRs\VOID\12_T,"C:\Users\Kschellinger\SJTPO_Git\TAZ_Modular\input\02_May ATRs\VOID\12_T\ATR 12. Weekstown Rd, btwn Columbia Rd & Indian Cabin Rd_60 Min Volume.csv",5431
"ATR 12. Weekstown Rd, btwn Columbia Rd & Indian Cabin Rd_60 Min Volume.pdf",.pdf,C:\Users\Kschellinger\SJTPO_Git\TAZ_Modular\input\02_May ATRs\VOID\12_T,"C:\Users\Kschellinger\SJTPO_Git\TAZ_Modular\input\02_May ATRs\VOID\12_T\ATR 12. Weekstown Rd, btwn Columbia Rd & Indian Cabin Rd_60 Min Volume.pdf",369337
"ATR 12. Weekstown Rd, btwn Columbia Rd & Indian Cabin Rd_60 Min Volume.xlsx",.xlsx,C:\Users\Kschellinger\SJTPO_Git\TAZ_Modular\input\02_May ATRs\VOID\12_T,"C:\Users\Kschellinger\SJTPO_Git\TAZ_Modular\input\02_May ATRs\VOID\12_T\ATR 12. Weekstown Rd, btwn Columbia Rd & Indian Cabin Rd_60 Min Volume.xlsx",18936
ATR 12. Weekstown Road_SJTDM Data Collection_Layout.pdf,.pdf,C:\Users\Kschellinger\SJTPO_Git\TAZ_Modular\input\02_May ATRs\VOID\12_T,C:\Users\Kschellinger\SJTPO_Git\TAZ_Modular\input\02_May ATRs\VOID\12_T\ATR 12. Weekstown Road_SJTDM Data Collection_Layout.pdf,265984
"ATR 60. NJ 49, btwn S Bethel Rd & Center Grove Rd - Class Data Analysis.pdf",.pdf,C:\Users\Kschellinger\SJTPO_Git\TAZ_Modular\input\02_May ATRs\VOID\60_R,"C:\Users\Kschellinger\SJTPO_Git\TAZ_Modular\input\02_May ATRs\VOID\60_R\ATR 60. NJ 49, btwn S Bethel Rd & Center Grove Rd - Class Data Analysis.pdf",1517914
"ATR 60. NJ 49, btwn S Bethel Rd & Center Grove Rd.zip",.zip,C:\Users\Kschellinger\SJTPO_Git\TAZ_Modular\input\02_May ATRs\VOID\60_R,"C:\Users\Kschellinger\SJTPO_Git\TAZ_Modular\input\02_May ATRs\VOID\60_R\ATR 60. NJ 49, btwn S Bethel Rd & Center Grove Rd.zip",2528366
"ATR 60. NJ 49, btwn S Bethel Rd & Center Grove Rd_15 Min Length.xlsx",.xlsx,C:\Users\Kschellinger\SJTPO_Git\TAZ_Modular\input\02_May ATRs\VOID\60_R,"C:\Users\Kschellinger\SJTPO_Git\TAZ_Modular\input\02_May ATRs\VOID\60_R\ATR 60. NJ 49, btwn S Bethel Rd & Center Grove Rd_15 Min Length.xlsx",82395
"ATR 60. NJ 49, btwn S Bethel Rd & Center Grove Rd_15 Min Speed.xlsx",.xlsx,C:\Users\Kschellinger\SJTPO_Git\TAZ_Modular\input\02_May ATRs\VOID\60_R,"C:\Users\Kschellinger\SJTPO_Git\TAZ_Modular\input\02_May ATRs\VOID\60_R\ATR 60. NJ 49, btwn S Bethel Rd & Center Grove Rd_15 Min Speed.xlsx",92614
"ATR 60. NJ 49, btwn S Bethel Rd & Center Grove Rd_15 Min Volume.csv",.csv,C:\Users\Kschellinger\SJTPO_Git\TAZ_Modular\input\02_May ATRs\VOID\60_R,"C:\Users\Kschellinger\SJTPO_Git\TAZ_Modular\input\02_May ATRs\VOID\60_R\ATR 60. NJ 49, btwn S Bethel Rd & Center Grove Rd_15 Min Volume.csv",22110
"ATR 60. NJ 49, btwn S Bethel Rd & Center Grove Rd_15 Min Volume.pdf",.pdf,C:\Users\Kschellinger\SJTPO_Git\TAZ_Modular\input\02_May ATRs\VOID\60_R,"C:\Users\Kschellinger\SJTPO_Git\TAZ_Modular\input\02_May ATRs\VOID\60_R\ATR 60. NJ 49, btwn S Bethel Rd & Center Grove Rd_15 Min Volume.pdf",759212
"ATR 60. NJ 49, btwn S Bethel Rd & Center Grove Rd_15 Min Volume.xlsx",.xlsx,C:\Users\Kschellinger\SJTPO_Git\TAZ_Modular\input\02_May ATRs\VOID\60_R,"C:\Users\Kschellinger\SJTPO_Git\TAZ_Modular\input\02_May ATRs\VOID\60_R\ATR 60. NJ 49, btwn S Bethel Rd & Center Grove Rd_15 Min Volume.xlsx",30609
"ATR 60. NJ 49, btwn S Bethel Rd & Center Grove Rd_60 Min Length.csv",.csv,C:\Users\Kschellinger\SJTPO_Git\TAZ_Modular\input\02_May ATRs\VOID\60_R,"C:\Users\Kschellinger\SJTPO_Git\TAZ_Modular\input\02_May ATRs\VOID\60_R\ATR 60. NJ 49, btwn S Bethel Rd & Center Grove Rd_60 Min Length.csv",23927
"ATR 60. NJ 49, btwn S Bethel Rd & Center Grove Rd_60 Min Length.pdf",.pdf,C:\Users\Kschellinger\SJTPO_Git\TAZ_Modular\input\02_May ATRs\VOID\60_R,"C:\Users\Kschellinger\SJTPO_Git\TAZ_Modular\input\02_May ATRs\VOID\60_R\ATR 60. NJ 49, btwn S Bethel Rd & Center Grove Rd_60 Min Length.pdf",1398492
"ATR 60. NJ 49, btwn S Bethel Rd & Center Grove Rd_60 Min Length.xlsx",.xlsx,C:\Users\Kschellinger\SJTPO_Git\TAZ_Modular\input\02_May ATRs\VOID\60_R,"C:\Users\Kschellinger\SJTPO_Git\TAZ_Modular\input\02_May ATRs\VOID\60_R\ATR 60. NJ 49, btwn S Bethel Rd & Center Grove Rd_60 Min Length.xlsx",35002
"ATR 60. NJ 49, btwn S Bethel Rd & Center Grove Rd_60 Min Speed.csv",.csv,C:\Users\Kschellinger\SJTPO_Git\TAZ_Modular\input\02_May ATRs\VOID\60_R,"C:\Users\Kschellinger\SJTPO_Git\TAZ_Modular\input\02_May ATRs\VOID\60_R\ATR 60. NJ 49, btwn S Bethel Rd & Center Grove Rd_60 Min Speed.csv",26023
"ATR 60. NJ 49, btwn S Bethel Rd & Center Grove Rd_60 Min Speed.pdf",.pdf,C:\Users\Kschellinger\SJTPO_Git\TAZ_Modular\input\02_May ATRs\VOID\60_R,"C:\Users\Kschellinger\SJTPO_Git\TAZ_Modular\input\02_May ATRs\VOID\60_R\ATR 60. NJ 49, btwn S Bethel Rd & Center Grove Rd_60 Min Speed.pdf",1491622
"ATR 60. NJ 49, btwn S Bethel Rd & Center Grove Rd_60 Min Speed.xlsx",.xlsx,C:\Users\Kschellinger\SJTPO_Git\TAZ_Modular\input\02_May ATRs\VOID\60_R,"C:\Users\Kschellinger\SJTPO_Git\TAZ_Modular\input\02_May ATRs\VOID\60_R\ATR 60. NJ 49, btwn S Bethel Rd & Center Grove Rd_60 Min Speed.xlsx",38504
"ATR 60. NJ 49, btwn S Bethel Rd & Center Grove Rd_60 Min Volume.csv",.csv,C:\Users\Kschellinger\SJTPO_Git\TAZ_Modular\input\02_May ATRs\VOID\60_R,"C:\Users\Kschellinger\SJTPO_Git\TAZ_Modular\input\02_May ATRs\VOID\60_R\ATR 60. NJ 49, btwn S Bethel Rd & Center Grove Rd_60 Min Volume.csv",5881
"ATR 60. NJ 49, btwn S Bethel Rd & Center Grove Rd_60 Min Volume.pdf",.pdf,C:\Users\Kschellinger\SJTPO_Git\TAZ_Modular\input\02_May ATRs\VOID\60_R,"C:\Users\Kschellinger\SJTPO_Git\TAZ_Modular\input\02_May ATRs\VOID\60_R\ATR 60. NJ 49, btwn S Bethel Rd & Center Grove Rd_60 Min Volume.pdf",431521
"ATR 60. NJ 49, btwn S Bethel Rd & Center Grove Rd_60 Min Volume.xlsx",.xlsx,C:\Users\Kschellinger\SJTPO_Git\TAZ_Modular\input\02_May ATRs\VOID\60_R,"C:\Users\Kschellinger\SJTPO_Git\TAZ_Modular\input\02_May ATRs\VOID\60_R\ATR 60. NJ 49, btwn S Bethel Rd & Center Grove Rd_60 Min Volume.xlsx",19413
